image_path,width,height,class_id,xmin,ymin,xmax,ymax
Handgun\Handgun_First_Clean_Jabez\armas (2896)_jpg.rf.93DbgdWpIqPR0lB3omj5.jpg,112,168,1,14.0,85.0,51.0,149.0
Handgun\Handgun_First_Clean_Jabez\10fdc831420b8968_jpg.rf.bVAaMo1lJbILyQ1GZoKW.jpg,1024,681,1,158.0,157.0,958.0,557.0
Handgun\Handgun_First_Clean_Jabez\044b569c3ba18575_jpg.rf.cPZpeLFnWHnzvNbdcTD6.jpg,1024,768,1,231.0,351.0,749.0,717.0
Handgun\Handgun_First_Clean_Jabez\armas (2060)_jpg.rf.e3tIdiZC9q357zLNEwSb.jpg,320,155,1,20.0,67.0,257.0,111.0
Handgun\Handgun_First_Clean_Jabez\armas (2209)_jpg.rf.YFTmFYP3a8s787dybFLs.jpg,160,120,1,3.0,5.0,156.0,116.0
Handgun\Handgun_First_Clean_Jabez\armas (534)_jpg.rf.dQUYMH6XHOwI7tnJZy57.jpg,275,183,1,141.0,64.0,249.0,117.0
Handgun\Handgun_First_Clean_Jabez\armas (1604)_jpg.rf.PdWdffUQyrdPHIRRkdXz.jpg,500,313,1,21.0,35.0,466.0,304.0
Handgun\Handgun_First_Clean_Jabez\armas (885)_jpg.rf.a6F9RyLE9Ep7ruNc8W8A.jpg,262,192,1,100.0,13.0,159.0,100.0
Handgun\Handgun_First_Clean_Jabez\armas (641)_jpg.rf.e4wa377gcCCBH632XmzX.jpg,660,660,1,80.0,136.0,640.0,481.0
Handgun\Handgun_First_Clean_Jabez\armas (911)_jpg.rf.e42yabFlE82StsJsojq3.jpg,201,135,1,14.0,16.0,178.0,118.0
Handgun\Handgun_First_Clean_Jabez\armas (380)_jpg.rf.uz5K02ofxBHv8X8yJTV5.jpg,299,450,1,80.0,73.0,133.0,186.0
Handgun\Handgun_First_Clean_Jabez\armas (1633)_jpg.rf.tGr0aI1yePwlLCvdKGWS.jpg,500,398,1,70.0,157.0,315.0,382.0
Handgun\Handgun_First_Clean_Jabez\armas (1633)_jpg.rf.tGr0aI1yePwlLCvdKGWS.jpg,500,398,1,141.0,27.0,400.0,197.0
Handgun\Handgun_First_Clean_Jabez\armas (26)_jpg.rf.Jp4DSGhGLWBWin9sKWL9.jpg,450,424,1,38.0,10.0,156.0,240.0
Handgun\Handgun_First_Clean_Jabez\armas (2870)_jpg.rf.bV8yE4tu1uwQoDqWWwLI.jpg,1280,720,1,570.0,362.0,770.0,590.0
Handgun\Handgun_First_Clean_Jabez\armas (2648)_jpg.rf.olGDyQW13HGIXgFIDUVl.jpg,160,120,1,5.0,1.0,155.0,118.0
Handgun\Handgun_First_Clean_Jabez\armas (490)_jpg.rf.TfuTcZNxGECFYSueqQ7T.jpg,1300,956,1,777.0,5.0,1212.0,280.0
Handgun\Handgun_First_Clean_Jabez\armas (2014)_jpg.rf.5Fvj9CmhxNtYwdRAVPOo.jpg,2032,1048,1,1439.0,234.0,1953.0,656.0
Handgun\Handgun_First_Clean_Jabez\946cc8bd4ed79657_jpg.rf.Qygf8KQ7w5r525BNIJuv.jpg,1024,773,1,74.0,20.0,898.0,715.0
Handgun\Handgun_First_Clean_Jabez\armas (1642)_jpg.rf.6D83Aaxva6HgMZxNCXxk.jpg,500,375,1,49.0,40.0,473.0,328.0
Handgun\Handgun_First_Clean_Jabez\armas (1850)_jpg.rf.66oJJr3DtBTUHu9gvQ0p.jpg,575,315,1,245.0,89.0,318.0,127.0
Handgun\Handgun_First_Clean_Jabez\armas (2011)_jpg.rf.SCNJD2k1b3ZQCwR47HjQ.jpg,768,576,1,45.0,98.0,687.0,494.0
Handgun\Handgun_First_Clean_Jabez\armas (1807)_jpg.rf.RGo1hmo6K2rY6bpjlqoU.jpg,800,430,1,339.0,159.0,405.0,248.0
Handgun\Handgun_First_Clean_Jabez\bbbe57ab3e23f0f9_jpg.rf.IiLpdUF6siwPNRzDHgIE.jpg,709,1024,1,0.0,0.0,708.0,1023.0
Handgun\Handgun_First_Clean_Jabez\c8c9d646eb3e0ae7_jpg.rf.NoAxEjbuoekfRmtNTi8H.jpg,1024,1024,1,183.0,236.0,939.0,885.0
Handgun\Handgun_First_Clean_Jabez\0c87545ba250f18c_jpg.rf.rddE7vbYWoZBzMHSkHF0.jpg,1024,768,1,155.0,18.0,989.0,570.0
Handgun\Handgun_First_Clean_Jabez\armas (761)_jpg.rf.4T3aY4Y7AbHOdALs8HHa.jpg,300,207,1,56.0,55.0,289.0,195.0
Handgun\Handgun_First_Clean_Jabez\armas (424)_jpg.rf.CjuI1CAw9dpHZMlhFRem.jpg,767,1023,1,542.0,272.0,682.0,390.0
Handgun\Handgun_First_Clean_Jabez\armas (42)_jpg.rf.4uop1EHczBtScZGCqng9.jpg,660,440,1,160.0,99.0,321.0,193.0
Handgun\Handgun_First_Clean_Jabez\armas (640)_jpg.rf.CJeQlXTEc5wTtbDF3fLQ.jpg,758,425,1,60.0,21.0,624.0,403.0
Handgun\Handgun_First_Clean_Jabez\armas (684)_jpg.rf.LH2SlR6bUrutRAWckfZQ.jpg,800,563,1,289.0,224.0,568.0,415.0
Handgun\Handgun_First_Clean_Jabez\armas (2472)_jpg.rf.65ZKww9OJu1wMBtZn98k.jpg,160,120,1,7.0,9.0,157.0,113.0
Handgun\Handgun_First_Clean_Jabez\armas (1438)_jpg.rf.eNmRS4jasox1YuFlfsEz.jpg,500,375,1,79.0,86.0,491.0,342.0
Handgun\Handgun_First_Clean_Jabez\d1c784f544200912_jpg.rf.ohcM090NGOx4E2pFXs9r.jpg,1024,685,1,97.0,268.0,924.0,493.0
Handgun\Handgun_First_Clean_Jabez\armas (2408)_jpg.rf.focIMpGwwCjZCEszqz37.jpg,160,120,1,3.0,2.0,158.0,114.0
Handgun\Handgun_First_Clean_Jabez\armas (822)_jpg.rf.g4rcFIGnU1Ivth1ePkrr.jpg,300,196,1,3.0,27.0,283.0,182.0
Handgun\Handgun_First_Clean_Jabez\46db2f2bd6a859bd_jpg.rf.hhWxORsJZK4shwbhcnE5.jpg,684,1024,1,318.0,294.0,540.0,606.0
Handgun\Handgun_First_Clean_Jabez\armas (2328)_jpg.rf.HnRu9dRUWzOeVYHWnF5T.jpg,160,120,1,5.0,1.0,157.0,116.0
Handgun\Handgun_First_Clean_Jabez\armas (1982)_jpg.rf.EOpnE6MIRZ4z25Ed7EYC.jpg,640,445,1,1.0,10.0,640.0,426.0
Handgun\Handgun_First_Clean_Jabez\4fa8e06fc7b99ae4_jpg.rf.N89XgC0iLFgOvfVWf041.jpg,1024,768,1,54.0,141.0,408.0,400.0
Handgun\Handgun_First_Clean_Jabez\4fa8e06fc7b99ae4_jpg.rf.N89XgC0iLFgOvfVWf041.jpg,1024,768,1,569.0,213.0,1023.0,585.0
Handgun\Handgun_First_Clean_Jabez\armas (1753)_jpg.rf.oHtHRKkJCOrLG0s53w1T.jpg,500,375,1,76.0,80.0,390.0,375.0
Handgun\Handgun_First_Clean_Jabez\armas (452)_jpg.rf.oOqTeQvKfJMXsAaVjNnw.jpg,1023,683,1,601.0,139.0,724.0,308.0
Handgun\Handgun_First_Clean_Jabez\5bc0e450b2e93f6a_jpg.rf.Ho6xi8lEr9IKfc1HHAAQ.jpg,1024,768,1,408.0,271.0,933.0,597.0
Handgun\Handgun_First_Clean_Jabez\armas (667)_jpg.rf.FyXRLJURN268QHVSdewV.jpg,640,427,1,46.0,215.0,331.0,422.0
Handgun\Handgun_First_Clean_Jabez\armas (667)_jpg.rf.FyXRLJURN268QHVSdewV.jpg,640,427,1,1.0,202.0,180.0,364.0
Handgun\Handgun_First_Clean_Jabez\armas (667)_jpg.rf.FyXRLJURN268QHVSdewV.jpg,640,427,1,191.0,214.0,627.0,424.0
Handgun\Handgun_First_Clean_Jabez\armas (667)_jpg.rf.FyXRLJURN268QHVSdewV.jpg,640,427,1,29.0,117.0,381.0,252.0
Handgun\Handgun_First_Clean_Jabez\armas (667)_jpg.rf.FyXRLJURN268QHVSdewV.jpg,640,427,1,327.0,50.0,594.0,190.0
Handgun\Handgun_First_Clean_Jabez\armas (667)_jpg.rf.FyXRLJURN268QHVSdewV.jpg,640,427,1,118.0,9.0,365.0,174.0
Handgun\Handgun_First_Clean_Jabez\armas (667)_jpg.rf.FyXRLJURN268QHVSdewV.jpg,640,427,1,370.0,1.0,634.0,102.0
Handgun\Handgun_First_Clean_Jabez\armas (667)_jpg.rf.FyXRLJURN268QHVSdewV.jpg,640,427,1,3.0,1.0,222.0,84.0
Handgun\Handgun_First_Clean_Jabez\armas (1793)_jpg.rf.pihh2BvgCbCMKdBhsTUu.jpg,1440,900,1,408.0,45.0,1240.0,883.0
Handgun\Handgun_First_Clean_Jabez\armas (883)_jpg.rf.MH6gnlD5YP1lDOWVIQNM.jpg,262,192,1,136.0,53.0,218.0,134.0
Handgun\Handgun_First_Clean_Jabez\armas (1492)_jpg.rf.MltFswoQFIx6i8lPG774.jpg,500,420,1,60.0,185.0,341.0,388.0
Handgun\Handgun_First_Clean_Jabez\armas (1492)_jpg.rf.MltFswoQFIx6i8lPG774.jpg,500,420,1,151.0,36.0,431.0,240.0
Handgun\Handgun_First_Clean_Jabez\004eb6ca27183afe_jpg.rf.PBc2QnNajfvLv4qqduPg.jpg,1024,683,1,656.0,375.0,810.0,446.0
Handgun\Handgun_First_Clean_Jabez\armas (860)_jpg.rf.MzkcOvw8GcuxG8xRCV80.jpg,266,189,1,69.0,51.0,219.0,104.0
Handgun\Handgun_First_Clean_Jabez\armas (2786)_jpg.rf.HYGeJayzpeycL89VAEkH.jpg,495,464,1,141.0,144.0,189.0,244.0
Handgun\Handgun_First_Clean_Jabez\0caad617044daefb_jpg.rf.3uSsgFVojksoQVtyhT34.jpg,1024,677,1,468.0,238.0,602.0,366.0
Handgun\Handgun_First_Clean_Jabez\armas (2475)_jpg.rf.f4WO2Q0BcBKW0lOu6fuX.jpg,160,120,1,4.0,3.0,158.0,112.0
Handgun\Handgun_First_Clean_Jabez\armas (259)_jpg.rf.WIsAoVBC3z03G0zhOt8w.jpg,634,705,1,292.0,286.0,545.0,370.0
Handgun\Handgun_First_Clean_Jabez\armas (62)_jpg.rf.468PYu87BQLKpIPZgw5s.jpg,1300,1060,1,107.0,593.0,756.0,870.0
Handgun\Handgun_First_Clean_Jabez\armas (62)_jpg.rf.468PYu87BQLKpIPZgw5s.jpg,1300,1060,1,774.0,589.0,1160.0,868.0
Handgun\Handgun_First_Clean_Jabez\armas (62)_jpg.rf.468PYu87BQLKpIPZgw5s.jpg,1300,1060,1,166.0,187.0,637.0,470.0
Handgun\Handgun_First_Clean_Jabez\armas (62)_jpg.rf.468PYu87BQLKpIPZgw5s.jpg,1300,1060,1,696.0,180.0,1127.0,499.0
Handgun\Handgun_First_Clean_Jabez\armas (212)_jpg.rf.XBgoGVMFFqqI7plRfvx6.jpg,728,481,1,166.0,194.0,333.0,407.0
Handgun\Handgun_First_Clean_Jabez\armas (333)_jpg.rf.O1hHc9Q5gqpRIKqIjany.jpg,450,320,1,42.0,79.0,414.0,226.0
Handgun\Handgun_First_Clean_Jabez\armas (44)_jpg.rf.O39lYiUhIqEKwroetkoR.jpg,1300,863,1,847.0,389.0,1088.0,757.0
Handgun\Handgun_First_Clean_Jabez\armas (464)_jpg.rf.6rcpY1YBIsZxmvWzzK7j.jpg,1023,683,1,171.0,78.0,498.0,581.0
Handgun\Handgun_First_Clean_Jabez\armas (410)_jpg.rf.7qe13K8YL04Sv5bsH2g6.jpg,757,1023,1,231.0,107.0,711.0,835.0
Handgun\Handgun_First_Clean_Jabez\armas (529)_jpg.rf.8afClyVIHqhZ6jFgn2hh.jpg,215,234,1,31.0,22.0,191.0,191.0
Handgun\Handgun_First_Clean_Jabez\armas (632)_jpg.rf.97WmeesFLYKPGY5GUDGl.jpg,640,478,1,76.0,41.0,474.0,310.0
Handgun\Handgun_First_Clean_Jabez\armas (1780)_jpg.rf.fDZC1ksyitmGUcc0vOOP.jpg,240,160,1,40.0,39.0,217.0,99.0
Handgun\Handgun_First_Clean_Jabez\armas (1104)_jpg.rf.fwKMh1itt0y9iG874bnj.jpg,360,240,1,29.0,68.0,340.0,181.0
Handgun\Handgun_First_Clean_Jabez\armas (46)_jpg.rf.blFnmED9IiWh8mMUYLAL.jpg,450,332,1,181.0,62.0,449.0,331.0
Handgun\Handgun_First_Clean_Jabez\armas (2345)_jpg.rf.eoSatpIoDSBUXyDr2BCj.jpg,160,120,1,1.0,1.0,157.0,120.0
Handgun\Handgun_First_Clean_Jabez\armas (1509)_jpg.rf.nYyUcN1hBNIHdoiom7TR.jpg,500,195,1,84.0,44.0,94.0,56.0
Handgun\Handgun_First_Clean_Jabez\armas (1509)_jpg.rf.nYyUcN1hBNIHdoiom7TR.jpg,500,195,1,212.0,42.0,223.0,57.0
Handgun\Handgun_First_Clean_Jabez\fff2e8d187ce5b2b_jpg.rf.nfrvjHaL4Fmw65hjHUf8.jpg,1024,768,1,104.0,215.0,370.0,324.0
Handgun\Handgun_First_Clean_Jabez\armas (1530)_jpg.rf.o7TVREK9Mk5EaGkqLgVZ.jpg,500,375,1,35.0,56.0,480.0,350.0
Handgun\Handgun_First_Clean_Jabez\armas (145)_jpg.rf.o9YPiTd8GOmYpaIdyxzn.jpg,450,312,1,131.0,85.0,407.0,255.0
Handgun\Handgun_First_Clean_Jabez\armas (1046)_jpg.rf.o9t0JYqjVGFt32kImehX.jpg,252,200,1,181.0,101.0,233.0,140.0
Handgun\Handgun_First_Clean_Jabez\armas (2842)_jpg.rf.d07vXZRqndRTewrQow5g.jpg,620,320,1,124.0,171.0,250.0,253.0
Handgun\Handgun_First_Clean_Jabez\armas (345)_jpg.rf.angjbQ9aErcHjS07fn4X.jpg,300,300,1,6.0,64.0,296.0,254.0
Handgun\Handgun_First_Clean_Jabez\2ee5fcbf74884ad2_jpg.rf.hFAUrfLy9pGYnnJucXeS.jpg,1024,682,1,110.0,76.0,242.0,238.0
Handgun\Handgun_First_Clean_Jabez\2ee5fcbf74884ad2_jpg.rf.hFAUrfLy9pGYnnJucXeS.jpg,1024,682,1,434.0,187.0,822.0,350.0
Handgun\Handgun_First_Clean_Jabez\armas (1276)_jpg.rf.p5XLOM8K4YCAgtUKUitJ.jpg,500,404,1,28.0,90.0,457.0,354.0
Handgun\Handgun_First_Clean_Jabez\armas (2418)_jpg.rf.Wcz17jAC4xHnqIauOW0E.jpg,160,120,1,2.0,1.0,153.0,118.0
Handgun\Handgun_First_Clean_Jabez\armas (475)_jpg.rf.ovNF7qPKshEhqcxJBw6m.jpg,1024,1024,1,352.0,106.0,952.0,787.0
Handgun\Handgun_First_Clean_Jabez\armas (2433)_jpg.rf.5cnRSJ1UO9pk9aa3TnsU.jpg,160,120,1,3.0,1.0,158.0,117.0
Handgun\Handgun_First_Clean_Jabez\armas (437)_jpg.rf.ordj9t4UWtaSyXg4axqH.jpg,705,1023,1,64.0,283.0,180.0,378.0
Handgun\Handgun_First_Clean_Jabez\2470d43321ae2e5d_jpg.rf.oziW0kE8d8EeO96ouTsR.jpg,1024,768,1,264.0,33.0,580.0,499.0
Handgun\Handgun_First_Clean_Jabez\2470d43321ae2e5d_jpg.rf.oziW0kE8d8EeO96ouTsR.jpg,1024,768,1,585.0,34.0,837.0,472.0
Handgun\Handgun_First_Clean_Jabez\armas (2645)_jpg.rf.bM0WltoQ9jfttAZmoSZ3.jpg,160,120,1,2.0,4.0,158.0,117.0
Handgun\Handgun_First_Clean_Jabez\armas (567)_jpg.rf.ikEp5LUB8mAV6O5hYj93.jpg,640,480,1,35.0,145.0,371.0,307.0
Handgun\Handgun_First_Clean_Jabez\armas (567)_jpg.rf.ikEp5LUB8mAV6O5hYj93.jpg,640,480,1,142.0,272.0,537.0,429.0
Handgun\Handgun_First_Clean_Jabez\ee9c4ba9e6ea0735_jpg.rf.hIl9QCkaGZsIP6svb0Q1.jpg,1024,668,1,26.0,37.0,1006.0,636.0
Handgun\Handgun_First_Clean_Jabez\05a0dd0133e1c360_jpg.rf.u3812RGcSyJZYiuoGcOE.jpg,1024,864,1,142.0,68.0,901.0,781.0
Handgun\Handgun_First_Clean_Jabez\armas (1434)_jpg.rf.uAg2PgbEBskTUyNUisDF.jpg,500,375,1,78.0,45.0,443.0,316.0
Handgun\Handgun_First_Clean_Jabez\armas (2662)_jpg.rf.uQftu1zjkDnSQioHc1lv.jpg,160,120,1,2.0,2.0,157.0,117.0
Handgun\Handgun_First_Clean_Jabez\armas (2844)_jpg.rf.f2KBs5JvL02epBeWBdUR.jpg,660,505,1,9.0,17.0,649.0,501.0
Handgun\Handgun_First_Clean_Jabez\armas (2412)_jpg.rf.fIpj3ideX3gxl82KT07w.jpg,160,120,1,4.0,5.0,151.0,116.0
Handgun\Handgun_First_Clean_Jabez\armas (1844)_jpg.rf.ggHWC03Q05g3wXXoj2Rw.jpg,481,333,1,16.0,11.0,465.0,315.0
Handgun\Handgun_First_Clean_Jabez\armas (1735)_jpg.rf.QifTQvdqVJ8PgSoWAHEK.jpg,500,375,1,1.0,32.0,308.0,375.0
Handgun\Handgun_First_Clean_Jabez\armas (1230)_jpg.rf.6CUuq4H2wNjj9DG9hcMk.jpg,500,375,1,45.0,35.0,488.0,307.0
Handgun\Handgun_First_Clean_Jabez\armas (971)_jpg.rf.m8r8r8WeHhAQvcefz0GM.jpg,259,194,1,113.0,87.0,132.0,125.0
Handgun\Handgun_First_Clean_Jabez\armas (47)_jpg.rf.Yp4YytBMDR4BCKedXCpw.jpg,866,1300,1,303.0,124.0,803.0,853.0
Handgun\Handgun_First_Clean_Jabez\armas (2466)_jpg.rf.j5Wei23ozxwRrOCmSRc8.jpg,160,120,1,33.0,29.0,144.0,101.0
Handgun\Handgun_First_Clean_Jabez\armas (2316)_jpg.rf.k7LLWkCpJq7RSLSGBZUP.jpg,160,120,1,3.0,3.0,155.0,116.0
Handgun\Handgun_First_Clean_Jabez\armas (556)_jpg.rf.l76D2wxvq5ip3nZahY06.jpg,850,567,1,310.0,136.0,642.0,339.0
Handgun\Handgun_First_Clean_Jabez\armas (2265)_jpg.rf.5ol37VcnUqGnvSgfcBpa.jpg,160,120,1,11.0,5.0,153.0,114.0
Handgun\Handgun_First_Clean_Jabez\armas (977)_jpg.rf.6l4LwiwRc1sDX17U4ZUQ.jpg,276,182,1,104.0,76.0,214.0,157.0
Handgun\Handgun_First_Clean_Jabez\armas (569)_jpg.rf.6nyQH38Gid4PRVBnsvmj.jpg,800,600,1,46.0,110.0,760.0,600.0
Handgun\Handgun_First_Clean_Jabez\15fb1be9c6b15a67_jpg.rf.0J5MsRAN8QiPs6SLsgdp.jpg,1024,683,1,10.0,32.0,958.0,593.0
Handgun\Handgun_First_Clean_Jabez\armas (1867)_jpg.rf.20Rd4lfmIf4nU8NNT6dH.jpg,640,446,1,1.0,1.0,640.0,425.0
Handgun\Handgun_First_Clean_Jabez\ed6a5e4e1fd7c08a_jpg.rf.orKkiXX8bEJIR5E2NN37.jpg,1024,768,1,10.0,145.0,983.0,625.0
Handgun\Handgun_First_Clean_Jabez\32bd408d6b2fbd81_jpg.rf.pCRTyMZfJHVRiDSbuX6v.jpg,1024,619,1,282.0,256.0,495.0,460.0
Handgun\Handgun_First_Clean_Jabez\32bd408d6b2fbd81_jpg.rf.pCRTyMZfJHVRiDSbuX6v.jpg,1024,619,1,578.0,163.0,994.0,341.0
Handgun\Handgun_First_Clean_Jabez\armas (1506)_jpg.rf.XOeJ2634j0Bys8K4UIOG.jpg,500,333,1,2.0,11.0,440.0,330.0
Handgun\Handgun_First_Clean_Jabez\armas (2512)_jpg.rf.ogzpFXyqD24H6cPJWzxm.jpg,160,120,1,6.0,1.0,157.0,113.0
Handgun\Handgun_First_Clean_Jabez\armas (716)_jpg.rf.8SokyMaO21RP7UdeDZhO.jpg,600,368,1,201.0,7.0,571.0,317.0
Handgun\Handgun_First_Clean_Jabez\armas (1707)_jpg.rf.AO7rYLpzh5NuJGNZ6y6p.jpg,500,332,1,234.0,137.0,257.0,190.0
Handgun\Handgun_First_Clean_Jabez\armas (1279)_jpg.rf.Za35PbrvHgJsRXPzBoHv.jpg,334,500,1,58.0,14.0,272.0,472.0
Handgun\Handgun_First_Clean_Jabez\armas (2602)_jpg.rf.Zgh6B1xg8Sy17URTxPCX.jpg,160,120,1,1.0,1.0,157.0,118.0
Handgun\Handgun_First_Clean_Jabez\armas (696)_jpg.rf.ZmLmc8itvr2jFBgby0Lj.jpg,1024,682,1,630.0,230.0,923.0,505.0
Handgun\Handgun_First_Clean_Jabez\armas (1002)_jpg.rf.a22BMvahFTg9VrI6bTr8.jpg,183,275,1,121.0,72.0,135.0,137.0
Handgun\Handgun_First_Clean_Jabez\40558571e68e6180_jpg.rf.6wHWS2TVDDlu2s3yCfyH.jpg,1024,768,1,7.0,56.0,1015.0,764.0
Handgun\Handgun_First_Clean_Jabez\armas (1407)_jpg.rf.8iQMBMov4rdGYNIjoCSg.jpg,500,375,1,12.0,36.0,482.0,338.0
Handgun\Handgun_First_Clean_Jabez\1203af37e4dc67ac_jpg.rf.FL8zkhpqkdCpQaXaG5Qw.jpg,1024,728,1,70.0,64.0,963.0,640.0
Handgun\Handgun_First_Clean_Jabez\armas (2373)_jpg.rf.FV0dSHmOGZvIxaZLRO1c.jpg,160,120,1,4.0,5.0,158.0,116.0
Handgun\Handgun_First_Clean_Jabez\armas (2614)_jpg.rf.GDk4HoM7k8PkDGPSAnjh.jpg,160,120,1,4.0,3.0,156.0,113.0
Handgun\Handgun_First_Clean_Jabez\armas (2459)_jpg.rf.PcbExK8hRQdca962b3wq.jpg,160,120,1,1.0,1.0,159.0,110.0
Handgun\Handgun_First_Clean_Jabez\armas (493)_jpg.rf.SeFMv7cWfKT8ab8kAyod.jpg,225,225,1,7.0,50.0,217.0,200.0
Handgun\Handgun_First_Clean_Jabez\armas (1236)_jpg.rf.hzQSECjK21ssIxLQ9ZFC.jpg,500,375,1,26.0,60.0,485.0,331.0
Handgun\Handgun_First_Clean_Jabez\armas (427)_jpg.rf.iNaOEwRljmURw2D9cHzR.jpg,1024,495,1,13.0,53.0,137.0,218.0
Handgun\Handgun_First_Clean_Jabez\armas (427)_jpg.rf.iNaOEwRljmURw2D9cHzR.jpg,1024,495,1,294.0,195.0,352.0,360.0
Handgun\Handgun_First_Clean_Jabez\armas (427)_jpg.rf.iNaOEwRljmURw2D9cHzR.jpg,1024,495,1,387.0,57.0,537.0,195.0
Handgun\Handgun_First_Clean_Jabez\armas (427)_jpg.rf.iNaOEwRljmURw2D9cHzR.jpg,1024,495,1,463.0,137.0,587.0,330.0
Handgun\Handgun_First_Clean_Jabez\armas (427)_jpg.rf.iNaOEwRljmURw2D9cHzR.jpg,1024,495,1,748.0,53.0,867.0,191.0
Handgun\Handgun_First_Clean_Jabez\armas (2646)_jpg.rf.joT85ozMA57tkq3hYHyK.jpg,160,120,1,7.0,13.0,152.0,94.0
Handgun\Handgun_First_Clean_Jabez\armas (1097)_jpg.rf.jvigRnyYsyBwXDRGmmst.jpg,300,257,1,1.0,42.0,295.0,242.0
Handgun\Handgun_First_Clean_Jabez\armas (395)_jpg.rf.k2gprOGChUTiMa8GUVjI.jpg,1023,681,1,98.0,1.0,788.0,280.0
Handgun\Handgun_First_Clean_Jabez\armas (2905)_jpg.rf.9PUZztUUmbtTIX0y5wRJ.jpg,1300,1076,1,72.0,360.0,1047.0,670.0
Handgun\Handgun_First_Clean_Jabez\7f11fcb0be389d21_jpg.rf.6ZWMo2sYoIEJTH3Y2b8s.jpg,1024,750,1,195.0,169.0,837.0,633.0
Handgun\Handgun_First_Clean_Jabez\armas (1243)_jpg.rf.ETlUrZTwP8fQdHqss8Kn.jpg,500,375,1,23.0,31.0,478.0,269.0
Handgun\Handgun_First_Clean_Jabez\armas (2675)_jpg.rf.rBT1V3K5GawEbGIWMo4d.jpg,160,120,1,1.0,1.0,158.0,120.0
Handgun\Handgun_First_Clean_Jabez\armas (996)_jpg.rf.s6vmpbzki4uS22lShOea.jpg,294,172,1,89.0,1.0,201.0,81.0
Handgun\Handgun_First_Clean_Jabez\armas (1570)_jpg.rf.sNWh1B8kRSWN5ON0we3E.jpg,407,500,1,21.0,13.0,406.0,476.0
Handgun\Handgun_First_Clean_Jabez\72d7f9a735e31f04_jpg.rf.HwCHT9Jacb72fJIxPM3P.jpg,819,1024,1,41.0,724.0,378.0,1002.0
Handgun\Handgun_First_Clean_Jabez\armas (1410)_jpg.rf.HxGW6GVtkmxEdfqeLxK0.jpg,500,375,1,60.0,20.0,430.0,375.0
Handgun\Handgun_First_Clean_Jabez\armas (868)_jpg.rf.VWB38swUdKdCpMY00B0C.jpg,225,225,1,50.0,31.0,102.0,72.0
Handgun\Handgun_First_Clean_Jabez\armas (868)_jpg.rf.VWB38swUdKdCpMY00B0C.jpg,225,225,1,139.0,43.0,166.0,69.0
Handgun\Handgun_First_Clean_Jabez\armas (868)_jpg.rf.VWB38swUdKdCpMY00B0C.jpg,225,225,1,75.0,140.0,136.0,182.0
Handgun\Handgun_First_Clean_Jabez\armas (2887)_jpg.rf.WDljNs5DUVaCqsFendok.jpg,866,1300,1,428.0,355.0,511.0,511.0
Handgun\Handgun_First_Clean_Jabez\armas (2529)_jpg.rf.WQf1ggc10bmsVbtyL2tj.jpg,160,120,1,2.0,12.0,157.0,105.0
Handgun\Handgun_First_Clean_Jabez\armas (1129)_jpg.rf.X0ihPJdrfUet9Ru4FE61.jpg,800,430,1,281.0,58.0,571.0,343.0
Handgun\Handgun_First_Clean_Jabez\armas (551)_jpg.rf.XZNnYM1d7Jvdj1KG3ZeI.jpg,268,188,1,36.0,58.0,184.0,156.0
Handgun\Handgun_First_Clean_Jabez\armas (509)_jpg.rf.wM7qITFjsRH5OVMUFH3Y.jpg,296,170,1,71.0,12.0,239.0,123.0
Handgun\Handgun_First_Clean_Jabez\armas (1891)_jpg.rf.XajTjOSVJTyrJp5KdR6R.jpg,300,250,1,130.0,97.0,203.0,161.0
Handgun\Handgun_First_Clean_Jabez\armas (1690)_jpg.rf.vWYiiOnXv0rLUVAyaH0J.jpg,500,375,1,223.0,195.0,244.0,222.0
Handgun\Handgun_First_Clean_Jabez\armas (1690)_jpg.rf.vWYiiOnXv0rLUVAyaH0J.jpg,500,375,1,435.0,298.0,500.0,343.0
Handgun\Handgun_First_Clean_Jabez\armas (163)_jpg.rf.Zo0Ls542kaPgkVe2Z3Vk.jpg,864,1300,1,73.0,342.0,271.0,632.0
Handgun\Handgun_First_Clean_Jabez\armas (303)_jpg.rf.aHeSqTSnM2GR05i9qGMr.jpg,440,660,1,231.0,105.0,347.0,392.0
Handgun\Handgun_First_Clean_Jabez\armas (869)_jpg.rf.b3t9UXdcPn7cyTtfc365.jpg,248,203,1,48.0,67.0,105.0,105.0
Handgun\Handgun_First_Clean_Jabez\armas (2021)_jpg.rf.bdm835KDw7MlkNQgLElL.jpg,1920,1200,1,136.0,375.0,555.0,698.0
Handgun\Handgun_First_Clean_Jabez\armas (2612)_jpg.rf.fIDUinGW987PnRonIYke.jpg,160,120,1,10.0,4.0,156.0,113.0
Handgun\Handgun_First_Clean_Jabez\armas (1694)_jpg.rf.gXxYHcsmEOZzddNipHeK.jpg,500,333,1,31.0,78.0,500.0,309.0
Handgun\Handgun_First_Clean_Jabez\3122ebb9cb449fa9_jpg.rf.YBeASkqHUsLVWcNcEACc.jpg,640,1024,1,107.0,57.0,569.0,254.0
Handgun\Handgun_First_Clean_Jabez\armas (1842)_jpg.rf.aEhfrHnU21TsTEBRIlgJ.jpg,380,380,1,116.0,8.0,260.0,352.0
Handgun\Handgun_First_Clean_Jabez\armas (35)_jpg.rf.ZHaD3P5zRDkGAXF6SBem.jpg,1300,1097,1,562.0,345.0,725.0,718.0
Handgun\Handgun_First_Clean_Jabez\armas (2554)_jpg.rf.WWV6RTHLDxSLYeBs7sHj.jpg,160,120,1,5.0,3.0,156.0,119.0
Handgun\Handgun_First_Clean_Jabez\armas (1663)_jpg.rf.yTxdef9LwInywH3kyvUB.jpg,500,375,1,249.0,149.0,287.0,185.0
Handgun\Handgun_First_Clean_Jabez\86b762b3d1bb8506_jpg.rf.ytkrqQCAid8HH06FbpUr.jpg,1024,681,1,0.0,0.0,1023.0,680.0
Handgun\Handgun_First_Clean_Jabez\armas (206)_jpg.rf.z9cCyxXRNkeoN2PUnd9L.jpg,728,546,1,77.0,63.0,628.0,442.0
Handgun\Handgun_First_Clean_Jabez\armas (2688)_jpg.rf.vyaMZKRfYkJXwpQRiqFU.jpg,160,120,1,4.0,4.0,154.0,113.0
Handgun\Handgun_First_Clean_Jabez\armas (2958)_jpg.rf.x3MnGZ2TLJBgtSrSDvGj.jpg,400,360,1,90.0,148.0,271.0,250.0
Handgun\Handgun_First_Clean_Jabez\armas (733)_jpg.rf.OaNSOzPAf3bphF5fJjIT.jpg,309,400,1,167.0,102.0,304.0,211.0
Handgun\Handgun_First_Clean_Jabez\armas (498)_jpg.rf.i75bBJ976DL030vyfKXj.jpg,261,193,1,107.0,32.0,261.0,193.0
Handgun\Handgun_First_Clean_Jabez\armas (2376)_jpg.rf.x2inEwJ8Bfx0J6Bs91Xr.jpg,160,120,1,7.0,3.0,155.0,97.0
Handgun\Handgun_First_Clean_Jabez\armas (2914)_jpg.rf.AgbeMMyOrnHHcZutVmbm.jpg,450,300,1,160.0,6.0,368.0,193.0
Handgun\Handgun_First_Clean_Jabez\armas (1655)_jpg.rf.IacIFobxNqfTF8PZMvIp.jpg,500,500,1,209.0,153.0,312.0,409.0
Handgun\Handgun_First_Clean_Jabez\armas (2704)_jpg.rf.IrKeoq8PeWQo1ZKXiR78.jpg,160,120,1,3.0,1.0,160.0,117.0
Handgun\Handgun_First_Clean_Jabez\armas (2414)_jpg.rf.KqV4ScUsWrZHDyoWkEfz.jpg,160,120,1,4.0,3.0,158.0,112.0
Handgun\Handgun_First_Clean_Jabez\armas (2591)_jpg.rf.LVqneY9JD9TUTMKugLOn.jpg,160,120,1,1.0,5.0,158.0,114.0
Handgun\Handgun_First_Clean_Jabez\armas (229)_jpg.rf.xmcQdvaETNf6w4t642RK.jpg,1800,1426,1,1001.0,549.0,1453.0,1147.0
Handgun\Handgun_First_Clean_Jabez\a3ced0c9b6410463_jpg.rf.iJqXhRnpCRQYWaZRa9z8.jpg,1024,763,1,42.0,220.0,221.0,332.0
Handgun\Handgun_First_Clean_Jabez\a3ced0c9b6410463_jpg.rf.iJqXhRnpCRQYWaZRa9z8.jpg,1024,763,1,250.0,452.0,441.0,762.0
Handgun\Handgun_First_Clean_Jabez\a3ced0c9b6410463_jpg.rf.iJqXhRnpCRQYWaZRa9z8.jpg,1024,763,1,944.0,546.0,1005.0,635.0
Handgun\Handgun_First_Clean_Jabez\armas (2264)_jpg.rf.iCQqmuSssPesbl0hlueB.jpg,160,120,1,3.0,7.0,157.0,112.0
Handgun\Handgun_First_Clean_Jabez\armas (12)_jpg.rf.85lOmOMKDTa4wUcE8uuH.jpg,315,450,1,27.0,169.0,84.0,242.0
Handgun\Handgun_First_Clean_Jabez\armas (809)_jpg.rf.FanpZz0U8xJHXzx3YFVD.jpg,300,300,1,4.0,104.0,294.0,215.0
Handgun\Handgun_First_Clean_Jabez\armas (775)_jpg.rf.G0000E2wAu5ZqIn0DImC.jpg,300,201,1,1.0,2.0,300.0,198.0
Handgun\Handgun_First_Clean_Jabez\armas (2326)_jpg.rf.Hw45PSSAbNOlWcIF2JLm.jpg,160,120,1,3.0,4.0,154.0,114.0
Handgun\Handgun_First_Clean_Jabez\armas (311)_jpg.rf.I3qYqso1TmncusGBufdJ.jpg,270,194,1,55.0,46.0,107.0,80.0
Handgun\Handgun_First_Clean_Jabez\armas (354)_jpg.rf.6p4ZE6r0Cgrvz3tcefLW.jpg,661,496,1,227.0,196.0,278.0,310.0
Handgun\Handgun_First_Clean_Jabez\armas (916)_jpg.rf.LYHX9as1ZwI9F0p0ickp.jpg,275,183,1,65.0,34.0,215.0,137.0
Handgun\Handgun_First_Clean_Jabez\armas (1027)_jpg.rf.HBnxnE0niLbt5HBvGaEs.jpg,183,275,1,73.0,125.0,100.0,183.0
Handgun\Handgun_First_Clean_Jabez\armas (2294)_jpg.rf.LWxNwdK1APl19wZoMQQ7.jpg,160,120,1,2.0,1.0,157.0,119.0
Handgun\Handgun_First_Clean_Jabez\armas (687)_jpg.rf.HabXnMv3GTa4rOgtFtZq.jpg,720,484,1,67.0,323.0,182.0,480.0
Handgun\Handgun_First_Clean_Jabez\armas (687)_jpg.rf.HabXnMv3GTa4rOgtFtZq.jpg,720,484,1,315.0,326.0,437.0,479.0
Handgun\Handgun_First_Clean_Jabez\armas (687)_jpg.rf.HabXnMv3GTa4rOgtFtZq.jpg,720,484,1,550.0,325.0,675.0,482.0
Handgun\Handgun_First_Clean_Jabez\armas (687)_jpg.rf.HabXnMv3GTa4rOgtFtZq.jpg,720,484,1,242.0,92.0,461.0,239.0
Handgun\Handgun_First_Clean_Jabez\armas (687)_jpg.rf.HabXnMv3GTa4rOgtFtZq.jpg,720,484,1,553.0,85.0,669.0,241.0
Handgun\Handgun_First_Clean_Jabez\armas (235)_jpg.rf.I3l2CeHcG1prTgxGhw0k.jpg,200,150,1,8.0,32.0,185.0,96.0
Handgun\Handgun_First_Clean_Jabez\2e04af0134f9884d_jpg.rf.JrvxxeP3d3CUHCMH4ncA.jpg,1024,768,1,43.0,150.0,917.0,540.0
Handgun\Handgun_First_Clean_Jabez\armas (909)_jpg.rf.DlK2WcfIi7unS2QxC3Go.jpg,240,210,1,83.0,71.0,149.0,182.0
Handgun\Handgun_First_Clean_Jabez\59027a480205419a_jpg.rf.GCf22wTa0hP0cpHw9R1s.jpg,1024,683,1,259.0,173.0,969.0,682.0
Handgun\Handgun_First_Clean_Jabez\armas (1282)_jpg.rf.6QCOI1WLneHurtyAUmdT.jpg,500,333,1,171.0,69.0,277.0,234.0
Handgun\Handgun_First_Clean_Jabez\armas (366)_jpg.rf.8X2l31KMfGoxaviUpbgc.jpg,986,900,1,235.0,418.0,309.0,551.0
Handgun\Handgun_First_Clean_Jabez\armas (2208)_jpg.rf.ZWsBPKFg1jAVoWrKVWD8.jpg,160,120,1,2.0,1.0,157.0,116.0
Handgun\Handgun_First_Clean_Jabez\armas (2154)_jpg.rf.ZkzmLJLGaIQxpukOMrDh.jpg,1851,2190,1,87.0,21.0,1823.0,1251.0
Handgun\Handgun_First_Clean_Jabez\armas (2361)_jpg.rf.aAEe32ce9ZRO5P3YAMNt.jpg,160,120,1,10.0,1.0,157.0,113.0
Handgun\Handgun_First_Clean_Jabez\armas (172)_jpg.rf.sn3gUI4aVPtn1FLuUgK7.jpg,320,240,1,228.0,173.0,316.0,238.0
Handgun\Handgun_First_Clean_Jabez\armas (2046)_jpg.rf.cfA4Tjz8SUin9rbhH14g.jpg,1650,1100,1,240.0,310.0,1590.0,1100.0
Handgun\Handgun_First_Clean_Jabez\armas (1738)_jpg.rf.ttTCMG6n3cxa032sH8Da.jpg,500,375,1,54.0,63.0,462.0,312.0
Handgun\Handgun_First_Clean_Jabez\armas (1060)_jpg.rf.vttUdBS74ZatkiyFXHwu.jpg,400,268,1,73.0,59.0,280.0,204.0
Handgun\Handgun_First_Clean_Jabez\armas (2731)_jpg.rf.Yr3aBY9gyCa2JZoAdntp.jpg,160,120,1,4.0,3.0,157.0,106.0
Handgun\Handgun_First_Clean_Jabez\armas (2684)_jpg.rf.fGxIcQU0SltHN9k19f5L.jpg,160,120,1,2.0,1.0,155.0,116.0
Handgun\Handgun_First_Clean_Jabez\armas (2186)_jpg.rf.0wEAL9QmUvZuyPNMYLfH.jpg,160,120,1,5.0,3.0,156.0,115.0
Handgun\Handgun_First_Clean_Jabez\armas (2691)_jpg.rf.2c1tu0KERrp5HcTgtNmc.jpg,160,120,1,2.0,1.0,155.0,116.0
Handgun\Handgun_First_Clean_Jabez\armas (2980)_jpg.rf.YrRVOaGHmzPuF4ir1Rrp.jpg,412,443,1,8.0,17.0,348.0,405.0
Handgun\Handgun_First_Clean_Jabez\armas (2732)_jpg.rf.NYqjpV8SQhT3duP5ASFe.jpg,160,120,1,4.0,5.0,155.0,119.0
Handgun\Handgun_First_Clean_Jabez\armas (1249)_jpg.rf.RQ9liuVLDugkMfJNKx3I.jpg,500,375,1,11.0,50.0,485.0,341.0
Handgun\Handgun_First_Clean_Jabez\aab5f2158ebe0d74_jpg.rf.RWczTnWiKaGX6LCp51WS.jpg,1024,681,1,0.0,0.0,1023.0,681.0
Handgun\Handgun_First_Clean_Jabez\armas (2912)_jpg.rf.RudAdRXjookrDly3eSZW.jpg,632,420,1,75.0,169.0,370.0,313.0
Handgun\Handgun_First_Clean_Jabez\armas (239)_jpg.rf.C2BsHRZzw5j0ysPD4Jjn.jpg,550,412,1,82.0,112.0,464.0,403.0
Handgun\Handgun_First_Clean_Jabez\armas (2576)_jpg.rf.uYxnYEbOYKlL8YMu9dVV.jpg,160,120,1,2.0,1.0,158.0,114.0
Handgun\Handgun_First_Clean_Jabez\armas (2052)_jpg.rf.uyzfbXSRqveDGVsg9DrK.jpg,443,341,1,4.0,11.0,439.0,334.0
Handgun\Handgun_First_Clean_Jabez\armas (1124)_jpg.rf.uzpoauGkhRIEeECzzKsP.jpg,940,545,1,222.0,112.0,368.0,537.0
Handgun\Handgun_First_Clean_Jabez\1c5fc11fd05f3534_jpg.rf.6OAgxqUN7cd52Ut64tEr.jpg,764,1024,1,186.0,75.0,715.0,993.0
Handgun\Handgun_First_Clean_Jabez\armas (2221)_jpg.rf.Eov2K6voDCHOKaw83hMo.jpg,160,120,1,3.0,3.0,157.0,117.0
Handgun\Handgun_First_Clean_Jabez\065c7e3482399cfb_jpg.rf.Qn2CtVj7yKfKkKEV8Hsz.jpg,1024,1024,1,0.0,308.0,1022.0,1022.0
Handgun\Handgun_First_Clean_Jabez\armas (2873)_jpg.rf.R49BSUcDkNFNIfCz6ldQ.jpg,400,270,1,23.0,17.0,373.0,253.0
Handgun\Handgun_First_Clean_Jabez\armas (906)_jpg.rf.RKjWnDg360M4jYaIQbEy.jpg,177,285,1,34.0,88.0,91.0,164.0
Handgun\Handgun_First_Clean_Jabez\armas (1208)_jpg.rf.HEw3PGc4VglqyCHLgHgL.jpg,590,441,1,135.0,163.0,556.0,398.0
Handgun\Handgun_First_Clean_Jabez\armas (1208)_jpg.rf.HEw3PGc4VglqyCHLgHgL.jpg,590,441,1,18.0,5.0,406.0,321.0
Handgun\Handgun_First_Clean_Jabez\310537222f4d8c1d_jpg.rf.XUlkamkyfiJtaX3nJ3Ec.jpg,1024,768,1,55.0,131.0,958.0,678.0
Handgun\Handgun_First_Clean_Jabez\armas (729)_jpg.rf.n4s80lsVA4yqnrxQVHIi.jpg,420,253,1,3.0,2.0,365.0,150.0
Handgun\Handgun_First_Clean_Jabez\armas (953)_jpg.rf.bWrZiwGT4QSROkhEJtmk.jpg,262,192,1,177.0,54.0,254.0,136.0
Handgun\Handgun_First_Clean_Jabez\armas (2324)_jpg.rf.cSRgAzzRbwm0W7s70b1l.jpg,160,120,1,2.0,3.0,153.0,114.0
Handgun\Handgun_First_Clean_Jabez\armas (74)_jpg.rf.dJO7DKaQkk2nvVoPbMaz.jpg,640,360,1,358.0,111.0,385.0,131.0
Handgun\Handgun_First_Clean_Jabez\armas (1638)_jpg.rf.dq04FBqMhna27h9BeQYq.jpg,500,375,1,57.0,11.0,475.0,301.0
Handgun\Handgun_First_Clean_Jabez\armas (578)_jpg.rf.FKdjZ0mGvzCVVpyKLGXH.jpg,3162,1634,1,1873.0,277.0,3066.0,1392.0
Handgun\Handgun_First_Clean_Jabez\armas (399)_jpg.rf.FKRXlrclpAyeNX743kmm.jpg,682,1023,1,155.0,358.0,326.0,543.0
Handgun\Handgun_First_Clean_Jabez\armas (1427)_jpg.rf.lb2F3rsKOnSKmrlQO2Jn.jpg,500,337,1,39.0,48.0,456.0,283.0
Handgun\Handgun_First_Clean_Jabez\armas (1948)_jpg.rf.lfDELjioyWZGBUudxumI.jpg,1500,1176,1,613.0,345.0,813.0,745.0
Handgun\Handgun_First_Clean_Jabez\armas (1729)_jpg.rf.lwwBXlYlbyxt5rQfCoeP.jpg,500,333,1,1.0,115.0,390.0,327.0
Handgun\Handgun_First_Clean_Jabez\armas (1066)_jpg.rf.mSbdwgreMmhpv9yYvb2c.jpg,639,439,1,126.0,172.0,347.0,407.0
Handgun\Handgun_First_Clean_Jabez\armas (1532)_jpg.rf.n6YLofCODlPQFxYqVfNz.jpg,500,375,1,159.0,144.0,400.0,350.0
Handgun\Handgun_First_Clean_Jabez\4275b8e4a57f855c_jpg.rf.0G4z7qUtPrPBds1O9g4y.jpg,1024,685,1,320.0,34.0,1023.0,684.0
Handgun\Handgun_First_Clean_Jabez\armas (843)_jpg.rf.1xrrZPkmsuI6Wrzy4S3y.jpg,249,202,1,22.0,32.0,161.0,136.0
Handgun\Handgun_First_Clean_Jabez\bc92766a62d56fc0_jpg.rf.20wXvLXjpmWTYGdnR9jP.jpg,1024,685,1,116.0,71.0,691.0,589.0
Handgun\Handgun_First_Clean_Jabez\armas (1209)_jpg.rf.2BEvJiUIPEcsoOdlYPUs.jpg,370,336,1,93.0,13.0,362.0,227.0
Handgun\Handgun_First_Clean_Jabez\armas (1975)_jpg.rf.2Kav53TrpEvXtqL7biDZ.jpg,1100,733,1,76.0,6.0,1009.0,726.0
Handgun\Handgun_First_Clean_Jabez\armas (2141)_jpg.rf.RJ6XQmetIrFBP9fEDVgP.jpg,677,409,1,10.0,15.0,665.0,270.0
Handgun\Handgun_First_Clean_Jabez\armas (519)_jpg.rf.xyunYXVzKOvyUzNDQJep.jpg,240,160,1,62.0,18.0,218.0,128.0
Handgun\Handgun_First_Clean_Jabez\armas (1321)_jpg.rf.idEF5THMept0Hu47wJSO.jpg,1000,944,1,88.0,55.0,946.0,891.0
Handgun\Handgun_First_Clean_Jabez\armas (1998)_jpg.rf.kvA9jelDRKbBOJayYkwr.jpg,640,444,1,394.0,234.0,547.0,301.0
Handgun\Handgun_First_Clean_Jabez\armas (2973)_jpg.rf.lPfWISlNaxWys5EMhKlJ.jpg,1530,958,1,26.0,11.0,1497.0,946.0
Handgun\Handgun_First_Clean_Jabez\armas (2715)_jpg.rf.3A8Nw5E0CeMEx3js5WLm.jpg,160,120,1,2.0,1.0,156.0,117.0
Handgun\Handgun_First_Clean_Jabez\5006f6ce40142eea_jpg.rf.1lyvmuYjyNrw6HPzrsNS.jpg,1024,824,1,189.0,223.0,877.0,657.0
Handgun\Handgun_First_Clean_Jabez\f862a8347f9611ab_jpg.rf.RZWclzs9dPypoMbmIEna.jpg,965,1024,1,749.0,373.0,888.0,459.0
Handgun\Handgun_First_Clean_Jabez\armas (1613)_jpg.rf.RnQdoHWKhOsJcupCIdOq.jpg,500,375,1,26.0,88.0,490.0,323.0
Handgun\Handgun_First_Clean_Jabez\armas (435)_jpg.rf.6VoFc7ge9ssbIUR5ioi3.jpg,682,1023,1,391.0,610.0,647.0,823.0
Handgun\Handgun_First_Clean_Jabez\armas (2737)_jpg.rf.6pXfQOvrhfUqeeAECtVS.jpg,160,120,1,2.0,17.0,158.0,119.0
Handgun\Handgun_First_Clean_Jabez\armas (1013)_jpg.rf.IZGy0fQhcPOfpKWFJR5e.jpg,275,184,1,76.0,47.0,181.0,103.0
Handgun\Handgun_First_Clean_Jabez\armas (165)_jpg.rf.IyGWwQAcPb0E71EMzSGX.jpg,399,600,1,122.0,324.0,176.0,361.0
Handgun\Handgun_First_Clean_Jabez\armas (469)_jpg.rf.IyYed99E0Fk6C6NQX0iQ.jpg,1023,586,1,351.0,106.0,821.0,329.0
Handgun\Handgun_First_Clean_Jabez\2c5a20af91db266e_jpg.rf.r4JgFb1Nawv5bgv3HxbF.jpg,1024,768,1,0.0,63.0,988.0,697.0
Handgun\Handgun_First_Clean_Jabez\armas (1789)_jpg.rf.rZ1KpttmjIt39stRGMiK.jpg,610,394,1,82.0,90.0,386.0,234.0
Handgun\Handgun_First_Clean_Jabez\armas (2386)_jpg.rf.rx3zkqUL9amKyQrPR6RM.jpg,160,120,1,4.0,1.0,157.0,113.0
Handgun\Handgun_First_Clean_Jabez\armas (2717)_jpg.rf.sOqdByKKMPh85FKGa3H0.jpg,160,120,1,2.0,2.0,155.0,118.0
Handgun\Handgun_First_Clean_Jabez\armas (1030)_jpg.rf.gzKxfrNqJxIY8qfplw1a.jpg,183,275,1,28.0,37.0,64.0,99.0
Handgun\Handgun_First_Clean_Jabez\armas (2252)_jpg.rf.4sYGOSvW95TSNV2RR4Iq.jpg,160,120,1,2.0,3.0,155.0,112.0
Handgun\Handgun_First_Clean_Jabez\armas (2020)_jpg.rf.vuNHCQJDbXk15ULjQtCS.jpg,506,307,1,26.0,16.0,482.0,296.0
Handgun\Handgun_First_Clean_Jabez\6a0bc472098cb90a_jpg.rf.xNo8o2W4ZJpfIrChXqW7.jpg,1024,683,1,183.0,92.0,408.0,459.0
Handgun\Handgun_First_Clean_Jabez\armas (655)_jpg.rf.xvKzFDLwM0lIZoCqxLew.jpg,425,320,1,143.0,83.0,334.0,244.0
Handgun\Handgun_First_Clean_Jabez\armas (1628)_jpg.rf.z5tAqSfghEY94zxh0Xyd.jpg,460,345,1,26.0,93.0,445.0,264.0
Handgun\Handgun_First_Clean_Jabez\armas (2536)_jpg.rf.zC2huca0kthT17tJSbD3.jpg,160,120,1,3.0,3.0,157.0,113.0
Handgun\Handgun_First_Clean_Jabez\armas (314)_jpg.rf.MsRdcjwUrPXHuE37rREe.jpg,134,178,1,70.0,25.0,111.0,94.0
Handgun\Handgun_First_Clean_Jabez\armas (2631)_jpg.rf.NdLRtSsneJnkHrFjkZx8.jpg,160,120,1,5.0,1.0,158.0,115.0
Handgun\Handgun_First_Clean_Jabez\armas (622)_jpg.rf.6M5j1oIKKPvS2URQWbVJ.jpg,661,496,1,108.0,31.0,549.0,463.0
Handgun\Handgun_First_Clean_Jabez\b4aa4ea0b5de9e02_jpg.rf.B4bB84TPNgsbABulwNkq.jpg,1024,768,1,0.0,11.0,694.0,711.0
Handgun\Handgun_First_Clean_Jabez\armas (387)_jpg.rf.tn0AXgmy2jE5BNqoJFuI.jpg,700,500,1,6.0,106.0,698.0,406.0
Handgun\Handgun_First_Clean_Jabez\armas (1367)_jpg.rf.wghY1oML2LoD5TzLCHsE.jpg,500,375,1,275.0,42.0,406.0,198.0
Handgun\Handgun_First_Clean_Jabez\armas (1472)_jpg.rf.2HgvJd3c19cIOP8Y6Qyp.jpg,374,500,1,25.0,225.0,346.0,422.0
Handgun\Handgun_First_Clean_Jabez\armas (1524)_jpg.rf.wRWgfzhNksWxO68eBStQ.jpg,500,333,1,38.0,58.0,471.0,305.0
Handgun\Handgun_First_Clean_Jabez\armas (1283)_jpg.rf.UiZqEHxV4YGU5qfixvm0.jpg,500,375,1,30.0,141.0,239.0,230.0
Handgun\Handgun_First_Clean_Jabez\armas (2477)_jpg.rf.W3O6pmTkeNidzWGGiX43.jpg,160,120,1,5.0,4.0,151.0,111.0
Handgun\Handgun_First_Clean_Jabez\34826bfe72a31684_jpg.rf.Bq4mK0hwqJrGErU61ocQ.jpg,1024,631,1,0.0,70.0,979.0,631.0
Handgun\Handgun_First_Clean_Jabez\armas (978)_jpg.rf.9sAimEYUw0d7y06uT1Ji.jpg,261,193,1,85.0,20.0,225.0,71.0
Handgun\Handgun_First_Clean_Jabez\78dd7745cdd0a5cb_jpg.rf.21MbfFQmX9EVSxNLvI05.jpg,1024,681,1,131.0,45.0,695.0,459.0
Handgun\Handgun_First_Clean_Jabez\armas (935)_jpg.rf.52rx3qXTJ07CpgjIqdJb.jpg,259,194,1,4.0,1.0,214.0,90.0
Handgun\Handgun_First_Clean_Jabez\831f04c7b16ad888_jpg.rf.LWgVzOZGmBpizSzr1fJe.jpg,1024,678,1,0.0,0.0,210.0,368.0
Handgun\Handgun_First_Clean_Jabez\831f04c7b16ad888_jpg.rf.LWgVzOZGmBpizSzr1fJe.jpg,1024,678,1,301.0,98.0,791.0,471.0
Handgun\Handgun_First_Clean_Jabez\armas (1210)_jpg.rf.IG6hd7o1g9rN1SQn2RLm.jpg,500,353,1,12.0,6.0,496.0,303.0
Handgun\Handgun_First_Clean_Jabez\armas (2659)_jpg.rf.LP40ySnBzW8C5nDXC3xn.jpg,160,120,1,2.0,1.0,157.0,119.0
Handgun\Handgun_First_Clean_Jabez\armas (1005)_jpg.rf.pCR3gBor546c4QBn5W0I.jpg,301,167,1,85.0,50.0,173.0,117.0
Handgun\Handgun_First_Clean_Jabez\95d93d4dab03067f_jpg.rf.pIER3rxLtrZS27TrrSlU.jpg,1024,768,1,41.0,154.0,955.0,642.0
Handgun\Handgun_First_Clean_Jabez\armas (1866)_jpg.rf.Hd049ijg18vdmZflGxiX.jpg,517,264,1,274.0,157.0,359.0,202.0
Handgun\Handgun_First_Clean_Jabez\25bf59064babc45d_jpg.rf.CvMftSsMIHgioCAU2myi.jpg,1024,575,1,0.0,43.0,1023.0,574.0
Handgun\Handgun_First_Clean_Jabez\armas (2692)_jpg.rf.hqeQm7h7pn07ilFaUmq5.jpg,160,120,1,3.0,1.0,157.0,117.0
Handgun\Handgun_First_Clean_Jabez\armas (872)_jpg.rf.2L3zaDZOWnAVDYZ0oRev.jpg,254,199,1,105.0,50.0,140.0,126.0
Handgun\Handgun_First_Clean_Jabez\armas (2116)_jpg.rf.N4Z52sgHDwOUieu1yfUb.jpg,852,480,1,96.0,77.0,594.0,378.0
Handgun\Handgun_First_Clean_Jabez\armas (2835)_jpg.rf.Nchmgzq3hFldCaIEn7ka.jpg,393,590,1,233.0,446.0,329.0,518.0
Handgun\Handgun_First_Clean_Jabez\armas (2835)_jpg.rf.Nchmgzq3hFldCaIEn7ka.jpg,393,590,1,297.0,445.0,369.0,495.0
Handgun\Handgun_First_Clean_Jabez\armas (2835)_jpg.rf.Nchmgzq3hFldCaIEn7ka.jpg,393,590,1,21.0,132.0,89.0,182.0
Handgun\Handgun_First_Clean_Jabez\armas (2835)_jpg.rf.Nchmgzq3hFldCaIEn7ka.jpg,393,590,1,125.0,133.0,188.0,172.0
Handgun\Handgun_First_Clean_Jabez\armas (2835)_jpg.rf.Nchmgzq3hFldCaIEn7ka.jpg,393,590,1,233.0,15.0,272.0,67.0
Handgun\Handgun_First_Clean_Jabez\armas (2185)_jpg.rf.M6Zt1MmcGQW0aIewl3Sd.jpg,160,120,1,2.0,1.0,158.0,114.0
Handgun\Handgun_First_Clean_Jabez\armas (1520)_jpg.rf.fHd7wqvUBPAhrVEf6Bon.jpg,500,375,1,272.0,128.0,436.0,328.0
Handgun\Handgun_First_Clean_Jabez\armas (1520)_jpg.rf.fHd7wqvUBPAhrVEf6Bon.jpg,500,375,1,4.0,185.0,90.0,328.0
Handgun\Handgun_First_Clean_Jabez\armas (1520)_jpg.rf.fHd7wqvUBPAhrVEf6Bon.jpg,500,375,1,99.0,138.0,191.0,312.0
Handgun\Handgun_First_Clean_Jabez\armas (1520)_jpg.rf.fHd7wqvUBPAhrVEf6Bon.jpg,500,375,1,179.0,133.0,293.0,300.0
Handgun\Handgun_First_Clean_Jabez\armas (1520)_jpg.rf.fHd7wqvUBPAhrVEf6Bon.jpg,500,375,1,1.0,15.0,76.0,114.0
Handgun\Handgun_First_Clean_Jabez\armas (1520)_jpg.rf.fHd7wqvUBPAhrVEf6Bon.jpg,500,375,1,36.0,67.0,231.0,134.0
Handgun\Handgun_First_Clean_Jabez\armas (1520)_jpg.rf.fHd7wqvUBPAhrVEf6Bon.jpg,500,375,1,87.0,14.0,339.0,112.0
Handgun\Handgun_First_Clean_Jabez\armas (1520)_jpg.rf.fHd7wqvUBPAhrVEf6Bon.jpg,500,375,1,334.0,92.0,499.0,150.0
Handgun\Handgun_First_Clean_Jabez\armas (1520)_jpg.rf.fHd7wqvUBPAhrVEf6Bon.jpg,500,375,1,302.0,13.0,439.0,83.0
Handgun\Handgun_First_Clean_Jabez\armas (2698)_jpg.rf.BFjfv2abnnwpSnOabxLZ.jpg,160,120,1,1.0,1.0,155.0,117.0
Handgun\Handgun_First_Clean_Jabez\armas (2111)_jpg.rf.OPfvC5uXc7aGxl0ZOCBA.jpg,320,205,1,5.0,9.0,316.0,189.0
Handgun\Handgun_First_Clean_Jabez\armas (1372)_jpg.rf.Pgilb6fscx9iq4tkz7kt.jpg,500,376,1,30.0,70.0,365.0,374.0
Handgun\Handgun_First_Clean_Jabez\af3c3efdc1b3cc31_jpg.rf.RY4GUBZBzFvj4xOySjHt.jpg,1024,768,1,690.0,61.0,1024.0,458.0
Handgun\Handgun_First_Clean_Jabez\armas (2831)_jpg.rf.tg4Fj5HxbylXOVWluzn6.jpg,1200,800,1,553.0,302.0,833.0,511.0
Handgun\Handgun_First_Clean_Jabez\armas (2335)_jpg.rf.kURvzwHAlzzzG0qICRKQ.jpg,160,120,1,6.0,3.0,155.0,115.0
Handgun\Handgun_First_Clean_Jabez\armas (224)_jpg.rf.AWDHtEILtEiQzd8qZJ5M.jpg,5616,3744,1,1869.0,1413.0,2852.0,2101.0
Handgun\Handgun_First_Clean_Jabez\armas (1403)_jpg.rf.RtRoLESVr5yFs2JyxUhf.jpg,500,375,1,104.0,99.0,386.0,307.0
Handgun\Handgun_First_Clean_Jabez\armas (470)_jpg.rf.thwq7eKbsPmlstyb7WeQ.jpg,742,1023,1,100.0,223.0,322.0,565.0
Handgun\Handgun_First_Clean_Jabez\armas (682)_jpg.rf.tSj5XcgcvJ2fttT1ubbl.jpg,620,458,1,62.0,42.0,430.0,405.0
Handgun\Handgun_First_Clean_Jabez\armas (732)_jpg.rf.u41wLoeBMRISbtO2gkGC.jpg,700,375,1,90.0,11.0,593.0,362.0
Handgun\Handgun_First_Clean_Jabez\armas (2002)_jpg.rf.WNBNn0MX1WkCutN4owiv.jpg,450,319,1,45.0,98.0,135.0,119.0
Handgun\Handgun_First_Clean_Jabez\85211aa80547d052_jpg.rf.neFagb1XQRFMDAA4pfgA.jpg,1024,683,1,166.0,49.0,869.0,530.0
Handgun\Handgun_First_Clean_Jabez\armas (2793)_jpg.rf.fA9nOflZ5daJ8vaZwG79.jpg,600,251,1,194.0,178.0,251.0,228.0
Handgun\Handgun_First_Clean_Jabez\armas (2793)_jpg.rf.fA9nOflZ5daJ8vaZwG79.jpg,600,251,1,221.0,201.0,278.0,244.0
Handgun\Handgun_First_Clean_Jabez\armas (2793)_jpg.rf.fA9nOflZ5daJ8vaZwG79.jpg,600,251,1,160.0,153.0,217.0,197.0
Handgun\Handgun_First_Clean_Jabez\armas (2401)_jpg.rf.UBQe1OzOi0HnaMdmY47Y.jpg,160,120,1,10.0,9.0,155.0,112.0
Handgun\Handgun_First_Clean_Jabez\armas (2507)_jpg.rf.VN9TniDmr6VD77jal0T8.jpg,160,120,1,2.0,3.0,158.0,113.0
Handgun\Handgun_First_Clean_Jabez\armas (2666)_jpg.rf.da19JSlhN701hYNNb70H.jpg,160,120,1,4.0,3.0,157.0,117.0
Handgun\Handgun_First_Clean_Jabez\armas (1133)_jpg.rf.ENl1yLHlbBeO5XtRQf1c.jpg,660,440,1,262.0,107.0,323.0,137.0
Handgun\Handgun_First_Clean_Jabez\armas (1413)_jpg.rf.rAC5x3cP3Oo8v2hDeLt7.jpg,500,391,1,94.0,2.0,500.0,349.0
Handgun\Handgun_First_Clean_Jabez\armas (2470)_jpg.rf.peHxTPOxv1zPNtKn46DJ.jpg,160,120,1,2.0,1.0,157.0,116.0
Handgun\Handgun_First_Clean_Jabez\armas (64)_jpg.rf.XT4RwCdbnVRpXdWAPDHM.jpg,971,1300,1,17.0,505.0,382.0,1029.0
Handgun\Handgun_First_Clean_Jabez\armas (2184)_jpg.rf.sndXuKbGASgsTjwx6pgy.jpg,160,120,1,22.0,2.0,157.0,95.0
Handgun\Handgun_First_Clean_Jabez\armas (1481)_jpg.rf.IZFOS1k7wvpzpPAwH8xw.jpg,500,334,1,46.0,140.0,174.0,248.0
Handgun\Handgun_First_Clean_Jabez\armas (598)_jpg.rf.vnGcm0tXOYUbeV5dl5sz.jpg,1500,1125,1,253.0,260.0,1276.0,930.0
Handgun\Handgun_First_Clean_Jabez\armas (1922)_jpg.rf.wrMjM0mycLoAMtfEvfFq.jpg,1000,650,1,35.0,104.0,940.0,584.0
Handgun\Handgun_First_Clean_Jabez\armas (2359)_jpg.rf.UVcUe5dLNak7TbyQc3Ut.jpg,160,120,1,2.0,1.0,156.0,119.0
Handgun\Handgun_First_Clean_Jabez\armas (1264)_jpg.rf.Uk9s7R30OTaz9F7jramK.jpg,500,334,1,121.0,27.0,466.0,233.0
Handgun\Handgun_First_Clean_Jabez\armas (2089)_jpg.rf.kphkfekYI23mmUi2Ft6G.jpg,1000,639,1,413.0,73.0,623.0,282.0
Handgun\Handgun_First_Clean_Jabez\armas (2751)_jpg.rf.zTXwbUGcYR7rI5pKVBjk.jpg,160,120,1,4.0,1.0,155.0,112.0
Handgun\Handgun_First_Clean_Jabez\armas (515)_jpg.rf.ZyZRamsMGIrcNEaxOJlX.jpg,275,183,1,25.0,19.0,256.0,181.0
Handgun\Handgun_First_Clean_Jabez\armas (2551)_jpg.rf.I8O1JSGGbVK8SBuE2snx.jpg,160,120,1,3.0,1.0,158.0,113.0
Handgun\Handgun_First_Clean_Jabez\armas (690)_jpg.rf.JCjrLBKCty1Xx8teAuq3.jpg,540,364,1,97.0,151.0,229.0,354.0
Handgun\Handgun_First_Clean_Jabez\armas (690)_jpg.rf.JCjrLBKCty1Xx8teAuq3.jpg,540,364,1,12.0,40.0,154.0,183.0
Handgun\Handgun_First_Clean_Jabez\armas (690)_jpg.rf.JCjrLBKCty1Xx8teAuq3.jpg,540,364,1,252.0,150.0,341.0,317.0
Handgun\Handgun_First_Clean_Jabez\armas (690)_jpg.rf.JCjrLBKCty1Xx8teAuq3.jpg,540,364,1,347.0,124.0,450.0,343.0
Handgun\Handgun_First_Clean_Jabez\armas (690)_jpg.rf.JCjrLBKCty1Xx8teAuq3.jpg,540,364,1,455.0,152.0,525.0,300.0
Handgun\Handgun_First_Clean_Jabez\armas (690)_jpg.rf.JCjrLBKCty1Xx8teAuq3.jpg,540,364,1,178.0,25.0,302.0,154.0
Handgun\Handgun_First_Clean_Jabez\armas (690)_jpg.rf.JCjrLBKCty1Xx8teAuq3.jpg,540,364,1,289.0,11.0,396.0,127.0
Handgun\Handgun_First_Clean_Jabez\armas (690)_jpg.rf.JCjrLBKCty1Xx8teAuq3.jpg,540,364,1,381.0,18.0,471.0,126.0
Handgun\Handgun_First_Clean_Jabez\armas (2099)_jpg.rf.NmrEc3o1ZPCQtITo5jAw.jpg,2000,1333,1,313.0,127.0,1801.0,1332.0
Handgun\Handgun_First_Clean_Jabez\armas (1766)_jpg.rf.PwjcWuwQKQ0T8WzCzzsA.jpg,400,287,1,19.0,17.0,378.0,268.0
Handgun\Handgun_First_Clean_Jabez\armas (1672)_jpg.rf.Q5G3yMsJO3kdpryuCcnY.jpg,450,261,1,50.0,61.0,185.0,115.0
Handgun\Handgun_First_Clean_Jabez\56405a17c0ea8857_jpg.rf.g0PqctusevEd0D8i3Id3.jpg,1024,683,1,166.0,18.0,896.0,654.0
Handgun\Handgun_First_Clean_Jabez\armas (757)_jpg.rf.gKETMQFfa3dW9TFKho7C.jpg,300,206,1,26.0,40.0,288.0,191.0
Handgun\Handgun_First_Clean_Jabez\4d965e6fb5cd5c5d_jpg.rf.mOUjWknELUiIzBronJeD.jpg,1024,670,1,89.0,84.0,954.0,624.0
Handgun\Handgun_First_Clean_Jabez\armas (1218)_jpg.rf.1e5KGECVOY90sebWWAK3.jpg,500,375,1,78.0,82.0,404.0,340.0
Handgun\Handgun_First_Clean_Jabez\armas (1490)_jpg.rf.2mrV7eslVcK4gCtwoTjs.jpg,333,500,1,32.0,35.0,321.0,487.0
Handgun\Handgun_First_Clean_Jabez\armas (403)_jpg.rf.eJo5pMqv0VSTCJZRlFLX.jpg,682,1023,1,32.0,133.0,355.0,474.0
Handgun\Handgun_First_Clean_Jabez\armas (1592)_jpg.rf.eNMaKFwtjOiSVTMQtWt2.jpg,500,333,1,397.0,108.0,486.0,203.0
Handgun\Handgun_First_Clean_Jabez\armas (1929)_jpg.rf.Th2FgihJdrthJJDcRMag.jpg,1038,1600,1,1.0,87.0,1034.0,1497.0
Handgun\Handgun_First_Clean_Jabez\armas (956)_jpg.rf.5bu94LWFHeseoXUwzFQR.jpg,275,183,1,71.0,43.0,217.0,97.0
Handgun\Handgun_First_Clean_Jabez\armas (2890)_jpg.rf.7ED6IcfjodyIb1oRYAQh.jpg,1300,671,1,212.0,188.0,627.0,493.0
Handgun\Handgun_First_Clean_Jabez\armas (2890)_jpg.rf.7ED6IcfjodyIb1oRYAQh.jpg,1300,671,1,662.0,208.0,1107.0,468.0
Handgun\Handgun_First_Clean_Jabez\armas (215)_jpg.rf.7io2oqz6VlDA9cGnq46a.jpg,728,546,1,268.0,133.0,322.0,273.0
Handgun\Handgun_First_Clean_Jabez\armas (2485)_jpg.rf.7uVWn27k8p8CXNOdHD7N.jpg,160,120,1,2.0,4.0,158.0,118.0
Handgun\Handgun_First_Clean_Jabez\armas (2774)_jpg.rf.8Ie2OHUgmz6uxWfXsvFI.jpg,160,120,1,2.0,3.0,157.0,118.0
Handgun\Handgun_First_Clean_Jabez\armas (563)_jpg.rf.sP8WofETerabXbIBuZos.jpg,1500,1001,1,205.0,74.0,1117.0,915.0
Handgun\Handgun_First_Clean_Jabez\armas (2182)_jpg.rf.3Rpk5D9SnIDwVehKSD2t.jpg,160,120,1,4.0,1.0,155.0,107.0
Handgun\Handgun_First_Clean_Jabez\388e93e937775b63_jpg.rf.3ubgbNEO4OObm9nVxdsc.jpg,1004,1024,1,758.0,120.0,950.0,210.0
Handgun\Handgun_First_Clean_Jabez\armas (1190)_jpg.rf.3PUSciMBIQsBqWLKpoQk.jpg,300,293,1,4.0,29.0,300.0,245.0
Handgun\Handgun_First_Clean_Jabez\armas (1661)_jpg.rf.58F50PtR8GCKml0Of78R.jpg,564,423,1,27.0,44.0,519.0,319.0
Handgun\Handgun_First_Clean_Jabez\808653a837d75987_jpg.rf.CFmbw5CrGjYTyinNgNKB.jpg,1024,680,1,115.0,315.0,999.0,572.0
Handgun\Handgun_First_Clean_Jabez\armas (2121)_jpg.rf.EaUlhe2580FLwpVAfEep.jpg,400,300,1,199.0,113.0,223.0,129.0
Handgun\Handgun_First_Clean_Jabez\armas (2628)_jpg.rf.cs0BDLaeOnXz6iDG8jas.jpg,160,120,1,5.0,6.0,146.0,114.0
Handgun\Handgun_First_Clean_Jabez\6b838b30a5086a83_jpg.rf.eappcOVjYsz03C8GOIHT.jpg,1024,683,1,49.0,67.0,747.0,593.0
Handgun\Handgun_First_Clean_Jabez\91c9e6cfe1061201_jpg.rf.fDiCeYUBNWTkwrMOaJNF.jpg,1024,819,1,11.0,52.0,1012.0,772.0
Handgun\Handgun_First_Clean_Jabez\armas (1374)_jpg.rf.fQDT6JLbLiHzHG3pjtOT.jpg,500,403,1,1.0,147.0,356.0,391.0
Handgun\Handgun_First_Clean_Jabez\armas (643)_jpg.rf.D9BFJEqO1kHTZEDH2oFK.jpg,293,198,1,70.0,33.0,225.0,171.0
Handgun\Handgun_First_Clean_Jabez\armas (1954)_jpg.rf.fWjqR41QS35wC5dRMUCD.jpg,450,320,1,176.0,70.0,230.0,152.0
Handgun\Handgun_First_Clean_Jabez\armas (1381)_jpg.rf.iKDqBkqLvrk54ZtENjhj.jpg,500,375,1,35.0,15.0,500.0,280.0
Handgun\Handgun_First_Clean_Jabez\5fdca02b82b14b02_jpg.rf.gir8gf9QWMtqCALZKOYO.jpg,1024,680,1,88.0,0.0,302.0,285.0
Handgun\Handgun_First_Clean_Jabez\armas (140)_jpg.rf.h6ZLfeX4bglrIHGMjs0i.jpg,450,300,1,46.0,44.0,427.0,171.0
Handgun\Handgun_First_Clean_Jabez\armas (2832)_jpg.rf.pxB0emkO8sFSfvEI8Deg.jpg,504,311,1,7.0,1.0,502.0,179.0
Handgun\Handgun_First_Clean_Jabez\armas (2095)_jpg.rf.pZTeik30gAdeoyv5cRxt.jpg,2000,1333,1,1241.0,315.0,1917.0,1054.0
Handgun\Handgun_First_Clean_Jabez\armas (1237)_jpg.rf.8M7IDHEeSm5x5hQe8nX5.jpg,500,401,1,1.0,54.0,494.0,354.0
Handgun\Handgun_First_Clean_Jabez\armas (2586)_jpg.rf.8koRPShGvDWmB1RF368a.jpg,160,120,1,4.0,1.0,158.0,118.0
Handgun\Handgun_First_Clean_Jabez\armas (319)_jpg.rf.8kXrCKJ9ROWfVoHSLwHi.jpg,251,194,1,99.0,54.0,132.0,129.0
Handgun\Handgun_First_Clean_Jabez\armas (386)_jpg.rf.poqpA9uQe3DddLe8HJiQ.jpg,876,493,1,193.0,218.0,366.0,444.0
Handgun\Handgun_First_Clean_Jabez\armas (1383)_jpg.rf.wuD4BOrPMyJGGZNLpeBB.jpg,500,375,1,60.0,92.0,500.0,375.0
Handgun\Handgun_First_Clean_Jabez\armas (376)_jpg.rf.xap0fONVagPrbNm7byI6.jpg,630,703,1,30.0,364.0,154.0,514.0
Handgun\Handgun_First_Clean_Jabez\armas (376)_jpg.rf.xap0fONVagPrbNm7byI6.jpg,630,703,1,499.0,419.0,592.0,638.0
Handgun\Handgun_First_Clean_Jabez\armas (376)_jpg.rf.xap0fONVagPrbNm7byI6.jpg,630,703,1,454.0,233.0,528.0,350.0
Handgun\Handgun_First_Clean_Jabez\armas (376)_jpg.rf.xap0fONVagPrbNm7byI6.jpg,630,703,1,275.0,131.0,404.0,302.0
Handgun\Handgun_First_Clean_Jabez\armas (376)_jpg.rf.xap0fONVagPrbNm7byI6.jpg,630,703,1,216.0,171.0,287.0,324.0
Handgun\Handgun_First_Clean_Jabez\038733c09c810ec7_jpg.rf.xqKupLHKjUDhVEX2SWT9.jpg,876,1024,1,204.0,572.0,551.0,749.0
Handgun\Handgun_First_Clean_Jabez\armas (1893)_jpg.rf.zDRmnAbPQFHfIm6mjFsO.jpg,720,480,1,153.0,205.0,492.0,375.0
Handgun\Handgun_First_Clean_Jabez\armas (1907)_jpg.rf.igCJEQihkCnItHstpUMQ.jpg,866,1390,1,161.0,631.0,559.0,1056.0
Handgun\Handgun_First_Clean_Jabez\armas (1220)_jpg.rf.mSZ7kDDBWvvF3kZo045u.jpg,500,375,1,148.0,136.0,329.0,267.0
Handgun\Handgun_First_Clean_Jabez\9e6d82d0f715abef_jpg.rf.lr9lvzOiFO04S9N0URU3.jpg,1024,718,1,127.0,42.0,994.0,711.0
Handgun\Handgun_First_Clean_Jabez\armas (1940)_jpg.rf.mulR2X09vKHFzyO7RWsm.jpg,1500,1150,1,628.0,455.0,764.0,715.0
Handgun\Handgun_First_Clean_Jabez\0602cd5998096480_jpg.rf.G1NoyiXEBJwSujoQn3Ho.jpg,1024,681,1,298.0,255.0,428.0,370.0
Handgun\Handgun_First_Clean_Jabez\armas (1274)_jpg.rf.0KElRV6AK84iDpShvixG.jpg,500,333,1,58.0,18.0,482.0,323.0
Handgun\Handgun_First_Clean_Jabez\83644e063a1a9309_jpg.rf.074LYI6hXtSTuzyE9ElL.jpg,1024,768,1,11.0,47.0,1010.0,655.0
Handgun\Handgun_First_Clean_Jabez\armas (2106)_jpg.rf.sgk9guIdulzP6x1uPCkc.jpg,400,300,1,2.0,4.0,394.0,294.0
Handgun\Handgun_First_Clean_Jabez\84cb69910ec37a21_jpg.rf.omE2evgXPEl1leGBvWNY.jpg,1024,576,1,408.0,145.0,636.0,507.0
Handgun\Handgun_First_Clean_Jabez\31d90d7c50ac0ee3_jpg.rf.q1ExIfBpU8Z2HCBd4T75.jpg,1024,715,1,226.0,99.0,881.0,617.0
Handgun\Handgun_First_Clean_Jabez\armas (2385)_jpg.rf.qxjjBjqz0QLszlElhSZO.jpg,160,120,1,2.0,1.0,157.0,102.0
Handgun\Handgun_First_Clean_Jabez\armas (539)_jpg.rf.pPR2PhCy9LdxzkfyOryy.jpg,211,239,1,36.0,76.0,176.0,223.0
Handgun\Handgun_First_Clean_Jabez\armas (674)_jpg.rf.zNQS0Lyym3MPt1U3vmwy.jpg,620,413,1,67.0,35.0,336.0,320.0
Handgun\Handgun_First_Clean_Jabez\armas (1173)_jpg.rf.rahvcL7grDm0lvyBrfnj.jpg,523,350,1,41.0,15.0,478.0,319.0
Handgun\Handgun_First_Clean_Jabez\armas (1313)_jpg.rf.XjkpSplfkhFNpa7blgFw.jpg,1000,679,1,28.0,39.0,971.0,657.0
Handgun\Handgun_First_Clean_Jabez\armas (1228)_jpg.rf.3KO3WPt26ysp3iXqG3Yf.jpg,375,500,1,200.0,99.0,221.0,111.0
Handgun\Handgun_First_Clean_Jabez\armas (1228)_jpg.rf.3KO3WPt26ysp3iXqG3Yf.jpg,375,500,1,223.0,366.0,294.0,500.0
Handgun\Handgun_First_Clean_Jabez\armas (1160)_jpg.rf.43UpvFeihn02ILX4xkjP.jpg,450,308,1,1.0,79.0,139.0,135.0
Handgun\Handgun_First_Clean_Jabez\armas (1160)_jpg.rf.43UpvFeihn02ILX4xkjP.jpg,450,308,1,285.0,1.0,437.0,66.0
Handgun\Handgun_First_Clean_Jabez\armas (2746)_jpg.rf.jv1gryw5WQzZUapkQspd.jpg,160,120,1,3.0,1.0,156.0,116.0
Handgun\Handgun_First_Clean_Jabez\armas (1487)_jpg.rf.jwqR14w9yv3ZXQkJqT3k.jpg,500,315,1,13.0,10.0,467.0,301.0
Handgun\Handgun_First_Clean_Jabez\armas (2879)_jpg.rf.NmbnT3BQwpK5V8spOB81.jpg,870,1300,1,300.0,368.0,756.0,855.0
Handgun\Handgun_First_Clean_Jabez\armas (1201)_jpg.rf.5OheIZvzCgFSV4tbMwB4.jpg,500,375,1,91.0,28.0,352.0,148.0
Handgun\Handgun_First_Clean_Jabez\051ed63d53944b48_jpg.rf.fOn0H3kRCHXTbMs8MUVG.jpg,1024,683,1,0.0,257.0,206.0,382.0
Handgun\Handgun_First_Clean_Jabez\051ed63d53944b48_jpg.rf.fOn0H3kRCHXTbMs8MUVG.jpg,1024,683,1,204.0,233.0,603.0,430.0
Handgun\Handgun_First_Clean_Jabez\051ed63d53944b48_jpg.rf.fOn0H3kRCHXTbMs8MUVG.jpg,1024,683,1,417.0,0.0,699.0,194.0
Handgun\Handgun_First_Clean_Jabez\051ed63d53944b48_jpg.rf.fOn0H3kRCHXTbMs8MUVG.jpg,1024,683,1,534.0,433.0,983.0,682.0
Handgun\Handgun_First_Clean_Jabez\armas (254)_jpg.rf.mMQX0HIBPAv0bmbKPMSM.jpg,634,360,1,52.0,5.0,570.0,348.0
Handgun\Handgun_First_Clean_Jabez\armas (724)_jpg.rf.xzZ6vwTqIZ41cI80jp9K.jpg,420,236,1,21.0,83.0,207.0,178.0
Handgun\Handgun_First_Clean_Jabez\armas (285)_jpg.rf.5SYXMxqWtyihkg8J2A2K.jpg,400,263,1,184.0,94.0,382.0,254.0
Handgun\Handgun_First_Clean_Jabez\armas (1598)_jpg.rf.OHmaVKUeq8CSvH8xd8zA.jpg,500,375,1,1.0,98.0,499.0,375.0
Handgun\Handgun_First_Clean_Jabez\armas (1598)_jpg.rf.OHmaVKUeq8CSvH8xd8zA.jpg,500,375,1,1.0,1.0,500.0,209.0
Handgun\Handgun_First_Clean_Jabez\armas (2402)_jpg.rf.NMIYpNktADcrnBgFYveH.jpg,160,120,1,6.0,5.0,158.0,115.0
Handgun\Handgun_First_Clean_Jabez\armas (2601)_jpg.rf.0p9Tscdg9YkYja0YJoNc.jpg,160,120,1,1.0,1.0,156.0,116.0
Handgun\Handgun_First_Clean_Jabez\armas (1125)_jpg.rf.14VwxAAt3oAoXkDP43mD.jpg,594,410,1,312.0,115.0,569.0,234.0
Handgun\Handgun_First_Clean_Jabez\armas (63)_jpg.rf.1dfpXccWicQjytHpdgfA.jpg,1300,940,1,700.0,294.0,919.0,623.0
Handgun\Handgun_First_Clean_Jabez\e53a44b16a41afb5_jpg.rf.1kZJHzDdsWWg766uTNAa.jpg,1024,680,1,505.0,406.0,790.0,669.0
Handgun\Handgun_First_Clean_Jabez\f6b6b65c25344759_jpg.rf.7V5KvHDrVZGdrjFKS2mV.jpg,1024,683,1,50.0,155.0,871.0,634.0
Handgun\Handgun_First_Clean_Jabez\armas (2997)_jpg.rf.6g18IlUPuHo1N8QwE1iX.jpg,986,555,1,152.0,1.0,848.0,529.0
Handgun\Handgun_First_Clean_Jabez\armas (1515)_jpg.rf.I4c4T3k9zMKreoZpP61N.jpg,500,375,1,170.0,115.0,456.0,320.0
Handgun\Handgun_First_Clean_Jabez\armas (2531)_jpg.rf.IvYSi2YN3n1AX5duhAY5.jpg,160,120,1,9.0,12.0,148.0,109.0
Handgun\Handgun_First_Clean_Jabez\armas (1500)_jpg.rf.GAL8dD8DiQs8cEJUCplW.jpg,500,375,1,111.0,67.0,410.0,337.0
Handgun\Handgun_First_Clean_Jabez\armas (2866)_jpg.rf.h1OqKwErKZrr973JAL7c.jpg,400,600,1,21.0,155.0,155.0,405.0
Handgun\Handgun_First_Clean_Jabez\armas (323)_jpg.rf.hW8KayNqmYhXI5CHQbUO.jpg,540,432,1,112.0,42.0,193.0,322.0
Handgun\Handgun_First_Clean_Jabez\armas (1612)_jpg.rf.eZgHnGh0a1eEfXb7KRgK.jpg,500,334,1,23.0,31.0,420.0,210.0
Handgun\Handgun_First_Clean_Jabez\2b93097116810426_jpg.rf.ugubxWBPivX66bDO3qTW.jpg,1024,682,1,44.0,0.0,283.0,681.0
Handgun\Handgun_First_Clean_Jabez\1f2242d1b203377c_jpg.rf.SjEbO1u9Q2wJzFnQWf8P.jpg,682,1024,1,327.0,550.0,559.0,697.0
Handgun\Handgun_First_Clean_Jabez\armas (870)_jpg.rf.TK4TCASDaKQAniJlInd2.jpg,300,168,1,18.0,62.0,151.0,128.0
Handgun\Handgun_First_Clean_Jabez\armas (2034)_jpg.rf.UPxXn6LK0aDEq0dJ6KWI.jpg,425,323,1,25.0,121.0,88.0,153.0
Handgun\Handgun_First_Clean_Jabez\armas (2034)_jpg.rf.UPxXn6LK0aDEq0dJ6KWI.jpg,425,323,1,47.0,91.0,98.0,120.0
Handgun\Handgun_First_Clean_Jabez\armas (2034)_jpg.rf.UPxXn6LK0aDEq0dJ6KWI.jpg,425,323,1,72.0,77.0,116.0,114.0
Handgun\Handgun_First_Clean_Jabez\armas (1132)_jpg.rf.gbC9ZqC1PSc00V6PX0vu.jpg,1300,926,1,176.0,14.0,854.0,422.0
Handgun\Handgun_First_Clean_Jabez\armas (450)_jpg.rf.GrlpKq4BRyDCYAko3N4o.jpg,649,1023,1,191.0,505.0,342.0,656.0
Handgun\Handgun_First_Clean_Jabez\armas (331)_jpg.rf.KmRYn4Yn2rZzDSBGdWTt.jpg,298,470,1,130.0,206.0,160.0,267.0
Handgun\Handgun_First_Clean_Jabez\armas (91)_jpg.rf.sL57UpY5HncELMpHuoY6.jpg,168,113,1,69.0,13.0,76.0,60.0
Handgun\Handgun_First_Clean_Jabez\armas (1122)_jpg.rf.HomAuApmzgUnjJPBrsP7.jpg,449,300,1,109.0,70.0,348.0,175.0
Handgun\Handgun_First_Clean_Jabez\armas (1609)_jpg.rf.sTWLeP7ovFOahHzhUBn9.jpg,500,375,1,1.0,1.0,461.0,375.0
Handgun\Handgun_First_Clean_Jabez\armas (1153)_jpg.rf.sPgcTLQe9lJCXo9IpaUD.jpg,640,447,1,159.0,201.0,215.0,328.0
Handgun\Handgun_First_Clean_Jabez\656c207a88e5914f_jpg.rf.5CAbHTL1pJcOYffoq9yZ.jpg,1024,396,1,112.0,137.0,324.0,395.0
Handgun\Handgun_First_Clean_Jabez\armas (1716)_jpg.rf.8UlzkuP08sMRAPXLAvcb.jpg,500,375,1,76.0,1.0,369.0,204.0
Handgun\Handgun_First_Clean_Jabez\armas (1158)_jpg.rf.9NjJcWmrRDWINB22W8Rb.jpg,2000,1000,1,775.0,3.0,1256.0,887.0
Handgun\Handgun_First_Clean_Jabez\armas (506)_jpg.rf.qEObtTXe0iQoPy63A57Z.jpg,275,184,1,106.0,48.0,238.0,140.0
Handgun\Handgun_First_Clean_Jabez\armas (904)_jpg.rf.UsDtNC2gFdDdLoHkwMTe.jpg,240,180,1,106.0,40.0,131.0,57.0
Handgun\Handgun_First_Clean_Jabez\armas (2341)_jpg.rf.Vv4PeFcp7QwSZdxjhTiA.jpg,160,120,1,8.0,7.0,152.0,109.0
Handgun\Handgun_First_Clean_Jabez\armas (129)_jpg.rf.3PAZ3XJvSsD9vvtRLSHg.jpg,299,450,1,141.0,204.0,197.0,339.0
Handgun\Handgun_First_Clean_Jabez\armas (129)_jpg.rf.3PAZ3XJvSsD9vvtRLSHg.jpg,299,450,1,187.0,207.0,266.0,342.0
Handgun\Handgun_First_Clean_Jabez\armas (691)_jpg.rf.3QvFXllwOzIQeIoaaWy7.jpg,1020,596,1,189.0,119.0,780.0,337.0
Handgun\Handgun_First_Clean_Jabez\armas (2862)_jpg.rf.ncHkkIeJj6cuyGvRcI1N.jpg,650,366,1,379.0,164.0,418.0,223.0
Handgun\Handgun_First_Clean_Jabez\armas (1621)_jpg.rf.NTVBjma5mmi6cJVePHFU.jpg,575,431,1,20.0,23.0,536.0,414.0
Handgun\Handgun_First_Clean_Jabez\armas (1937)_jpg.rf.fdhjM6JL3ZOfgE3SVgYQ.jpg,1500,1165,1,218.0,150.0,775.0,527.0
Handgun\Handgun_First_Clean_Jabez\462b9a5bc48da32e_jpg.rf.qmrmM22gGL3qf8J0u5ft.jpg,1024,683,1,67.0,55.0,857.0,434.0
Handgun\Handgun_First_Clean_Jabez\armas (1871)_jpg.rf.OPXHn8RknkR3Dx2i1Iza.jpg,640,480,1,397.0,218.0,451.0,259.0
Handgun\Handgun_First_Clean_Jabez\armas (1932)_jpg.rf.OpV5hN8Nj4icmo2O8AcG.jpg,1004,1600,1,747.0,309.0,905.0,378.0
Handgun\Handgun_First_Clean_Jabez\armas (1051)_jpg.rf.P65gFk4jDEoVY6XZgheo.jpg,1000,1193,1,79.0,203.0,1000.0,562.0
Handgun\Handgun_First_Clean_Jabez\armas (1294)_jpg.rf.QN1jW1hnLICpzkr2jeQD.jpg,500,260,1,74.0,15.0,436.0,241.0
Handgun\Handgun_First_Clean_Jabez\armas (2146)_jpg.rf.R1ExUk44j1rJveV2oypk.jpg,480,229,1,8.0,21.0,454.0,209.0
Handgun\Handgun_First_Clean_Jabez\armas (1235)_jpg.rf.gMi5bzMzXfKv3tjgiCvg.jpg,500,375,1,24.0,13.0,444.0,311.0
Handgun\Handgun_First_Clean_Jabez\armas (1718)_jpg.rf.ZRiWq7ASv1eIrhNoLTd9.jpg,360,277,1,10.0,6.0,347.0,267.0
Handgun\Handgun_First_Clean_Jabez\armas (2639)_jpg.rf.kDFXYBRWwXxkhW7BIWZP.jpg,160,120,1,2.0,1.0,157.0,118.0
Handgun\Handgun_First_Clean_Jabez\armas (2230)_jpg.rf.Dj6ap5U7cV5bUdGeJOyE.jpg,160,120,1,5.0,2.0,159.0,114.0
Handgun\Handgun_First_Clean_Jabez\armas (2198)_jpg.rf.s7DlK3f4tYqjwQlIAJ2y.jpg,160,120,1,2.0,1.0,155.0,110.0
Handgun\Handgun_First_Clean_Jabez\ccff9094e269d824_jpg.rf.sFgKkl6coQcg82ih3Ra6.jpg,1024,687,1,6.0,18.0,984.0,533.0
Handgun\Handgun_First_Clean_Jabez\armas (1693)_jpg.rf.umCUbUc6bgtto1IHKQFg.jpg,500,320,1,32.0,36.0,461.0,288.0
Handgun\Handgun_First_Clean_Jabez\armas (753)_jpg.rf.SDzwpsC2VxabESeji7ne.jpg,300,154,1,1.0,1.0,297.0,149.0
Handgun\Handgun_First_Clean_Jabez\armas (1345)_jpg.rf.TLkEhwhVYVQL8wwhZna7.jpg,800,549,1,20.0,61.0,798.0,497.0
Handgun\Handgun_First_Clean_Jabez\armas (1345)_jpg.rf.TLkEhwhVYVQL8wwhZna7.jpg,800,549,1,474.0,323.0,800.0,530.0
Handgun\Handgun_First_Clean_Jabez\armas (2596)_jpg.rf.SdnKopm42e00QRmZarni.jpg,160,120,1,2.0,6.0,155.0,116.0
Handgun\Handgun_First_Clean_Jabez\armas (585)_jpg.rf.VM2fyl6VyKOE0tC7PpWR.jpg,728,946,1,107.0,494.0,620.0,876.0
Handgun\Handgun_First_Clean_Jabez\armas (585)_jpg.rf.VM2fyl6VyKOE0tC7PpWR.jpg,728,946,1,61.0,13.0,522.0,421.0
Handgun\Handgun_First_Clean_Jabez\armas (2369)_jpg.rf.AyAHw9GXtxri5IilWIrx.jpg,160,120,1,3.0,2.0,157.0,115.0
Handgun\Handgun_First_Clean_Jabez\armas (731)_jpg.rf.BNv4IIATFydjKLs5Mlxu.jpg,1280,960,1,71.0,287.0,605.0,872.0
Handgun\Handgun_First_Clean_Jabez\armas (731)_jpg.rf.BNv4IIATFydjKLs5Mlxu.jpg,1280,960,1,702.0,270.0,1245.0,938.0
Handgun\Handgun_First_Clean_Jabez\armas (2202)_jpg.rf.DGyKHqF5kmpCsFOvkJ53.jpg,160,120,1,4.0,3.0,158.0,114.0
Handgun\Handgun_First_Clean_Jabez\armas (187)_jpg.rf.lked9sJPxmbOvDmU1jzj.jpg,1300,861,1,969.0,289.0,1176.0,504.0
Handgun\Handgun_First_Clean_Jabez\armas (1305)_jpg.rf.mA81vbJ3MS0Sk7NtjKCu.jpg,300,264,1,4.0,3.0,299.0,262.0
Handgun\Handgun_First_Clean_Jabez\armas (2157)_jpg.rf.z4LOcoBj9rk05ztz7UUe.jpg,852,480,1,164.0,119.0,533.0,325.0
Handgun\Handgun_First_Clean_Jabez\armas (1615)_jpg.rf.0iPRNiY8cTCo0J0TDq2l.jpg,500,332,1,272.0,126.0,478.0,253.0
Handgun\Handgun_First_Clean_Jabez\06f860c6e7b5559f_jpg.rf.y624WvDHmdv61RD0wYeP.jpg,1024,768,1,446.0,153.0,993.0,613.0
Handgun\Handgun_First_Clean_Jabez\armas (2869)_jpg.rf.zGvMTEI63kPDSpqlZP5l.jpg,634,435,1,191.0,140.0,325.0,232.0
Handgun\Handgun_First_Clean_Jabez\armas (2124)_jpg.rf.qGIrtDlMMbsUTC1AVRxj.jpg,900,598,1,82.0,171.0,216.0,276.0
Handgun\Handgun_First_Clean_Jabez\armas (713)_jpg.rf.nsD0QQpLk3uTdJNWPUge.jpg,640,375,1,222.0,22.0,614.0,323.0
Handgun\Handgun_First_Clean_Jabez\armas (710)_jpg.rf.q3HIzhEowh5Y3uS3DLDt.jpg,660,660,1,24.0,210.0,431.0,484.0
Handgun\Handgun_First_Clean_Jabez\armas (358)_jpg.rf.yuT014R3rdMMi7IYi5Sz.jpg,640,447,1,68.0,3.0,430.0,427.0
Handgun\Handgun_First_Clean_Jabez\armas (194)_jpg.rf.qNtiKj2sworiVZrS0wx9.jpg,300,153,1,1.0,1.0,184.0,141.0
Handgun\Handgun_First_Clean_Jabez\e7f556e5167b8a1a_jpg.rf.nO55wjZCT5i1mSwDhAMV.jpg,1024,768,1,215.0,107.0,800.0,685.0
Handgun\Handgun_First_Clean_Jabez\armas (1009)_jpg.rf.DvBtDM9YPDwF7d59suI7.jpg,290,174,1,215.0,36.0,248.0,71.0
Handgun\Handgun_First_Clean_Jabez\armas (1315)_jpg.rf.oNhwp3DOF9APuHgK7eZP.jpg,1000,750,1,50.0,29.0,986.0,701.0
Handgun\Handgun_First_Clean_Jabez\armas (448)_jpg.rf.qmrFwIhmqXCDmw49g1IZ.jpg,1023,682,1,236.0,162.0,863.0,531.0
Handgun\Handgun_First_Clean_Jabez\armas (1214)_jpg.rf.rhWM3WxzBsoQtDVf1e1l.jpg,500,375,1,231.0,1.0,500.0,251.0
Handgun\Handgun_First_Clean_Jabez\armas (2171)_jpg.rf.DD1Q7yQg7wT9RubhBFY4.jpg,160,120,1,2.0,1.0,157.0,119.0
Handgun\Handgun_First_Clean_Jabez\0d25f1cf15f5b3b4_jpg.rf.piNmtksV1vAuBNeyik3D.jpg,1024,768,1,107.0,82.0,311.0,535.0
Handgun\Handgun_First_Clean_Jabez\armas (93)_jpg.rf.FGRfn43k8bfRFubHfEcH.jpg,1300,867,1,331.0,254.0,384.0,379.0
Handgun\Handgun_First_Clean_Jabez\armas (93)_jpg.rf.FGRfn43k8bfRFubHfEcH.jpg,1300,867,1,600.0,275.0,686.0,463.0
Handgun\Handgun_First_Clean_Jabez\armas (93)_jpg.rf.FGRfn43k8bfRFubHfEcH.jpg,1300,867,1,866.0,277.0,923.0,520.0
Handgun\Handgun_First_Clean_Jabez\956959690dcc511a_jpg.rf.LWjnKAy0L3j6DVmwSDYa.jpg,1024,685,1,157.0,96.0,918.0,610.0
Handgun\Handgun_First_Clean_Jabez\armas (2300)_jpg.rf.TVFk4sVNpyy911OHhQf6.jpg,160,120,1,4.0,11.0,77.0,97.0
Handgun\Handgun_First_Clean_Jabez\armas (2300)_jpg.rf.TVFk4sVNpyy911OHhQf6.jpg,160,120,1,86.0,12.0,155.0,102.0
Handgun\Handgun_First_Clean_Jabez\armas (428)_jpg.rf.UkVar6FI0qeK0win7Jef.jpg,1023,682,1,474.0,166.0,921.0,458.0
Handgun\Handgun_First_Clean_Jabez\armas (1430)_jpg.rf.vhgvVREwnKzTicRILwac.jpg,357,500,1,41.0,161.0,356.0,434.0
Handgun\Handgun_First_Clean_Jabez\armas (2714)_jpg.rf.6lhWAESY4htw988SR16m.jpg,160,120,1,1.0,1.0,155.0,115.0
Handgun\Handgun_First_Clean_Jabez\armas (36)_jpg.rf.xP60ofrHvmnp7Ljaf0dJ.jpg,450,380,1,312.0,106.0,372.0,217.0
Handgun\Handgun_First_Clean_Jabez\armas (2173)_jpg.rf.7PE5rTP36AaChqJEHZiB.jpg,160,120,1,3.0,4.0,155.0,118.0
Handgun\Handgun_First_Clean_Jabez\armas (484)_jpg.rf.MneyNYgRa86ltCcHCBkx.jpg,682,1023,1,219.0,261.0,337.0,533.0
Handgun\Handgun_First_Clean_Jabez\616edb954ab6a646_jpg.rf.BlnB8HiXytUC8Igo1W7m.jpg,1024,680,1,274.0,128.0,826.0,487.0
Handgun\Handgun_First_Clean_Jabez\21f7e1050ce8e7e2_jpg.rf.b2t4sWaHjCoQiidRMTaL.jpg,1024,681,1,174.0,32.0,1008.0,491.0
Handgun\Handgun_First_Clean_Jabez\armas (2132)_jpg.rf.dnJgEb8n5c3uDsQGQGNI.jpg,600,376,1,292.0,118.0,438.0,203.0
Handgun\Handgun_First_Clean_Jabez\armas (1942)_jpg.rf.TPXG3k7RchMMeSmJyj0J.jpg,1500,1017,1,350.0,66.0,1400.0,777.0
Handgun\Handgun_First_Clean_Jabez\armas (552)_jpg.rf.cChmEUidaElYRxLteSUi.jpg,193,261,1,63.0,22.0,181.0,211.0
Handgun\Handgun_First_Clean_Jabez\armas (272)_jpg.rf.xbz0DVPaoffV7LUB6qCz.jpg,2048,1160,1,509.0,578.0,843.0,914.0
Handgun\Handgun_First_Clean_Jabez\armas (2275)_jpg.rf.1P8QjPOwf6ngtPHA7Jxn.jpg,160,120,1,4.0,3.0,157.0,118.0
Handgun\Handgun_First_Clean_Jabez\armas (592)_jpg.rf.y7CuJZIT1ERXfd89Wb87.jpg,800,430,1,231.0,40.0,554.0,419.0
Handgun\Handgun_First_Clean_Jabez\2a9ca7bbcb1fd6bf_jpg.rf.UHysTv1bfZ3HLNABarfh.jpg,1024,683,1,598.0,140.0,738.0,218.0
Handgun\Handgun_First_Clean_Jabez\armas (1425)_jpg.rf.W99MAI7lLngGfn74zeBe.jpg,500,333,1,12.0,83.0,493.0,325.0
Handgun\Handgun_First_Clean_Jabez\armas (1994)_jpg.rf.dZFpxgdIcLYwlNLahn6O.jpg,800,532,1,272.0,186.0,678.0,340.0
Handgun\Handgun_First_Clean_Jabez\armas (1482)_jpg.rf.c6VhQmJ2IZHFd8Sh5Fyt.jpg,500,377,1,8.0,58.0,484.0,325.0
Handgun\Handgun_First_Clean_Jabez\armas (1287)_jpg.rf.ukxbg1EJbwJQbDwL2U09.jpg,320,209,1,123.0,9.0,170.0,117.0
Handgun\Handgun_First_Clean_Jabez\armas (219)_jpg.rf.AxN8xZ4Eamdz9Y5ANTko.jpg,1300,956,1,1.0,263.0,495.0,688.0
Handgun\Handgun_First_Clean_Jabez\armas (1865)_jpg.rf.Gz4g5R5QWm84G7LNam2o.jpg,916,526,1,8.0,13.0,901.0,510.0
Handgun\Handgun_First_Clean_Jabez\armas (2770)_jpg.rf.km5gxd5NUWB33EiycOxi.jpg,160,120,1,3.0,1.0,155.0,113.0
Handgun\Handgun_First_Clean_Jabez\armas (1205)_jpg.rf.LZl7M0QKsuSRb4ljT2qN.jpg,500,399,1,49.0,101.0,226.0,155.0
Handgun\Handgun_First_Clean_Jabez\armas (1205)_jpg.rf.LZl7M0QKsuSRb4ljT2qN.jpg,500,399,1,236.0,66.0,369.0,141.0
Handgun\Handgun_First_Clean_Jabez\armas (1205)_jpg.rf.LZl7M0QKsuSRb4ljT2qN.jpg,500,399,1,424.0,19.0,500.0,92.0
Handgun\Handgun_First_Clean_Jabez\armas (1205)_jpg.rf.LZl7M0QKsuSRb4ljT2qN.jpg,500,399,1,76.0,227.0,197.0,390.0
Handgun\Handgun_First_Clean_Jabez\armas (1205)_jpg.rf.LZl7M0QKsuSRb4ljT2qN.jpg,500,399,1,344.0,195.0,486.0,343.0
Handgun\Handgun_First_Clean_Jabez\armas (1223)_jpg.rf.l27RgZBXujP8ULdfv8SD.jpg,200,133,1,69.0,8.0,191.0,122.0
Handgun\Handgun_First_Clean_Jabez\armas (1522)_jpg.rf.MLZvQliwI8WpPotvG4pD.jpg,500,400,1,36.0,10.0,463.0,387.0
Handgun\Handgun_First_Clean_Jabez\armas (2830)_jpg.rf.DuWnwjBgpg1A0ZuPga3d.jpg,400,300,1,83.0,104.0,135.0,168.0
Handgun\Handgun_First_Clean_Jabez\d31cd651dfad87f6_jpg.rf.3li46TqQQ4kJfN5nZzBQ.jpg,1024,705,1,0.0,0.0,1021.0,702.0
Handgun\Handgun_First_Clean_Jabez\armas (2760)_jpg.rf.6Cp2BCMustwZM3CXDbYM.jpg,160,120,1,4.0,2.0,155.0,119.0
Handgun\Handgun_First_Clean_Jabez\ac142e75181da13e_jpg.rf.3pg2sbs0sSaPV1iNqOst.jpg,768,768,1,345.0,105.0,764.0,598.0
Handgun\Handgun_First_Clean_Jabez\armas (2225)_jpg.rf.PiNw9JkQUV4TYhsPbcXH.jpg,160,120,1,26.0,3.0,130.0,113.0
Handgun\Handgun_First_Clean_Jabez\armas (351)_jpg.rf.QaA3u4mopfNmrH8VbtXs.jpg,1400,856,1,80.0,260.0,319.0,441.0
Handgun\Handgun_First_Clean_Jabez\armas (218)_jpg.rf.PwjaLTu10eLDCUE1mEWP.jpg,660,440,1,246.0,130.0,276.0,160.0
Handgun\Handgun_First_Clean_Jabez\armas (218)_jpg.rf.PwjaLTu10eLDCUE1mEWP.jpg,660,440,1,63.0,97.0,86.0,127.0
Handgun\Handgun_First_Clean_Jabez\armas (218)_jpg.rf.PwjaLTu10eLDCUE1mEWP.jpg,660,440,1,404.0,156.0,434.0,196.0
Handgun\Handgun_First_Clean_Jabez\armas (218)_jpg.rf.PwjaLTu10eLDCUE1mEWP.jpg,660,440,1,573.0,98.0,611.0,130.0
Handgun\Handgun_First_Clean_Jabez\armas (2542)_jpg.rf.BCKLw5Qmb6hnAZ8ntynl.jpg,160,120,1,2.0,3.0,158.0,115.0
Handgun\Handgun_First_Clean_Jabez\armas (662)_jpg.rf.SPuaH8EfNWIP2xgKSPxH.jpg,639,360,1,261.0,121.0,391.0,325.0
Handgun\Handgun_First_Clean_Jabez\1d14a26471a4e193_jpg.rf.QzsGo9mhlXWHWvHrPy87.jpg,1024,883,1,490.0,277.0,655.0,365.0
Handgun\Handgun_First_Clean_Jabez\armas (859)_jpg.rf.S1uhm1HShfKYHBhLghGT.jpg,280,180,1,121.0,40.0,228.0,124.0
Handgun\Handgun_First_Clean_Jabez\armas (2430)_jpg.rf.XNgkjnM9PeKxA9jugDfP.jpg,160,120,1,2.0,1.0,155.0,118.0
Handgun\Handgun_First_Clean_Jabez\armas (1952)_jpg.rf.OBHv2kjdRXDcexOlIxcA.jpg,1001,1600,1,560.0,102.0,623.0,263.0
Handgun\Handgun_First_Clean_Jabez\armas (2505)_jpg.rf.O01iPt7Qinlgt8dMNE15.jpg,160,120,1,2.0,1.0,157.0,116.0
Handgun\Handgun_First_Clean_Jabez\armas (49)_jpg.rf.VMeCEubYogz1w5wGlyeu.jpg,1300,866,1,645.0,143.0,1158.0,830.0
Handgun\Handgun_First_Clean_Jabez\armas (629)_jpg.rf.V87nOCzBh00xZ5p7VveN.jpg,600,400,1,278.0,155.0,455.0,244.0
Handgun\Handgun_First_Clean_Jabez\armas (2527)_jpg.rf.WVEPWI83j1YPemJ6S17G.jpg,160,120,1,1.0,1.0,158.0,115.0
Handgun\Handgun_First_Clean_Jabez\armas (1428)_jpg.rf.UtDmlUjBQshi0xljqxWC.jpg,500,333,1,51.0,102.0,459.0,277.0
Handgun\Handgun_First_Clean_Jabez\armas (2582)_jpg.rf.WirKJiA6R9nq4aPrkHJ0.jpg,160,120,1,4.0,3.0,151.0,119.0
Handgun\Handgun_First_Clean_Jabez\armas (2570)_jpg.rf.VtXYOHHjoPQ6whGcJxEQ.jpg,160,120,1,2.0,2.0,154.0,119.0
Handgun\Handgun_First_Clean_Jabez\armas (755)_jpg.rf.0a180KrsQ1jskWKphHrw.jpg,300,180,1,1.0,3.0,296.0,176.0
Handgun\Handgun_First_Clean_Jabez\armas (2495)_jpg.rf.Vs8kfLb9r0XPqFBhS71f.jpg,160,120,1,4.0,4.0,154.0,116.0
Handgun\Handgun_First_Clean_Jabez\armas (242)_jpg.rf.0g1Zf0iJtKrtIkXcT1sl.jpg,840,571,1,161.0,256.0,360.0,406.0
Handgun\Handgun_First_Clean_Jabez\armas (2929)_jpg.rf.0tPHfKjjNWgwHUiRlsLa.jpg,749,1024,1,21.0,170.0,690.0,790.0
Handgun\Handgun_First_Clean_Jabez\armas (2681)_jpg.rf.JsoCAmvH1i7bIvO6Uo3n.jpg,160,120,1,2.0,3.0,156.0,114.0
Handgun\Handgun_First_Clean_Jabez\0cc98323ed2e4fc5_jpg.rf.JTx7bcHrAaFlldt5YZrD.jpg,1024,680,1,109.0,87.0,871.0,642.0
Handgun\Handgun_First_Clean_Jabez\armas (2083)_jpg.rf.1aqGgPOPfGVV25Mkgj1C.jpg,640,444,1,34.0,68.0,150.0,164.0
Handgun\Handgun_First_Clean_Jabez\armas (2843)_jpg.rf.1ZHPNLdw9nCRKAdtgNXC.jpg,1920,1080,1,1369.0,295.0,1691.0,703.0
Handgun\Handgun_First_Clean_Jabez\armas (2921)_jpg.rf.O7SfQco20BCCyILIfHeb.jpg,1300,866,1,67.0,395.0,357.0,650.0
Handgun\Handgun_First_Clean_Jabez\78f80cfdbf85a105_jpg.rf.PEPO9R4Avsw18k36s84h.jpg,1024,768,1,0.0,48.0,1013.0,767.0
Handgun\Handgun_First_Clean_Jabez\armas (1464)_jpg.rf.dcpoPvKIbALoH4ty0XKL.jpg,500,375,1,28.0,58.0,461.0,349.0
Handgun\Handgun_First_Clean_Jabez\armas (1825)_jpg.rf.JP5ReccjdoFb3g6Ew9EB.jpg,283,296,1,219.0,118.0,269.0,154.0
Handgun\Handgun_First_Clean_Jabez\armas (1174)_jpg.rf.bz5wGvUdrcMV6v7WJDoH.jpg,1280,720,1,136.0,253.0,553.0,436.0
Handgun\Handgun_First_Clean_Jabez\armas (16)_jpg.rf.bBc8x3rIKu5YOX0oa1Ca.jpg,340,450,1,260.0,21.0,270.0,61.0
Handgun\Handgun_First_Clean_Jabez\armas (1257)_jpg.rf.bzBghPcgHSz3201334zD.jpg,500,299,1,8.0,12.0,490.0,282.0
Handgun\Handgun_First_Clean_Jabez\armas (459)_jpg.rf.ZQtBVBJ8Rfk5HAOXKDPL.jpg,682,1023,1,178.0,169.0,306.0,415.0
Handgun\Handgun_First_Clean_Jabez\armas (717)_jpg.rf.aXD6Ppgg8DZZiioRr2Ed.jpg,863,1390,1,287.0,265.0,553.0,905.0
Handgun\Handgun_First_Clean_Jabez\armas (223)_jpg.rf.VoC9JD91VYD5xmaFahWA.jpg,608,342,1,297.0,226.0,426.0,329.0
Handgun\Handgun_First_Clean_Jabez\armas (223)_jpg.rf.VoC9JD91VYD5xmaFahWA.jpg,608,342,1,174.0,243.0,311.0,341.0
Handgun\Handgun_First_Clean_Jabez\armas (223)_jpg.rf.VoC9JD91VYD5xmaFahWA.jpg,608,342,1,124.0,226.0,223.0,309.0
Handgun\Handgun_First_Clean_Jabez\armas (223)_jpg.rf.VoC9JD91VYD5xmaFahWA.jpg,608,342,1,291.0,195.0,384.0,246.0
Handgun\Handgun_First_Clean_Jabez\armas (223)_jpg.rf.VoC9JD91VYD5xmaFahWA.jpg,608,342,1,202.0,211.0,299.0,256.0
Handgun\Handgun_First_Clean_Jabez\armas (223)_jpg.rf.VoC9JD91VYD5xmaFahWA.jpg,608,342,1,73.0,192.0,207.0,218.0
Handgun\Handgun_First_Clean_Jabez\armas (223)_jpg.rf.VoC9JD91VYD5xmaFahWA.jpg,608,342,1,1.0,257.0,101.0,336.0
Handgun\Handgun_First_Clean_Jabez\0318125dfa3cf007_jpg.rf.ViGPp57VtKluAZCJv7fJ.jpg,768,1024,1,514.0,280.0,674.0,347.0
Handgun\Handgun_First_Clean_Jabez\armas (2257)_jpg.rf.VpO2T4t6szy9vOWYYtnk.jpg,160,120,1,1.0,1.0,157.0,113.0
Handgun\Handgun_First_Clean_Jabez\2e519b93d66374a4_jpg.rf.er4Jn4Und2c73nXUvn0d.jpg,1024,768,1,140.0,17.0,979.0,711.0
Handgun\Handgun_First_Clean_Jabez\armas (2054)_jpg.rf.cRenvx8yBTYeeTMgf8TQ.jpg,632,250,1,370.0,44.0,550.0,211.0
Handgun\Handgun_First_Clean_Jabez\armas (749)_jpg.rf.WWbkbZ2DHCBwBUXiOv3v.jpg,1600,668,1,339.0,350.0,1075.0,667.0
Handgun\Handgun_First_Clean_Jabez\armas (749)_jpg.rf.WWbkbZ2DHCBwBUXiOv3v.jpg,1600,668,1,484.0,1.0,1292.0,464.0
Handgun\Handgun_First_Clean_Jabez\armas (631)_jpg.rf.cwKO9wjIuFg98CDwXRHv.jpg,1280,908,1,122.0,118.0,988.0,789.0
Handgun\Handgun_First_Clean_Jabez\02ccde225a936a96_jpg.rf.hGcVnk8Tt3iYPc6aAGaQ.jpg,1024,1024,1,16.0,249.0,331.0,672.0
Handgun\Handgun_First_Clean_Jabez\02ccde225a936a96_jpg.rf.hGcVnk8Tt3iYPc6aAGaQ.jpg,1024,1024,1,208.0,278.0,548.0,755.0
Handgun\Handgun_First_Clean_Jabez\02ccde225a936a96_jpg.rf.hGcVnk8Tt3iYPc6aAGaQ.jpg,1024,1024,1,481.0,323.0,799.0,788.0
Handgun\Handgun_First_Clean_Jabez\02ccde225a936a96_jpg.rf.hGcVnk8Tt3iYPc6aAGaQ.jpg,1024,1024,1,662.0,354.0,1022.0,881.0
Handgun\Handgun_First_Clean_Jabez\10901307d78e4e62_jpg.rf.homkmDxpGBqojh3MGOAc.jpg,1024,683,1,702.0,312.0,848.0,392.0
Handgun\Handgun_First_Clean_Jabez\armas (1081)_jpg.rf.WbJjPBLB4gMlA0sZtAzZ.jpg,299,470,1,113.0,105.0,148.0,132.0
Handgun\Handgun_First_Clean_Jabez\armas (1081)_jpg.rf.WbJjPBLB4gMlA0sZtAzZ.jpg,299,470,1,155.0,102.0,200.0,146.0
Handgun\Handgun_First_Clean_Jabez\armas (699)_jpg.rf.8GVm0b2agvrIxbI7FZWy.jpg,1000,771,1,71.0,206.0,259.0,339.0
Handgun\Handgun_First_Clean_Jabez\armas (114)_jpg.rf.7nYF6K0bXqIRDzpxwgwm.jpg,156,235,1,59.0,50.0,71.0,75.0
Handgun\Handgun_First_Clean_Jabez\armas (2263)_jpg.rf.iVuZDfcO0jCojbTCI79d.jpg,160,120,1,5.0,7.0,157.0,115.0
Handgun\Handgun_First_Clean_Jabez\armas (955)_jpg.rf.iCcEFjNQDhiOpM1b2T7Z.jpg,277,182,1,115.0,44.0,235.0,91.0
Handgun\Handgun_First_Clean_Jabez\armas (1875)_jpg.rf.j9bPQR6LLJqlWHW0MDcb.jpg,800,532,1,345.0,210.0,603.0,394.0
Handgun\Handgun_First_Clean_Jabez\armas (1679)_jpg.rf.7GhfanMXRU7KfwFZGVDD.jpg,491,500,1,150.0,1.0,489.0,449.0
Handgun\Handgun_First_Clean_Jabez\65d97aad1f688054_jpg.rf.2K2d4kxOSjgX2Z43uPgZ.jpg,1024,768,1,139.0,306.0,1023.0,767.0
Handgun\Handgun_First_Clean_Jabez\armas (2574)_jpg.rf.hUlcIO9ODSJm5VLJlhm4.jpg,160,120,1,6.0,1.0,155.0,119.0
Handgun\Handgun_First_Clean_Jabez\armas (495)_jpg.rf.207YF10vUkvxjgF7bdig.jpg,251,201,1,11.0,24.0,244.0,165.0
Handgun\Handgun_First_Clean_Jabez\armas (2436)_jpg.rf.yOmUaoKoKvBuEwUSrb4W.jpg,160,120,1,4.0,4.0,155.0,113.0
Handgun\Handgun_First_Clean_Jabez\armas (2664)_jpg.rf.z5qB4ivAuCNyNCwpuQZG.jpg,160,120,1,3.0,3.0,157.0,116.0
Handgun\Handgun_First_Clean_Jabez\armas (2170)_jpg.rf.xT4QhC5XiCb1OKeJOrCF.jpg,160,120,1,2.0,1.0,158.0,112.0
Handgun\Handgun_First_Clean_Jabez\armas (2323)_jpg.rf.snSSoArA8LbuUa3VdW5j.jpg,160,120,1,11.0,9.0,142.0,115.0
Handgun\Handgun_First_Clean_Jabez\armas (782)_jpg.rf.rfXU5sTGHEAxcsJDh9JW.jpg,300,225,1,4.0,1.0,298.0,224.0
Handgun\Handgun_First_Clean_Jabez\armas (15)_jpg.rf.zabnovv2SZm8CCLTlIvn.jpg,1300,866,1,179.0,135.0,1084.0,815.0
Handgun\Handgun_First_Clean_Jabez\0a74aa802283e060_jpg.rf.ESsd0N7BADYzsm12wbrw.jpg,1024,683,1,528.0,232.0,597.0,352.0
Handgun\Handgun_First_Clean_Jabez\armas (890)_jpg.rf.CigdX3j381ZxAi4YpwNm.jpg,240,106,1,53.0,12.0,196.0,106.0
Handgun\Handgun_First_Clean_Jabez\armas (2885)_jpg.rf.CnzjZKzgTmI59KHVBkq4.jpg,1300,866,1,177.0,155.0,727.0,400.0
Handgun\Handgun_First_Clean_Jabez\armas (277)_jpg.rf.gZOUnbUg9jscrK25V3n7.jpg,1300,953,1,88.0,63.0,757.0,467.0
Handgun\Handgun_First_Clean_Jabez\armas (2756)_jpg.rf.ESu1JC0OjbNOctmpgPiD.jpg,160,120,1,1.0,1.0,152.0,115.0
Handgun\Handgun_First_Clean_Jabez\armas (2897)_jpg.rf.gjnJOW9Fu8JJg8jJAPFR.jpg,640,420,1,394.0,84.0,611.0,274.0
Handgun\Handgun_First_Clean_Jabez\armas (1645)_jpg.rf.HLwZtD52rJj1HIfLHBGw.jpg,500,375,1,61.0,47.0,469.0,348.0
Handgun\Handgun_First_Clean_Jabez\ba14a8faa76faa9a_jpg.rf.uGVWy79eYKp0JqzcC5GP.jpg,1024,576,1,197.0,197.0,611.0,575.0
Handgun\Handgun_First_Clean_Jabez\armas (1103)_jpg.rf.gisCUjd1kLsgHkikiazc.jpg,1060,1050,1,68.0,291.0,608.0,695.0
Handgun\Handgun_First_Clean_Jabez\armas (2082)_jpg.rf.ivTH63BuSex8V5MYVal4.jpg,640,444,1,206.0,72.0,277.0,183.0
Handgun\Handgun_Second_Clean_Jabez\test_img_00000.jpg,240,145,1,90.0,148.0,271.0,250.0
Handgun\Handgun_Second_Clean_Jabez\test_img_00001.jpg,1300,913,1,60.0,141.0,184.0,370.0
Handgun\Handgun_Second_Clean_Jabez\test_img_00002.jpg,450,300,1,69.0,323.0,656.0,908.0
Handgun\Handgun_Second_Clean_Jabez\test_img_00003.jpg,275,183,1,197.0,162.0,235.0,187.0
Handgun\Handgun_Second_Clean_Jabez\test_img_00004.jpg,263,192,1,4.0,1.0,158.0,115.0
Handgun\Handgun_Second_Clean_Jabez\test_img_00005.jpg,183,275,1,1.0,4.0,154.0,116.0
Handgun\Handgun_Second_Clean_Jabez\test_img_00006.jpg,265,190,1,125.0,26.0,330.0,212.0
Handgun\Handgun_Second_Clean_Jabez\test_img_00007.jpg,301,167,1,998.0,254.0,1901.0,870.0
Handgun\Handgun_Second_Clean_Jabez\test_img_00009.jpg,311,162,1,98.0,223.0,1017.0,999.0
Handgun\Handgun_Second_Clean_Jabez\test_img_00011.jpg,275,183,1,8.0,17.0,348.0,405.0
Handgun\Handgun_Second_Clean_Jabez\test_img_00012.jpg,183,275,1,17.0,38.0,494.0,344.0
Handgun\Handgun_Second_Clean_Jabez\test_img_00013.jpg,275,184,1,125.0,46.0,246.0,314.0
Handgun\Handgun_Second_Clean_Jabez\test_img_00014.jpg,268,188,1,1.0,1.0,157.0,119.0
Handgun\Handgun_Second_Clean_Jabez\test_img_00015.jpg,183,275,1,48.0,53.0,182.0,111.0
Handgun\Handgun_Second_Clean_Jabez\test_img_00016.jpg,183,275,1,8.0,1.0,153.0,117.0
Handgun\Handgun_Second_Clean_Jabez\test_img_00017.jpg,259,194,1,2.0,2.0,154.0,116.0
Handgun\Handgun_Second_Clean_Jabez\test_img_00018.jpg,269,187,1,5.0,2.0,159.0,114.0
Handgun\Handgun_Second_Clean_Jabez\test_img_00019.jpg,1280,720,1,1.0,1.0,157.0,119.0
Handgun\Handgun_Second_Clean_Jabez\test_img_00020.jpg,231,218,1,1001.0,516.0,1444.0,949.0
Handgun\Handgun_Second_Clean_Jabez\test_img_00021.jpg,275,183,1,10.0,15.0,665.0,270.0
Handgun\Handgun_Second_Clean_Jabez\test_img_00022.jpg,198,254,1,2.0,11.0,440.0,330.0
Handgun\Handgun_Second_Clean_Jabez\test_img_00023.jpg,275,183,1,2.0,2.0,400.0,229.0
Handgun\Handgun_Second_Clean_Jabez\test_img_00024.jpg,275,183,1,121.0,1.0,1021.0,439.0
Handgun\Handgun_Second_Clean_Jabez\test_img_00025.jpg,183,276,1,122.0,118.0,988.0,789.0
Handgun\Handgun_Second_Clean_Jabez\test_img_00026.jpg,275,183,1,141.0,201.0,958.0,823.0
Handgun\Handgun_Second_Clean_Jabez\test_img_00027.jpg,450,300,1,319.0,22.0,388.0,74.0
Handgun\Handgun_Second_Clean_Jabez\test_img_00027.jpg,450,300,1,53.0,200.0,130.0,277.0
Handgun\Handgun_Second_Clean_Jabez\test_img_00027.jpg,450,300,1,174.0,55.0,217.0,88.0
Handgun\Handgun_Second_Clean_Jabez\test_img_00027.jpg,450,300,1,200.0,394.0,241.0,423.0
Handgun\Handgun_Second_Clean_Jabez\test_img_00027.jpg,450,300,1,532.0,29.0,586.0,84.0
Handgun\Handgun_Second_Clean_Jabez\test_img_00027.jpg,450,300,1,351.0,311.0,397.0,356.0
Handgun\Handgun_Second_Clean_Jabez\test_img_00027.jpg,450,300,1,606.0,324.0,644.0,353.0
Handgun\Handgun_Second_Clean_Jabez\test_img_00027.jpg,450,300,1,438.0,373.0,470.0,387.0
Handgun\Handgun_Second_Clean_Jabez\test_img_00027.jpg,450,300,1,479.0,505.0,513.0,524.0
Handgun\Handgun_Second_Clean_Jabez\test_img_00027.jpg,450,300,1,255.0,160.0,291.0,173.0
Handgun\Handgun_Second_Clean_Jabez\test_img_00027.jpg,450,300,1,479.0,145.0,513.0,162.0
Handgun\Handgun_Second_Clean_Jabez\test_img_00028.jpg,183,275,1,71.0,60.0,109.0,108.0
Handgun\Handgun_Second_Clean_Jabez\test_img_00029.jpg,183,275,1,4.0,15.0,158.0,112.0
Handgun\Handgun_Second_Clean_Jabez\test_img_00030.jpg,183,276,1,1869.0,1413.0,2852.0,2101.0
Handgun\Handgun_Second_Clean_Jabez\test_img_00031.jpg,275,183,1,263.0,78.0,317.0,133.0
Handgun\Handgun_Second_Clean_Jabez\test_img_00032.jpg,277,182,1,33.0,33.0,106.0,166.0
Handgun\Handgun_Second_Clean_Jabez\test_img_00033.jpg,251,201,1,31.0,78.0,500.0,309.0
Handgun\Handgun_Second_Clean_Jabez\test_img_00034.jpg,275,183,1,33.0,7.0,225.0,500.0
Handgun\Handgun_Second_Clean_Jabez\test_img_00035.jpg,450,300,1,3.0,126.0,900.0,673.0
Handgun\Handgun_Second_Clean_Jabez\test_img_00036.jpg,275,183,1,8.0,9.0,253.0,104.0
Handgun\Handgun_Second_Clean_Jabez\test_img_00037.jpg,249,202,1,8.0,2.0,265.0,181.0
Handgun\Handgun_Second_Clean_Jabez\test_img_00040.jpg,276,183,1,90.0,78.0,107.0,123.0
Handgun\Handgun_Second_Clean_Jabez\test_img_00041.jpg,259,194,1,127.0,149.0,292.0,235.0
Handgun\Handgun_Second_Clean_Jabez\test_img_00042.jpg,996,1620,1,253.0,115.0,279.0,136.0
Handgun\Handgun_Second_Clean_Jabez\test_img_00043.jpg,1000,1193,1,27.0,17.0,476.0,298.0
Handgun\Handgun_Second_Clean_Jabez\test_img_00044.jpg,500,381,1,133.0,130.0,162.0,200.0
Handgun\Handgun_Second_Clean_Jabez\test_img_00045.jpg,800,566,1,13.0,10.0,149.0,113.0
Handgun\Handgun_Second_Clean_Jabez\test_img_00046.jpg,800,488,1,25.0,37.0,263.0,162.0
Handgun\Handgun_Second_Clean_Jabez\test_img_00047.jpg,1024,683,1,153.0,65.0,217.0,126.0
Handgun\Handgun_Second_Clean_Jabez\test_img_00048.jpg,1300,866,1,14.0,7.0,145.0,106.0
Handgun\Handgun_Second_Clean_Jabez\test_img_00049.jpg,660,471,1,408.0,722.0,573.0,960.0
Handgun\Handgun_Second_Clean_Jabez\test_img_00049.jpg,660,471,1,901.0,757.0,1030.0,960.0
Handgun\Handgun_Second_Clean_Jabez\test_img_00050.jpg,640,480,1,526.0,687.0,1202.0,1073.0
Handgun\Handgun_Second_Clean_Jabez\test_img_00051.jpg,1300,866,1,72.0,36.0,362.0,261.0
Handgun\Handgun_Second_Clean_Jabez\test_img_00052.jpg,400,268,1,191.0,82.0,362.0,217.0
Handgun\Handgun_Second_Clean_Jabez\test_img_00053.jpg,2592,1728,1,188.0,112.0,278.0,300.0
Handgun\Handgun_Second_Clean_Jabez\test_img_00054.jpg,375,275,1,1.0,11.0,282.0,149.0
Handgun\Handgun_Second_Clean_Jabez\test_img_00055.jpg,356,540,1,1.0,72.0,151.0,166.0
Handgun\Handgun_Second_Clean_Jabez\test_img_00055.jpg,356,540,1,296.0,73.0,440.0,166.0
Handgun\Handgun_Second_Clean_Jabez\test_img_00056.jpg,600,483,1,13.0,20.0,486.0,246.0
Handgun\Handgun_Second_Clean_Jabez\test_img_00057.jpg,639,439,1,4.0,3.0,158.0,114.0
Handgun\Handgun_Second_Clean_Jabez\test_img_00058.jpg,527,413,1,17.0,23.0,387.0,293.0
Handgun\Handgun_Second_Clean_Jabez\test_img_00059.jpg,220,379,1,645.0,150.0,1919.0,1196.0
Handgun\Handgun_Second_Clean_Jabez\test_img_00060.jpg,2634,2340,1,865.0,359.0,1071.0,521.0
Handgun\Handgun_Second_Clean_Jabez\test_img_00061.jpg,156,235,1,1.0,207.0,851.0,818.0
Handgun\Handgun_Second_Clean_Jabez\test_img_00062.jpg,634,357,1,41.0,124.0,292.0,367.0
Handgun\Handgun_Second_Clean_Jabez\test_img_00063.jpg,400,298,1,116.0,137.0,154.0,181.0
Handgun\Handgun_Second_Clean_Jabez\test_img_00064.jpg,661,496,1,30.0,62.0,226.0,357.0
Handgun\Handgun_Second_Clean_Jabez\test_img_00065.jpg,773,569,1,251.0,140.0,600.0,344.0
Handgun\Handgun_Second_Clean_Jabez\test_img_00066.jpg,480,360,1,61.0,33.0,269.0,164.0
Handgun\Handgun_Second_Clean_Jabez\test_img_00067.jpg,1024,768,1,34.0,13.0,734.0,410.0
Handgun\Handgun_Second_Clean_Jabez\test_img_00068.jpg,480,360,1,75.0,55.0,369.0,232.0
Handgun\Handgun_Second_Clean_Jabez\test_img_00069.jpg,615,346,1,1.0,3.0,158.0,115.0
Handgun\Handgun_Second_Clean_Jabez\test_img_00070.jpg,1368,768,1,15.0,24.0,491.0,324.0
Handgun\Handgun_Second_Clean_Jabez\test_img_00071.jpg,299,470,1,16.0,27.0,474.0,343.0
Handgun\Handgun_Second_Clean_Jabez\test_img_00072.jpg,703,535,1,969.0,289.0,1176.0,504.0
Handgun\Handgun_Second_Clean_Jabez\test_img_00074.jpg,114,170,1,47.0,38.0,455.0,307.0
Handgun\Handgun_Second_Clean_Jabez\test_img_00075.jpg,271,194,1,151.0,158.0,184.0,260.0
Handgun\Handgun_Second_Clean_Jabez\test_img_00076.jpg,600,436,1,76.0,50.0,383.0,261.0
Handgun\Handgun_Second_Clean_Jabez\test_img_00077.jpg,2804,2104,1,9.0,67.0,925.0,686.0
Handgun\Handgun_Second_Clean_Jabez\test_img_00078.jpg,800,602,1,1.0,3.0,157.0,115.0
Handgun\Handgun_Second_Clean_Jabez\test_img_00079.jpg,3072,2166,1,8.0,4.0,157.0,117.0
Handgun\Handgun_Second_Clean_Jabez\test_img_00080.jpg,1000,752,1,79.0,507.0,258.0,635.0
Handgun\Handgun_Second_Clean_Jabez\test_img_00081.jpg,538,218,1,6.0,106.0,698.0,406.0
Handgun\Handgun_Second_Clean_Jabez\test_img_00082.jpg,800,560,1,305.0,318.0,496.0,481.0
Handgun\Handgun_Second_Clean_Jabez\test_img_00083.jpg,1500,1125,1,149.0,140.0,347.0,285.0
Handgun\Handgun_Second_Clean_Jabez\test_img_00084.jpg,1500,1125,1,325.0,49.0,456.0,206.0
Handgun\Handgun_Second_Clean_Jabez\test_img_00085.jpg,1650,1100,1,195.0,143.0,255.0,173.0
Handgun\Handgun_Second_Clean_Jabez\test_img_00086.jpg,300,257,1,108.0,48.0,138.0,79.0
Handgun\Handgun_Second_Clean_Jabez\test_img_00087.jpg,1033,775,1,6.0,15.0,244.0,175.0
Handgun\Handgun_Second_Clean_Jabez\test_img_00088.jpg,512,316,1,2.0,1.0,156.0,116.0
Handgun\Handgun_Second_Clean_Jabez\test_img_00090.jpg,1300,731,1,487.0,512.0,696.0,718.0
Handgun\Handgun_Second_Clean_Jabez\test_img_00091.jpg,600,426,1,2.0,4.0,158.0,118.0
Handgun\Handgun_Second_Clean_Jabez\test_img_00092.jpg,380,253,1,58.0,1.0,330.0,375.0
Handgun\Handgun_Second_Clean_Jabez\test_img_00093.jpg,1400,856,1,51.0,12.0,503.0,392.0
Handgun\Handgun_Second_Clean_Jabez\test_img_00094.jpg,1060,1050,1,640.0,50.0,1257.0,1141.0
Handgun\Handgun_Second_Clean_Jabez\test_img_00095.jpg,1200,1880,1,63.0,16.0,417.0,252.0
Handgun\Handgun_Second_Clean_Jabez\test_img_00096.jpg,1080,720,1,6.0,8.0,290.0,173.0
Handgun\Handgun_Second_Clean_Jabez\test_img_00097.jpg,1628,1499,1,7.0,29.0,476.0,296.0
Handgun\Handgun_Second_Clean_Jabez\test_img_00098.jpg,206,300,1,4.0,3.0,157.0,115.0
Handgun\Handgun_Second_Clean_Jabez\test_img_00099.jpg,700,394,1,105.0,11.0,480.0,295.0
Handgun\Handgun_Second_Clean_Jabez\test_img_00100.jpg,900,506,1,72.0,106.0,95.0,155.0
Handgun\Handgun_Second_Clean_Jabez\test_img_00101.jpg,3416,2592,1,1.0,12.0,155.0,106.0
Handgun\Handgun_Second_Clean_Jabez\test_img_00102.jpg,600,425,1,28.0,77.0,421.0,299.0
Handgun\Handgun_Second_Clean_Jabez\test_img_00103.jpg,708,495,1,139.0,74.0,226.0,258.0
Handgun\Handgun_Second_Clean_Jabez\test_img_00104.jpg,520,540,1,23.0,1.0,155.0,95.0
Handgun\Handgun_Second_Clean_Jabez\test_img_00105.jpg,600,400,1,355.0,30.0,547.0,186.0
Handgun\Handgun_Second_Clean_Jabez\test_img_00106.jpg,866,1390,1,292.0,286.0,545.0,370.0
Handgun\Handgun_Second_Clean_Jabez\test_img_00107.jpg,1300,731,1,89.0,89.0,112.0,113.0
Handgun\Handgun_Second_Clean_Jabez\test_img_00108.jpg,866,1390,1,194.0,178.0,251.0,228.0
Handgun\Handgun_Second_Clean_Jabez\test_img_00108.jpg,866,1390,1,221.0,201.0,278.0,244.0
Handgun\Handgun_Second_Clean_Jabez\test_img_00108.jpg,866,1390,1,160.0,153.0,217.0,197.0
Handgun\Handgun_Second_Clean_Jabez\test_img_00109.jpg,1200,801,1,1873.0,277.0,3066.0,1392.0
Handgun\Handgun_Second_Clean_Jabez\test_img_00110.jpg,800,430,1,118.0,72.0,141.0,119.0
Handgun\Handgun_Second_Clean_Jabez\test_img_00111.jpg,940,545,1,111.0,21.0,294.0,254.0
Handgun\Handgun_Second_Clean_Jabez\test_img_00112.jpg,300,470,1,287.0,76.0,424.0,336.0
Handgun\Handgun_Second_Clean_Jabez\test_img_00113.jpg,640,447,1,38.0,22.0,409.0,285.0
Handgun\Handgun_Second_Clean_Jabez\test_img_00114.jpg,800,430,1,45.0,35.0,488.0,307.0
Handgun\Handgun_Second_Clean_Jabez\test_img_00115.jpg,866,1390,1,182.0,297.0,280.0,453.0
Handgun\Handgun_Second_Clean_Jabez\test_img_00116.jpg,660,440,1,321.0,13.0,413.0,129.0
Handgun\Handgun_Second_Clean_Jabez\test_img_00117.jpg,560,368,1,90.0,4.0,685.0,417.0
Handgun\Handgun_Second_Clean_Jabez\test_img_00118.jpg,620,475,1,289.0,167.0,482.0,307.0
Handgun\Handgun_Second_Clean_Jabez\test_img_00118.jpg,620,475,1,232.0,70.0,410.0,237.0
Handgun\Handgun_Second_Clean_Jabez\test_img_00118.jpg,620,475,1,116.0,32.0,246.0,253.0
Handgun\Handgun_Second_Clean_Jabez\test_img_00118.jpg,620,475,1,13.0,107.0,191.0,304.0
Handgun\Handgun_Second_Clean_Jabez\test_img_00119.jpg,750,418,1,275.0,42.0,406.0,198.0
Handgun\Handgun_Second_Clean_Jabez\test_img_00120.jpg,300,199,1,8.0,5.0,154.0,103.0
Handgun\Handgun_Second_Clean_Jabez\test_img_00121.jpg,156,235,1,352.0,155.0,1221.0,818.0
Handgun\Handgun_Second_Clean_Jabez\test_img_00123.jpg,2000,1325,1,152.0,40.0,398.0,254.0
Handgun\Handgun_Second_Clean_Jabez\test_img_00124.jpg,550,309,1,581.0,258.0,1297.0,978.0
Handgun\Handgun_Second_Clean_Jabez\test_img_00125.jpg,2569,2389,1,187.0,26.0,217.0,48.0
Handgun\Handgun_Second_Clean_Jabez\test_img_00126.jpg,1280,1125,1,262.0,305.0,500.0,502.0
Handgun\Handgun_Second_Clean_Jabez\test_img_00127.jpg,620,350,1,211.0,154.0,296.0,224.0
Handgun\Handgun_Second_Clean_Jabez\test_img_00128.jpg,1280,854,1,29.0,97.0,438.0,349.0
Handgun\Handgun_Second_Clean_Jabez\test_img_00129.jpg,650,400,1,61.0,34.0,81.0,55.0
Handgun\Handgun_Second_Clean_Jabez\test_img_00130.jpg,680,1024,1,59.0,25.0,489.0,254.0
Handgun\Handgun_Second_Clean_Jabez\test_img_00131.jpg,365,205,1,9.0,268.0,124.0,365.0
Handgun\Handgun_Second_Clean_Jabez\test_img_00132.jpg,637,480,1,160.0,6.0,368.0,193.0
Handgun\Handgun_Second_Clean_Jabez\test_img_00133.jpg,511,259,1,102.0,53.0,402.0,282.0
Handgun\Handgun_Second_Clean_Jabez\test_img_00134.jpg,640,447,1,754.0,338.0,1069.0,598.0
Handgun\Handgun_Second_Clean_Jabez\test_img_00135.jpg,637,510,1,4.0,2.0,157.0,116.0
Handgun\Handgun_Second_Clean_Jabez\test_img_00136.jpg,570,374,1,171.0,84.0,1315.0,460.0
Handgun\Handgun_Second_Clean_Jabez\test_img_00137.jpg,1536,1536,1,5.0,2.0,155.0,112.0
Handgun\Handgun_Second_Clean_Jabez\test_img_00138.jpg,2000,1000,1,13.0,16.0,281.0,218.0
Handgun\Handgun_Second_Clean_Jabez\test_img_00139.jpg,2000,1000,1,30.0,93.0,292.0,187.0
Handgun\Handgun_Second_Clean_Jabez\test_img_00139.jpg,2000,1000,1,76.0,118.0,337.0,200.0
Handgun\Handgun_Second_Clean_Jabez\test_img_00140.jpg,485,340,1,440.0,258.0,876.0,549.0
Handgun\Handgun_Second_Clean_Jabez\test_img_00141.jpg,450,308,1,191.0,327.0,222.0,401.0
Handgun\Handgun_Second_Clean_Jabez\test_img_00142.jpg,2000,1000,1,1.0,23.0,119.0,87.0
Handgun\Handgun_Second_Clean_Jabez\test_img_00142.jpg,2000,1000,1,147.0,6.0,258.0,84.0
Handgun\Handgun_Second_Clean_Jabez\test_img_00143.jpg,2000,1000,1,23.0,78.0,396.0,340.0
Handgun\Handgun_Second_Clean_Jabez\test_img_00144.jpg,700,525,1,268.0,58.0,522.0,331.0
Handgun\Handgun_Second_Clean_Jabez\test_img_00146.jpg,2000,1000,1,62.0,7.0,239.0,105.0
Handgun\Handgun_Second_Clean_Jabez\test_img_00147.jpg,608,386,1,90.0,30.0,137.0,165.0
Handgun\Handgun_Second_Clean_Jabez\test_img_00148.jpg,880,440,1,3.0,21.0,23.0,39.0
Handgun\Handgun_Second_Clean_Jabez\test_img_00148.jpg,880,440,1,158.0,17.0,175.0,32.0
Handgun\Handgun_Second_Clean_Jabez\test_img_00149.jpg,113,168,1,1.0,2.0,158.0,114.0
Handgun\Handgun_Second_Clean_Jabez\test_img_00150.jpg,450,320,1,36.0,82.0,470.0,370.0
Handgun\Handgun_Second_Clean_Jabez\test_img_00151.jpg,1024,623,1,201.0,7.0,571.0,317.0
Handgun\Handgun_Second_Clean_Jabez\test_img_00152.jpg,995,690,1,4.0,1.0,157.0,117.0
Handgun\Handgun_Second_Clean_Jabez\test_img_00153.jpg,523,350,1,44.0,19.0,259.0,99.0
Handgun\Handgun_Second_Clean_Jabez\test_img_00154.jpg,1280,720,1,1.0,1.0,155.0,116.0
Handgun\Handgun_Second_Clean_Jabez\test_img_00155.jpg,1280,1007,1,24.0,61.0,196.0,176.0
Handgun\Handgun_Second_Clean_Jabez\test_img_00156.jpg,1280,960,1,65.0,298.0,315.0,607.0
Handgun\Handgun_Second_Clean_Jabez\test_img_00157.jpg,1000,630,1,62.0,191.0,225.0,292.0
Handgun\Handgun_Second_Clean_Jabez\test_img_00158.jpg,640,360,1,279.0,162.0,354.0,229.0
Handgun\Handgun_Second_Clean_Jabez\test_img_00159.jpg,500,369,1,839.0,78.0,1052.0,515.0
Handgun\Handgun_Second_Clean_Jabez\test_img_00160.jpg,600,338,1,628.0,455.0,764.0,715.0
Handgun\Handgun_Second_Clean_Jabez\test_img_00161.jpg,705,705,1,26.0,40.0,288.0,191.0
Handgun\Handgun_Second_Clean_Jabez\test_img_00162.jpg,705,705,1,17.0,18.0,141.0,107.0
Handgun\Handgun_Second_Clean_Jabez\test_img_00163.jpg,705,705,1,194.0,175.0,294.0,259.0
Handgun\Handgun_Second_Clean_Jabez\test_img_00164.jpg,640,480,1,220.0,67.0,274.0,91.0
Handgun\Handgun_Second_Clean_Jabez\test_img_00165.jpg,585,390,1,4.0,49.0,751.0,318.0
Handgun\Handgun_Second_Clean_Jabez\test_img_00166.jpg,500,455,1,13.0,38.0,47.0,98.0
Handgun\Handgun_Second_Clean_Jabez\test_img_00167.jpg,2000,1600,1,257.0,146.0,344.0,208.0
Handgun\Handgun_Second_Clean_Jabez\test_img_00168.jpg,1300,919,1,13.0,102.0,487.0,293.0
Handgun\Handgun_Second_Clean_Jabez\test_img_00169.jpg,300,293,1,44.0,18.0,234.0,293.0
Handgun\Handgun_Second_Clean_Jabez\test_img_00169.jpg,300,293,1,228.0,22.0,417.0,292.0
Handgun\Handgun_Second_Clean_Jabez\test_img_00170.jpg,400,397,1,74.0,129.0,211.0,218.0
Handgun\Handgun_Second_Clean_Jabez\test_img_00171.jpg,124,160,1,75.0,77.0,141.0,163.0
Handgun\Handgun_Second_Clean_Jabez\test_img_00172.jpg,450,354,1,2.0,2.0,157.0,115.0
Handgun\Handgun_Second_Clean_Jabez\test_img_00173.jpg,500,395,1,14.0,85.0,51.0,149.0
Handgun\Handgun_Second_Clean_Jabez\test_img_00174.jpg,500,320,1,172.0,200.0,288.0,389.0
Handgun\Handgun_Second_Clean_Jabez\test_img_00175.jpg,500,375,1,492.0,51.0,900.0,569.0
Handgun\Handgun_Second_Clean_Jabez\test_img_00176.jpg,500,375,1,457.0,325.0,677.0,515.0
Handgun\Handgun_Second_Clean_Jabez\test_img_00177.jpg,315,450,1,148.0,181.0,474.0,423.0
Handgun\Handgun_Second_Clean_Jabez\test_img_00178.jpg,450,300,1,15.0,20.0,489.0,280.0
Handgun\Handgun_Second_Clean_Jabez\test_img_00179.jpg,500,375,1,3.0,3.0,157.0,116.0
Handgun\Handgun_Second_Clean_Jabez\test_img_00180.jpg,500,375,1,64.0,283.0,180.0,378.0
Handgun\Handgun_Second_Clean_Jabez\test_img_00181.jpg,500,375,1,5.0,7.0,151.0,107.0
Handgun\Handgun_Second_Clean_Jabez\test_img_00182.jpg,500,375,1,7.0,13.0,152.0,94.0
Handgun\Handgun_Second_Clean_Jabez\test_img_00183.jpg,590,416,1,1.0,1.0,157.0,117.0
Handgun\Handgun_Second_Clean_Jabez\test_img_00184.jpg,590,441,1,189.0,119.0,780.0,337.0
Handgun\Handgun_Second_Clean_Jabez\test_img_00185.jpg,370,336,1,1001.0,549.0,1453.0,1147.0
Handgun\Handgun_Second_Clean_Jabez\test_img_00186.jpg,500,353,1,113.0,375.0,756.0,625.0
Handgun\Handgun_Second_Clean_Jabez\test_img_00187.jpg,500,348,1,2.0,2.0,155.0,115.0
Handgun\Handgun_Second_Clean_Jabez\test_img_00188.jpg,500,349,1,13.0,10.0,467.0,301.0
Handgun\Handgun_Second_Clean_Jabez\test_img_00189.jpg,375,500,1,315.0,139.0,370.0,224.0
Handgun\Handgun_Second_Clean_Jabez\test_img_00190.jpg,500,375,1,113.0,257.0,223.0,364.0
Handgun\Handgun_Second_Clean_Jabez\test_img_00191.jpg,333,500,1,1.0,3.0,158.0,115.0
Handgun\Handgun_Second_Clean_Jabez\test_img_00192.jpg,500,311,1,25.0,5.0,267.0,162.0
Handgun\Handgun_Second_Clean_Jabez\test_img_00193.jpg,500,333,1,20.0,42.0,415.0,212.0
Handgun\Handgun_Second_Clean_Jabez\test_img_00194.jpg,500,375,1,83.0,77.0,1239.0,945.0
Handgun\Handgun_Second_Clean_Jabez\test_img_00195.jpg,500,375,1,440.0,143.0,852.0,450.0
Handgun\Handgun_Second_Clean_Jabez\test_img_00196.jpg,290,495,1,195.0,101.0,353.0,204.0
Handgun\Handgun_Second_Clean_Jabez\test_img_00197.jpg,500,313,1,8.0,281.0,62.0,362.0
Handgun\Handgun_Second_Clean_Jabez\test_img_00198.jpg,570,359,1,396.0,113.0,1203.0,700.0
Handgun\Handgun_Second_Clean_Jabez\test_img_00199.jpg,450,300,1,12.0,3.0,157.0,114.0
Handgun\Handgun_Second_Clean_Jabez\test_img_00200.jpg,99,93,1,169.0,37.0,233.0,129.0
Handgun\Handgun_Second_Clean_Jabez\test_img_00201.jpg,500,375,1,95.0,39.0,775.0,643.0
Handgun\Handgun_Second_Clean_Jabez\test_img_00202.jpg,500,375,1,44.0,199.0,290.0,362.0
Handgun\Handgun_Second_Clean_Jabez\test_img_00202.jpg,500,375,1,131.0,109.0,361.0,271.0
Handgun\Handgun_Second_Clean_Jabez\test_img_00202.jpg,500,375,1,203.0,17.0,427.0,177.0
Handgun\Handgun_Second_Clean_Jabez\test_img_00203.jpg,500,321,1,39.0,48.0,456.0,283.0
Handgun\Handgun_Second_Clean_Jabez\test_img_00204.jpg,500,375,1,104.0,395.0,1150.0,726.0
Handgun\Handgun_Second_Clean_Jabez\test_img_00205.jpg,500,401,1,39.0,48.0,516.0,321.0
Handgun\Handgun_Second_Clean_Jabez\test_img_00206.jpg,500,333,1,43.0,239.0,102.0,304.0
Handgun\Handgun_Second_Clean_Jabez\test_img_00207.jpg,1496,1620,1,161.0,631.0,559.0,1056.0
Handgun\Handgun_Second_Clean_Jabez\test_img_00208.jpg,500,406,1,190.0,35.0,408.0,285.0
Handgun\Handgun_Second_Clean_Jabez\test_img_00209.jpg,500,349,1,98.0,43.0,212.0,116.0
Handgun\Handgun_Second_Clean_Jabez\test_img_00210.jpg,500,375,1,147.0,183.0,327.0,475.0
Handgun\Handgun_Second_Clean_Jabez\test_img_00211.jpg,500,247,1,37.0,200.0,199.0,363.0
Handgun\Handgun_Second_Clean_Jabez\test_img_00212.jpg,376,500,1,178.0,169.0,306.0,415.0
Handgun\Handgun_Second_Clean_Jabez\test_img_00213.jpg,1024,762,1,4.0,1.0,154.0,114.0
Handgun\Handgun_Second_Clean_Jabez\test_img_00214.jpg,500,493,1,19.0,23.0,288.0,141.0
Handgun\Handgun_Second_Clean_Jabez\test_img_00215.jpg,500,375,1,24.0,15.0,475.0,348.0
Handgun\Handgun_Second_Clean_Jabez\test_img_00216.jpg,500,375,1,39.0,36.0,610.0,458.0
Handgun\Handgun_Second_Clean_Jabez\test_img_00217.jpg,264,422,1,162.0,192.0,417.0,492.0
Handgun\Handgun_Second_Clean_Jabez\test_img_00218.jpg,500,370,1,18.0,62.0,151.0,128.0
Handgun\Handgun_Second_Clean_Jabez\test_img_00219.jpg,500,288,1,279.0,123.0,549.0,270.0
Handgun\Handgun_Second_Clean_Jabez\test_img_00220.jpg,300,450,1,70.0,27.0,209.0,127.0
Handgun\Handgun_Second_Clean_Jabez\test_img_00221.jpg,500,375,1,466.0,193.0,1177.0,943.0
Handgun\Handgun_Second_Clean_Jabez\test_img_00222.jpg,500,375,1,400.0,243.0,788.0,403.0
Handgun\Handgun_Second_Clean_Jabez\test_img_00223.jpg,640,480,1,78.0,50.0,369.0,225.0
Handgun\Handgun_Second_Clean_Jabez\test_img_00224.jpg,500,324,1,52.0,99.0,197.0,282.0
Handgun\Handgun_Second_Clean_Jabez\test_img_00224.jpg,500,324,1,320.0,61.0,341.0,153.0
Handgun\Handgun_Second_Clean_Jabez\test_img_00225.jpg,500,334,1,209.0,317.0,614.0,527.0
Handgun\Handgun_Second_Clean_Jabez\test_img_00226.jpg,500,333,1,40.0,95.0,448.0,318.0
Handgun\Handgun_Second_Clean_Jabez\test_img_00226.jpg,500,333,1,9.0,2.0,428.0,200.0
Handgun\Handgun_Second_Clean_Jabez\test_img_00227.jpg,333,500,1,37.0,228.0,89.0,301.0
Handgun\Handgun_Second_Clean_Jabez\test_img_00227.jpg,333,500,1,113.0,243.0,168.0,313.0
Handgun\Handgun_Second_Clean_Jabez\test_img_00227.jpg,333,500,1,174.0,265.0,250.0,325.0
Handgun\Handgun_Second_Clean_Jabez\test_img_00227.jpg,333,500,1,262.0,256.0,353.0,362.0
Handgun\Handgun_Second_Clean_Jabez\test_img_00227.jpg,333,500,1,365.0,277.0,456.0,350.0
Handgun\Handgun_Second_Clean_Jabez\test_img_00227.jpg,333,500,1,480.0,289.0,565.0,380.0
Handgun\Handgun_Second_Clean_Jabez\test_img_00227.jpg,333,500,1,604.0,368.0,710.0,486.0
Handgun\Handgun_Second_Clean_Jabez\test_img_00228.jpg,500,339,1,18.0,5.0,58.0,123.0
Handgun\Handgun_Second_Clean_Jabez\test_img_00229.jpg,500,339,1,1.0,1.0,156.0,115.0
Handgun\Handgun_Second_Clean_Jabez\test_img_00230.jpg,450,301,1,119.0,141.0,337.0,383.0
Handgun\Handgun_Second_Clean_Jabez\test_img_00231.jpg,500,400,1,34.0,57.0,188.0,157.0
Handgun\Handgun_Second_Clean_Jabez\test_img_00232.jpg,500,333,1,52.0,162.0,75.0,206.0
Handgun\Handgun_Second_Clean_Jabez\test_img_00233.jpg,500,333,1,4.0,3.0,156.0,115.0
Handgun\Handgun_Second_Clean_Jabez\test_img_00234.jpg,500,333,1,20.0,20.0,478.0,222.0
Handgun\Handgun_Second_Clean_Jabez\test_img_00235.jpg,500,333,1,88.0,157.0,401.0,360.0
Handgun\Handgun_Second_Clean_Jabez\test_img_00236.jpg,500,352,1,2.0,2.0,157.0,116.0
Handgun\Handgun_Second_Clean_Jabez\test_img_00237.jpg,500,404,1,3.0,4.0,155.0,113.0
Handgun\Handgun_Second_Clean_Jabez\test_img_00238.jpg,334,500,1,43.0,12.0,406.0,317.0
Handgun\Handgun_Second_Clean_Jabez\test_img_00239.jpg,640,360,1,341.0,77.0,397.0,103.0
Handgun\Handgun_Second_Clean_Jabez\test_img_00240.jpg,500,500,1,14.0,153.0,428.0,423.0
Handgun\Handgun_Second_Clean_Jabez\test_img_00241.jpg,500,375,1,105.0,41.0,345.0,212.0
Handgun\Handgun_Second_Clean_Jabez\test_img_00242.jpg,500,333,1,28.0,100.0,60.0,159.0
Handgun\Handgun_Second_Clean_Jabez\test_img_00243.jpg,500,375,1,273.0,105.0,355.0,171.0
Handgun\Handgun_Second_Clean_Jabez\test_img_00244.jpg,500,339,1,5.0,3.0,155.0,113.0
Handgun\Handgun_Second_Clean_Jabez\test_img_00245.jpg,500,333,1,123.0,9.0,170.0,117.0
Handgun\Handgun_Second_Clean_Jabez\test_img_00246.jpg,320,209,1,122.0,54.0,242.0,175.0
Handgun\Handgun_Second_Clean_Jabez\test_img_00247.jpg,500,374,1,2.0,1.0,156.0,117.0
Handgun\Handgun_Second_Clean_Jabez\test_img_00249.jpg,500,348,1,4.0,2.0,156.0,118.0
Handgun\Handgun_Second_Clean_Jabez\test_img_00250.jpg,500,375,1,4.0,11.0,77.0,97.0
Handgun\Handgun_Second_Clean_Jabez\test_img_00250.jpg,500,375,1,86.0,12.0,155.0,102.0
Handgun\Handgun_Second_Clean_Jabez\test_img_00251.jpg,333,500,1,155.0,358.0,326.0,543.0
Handgun\Handgun_Second_Clean_Jabez\test_img_00252.jpg,500,260,1,30.0,87.0,491.0,318.0
Handgun\Handgun_Second_Clean_Jabez\test_img_00253.jpg,496,487,1,164.0,111.0,197.0,159.0
Handgun\Handgun_Second_Clean_Jabez\test_img_00254.jpg,500,586,1,9.0,336.0,538.0,691.0
Handgun\Handgun_Second_Clean_Jabez\test_img_00255.jpg,500,311,1,762.0,307.0,1056.0,572.0
Handgun\Handgun_Second_Clean_Jabez\test_img_00256.jpg,450,342,1,64.0,59.0,99.0,157.0
Handgun\Handgun_Second_Clean_Jabez\test_img_00257.jpg,450,338,1,124.0,171.0,250.0,253.0
Handgun\Handgun_Second_Clean_Jabez\test_img_00259.jpg,450,300,1,162.0,18.0,499.0,421.0
Handgun\Handgun_Second_Clean_Jabez\test_img_00260.jpg,405,302,1,142.0,35.0,175.0,92.0
Handgun\Handgun_Second_Clean_Jabez\test_img_00261.jpg,500,375,1,239.0,51.0,1027.0,667.0
Handgun\Handgun_Second_Clean_Jabez\test_img_00262.jpg,500,375,1,2.0,7.0,158.0,112.0
Handgun\Handgun_Second_Clean_Jabez\test_img_00263.jpg,300,275,1,51.0,38.0,467.0,353.0
Handgun\Handgun_Second_Clean_Jabez\test_img_00264.jpg,300,382,1,2.0,1.0,158.0,115.0
Handgun\Handgun_Second_Clean_Jabez\test_img_00265.jpg,300,264,1,3.0,21.0,294.0,178.0
Handgun\Handgun_Second_Clean_Jabez\test_img_00266.jpg,500,347,1,121.0,72.0,135.0,137.0
Handgun\Handgun_Second_Clean_Jabez\test_img_00267.jpg,500,373,1,5.0,9.0,144.0,81.0
Handgun\Handgun_Second_Clean_Jabez\test_img_00268.jpg,500,370,1,19.0,32.0,1000.0,612.0
Handgun\Handgun_Second_Clean_Jabez\test_img_00269.jpg,500,399,1,377.0,161.0,486.0,245.0
Handgun\Handgun_Second_Clean_Jabez\test_img_00270.jpg,1500,1120,1,4.0,2.0,155.0,119.0
Handgun\Handgun_Second_Clean_Jabez\test_img_00271.jpg,1024,682,1,2.0,2.0,300.0,273.0
Handgun\Handgun_Second_Clean_Jabez\test_img_00272.jpg,555,434,1,78.0,79.0,433.0,304.0
Handgun\Handgun_Second_Clean_Jabez\test_img_00273.jpg,1000,823,1,165.0,196.0,290.0,287.0
Handgun\Handgun_Second_Clean_Jabez\test_img_00274.jpg,1000,679,1,50.0,70.0,373.0,348.0
Handgun\Handgun_Second_Clean_Jabez\test_img_00275.jpg,955,1000,1,174.0,82.0,473.0,275.0
Handgun\Handgun_Second_Clean_Jabez\test_img_00276.jpg,1000,750,1,246.0,130.0,276.0,160.0
Handgun\Handgun_Second_Clean_Jabez\test_img_00276.jpg,1000,750,1,63.0,97.0,86.0,127.0
Handgun\Handgun_Second_Clean_Jabez\test_img_00276.jpg,1000,750,1,404.0,156.0,434.0,196.0
Handgun\Handgun_Second_Clean_Jabez\test_img_00276.jpg,1000,750,1,573.0,98.0,611.0,130.0
Handgun\Handgun_Second_Clean_Jabez\test_img_00277.jpg,1000,730,1,64.0,188.0,578.0,448.0
Handgun\Handgun_Second_Clean_Jabez\test_img_00277.jpg,1000,730,1,127.0,457.0,478.0,706.0
Handgun\Handgun_Second_Clean_Jabez\test_img_00278.jpg,1000,851,1,87.0,72.0,199.0,168.0
Handgun\Handgun_Second_Clean_Jabez\test_img_00279.jpg,883,1000,1,21.0,53.0,206.0,185.0
Handgun\Handgun_Second_Clean_Jabez\test_img_00280.jpg,980,1000,1,13.0,16.0,551.0,306.0
Handgun\Handgun_Second_Clean_Jabez\test_img_00281.jpg,1000,944,1,966.0,188.0,1126.0,322.0
Handgun\Handgun_Second_Clean_Jabez\test_img_00282.jpg,576,498,1,310.0,136.0,642.0,339.0
Handgun\Handgun_Second_Clean_Jabez\test_img_00283.jpg,758,392,1,13.0,97.0,85.0,152.0
Handgun\Handgun_Second_Clean_Jabez\test_img_00284.jpg,584,405,1,14.0,80.0,79.0,115.0
Handgun\Handgun_Second_Clean_Jabez\test_img_00284.jpg,584,405,1,95.0,78.0,158.0,118.0
Handgun\Handgun_Second_Clean_Jabez\test_img_00284.jpg,584,405,1,180.0,79.0,240.0,120.0
Handgun\Handgun_Second_Clean_Jabez\test_img_00285.jpg,450,300,1,414.0,181.0,642.0,273.0
Handgun\Handgun_Second_Clean_Jabez\test_img_00286.jpg,590,408,1,9.0,12.0,148.0,109.0
Handgun\Handgun_Second_Clean_Jabez\test_img_00288.jpg,1000,743,1,28.0,44.0,336.0,244.0
Handgun\Handgun_Second_Clean_Jabez\test_img_00289.jpg,1024,768,1,8.0,32.0,372.0,475.0
Handgun\Handgun_Second_Clean_Jabez\test_img_00290.jpg,1001,464,1,40.0,125.0,698.0,628.0
Handgun\Handgun_Second_Clean_Jabez\test_img_00291.jpg,1024,768,1,129.0,163.0,164.0,202.0
Handgun\Handgun_Second_Clean_Jabez\test_img_00292.jpg,1024,683,1,1.0,1.0,1264.0,866.0
Handgun\Handgun_Second_Clean_Jabez\test_img_00293.jpg,1024,641,1,2.0,1.0,158.0,115.0
Handgun\Handgun_Second_Clean_Jabez\test_img_00294.jpg,1103,1620,1,587.0,308.0,725.0,400.0
Handgun\Handgun_Second_Clean_Jabez\test_img_00295.jpg,800,717,1,17.0,94.0,67.0,113.0
Handgun\Handgun_Second_Clean_Jabez\test_img_00295.jpg,800,717,1,382.0,75.0,439.0,99.0
Handgun\Handgun_Second_Clean_Jabez\test_img_00296.jpg,800,575,1,289.0,224.0,568.0,415.0
Handgun\Handgun_Second_Clean_Jabez\test_img_00297.jpg,1024,432,1,76.0,62.0,93.0,86.0
Handgun\Handgun_Second_Clean_Jabez\test_img_00298.jpg,1024,724,1,100.0,90.0,375.0,393.0
Handgun\Handgun_Second_Clean_Jabez\test_img_00299.jpg,500,332,1,1029.0,132.0,2517.0,2078.0
Handgun\Handgun_Second_Clean_Jabez\test_img_00299.jpg,500,332,1,179.0,545.0,1521.0,2211.0
Handgun\Handgun_Second_Clean_Jabez\test_img_00300.jpg,800,549,1,1.0,3.0,608.0,267.0
Handgun\Handgun_Second_Clean_Jabez\test_img_00301.jpg,590,444,1,121.0,27.0,466.0,233.0
Handgun\Handgun_Second_Clean_Jabez\test_img_00302.jpg,332,500,1,66.0,27.0,424.0,199.0
Handgun\Handgun_Second_Clean_Jabez\test_img_00303.jpg,500,332,1,7.0,6.0,152.0,116.0
Handgun\Handgun_Second_Clean_Jabez\test_img_00304.jpg,450,322,1,19.0,169.0,127.0,368.0
Handgun\Handgun_Second_Clean_Jabez\test_img_00305.jpg,500,330,1,1.0,3.0,158.0,112.0
Handgun\Handgun_Second_Clean_Jabez\test_img_00306.jpg,500,333,1,155.0,125.0,613.0,378.0
Handgun\Handgun_Second_Clean_Jabez\test_img_00307.jpg,500,333,1,9.0,18.0,484.0,230.0
Handgun\Handgun_Second_Clean_Jabez\test_img_00308.jpg,500,375,1,51.0,55.0,286.0,195.0
Handgun\Handgun_Second_Clean_Jabez\test_img_00309.jpg,500,458,1,5.0,4.0,152.0,110.0
Handgun\Handgun_Second_Clean_Jabez\test_img_00310.jpg,500,375,1,182.0,175.0,246.0,244.0
Handgun\Handgun_Second_Clean_Jabez\test_img_00311.jpg,500,326,1,46.0,19.0,200.0,123.0
Handgun\Handgun_Second_Clean_Jabez\test_img_00312.jpg,422,500,1,763.0,263.0,926.0,640.0
Handgun\Handgun_Second_Clean_Jabez\test_img_00314.jpg,500,333,1,97.0,123.0,410.0,278.0
Handgun\Handgun_Second_Clean_Jabez\test_img_00315.jpg,500,334,1,190.0,265.0,336.0,331.0
Handgun\Handgun_Second_Clean_Jabez\test_img_00315.jpg,500,334,1,443.0,661.0,620.0,885.0
Handgun\Handgun_Second_Clean_Jabez\test_img_00316.jpg,333,500,1,1.0,1.0,157.0,117.0
Handgun\Handgun_Second_Clean_Jabez\test_img_00317.jpg,500,333,1,17.0,22.0,67.0,86.0
Handgun\Handgun_Second_Clean_Jabez\test_img_00318.jpg,333,500,1,2.0,3.0,156.0,115.0
Handgun\Handgun_Second_Clean_Jabez\test_img_00319.jpg,500,375,1,70.0,146.0,196.0,369.0
Handgun\Handgun_Second_Clean_Jabez\test_img_00320.jpg,500,334,1,27.0,10.0,439.0,294.0
Handgun\Handgun_Second_Clean_Jabez\test_img_00321.jpg,334,500,1,1.0,1.0,158.0,115.0
Handgun\Handgun_Second_Clean_Jabez\test_img_00322.jpg,168,133,1,345.0,210.0,603.0,394.0
Handgun\Handgun_Second_Clean_Jabez\test_img_00323.jpg,500,238,1,2.0,4.0,157.0,119.0
Handgun\Handgun_Second_Clean_Jabez\test_img_00324.jpg,500,375,1,221.0,69.0,274.0,96.0
Handgun\Handgun_Second_Clean_Jabez\test_img_00324.jpg,500,375,1,470.0,64.0,489.0,93.0
Handgun\Handgun_Second_Clean_Jabez\test_img_00325.jpg,500,376,1,113.0,25.0,146.0,114.0
Handgun\Handgun_Second_Clean_Jabez\test_img_00326.jpg,500,327,1,457.0,565.0,791.0,1226.0
Handgun\Handgun_Second_Clean_Jabez\test_img_00327.jpg,500,403,1,2.0,3.0,157.0,117.0
Handgun\Handgun_Second_Clean_Jabez\test_img_00328.jpg,500,335,1,76.0,6.0,1009.0,726.0
Handgun\Handgun_Second_Clean_Jabez\test_img_00329.jpg,365,500,1,2.0,2.0,159.0,111.0
Handgun\Handgun_Second_Clean_Jabez\test_img_00331.jpg,500,375,1,43.0,1.0,269.0,277.0
Handgun\Handgun_Second_Clean_Jabez\test_img_00332.jpg,500,299,1,543.0,128.0,569.0,154.0
Handgun\Handgun_Second_Clean_Jabez\test_img_00333.jpg,500,375,1,32.0,24.0,447.0,350.0
Handgun\Handgun_Second_Clean_Jabez\test_img_00334.jpg,500,375,1,1.0,12.0,294.0,141.0
Handgun\Handgun_Second_Clean_Jabez\test_img_00335.jpg,500,333,1,29.0,9.0,372.0,126.0
Handgun\Handgun_Second_Clean_Jabez\test_img_00336.jpg,500,332,1,360.0,260.0,523.0,396.0
Handgun\Handgun_Second_Clean_Jabez\test_img_00337.jpg,500,357,1,180.0,550.0,680.0,935.0
Handgun\Handgun_Second_Clean_Jabez\test_img_00338.jpg,1500,1277,1,26.0,16.0,482.0,296.0
Handgun\Handgun_Second_Clean_Jabez\test_img_00339.jpg,500,375,1,202.0,265.0,793.0,697.0
Handgun\Handgun_Second_Clean_Jabez\test_img_00340.jpg,500,375,1,524.0,246.0,921.0,454.0
Handgun\Handgun_Second_Clean_Jabez\test_img_00341.jpg,500,375,1,2.0,1.0,156.0,115.0
Handgun\Handgun_Second_Clean_Jabez\test_img_00342.jpg,375,500,1,8.0,11.0,496.0,336.0
Handgun\Handgun_Second_Clean_Jabez\test_img_00343.jpg,500,375,1,203.0,1.0,268.0,94.0
Handgun\Handgun_Second_Clean_Jabez\test_img_00344.jpg,500,375,1,40.0,235.0,386.0,759.0
Handgun\Handgun_Second_Clean_Jabez\test_img_00344.jpg,500,375,1,306.0,99.0,624.0,587.0
Handgun\Handgun_Second_Clean_Jabez\test_img_00344.jpg,500,375,1,522.0,261.0,856.0,801.0
Handgun\Handgun_Second_Clean_Jabez\test_img_00344.jpg,500,375,1,664.0,83.0,968.0,567.0
Handgun\Handgun_Second_Clean_Jabez\test_img_00344.jpg,500,375,1,898.0,205.0,1244.0,737.0
Handgun\Handgun_Second_Clean_Jabez\test_img_00345.jpg,336,495,1,2.0,1.0,157.0,116.0
Handgun\Handgun_Second_Clean_Jabez\test_img_00346.jpg,500,333,1,56.0,8.0,104.0,44.0
Handgun\Handgun_Second_Clean_Jabez\test_img_00346.jpg,500,333,1,54.0,87.0,86.0,138.0
Handgun\Handgun_Second_Clean_Jabez\test_img_00347.jpg,500,422,1,100.0,70.0,141.0,113.0
Handgun\Handgun_Second_Clean_Jabez\test_img_00348.jpg,112,168,1,283.0,168.0,315.0,189.0
Handgun\Handgun_Second_Clean_Jabez\test_img_00349.jpg,450,300,1,2.0,6.0,155.0,118.0
Handgun\Handgun_Second_Clean_Jabez\test_img_00350.jpg,500,351,1,1153.0,405.0,1676.0,999.0
Handgun\Handgun_Second_Clean_Jabez\test_img_00351.jpg,500,375,1,10.0,1.0,157.0,113.0
Handgun\Handgun_Second_Clean_Jabez\test_img_00352.jpg,500,375,1,216.0,76.0,427.0,311.0
Handgun\Handgun_Second_Clean_Jabez\test_img_00352.jpg,500,375,1,28.0,109.0,278.0,311.0
Handgun\Handgun_Second_Clean_Jabez\test_img_00353.jpg,500,443,1,177.0,134.0,208.0,168.0
Handgun\Handgun_Second_Clean_Jabez\test_img_00354.jpg,500,375,1,29.0,57.0,115.0,159.0
Handgun\Handgun_Second_Clean_Jabez\test_img_00355.jpg,500,375,1,842.0,280.0,1225.0,1136.0
Handgun\Handgun_Second_Clean_Jabez\test_img_00356.jpg,500,375,1,1.0,3.0,501.0,251.0
Handgun\Handgun_Second_Clean_Jabez\test_img_00357.jpg,500,375,1,2.0,1.0,155.0,119.0
Handgun\Handgun_Second_Clean_Jabez\test_img_00358.jpg,500,375,1,181.0,62.0,449.0,331.0
Handgun\Handgun_Second_Clean_Jabez\test_img_00359.jpg,500,461,1,503.0,221.0,713.0,356.0
Handgun\Handgun_Second_Clean_Jabez\test_img_00360.jpg,500,391,1,164.0,351.0,252.0,519.0
Handgun\Handgun_Second_Clean_Jabez\test_img_00361.jpg,500,375,1,116.0,568.0,309.0,698.0
Handgun\Handgun_Second_Clean_Jabez\test_img_00362.jpg,500,333,1,3.0,45.0,355.0,526.0
Handgun\Handgun_Second_Clean_Jabez\test_img_00362.jpg,500,333,1,347.0,29.0,720.0,520.0
Handgun\Handgun_Second_Clean_Jabez\test_img_00363.jpg,500,449,1,29.0,128.0,764.0,452.0
Handgun\Handgun_Second_Clean_Jabez\test_img_00363.jpg,500,449,1,314.0,272.0,870.0,609.0
Handgun\Handgun_Second_Clean_Jabez\test_img_00364.jpg,500,333,1,246.0,280.0,1273.0,900.0
Handgun\Handgun_Second_Clean_Jabez\test_img_00365.jpg,500,469,1,5.0,9.0,152.0,112.0
Handgun\Handgun_Second_Clean_Jabez\test_img_00366.jpg,1300,866,1,1.0,1.0,610.0,399.0
Handgun\Handgun_Second_Clean_Jabez\test_img_00367.jpg,500,376,1,4.0,1.0,157.0,117.0
Handgun\Handgun_Second_Clean_Jabez\test_img_00368.jpg,500,335,1,161.0,256.0,360.0,406.0
Handgun\Handgun_Second_Clean_Jabez\test_img_00369.jpg,500,333,1,981.0,416.0,1068.0,483.0
Handgun\Handgun_Second_Clean_Jabez\test_img_00369.jpg,500,333,1,784.0,403.0,894.0,457.0
Handgun\Handgun_Second_Clean_Jabez\test_img_00370.jpg,500,333,1,72.0,41.0,110.0,122.0
Handgun\Handgun_Second_Clean_Jabez\test_img_00371.jpg,500,333,1,3.0,3.0,157.0,112.0
Handgun\Handgun_Second_Clean_Jabez\test_img_00372.jpg,500,442,1,21.0,5.0,276.0,144.0
Handgun\Handgun_Second_Clean_Jabez\test_img_00373.jpg,500,337,1,193.0,218.0,366.0,444.0
Handgun\Handgun_Second_Clean_Jabez\test_img_00374.jpg,1300,866,1,176.0,1.0,863.0,462.0
Handgun\Handgun_Second_Clean_Jabez\test_img_00375.jpg,500,339,1,30.0,426.0,268.0,645.0
Handgun\Handgun_Second_Clean_Jabez\test_img_00376.jpg,500,375,1,509.0,578.0,843.0,914.0
Handgun\Handgun_Second_Clean_Jabez\test_img_00377.jpg,375,500,1,391.0,610.0,647.0,823.0
Handgun\Handgun_Second_Clean_Jabez\test_img_00378.jpg,500,375,1,199.0,73.0,281.0,104.0
Handgun\Handgun_Second_Clean_Jabez\test_img_00379.jpg,500,375,1,28.0,58.0,461.0,349.0
Handgun\Handgun_Second_Clean_Jabez\test_img_00380.jpg,500,333,1,127.0,264.0,355.0,453.0
Handgun\Handgun_Second_Clean_Jabez\test_img_00381.jpg,500,334,1,7.0,13.0,291.0,192.0
Handgun\Handgun_Second_Clean_Jabez\test_img_00382.jpg,500,375,1,49.0,21.0,185.0,137.0
Handgun\Handgun_Second_Clean_Jabez\test_img_00383.jpg,500,334,1,73.0,124.0,329.0,325.0
Handgun\Handgun_Second_Clean_Jabez\test_img_00384.jpg,500,333,1,39.0,55.0,165.0,145.0
Handgun\Handgun_Second_Clean_Jabez\test_img_00385.jpg,333,500,1,90.0,132.0,282.0,253.0
Handgun\Handgun_Second_Clean_Jabez\test_img_00386.jpg,500,333,1,4.0,3.0,154.0,114.0
Handgun\Handgun_Second_Clean_Jabez\test_img_00387.jpg,500,333,1,66.0,13.0,446.0,247.0
Handgun\Handgun_Second_Clean_Jabez\test_img_00388.jpg,500,375,1,617.0,81.0,867.0,585.0
Handgun\Handgun_Second_Clean_Jabez\test_img_00389.jpg,500,375,1,99.0,54.0,132.0,129.0
Handgun\Handgun_Second_Clean_Jabez\test_img_00390.jpg,500,333,1,1.0,135.0,284.0,427.0
Handgun\Handgun_Second_Clean_Jabez\test_img_00391.jpg,500,340,1,167.0,92.0,235.0,147.0
Handgun\Handgun_Second_Clean_Jabez\test_img_00392.jpg,500,334,1,1.0,1.0,155.0,117.0
Handgun\Handgun_Second_Clean_Jabez\test_img_00393.jpg,500,347,1,82.0,250.0,370.0,516.0
Handgun\Handgun_Second_Clean_Jabez\test_img_00394.jpg,333,500,1,67.0,323.0,182.0,480.0
Handgun\Handgun_Second_Clean_Jabez\test_img_00394.jpg,333,500,1,315.0,326.0,437.0,479.0
Handgun\Handgun_Second_Clean_Jabez\test_img_00394.jpg,333,500,1,550.0,325.0,675.0,482.0
Handgun\Handgun_Second_Clean_Jabez\test_img_00394.jpg,333,500,1,242.0,92.0,461.0,239.0
Handgun\Handgun_Second_Clean_Jabez\test_img_00394.jpg,333,500,1,553.0,85.0,669.0,241.0
Handgun\Handgun_Second_Clean_Jabez\test_img_00395.jpg,682,1024,1,48.0,67.0,105.0,105.0
Handgun\Handgun_Second_Clean_Jabez\test_img_00396.jpg,500,375,1,438.0,169.0,633.0,431.0
Handgun\Handgun_Second_Clean_Jabez\test_img_00397.jpg,500,375,1,53.0,42.0,116.0,121.0
Handgun\Handgun_Second_Clean_Jabez\test_img_00398.jpg,500,375,1,85.0,157.0,135.0,206.0
Handgun\Handgun_Second_Clean_Jabez\test_img_00399.jpg,500,375,1,5.0,6.0,239.0,167.0
Handgun\Handgun_Second_Clean_Jabez\test_img_00399.jpg,500,375,1,262.0,7.0,493.0,164.0
Handgun\Handgun_Second_Clean_Jabez\test_img_00400.jpg,500,375,1,4.0,3.0,157.0,118.0
Handgun\Handgun_Second_Clean_Jabez\test_img_00401.jpg,500,375,1,129.0,89.0,233.0,167.0
Handgun\Handgun_Second_Clean_Jabez\test_img_00402.jpg,335,500,1,30.0,15.0,300.0,206.0
Handgun\Handgun_Second_Clean_Jabez\test_img_00403.jpg,500,263,1,61.0,64.0,307.0,311.0
Handgun\Handgun_Second_Clean_Jabez\test_img_00404.jpg,158,235,1,115.0,106.0,170.0,206.0
Handgun\Handgun_Second_Clean_Jabez\test_img_00405.jpg,500,285,1,30.0,102.0,475.0,293.0
Handgun\Handgun_Second_Clean_Jabez\test_img_00406.jpg,500,355,1,1494.0,756.0,1831.0,1151.0
Handgun\Handgun_Second_Clean_Jabez\test_img_00406.jpg,500,355,1,1766.0,1016.0,2291.0,1335.0
Handgun\Handgun_Second_Clean_Jabez\test_img_00406.jpg,500,355,1,1745.0,649.0,2245.0,947.0
Handgun\Handgun_Second_Clean_Jabez\test_img_00407.jpg,374,500,1,62.0,42.0,430.0,405.0
Handgun\Handgun_Second_Clean_Jabez\test_img_00408.jpg,375,500,1,1.0,86.0,209.0,227.0
Handgun\Handgun_Second_Clean_Jabez\test_img_00408.jpg,375,500,1,322.0,88.0,497.0,223.0
Handgun\Handgun_Second_Clean_Jabez\test_img_00409.jpg,500,373,1,422.0,302.0,752.0,577.0
Handgun\Handgun_Second_Clean_Jabez\test_img_00410.jpg,500,373,1,4.0,4.0,272.0,172.0
Handgun\Handgun_Second_Clean_Jabez\test_img_00411.jpg,334,500,1,2.0,2.0,155.0,120.0
Handgun\Handgun_Second_Clean_Jabez\test_img_00412.jpg,500,333,1,144.0,40.0,178.0,70.0
Handgun\Handgun_Second_Clean_Jabez\test_img_00413.jpg,866,1300,1,7.0,1.0,157.0,113.0
Handgun\Handgun_Second_Clean_Jabez\test_img_00414.jpg,500,334,1,2.0,1.0,157.0,108.0
Handgun\Handgun_Second_Clean_Jabez\test_img_00415.jpg,500,377,1,5.0,2.0,156.0,110.0
Handgun\Handgun_Second_Clean_Jabez\test_img_00416.jpg,250,138,1,223.0,202.0,318.0,274.0
Handgun\Handgun_Second_Clean_Jabez\test_img_00417.jpg,500,281,1,272.0,181.0,658.0,361.0
Handgun\Handgun_Second_Clean_Jabez\test_img_00418.jpg,500,281,1,12.0,141.0,231.0,286.0
Handgun\Handgun_Second_Clean_Jabez\test_img_00418.jpg,500,281,1,134.0,29.0,272.0,234.0
Handgun\Handgun_Second_Clean_Jabez\test_img_00418.jpg,500,281,1,254.0,155.0,488.0,299.0
Handgun\Handgun_Second_Clean_Jabez\test_img_00419.jpg,500,281,1,6.0,60.0,182.0,275.0
Handgun\Handgun_Second_Clean_Jabez\test_img_00420.jpg,500,315,1,90.0,68.0,583.0,304.0
Handgun\Handgun_Second_Clean_Jabez\test_img_00421.jpg,500,375,1,1.0,1.0,157.0,113.0
Handgun\Handgun_Second_Clean_Jabez\test_img_00422.jpg,375,500,1,662.0,113.0,824.0,210.0
Handgun\Handgun_Second_Clean_Jabez\test_img_00423.jpg,333,500,1,81.0,263.0,172.0,371.0
Handgun\Handgun_Second_Clean_Jabez\test_img_00424.jpg,333,500,1,1.0,1.0,158.0,115.0
Handgun\Handgun_Second_Clean_Jabez\test_img_00425.jpg,500,420,1,1272.0,843.0,1494.0,1259.0
Handgun\Handgun_Second_Clean_Jabez\test_img_00426.jpg,500,375,1,36.0,14.0,255.0,116.0
Handgun\Handgun_Second_Clean_Jabez\test_img_00427.jpg,500,375,1,17.0,505.0,382.0,1029.0
Handgun\Handgun_Second_Clean_Jabez\test_img_00428.jpg,500,366,1,34.0,43.0,82.0,85.0
Handgun\Handgun_Second_Clean_Jabez\test_img_00429.jpg,500,388,1,408.0,45.0,1240.0,883.0
Handgun\Handgun_Second_Clean_Jabez\test_img_00430.jpg,500,375,1,56.0,50.0,431.0,358.0
Handgun\Handgun_Second_Clean_Jabez\test_img_00431.jpg,1300,866,1,58.0,18.0,482.0,323.0
Handgun\Handgun_Second_Clean_Jabez\test_img_00432.jpg,450,298,1,428.0,306.0,517.0,586.0
Handgun\Handgun_Second_Clean_Jabez\test_img_00433.jpg,500,375,1,97.0,21.0,224.0,179.0
Handgun\Handgun_Second_Clean_Jabez\test_img_00434.jpg,500,375,1,3.0,3.0,155.0,115.0
Handgun\Handgun_Second_Clean_Jabez\test_img_00435.jpg,500,375,1,4.0,1.0,214.0,90.0
Handgun\Handgun_Second_Clean_Jabez\test_img_00436.jpg,375,500,1,79.0,101.0,101.0,109.0
Handgun\Handgun_Second_Clean_Jabez\test_img_00437.jpg,500,333,1,161.0,82.0,187.0,120.0
Handgun\Handgun_Second_Clean_Jabez\test_img_00437.jpg,500,333,1,24.0,101.0,48.0,129.0
Handgun\Handgun_Second_Clean_Jabez\test_img_00437.jpg,500,333,1,71.0,98.0,84.0,124.0
Handgun\Handgun_Second_Clean_Jabez\test_img_00437.jpg,500,333,1,306.0,22.0,349.0,67.0
Handgun\Handgun_Second_Clean_Jabez\test_img_00438.jpg,500,375,1,12.0,22.0,149.0,95.0
Handgun\Handgun_Second_Clean_Jabez\test_img_00439.jpg,500,268,1,71.0,56.0,91.0,111.0
Handgun\Handgun_Second_Clean_Jabez\test_img_00440.jpg,500,195,1,44.0,33.0,344.0,202.0
Handgun\Handgun_Second_Clean_Jabez\test_img_00441.jpg,450,298,1,56.0,19.0,830.0,412.0
Handgun\Handgun_Second_Clean_Jabez\test_img_00442.jpg,500,455,1,184.0,47.0,350.0,177.0
Handgun\Handgun_Second_Clean_Jabez\test_img_00443.jpg,500,353,1,241.0,862.0,1230.0,1629.0
Handgun\Handgun_Second_Clean_Jabez\test_img_00444.jpg,375,500,1,3.0,4.0,294.0,162.0
Handgun\Handgun_Second_Clean_Jabez\test_img_00445.jpg,375,500,1,312.0,140.0,444.0,251.0
Handgun\Handgun_Second_Clean_Jabez\test_img_00446.jpg,375,500,1,21.0,83.0,207.0,178.0
Handgun\Handgun_Second_Clean_Jabez\test_img_00447.jpg,500,375,1,55.0,65.0,865.0,415.0
Handgun\Handgun_Second_Clean_Jabez\test_img_00448.jpg,500,375,1,79.0,148.0,380.0,281.0
Handgun\Handgun_Second_Clean_Jabez\test_img_00449.jpg,375,500,1,3.0,48.0,47.0,90.0
Handgun\Handgun_Second_Clean_Jabez\test_img_00450.jpg,500,375,1,278.0,12.0,517.0,346.0
Handgun\Handgun_Second_Clean_Jabez\test_img_00451.jpg,500,375,1,528.0,240.0,1057.0,782.0
Handgun\Handgun_Second_Clean_Jabez\test_img_00452.jpg,900,675,1,16.0,14.0,227.0,117.0
Handgun\Handgun_Second_Clean_Jabez\test_img_00453.jpg,500,400,1,8.0,5.0,155.0,115.0
Handgun\Handgun_Second_Clean_Jabez\test_img_00454.jpg,500,333,1,2.0,28.0,500.0,281.0
Handgun\Handgun_Second_Clean_Jabez\test_img_00455.jpg,500,333,1,1.0,1.0,157.0,115.0
Handgun\Handgun_Second_Clean_Jabez\test_img_00456.jpg,500,333,1,4.0,2.0,158.0,116.0
Handgun\Handgun_Second_Clean_Jabez\test_img_00457.jpg,387,500,1,154.0,343.0,650.0,955.0
Handgun\Handgun_Second_Clean_Jabez\test_img_00458.jpg,500,400,1,208.0,330.0,317.0,507.0
Handgun\Handgun_Second_Clean_Jabez\test_img_00459.jpg,500,375,1,11.0,4.0,151.0,112.0
Handgun\Handgun_Second_Clean_Jabez\test_img_00461.jpg,500,375,1,437.0,223.0,477.0,245.0
Handgun\Handgun_Second_Clean_Jabez\test_img_00462.jpg,500,375,1,1.0,1.0,157.0,118.0
Handgun\Handgun_Second_Clean_Jabez\test_img_00463.jpg,375,500,1,3.0,4.0,286.0,150.0
Handgun\Handgun_Second_Clean_Jabez\test_img_00464.jpg,500,333,1,1.0,3.0,155.0,114.0
Handgun\Handgun_Second_Clean_Jabez\test_img_00465.jpg,333,500,1,375.0,77.0,548.0,190.0
Handgun\Handgun_Second_Clean_Jabez\test_img_00466.jpg,500,424,1,1.0,43.0,137.0,301.0
Handgun\Handgun_Second_Clean_Jabez\test_img_00467.jpg,450,300,1,470.0,201.0,1205.0,1081.0
Handgun\Handgun_Second_Clean_Jabez\test_img_00468.jpg,350,376,1,53.0,12.0,196.0,106.0
Handgun\Handgun_Second_Clean_Jabez\test_img_00469.jpg,500,333,1,4.0,2.0,155.0,118.0
Handgun\Handgun_Second_Clean_Jabez\test_img_00470.jpg,320,209,1,881.0,266.0,1249.0,666.0
Handgun\Handgun_Second_Clean_Jabez\test_img_00471.jpg,500,333,1,334.0,146.0,384.0,227.0
Handgun\Handgun_Second_Clean_Jabez\test_img_00472.jpg,500,333,1,4.0,4.0,156.0,115.0
Handgun\Handgun_Second_Clean_Jabez\test_img_00473.jpg,500,432,1,2.0,1.0,149.0,77.0
Handgun\Handgun_Second_Clean_Jabez\test_img_00474.jpg,333,500,1,8.0,62.0,278.0,237.0
Handgun\Handgun_Second_Clean_Jabez\test_img_00475.jpg,500,332,1,20.0,76.0,169.0,264.0
Handgun\Handgun_Second_Clean_Jabez\test_img_00475.jpg,500,332,1,241.0,76.0,394.0,273.0
Handgun\Handgun_Second_Clean_Jabez\test_img_00476.jpg,500,332,1,99.0,40.0,133.0,88.0
Handgun\Handgun_Second_Clean_Jabez\test_img_00477.jpg,500,400,1,2.0,1.0,296.0,158.0
Handgun\Handgun_Second_Clean_Jabez\test_img_00478.jpg,500,375,1,433.0,210.0,648.0,371.0
Handgun\Handgun_Second_Clean_Jabez\test_img_00479.jpg,300,450,1,358.0,111.0,385.0,131.0
Handgun\Handgun_Second_Clean_Jabez\test_img_00480.jpg,400,500,1,171.0,370.0,627.0,670.0
Handgun\Handgun_Second_Clean_Jabez\test_img_00481.jpg,375,500,1,35.0,10.0,780.0,536.0
Handgun\Handgun_Second_Clean_Jabez\test_img_00482.jpg,500,375,1,92.0,63.0,417.0,315.0
Handgun\Handgun_Second_Clean_Jabez\test_img_00483.jpg,500,375,1,12.0,25.0,243.0,226.0
Handgun\Handgun_Second_Clean_Jabez\test_img_00484.jpg,375,500,1,4.0,3.0,157.0,116.0
Handgun\Handgun_Second_Clean_Jabez\test_img_00485.jpg,500,351,1,353.0,98.0,441.0,238.0
Handgun\Handgun_Second_Clean_Jabez\test_img_00486.jpg,500,281,1,168.0,214.0,217.0,255.0
Handgun\Handgun_Second_Clean_Jabez\test_img_00487.jpg,500,281,1,2.0,1.0,155.0,113.0
Handgun\Handgun_Second_Clean_Jabez\test_img_00488.jpg,450,300,1,68.0,49.0,228.0,128.0
Handgun\Handgun_Second_Clean_Jabez\test_img_00489.jpg,407,500,1,403.0,75.0,491.0,130.0
Handgun\Handgun_Second_Clean_Jabez\test_img_00490.jpg,500,340,1,154.0,47.0,407.0,258.0
Handgun\Handgun_Second_Clean_Jabez\test_img_00491.jpg,500,390,1,216.0,53.0,381.0,205.0
Handgun\Handgun_Second_Clean_Jabez\test_img_00492.jpg,500,449,1,333.0,345.0,411.0,406.0
Handgun\Handgun_Second_Clean_Jabez\test_img_00493.jpg,500,375,1,2.0,1.0,157.0,116.0
Handgun\Handgun_Second_Clean_Jabez\test_img_00494.jpg,320,302,1,4.0,2.0,155.0,113.0
Handgun\Handgun_Second_Clean_Jabez\test_img_00495.jpg,455,500,1,85.0,18.0,225.0,167.0
Handgun\Handgun_Second_Clean_Jabez\test_img_00496.jpg,500,429,1,1.0,1.0,157.0,112.0
Handgun\Handgun_Second_Clean_Jabez\test_img_00497.jpg,300,450,1,224.0,86.0,409.0,270.0
Handgun\Handgun_Second_Clean_Jabez\test_img_00498.jpg,500,333,1,288.0,126.0,700.0,364.0
Handgun\Handgun_Second_Clean_Jabez\test_img_00499.jpg,333,500,1,382.0,1.0,499.0,183.0
Handgun\Handgun_Second_Clean_Jabez\test_img_00500.jpg,500,333,1,1.0,75.0,246.0,276.0
Handgun\Handgun_Second_Clean_Jabez\test_img_00501.jpg,500,375,1,10.0,59.0,98.0,123.0
Handgun\Handgun_Second_Clean_Jabez\test_img_00502.jpg,500,386,1,34.0,21.0,147.0,103.0
Handgun\Handgun_Second_Clean_Jabez\test_img_00503.jpg,500,364,1,367.0,75.0,965.0,385.0
Handgun\Handgun_Second_Clean_Jabez\test_img_00504.jpg,300,450,1,134.0,328.0,197.0,431.0
Handgun\Handgun_Second_Clean_Jabez\test_img_00505.jpg,500,375,1,1.0,108.0,992.0,552.0
Handgun\Handgun_Second_Clean_Jabez\test_img_00506.jpg,500,375,1,70.0,127.0,83.0,156.0
Handgun\Handgun_Second_Clean_Jabez\test_img_00507.jpg,500,333,1,143.0,68.0,191.0,107.0
Handgun\Handgun_Second_Clean_Jabez\test_img_00508.jpg,500,357,1,54.0,235.0,965.0,615.0
Handgun\Handgun_Second_Clean_Jabez\test_img_00509.jpg,500,334,1,38.0,68.0,56.0,105.0
Handgun\Handgun_Second_Clean_Jabez\test_img_00510.jpg,500,380,1,6.0,31.0,534.0,336.0
Handgun\Handgun_Second_Clean_Jabez\test_img_00511.jpg,500,357,1,42.0,110.0,705.0,994.0
Handgun\Handgun_Second_Clean_Jabez\test_img_00512.jpg,500,334,1,3.0,2.0,158.0,117.0
Handgun\Handgun_Second_Clean_Jabez\test_img_00513.jpg,500,375,1,42.0,64.0,451.0,327.0
Handgun\Handgun_Second_Clean_Jabez\test_img_00514.jpg,267,500,1,247.0,112.0,286.0,152.0
Handgun\Handgun_Second_Clean_Jabez\test_img_00515.jpg,340,450,1,2.0,12.0,157.0,107.0
Handgun\Handgun_Second_Clean_Jabez\test_img_00516.jpg,728,1024,1,102.0,175.0,118.0,188.0
Handgun\Handgun_Second_Clean_Jabez\test_img_00517.jpg,375,500,1,86.0,140.0,639.0,423.0
Handgun\Handgun_Second_Clean_Jabez\test_img_00518.jpg,500,313,1,100.0,330.0,786.0,979.0
Handgun\Handgun_Second_Clean_Jabez\test_img_00519.jpg,500,298,1,188.0,165.0,238.0,228.0
Handgun\Handgun_Second_Clean_Jabez\test_img_00519.jpg,500,298,1,440.0,108.0,491.0,163.0
Handgun\Handgun_Second_Clean_Jabez\test_img_00520.jpg,500,356,1,21.0,32.0,162.0,142.0
Handgun\Handgun_Second_Clean_Jabez\test_img_00521.jpg,500,375,1,4.0,3.0,154.0,117.0
Handgun\Handgun_Second_Clean_Jabez\test_img_00522.jpg,500,375,1,29.0,43.0,498.0,243.0
Handgun\Handgun_Second_Clean_Jabez\test_img_00523.jpg,300,450,1,83.0,43.0,159.0,105.0
Handgun\Handgun_Second_Clean_Jabez\test_img_00523.jpg,300,450,1,15.0,157.0,128.0,210.0
Handgun\Handgun_Second_Clean_Jabez\test_img_00524.jpg,375,500,1,27.0,25.0,199.0,185.0
Handgun\Handgun_Second_Clean_Jabez\test_img_00525.jpg,333,500,1,331.0,254.0,384.0,379.0
Handgun\Handgun_Second_Clean_Jabez\test_img_00525.jpg,333,500,1,600.0,275.0,686.0,463.0
Handgun\Handgun_Second_Clean_Jabez\test_img_00525.jpg,333,500,1,866.0,277.0,923.0,520.0
Handgun\Handgun_Second_Clean_Jabez\test_img_00526.jpg,500,334,1,1.0,2.0,156.0,118.0
Handgun\Handgun_Second_Clean_Jabez\test_img_00527.jpg,500,375,1,47.0,39.0,236.0,137.0
Handgun\Handgun_Second_Clean_Jabez\test_img_00528.jpg,500,263,1,81.0,43.0,107.0,98.0
Handgun\Handgun_Second_Clean_Jabez\test_img_00529.jpg,500,375,1,396.0,368.0,1032.0,600.0
Handgun\Handgun_Second_Clean_Jabez\test_img_00530.jpg,333,500,1,2.0,1.0,157.0,118.0
Handgun\Handgun_Second_Clean_Jabez\test_img_00532.jpg,500,333,1,35.0,56.0,480.0,350.0
Handgun\Handgun_Second_Clean_Jabez\test_img_00533.jpg,575,431,1,733.0,300.0,1242.0,750.0
Handgun\Handgun_Second_Clean_Jabez\test_img_00534.jpg,500,375,1,233.0,446.0,329.0,518.0
Handgun\Handgun_Second_Clean_Jabez\test_img_00534.jpg,500,375,1,297.0,445.0,369.0,495.0
Handgun\Handgun_Second_Clean_Jabez\test_img_00534.jpg,500,375,1,21.0,132.0,89.0,182.0
Handgun\Handgun_Second_Clean_Jabez\test_img_00534.jpg,500,375,1,125.0,133.0,188.0,172.0
Handgun\Handgun_Second_Clean_Jabez\test_img_00534.jpg,500,375,1,233.0,15.0,272.0,67.0
Handgun\Handgun_Second_Clean_Jabez\test_img_00535.jpg,500,375,1,100.0,114.0,121.0,135.0
Handgun\Handgun_Second_Clean_Jabez\test_img_00536.jpg,500,375,1,251.0,74.0,332.0,193.0
Handgun\Handgun_Second_Clean_Jabez\test_img_00537.jpg,450,338,1,25.0,1.0,41.0,64.0
Handgun\Handgun_Second_Clean_Jabez\test_img_00537.jpg,450,338,1,91.0,1.0,107.0,62.0
Handgun\Handgun_Second_Clean_Jabez\test_img_00537.jpg,450,338,1,155.0,1.0,172.0,62.0
Handgun\Handgun_Second_Clean_Jabez\test_img_00538.jpg,500,255,1,38.0,64.0,214.0,168.0
Handgun\Handgun_Second_Clean_Jabez\test_img_00539.jpg,460,345,1,775.0,3.0,1256.0,887.0
Handgun\Handgun_Second_Clean_Jabez\test_img_00540.jpg,500,375,1,199.0,197.0,240.0,222.0
Handgun\Handgun_Second_Clean_Jabez\test_img_00541.jpg,864,1300,1,212.0,209.0,298.0,274.0
Handgun\Handgun_Second_Clean_Jabez\test_img_00542.jpg,500,281,1,37.0,35.0,979.0,610.0
Handgun\Handgun_Second_Clean_Jabez\test_img_00543.jpg,500,281,1,94.0,107.0,171.0,173.0
Handgun\Handgun_Second_Clean_Jabez\test_img_00544.jpg,500,281,1,560.0,102.0,623.0,263.0
Handgun\Handgun_Second_Clean_Jabez\test_img_00545.jpg,479,367,1,114.0,113.0,273.0,345.0
Handgun\Handgun_Second_Clean_Jabez\test_img_00545.jpg,479,367,1,887.0,236.0,1046.0,440.0
Handgun\Handgun_Second_Clean_Jabez\test_img_00546.jpg,485,500,1,4.0,5.0,157.0,116.0
Handgun\Handgun_Second_Clean_Jabez\test_img_00547.jpg,500,333,1,16.0,66.0,255.0,361.0
Handgun\Handgun_Second_Clean_Jabez\test_img_00547.jpg,500,333,1,253.0,16.0,481.0,367.0
Handgun\Handgun_Second_Clean_Jabez\test_img_00548.jpg,500,262,1,24.0,24.0,310.0,186.0
Handgun\Handgun_Second_Clean_Jabez\test_img_00549.jpg,500,375,1,83.0,23.0,243.0,159.0
Handgun\Handgun_Second_Clean_Jabez\test_img_00550.jpg,500,375,1,101.0,24.0,238.0,120.0
Handgun\Handgun_Second_Clean_Jabez\test_img_00551.jpg,500,400,1,65.0,244.0,108.0,287.0
Handgun\Handgun_Second_Clean_Jabez\test_img_00552.jpg,500,375,1,67.0,15.0,91.0,187.0
Handgun\Handgun_Second_Clean_Jabez\test_img_00553.jpg,500,375,1,79.0,66.0,92.0,93.0
Handgun\Handgun_Second_Clean_Jabez\test_img_00554.jpg,500,375,1,46.0,140.0,174.0,248.0
Handgun\Handgun_Second_Clean_Jabez\test_img_00555.jpg,500,375,1,133.0,201.0,214.0,277.0
Handgun\Handgun_Second_Clean_Jabez\test_img_00556.jpg,500,375,1,7.0,1.0,151.0,113.0
Handgun\Handgun_Second_Clean_Jabez\test_img_00557.jpg,500,375,1,93.0,91.0,435.0,333.0
Handgun\Handgun_Second_Clean_Jabez\test_img_00558.jpg,399,600,1,2.0,2.0,156.0,117.0
Handgun\Handgun_Second_Clean_Jabez\test_img_00559.jpg,500,375,1,56.0,85.0,406.0,286.0
Handgun\Handgun_Second_Clean_Jabez\test_img_00560.jpg,500,333,1,284.0,189.0,332.0,239.0
Handgun\Handgun_Second_Clean_Jabez\test_img_00561.jpg,500,500,1,475.0,71.0,1152.0,916.0
Handgun\Handgun_Second_Clean_Jabez\test_img_00562.jpg,400,300,1,38.0,16.0,273.0,159.0
Handgun\Handgun_Second_Clean_Jabez\test_img_00563.jpg,500,456,1,137.0,52.0,472.0,275.0
Handgun\Handgun_Second_Clean_Jabez\test_img_00564.jpg,450,500,1,22.0,94.0,102.0,207.0
Handgun\Handgun_Second_Clean_Jabez\test_img_00565.jpg,334,500,1,1.0,1.0,156.0,114.0
Handgun\Handgun_Second_Clean_Jabez\test_img_00566.jpg,564,423,1,109.0,495.0,326.0,622.0
Handgun\Handgun_Second_Clean_Jabez\test_img_00567.jpg,500,375,1,11.0,29.0,150.0,120.0
Handgun\Handgun_Second_Clean_Jabez\test_img_00568.jpg,500,375,1,107.0,197.0,287.0,290.0
Handgun\Handgun_Second_Clean_Jabez\test_img_00568.jpg,500,375,1,92.0,127.0,254.0,205.0
Handgun\Handgun_Second_Clean_Jabez\test_img_00568.jpg,500,375,1,98.0,76.0,267.0,137.0
Handgun\Handgun_Second_Clean_Jabez\test_img_00569.jpg,500,292,1,243.0,81.0,293.0,112.0
Handgun\Handgun_Second_Clean_Jabez\test_img_00570.jpg,500,399,1,41.0,456.0,292.0,633.0
Handgun\Handgun_Second_Clean_Jabez\test_img_00571.jpg,415,500,1,1241.0,315.0,1917.0,1054.0
Handgun\Handgun_Second_Clean_Jabez\test_img_00572.jpg,500,375,1,205.0,104.0,266.0,166.0
Handgun\Handgun_Second_Clean_Jabez\test_img_00572.jpg,500,375,1,277.0,98.0,348.0,167.0
Handgun\Handgun_Second_Clean_Jabez\test_img_00573.jpg,500,375,1,347.0,70.0,434.0,227.0
Handgun\Handgun_Second_Clean_Jabez\test_img_00574.jpg,620,413,1,6.0,2.0,365.0,251.0
Handgun\Handgun_Second_Clean_Jabez\test_img_00575.jpg,491,248,1,62.0,46.0,345.0,450.0
Handgun\Handgun_Second_Clean_Jabez\test_img_00576.jpg,450,325,1,9.0,2.0,449.0,325.0
Handgun\Handgun_Second_Clean_Jabez\test_img_00577.jpg,480,360,1,3.0,1.0,157.0,108.0
Handgun\Handgun_Second_Clean_Jabez\test_img_00578.jpg,480,360,1,19.0,8.0,118.0,84.0
Handgun\Handgun_Second_Clean_Jabez\test_img_00579.jpg,500,329,1,67.0,35.0,336.0,320.0
Handgun\Handgun_Second_Clean_Jabez\test_img_00580.jpg,2400,1485,1,73.0,9.0,515.0,338.0
Handgun\Handgun_Second_Clean_Jabez\test_img_00581.jpg,500,375,1,80.0,34.0,101.0,54.0
Handgun\Handgun_Second_Clean_Jabez\test_img_00582.jpg,500,375,1,208.0,157.0,236.0,222.0
Handgun\Handgun_Second_Clean_Jabez\test_img_00583.jpg,500,375,1,549.0,215.0,830.0,409.0
Handgun\Handgun_Second_Clean_Jabez\test_img_00584.jpg,500,320,1,2.0,1.0,156.0,115.0
Handgun\Handgun_Second_Clean_Jabez\test_img_00585.jpg,500,333,1,211.0,47.0,921.0,604.0
Handgun\Handgun_Second_Clean_Jabez\test_img_00586.jpg,500,375,1,474.0,166.0,921.0,458.0
Handgun\Handgun_Second_Clean_Jabez\test_img_00587.jpg,500,375,1,1.0,1.0,159.0,110.0
Handgun\Handgun_Second_Clean_Jabez\test_img_00588.jpg,500,333,1,29.0,80.0,589.0,423.0
Handgun\Handgun_Second_Clean_Jabez\test_img_00589.jpg,500,375,1,3.0,1.0,160.0,117.0
Handgun\Handgun_Second_Clean_Jabez\test_img_00590.jpg,333,500,1,2.0,3.0,158.0,115.0
Handgun\Handgun_Second_Clean_Jabez\test_img_00591.jpg,1300,870,1,7.0,1.0,502.0,179.0
Handgun\Handgun_Second_Clean_Jabez\test_img_00592.jpg,500,375,1,112.0,42.0,193.0,322.0
Handgun\Handgun_Second_Clean_Jabez\test_img_00593.jpg,500,375,1,317.0,198.0,1396.0,952.0
Handgun\Handgun_Second_Clean_Jabez\test_img_00594.jpg,450,300,1,3.0,1.0,155.0,118.0
Handgun\Handgun_Second_Clean_Jabez\test_img_00595.jpg,500,369,1,1.0,1.0,155.0,115.0
Handgun\Handgun_Second_Clean_Jabez\test_img_00596.jpg,402,500,1,50.0,1.0,171.0,158.0
Handgun\Handgun_Second_Clean_Jabez\test_img_00597.jpg,758,407,1,187.0,89.0,267.0,253.0
Handgun\Handgun_Second_Clean_Jabez\test_img_00598.jpg,500,332,1,2.0,1.0,157.0,113.0
Handgun\Handgun_Second_Clean_Jabez\test_img_00599.jpg,500,332,1,13.0,3.0,475.0,331.0
Handgun\Handgun_Second_Clean_Jabez\test_img_00600.jpg,500,375,1,116.0,8.0,260.0,352.0
Handgun\Handgun_Second_Clean_Jabez\test_img_00601.jpg,500,375,1,43.0,106.0,177.0,206.0
Handgun\Handgun_Second_Clean_Jabez\test_img_00602.jpg,342,500,1,71.0,68.0,1021.0,617.0
Handgun\Handgun_Second_Clean_Jabez\test_img_00603.jpg,500,333,1,201.0,41.0,456.0,303.0
Handgun\Handgun_Second_Clean_Jabez\test_img_00604.jpg,500,375,1,2.0,4.0,154.0,116.0
Handgun\Handgun_Second_Clean_Jabez\test_img_00605.jpg,500,375,1,150.0,1.0,448.0,495.0
Handgun\Handgun_Second_Clean_Jabez\test_img_00606.jpg,500,375,1,23.0,45.0,288.0,228.0
Handgun\Handgun_Second_Clean_Jabez\test_img_00607.jpg,320,240,1,4.0,8.0,157.0,111.0
Handgun\Handgun_Second_Clean_Jabez\test_img_00608.jpg,500,375,1,41.0,78.0,134.0,115.0
Handgun\Handgun_Second_Clean_Jabez\test_img_00608.jpg,500,375,1,39.0,131.0,88.0,158.0
Handgun\Handgun_Second_Clean_Jabez\test_img_00608.jpg,500,375,1,50.0,163.0,75.0,182.0
Handgun\Handgun_Second_Clean_Jabez\test_img_00608.jpg,500,375,1,56.0,184.0,72.0,193.0
Handgun\Handgun_Second_Clean_Jabez\test_img_00608.jpg,500,375,1,58.0,198.0,69.0,204.0
Handgun\Handgun_Second_Clean_Jabez\test_img_00609.jpg,450,300,1,334.0,43.0,1996.0,978.0
Handgun\Handgun_Second_Clean_Jabez\test_img_00610.jpg,500,375,1,1.0,18.0,413.0,559.0
Handgun\Handgun_Second_Clean_Jabez\test_img_00611.jpg,768,1024,1,135.0,19.0,770.0,300.0
Handgun\Handgun_Second_Clean_Jabez\test_img_00612.jpg,358,500,1,4.0,1.0,157.0,111.0
Knife\Knife_First_Clean_Howard\DSC_0001.JPG,1920,1280,2,873.0,651.0,1079.0,758.0
Knife\Knife_First_Clean_Howard\DSC_0002.JPG,1920,1280,2,834.0,665.0,1049.0,811.0
Knife\Knife_First_Clean_Howard\DSC_0003.JPG,1920,1280,2,765.0,747.0,890.0,948.0
Knife\Knife_First_Clean_Howard\DSC_0004.JPG,1920,1280,2,635.0,433.0,751.0,616.0
Knife\Knife_First_Clean_Howard\DSC_0005.JPG,1920,1280,2,885.0,602.0,1116.0,735.0
Knife\Knife_First_Clean_Howard\DSC_0006.JPG,1920,1280,2,905.0,286.0,1008.0,548.0
Knife\Knife_First_Clean_Howard\DSC_0007.JPG,1920,1280,2,1041.0,658.0,1212.0,840.0
Knife\Knife_First_Clean_Howard\DSC_0008.JPG,1920,1280,2,922.0,467.0,977.0,729.0
Knife\Knife_First_Clean_Howard\DSC_0009.JPG,1920,1280,2,982.0,503.0,1148.0,616.0
Knife\Knife_First_Clean_Howard\DSC_0010.JPG,1920,1280,2,1434.0,563.0,1632.0,791.0
Knife\Knife_First_Clean_Howard\DSC_00011.JPG,1920,1281,2,1022.0,672.0,1181.0,748.0
Knife\Knife_First_Clean_Howard\DSC_0011.JPG,1920,1280,2,1066.0,633.0,1322.0,774.0
Knife\Knife_First_Clean_Howard\DSC_0012.JPG,1920,1280,2,866.0,513.0,1174.0,588.0
Knife\Knife_First_Clean_Howard\DSC_0013.JPG,1920,1280,2,803.0,375.0,897.0,621.0
Knife\Knife_First_Clean_Howard\DSC_0014.JPG,1920,1280,2,772.0,822.0,1055.0,951.0
Knife\Knife_First_Clean_Howard\DSC_0015.JPG,1920,1280,2,775.0,637.0,1228.0,793.0
Knife\Knife_First_Clean_Howard\DSC_0016.JPG,1920,1280,2,833.0,642.0,1059.0,741.0
Knife\Knife_First_Clean_Howard\DSC_0017.JPG,1920,1280,2,571.0,720.0,827.0,927.0
Knife\Knife_First_Clean_Howard\DSC_0018.JPG,1920,1280,2,620.0,714.0,811.0,863.0
Knife\Knife_First_Clean_Howard\DSC_0019.JPG,1920,1280,2,1101.0,718.0,1289.0,773.0
Knife\Knife_First_Clean_Howard\DSC_0020.JPG,1920,1280,2,1115.0,769.0,1253.0,838.0
Knife\Knife_First_Clean_Howard\DSC_00021.JPG,1920,1281,2,865.0,722.0,1039.0,826.0
Knife\Knife_First_Clean_Howard\DSC_0021.JPG,1920,1280,2,1102.0,883.0,1270.0,949.0
Knife\Knife_First_Clean_Howard\DSC_0022.JPG,1920,1280,2,951.0,963.0,1116.0,1077.0
Knife\Knife_First_Clean_Howard\DSC_0023.JPG,1920,1280,2,862.0,641.0,1115.0,698.0
Knife\Knife_First_Clean_Howard\DSC_0024.JPG,1920,1280,2,969.0,580.0,1073.0,696.0
Knife\Knife_First_Clean_Howard\DSC_0025.JPG,1920,1280,2,1026.0,448.0,1134.0,563.0
Knife\Knife_First_Clean_Howard\DSC_0026.JPG,1920,1280,2,1034.0,454.0,1181.0,530.0
Knife\Knife_First_Clean_Howard\DSC_0027.JPG,1920,1280,2,993.0,523.0,1177.0,654.0
Knife\Knife_First_Clean_Howard\DSC_0028.JPG,1920,1280,2,1029.0,550.0,1178.0,611.0
Knife\Knife_First_Clean_Howard\DSC_0029.JPG,1920,1280,2,1063.0,608.0,1121.0,803.0
Knife\Knife_First_Clean_Howard\DSC_0030.JPG,1920,1280,2,811.0,726.0,948.0,789.0
Knife\Knife_First_Clean_Howard\DSC_00031.JPG,1920,1281,2,867.0,913.0,937.0,1070.0
Knife\Knife_First_Clean_Howard\DSC_0031.JPG,1920,1280,2,557.0,670.0,719.0,751.0
Knife\Knife_First_Clean_Howard\DSC_0032.JPG,1920,1280,2,529.0,729.0,732.0,813.0
Knife\Knife_First_Clean_Howard\DSC_0033.JPG,1920,1280,2,514.0,732.0,730.0,826.0
Knife\Knife_First_Clean_Howard\DSC_0034.JPG,1920,1280,2,545.0,895.0,757.0,952.0
Knife\Knife_First_Clean_Howard\DSC_0035.JPG,1920,1280,2,673.0,615.0,726.0,834.0
Knife\Knife_First_Clean_Howard\DSC_0036.JPG,1920,1280,2,575.0,828.0,756.0,971.0
Knife\Knife_First_Clean_Howard\DSC_0037.JPG,1920,1280,2,930.0,642.0,1010.0,942.0
Knife\Knife_First_Clean_Howard\DSC_0038.JPG,1920,1280,2,828.0,778.0,890.0,986.0
Knife\Knife_First_Clean_Howard\DSC_0038.JPG,1920,1280,2,1111.0,689.0,1214.0,949.0
Knife\Knife_First_Clean_Howard\DSC_0039.JPG,1920,1280,2,729.0,498.0,1041.0,566.0
Knife\Knife_First_Clean_Howard\DSC_0039.JPG,1920,1280,2,769.0,824.0,841.0,1028.0
Knife\Knife_First_Clean_Howard\DSC_0040.JPG,1920,1280,2,767.0,639.0,1026.0,726.0
Knife\Knife_First_Clean_Howard\DSC_00041.JPG,1920,1281,2,850.0,927.0,985.0,1039.0
Knife\Knife_First_Clean_Howard\DSC_0041.JPG,1920,1280,2,989.0,517.0,1080.0,756.0
Knife\Knife_First_Clean_Howard\DSC_0042.JPG,1920,1280,2,1012.0,758.0,1058.0,967.0
Knife\Knife_First_Clean_Howard\DSC_0043.JPG,1920,1280,2,112.0,870.0,375.0,940.0
Knife\Knife_First_Clean_Howard\DSC_0043.JPG,1920,1280,2,1103.0,869.0,1257.0,976.0
Knife\Knife_First_Clean_Howard\DSC_0044.JPG,1920,1280,2,974.0,567.0,1032.0,862.0
Knife\Knife_First_Clean_Howard\DSC_0044.JPG,1920,1280,2,1100.0,577.0,1150.0,836.0
Knife\Knife_First_Clean_Howard\DSC_0045.JPG,1920,1280,2,960.0,708.0,1040.0,935.0
Knife\Knife_First_Clean_Howard\DSC_0046.JPG,1920,1280,2,943.0,681.0,1061.0,952.0
Knife\Knife_First_Clean_Howard\DSC_0047.JPG,1920,1280,2,949.0,755.0,1019.0,1050.0
Knife\Knife_First_Clean_Howard\DSC_0048.JPG,1920,1280,2,882.0,788.0,959.0,1008.0
Knife\Knife_First_Clean_Howard\DSC_0049.JPG,1920,1280,2,895.0,882.0,959.0,1126.0
Knife\Knife_First_Clean_Howard\DSC_0050.JPG,1920,1280,2,867.0,614.0,1033.0,888.0
Knife\Knife_First_Clean_Howard\DSC_00051.JPG,1920,1281,2,878.0,510.0,934.0,720.0
Knife\Knife_First_Clean_Howard\DSC_0051.JPG,1920,1280,2,807.0,885.0,1004.0,1027.0
Knife\Knife_First_Clean_Howard\DSC_0052.JPG,1920,1280,2,859.0,431.0,1108.0,836.0
Knife\Knife_First_Clean_Howard\DSC_0053.JPG,1920,1280,2,848.0,738.0,1082.0,800.0
Knife\Knife_First_Clean_Howard\DSC_0054.JPG,1920,1280,2,891.0,589.0,1074.0,806.0
Knife\Knife_First_Clean_Howard\DSC_0055.JPG,1920,1280,2,822.0,631.0,1090.0,789.0
Knife\Knife_First_Clean_Howard\DSC_0056.JPG,1920,1280,2,929.0,776.0,1100.0,836.0
Knife\Knife_First_Clean_Howard\DSC_0057.JPG,1920,1280,2,700.0,765.0,953.0,1024.0
Knife\Knife_First_Clean_Howard\DSC_0057.JPG,1920,1280,2,841.0,656.0,1223.0,897.0
Knife\Knife_First_Clean_Howard\DSC_0058.JPG,1920,1280,2,812.0,503.0,1132.0,1025.0
Knife\Knife_First_Clean_Howard\DSC_0059.JPG,1920,1280,2,883.0,731.0,1019.0,872.0
Knife\Knife_First_Clean_Howard\DSC_0060.JPG,1920,1280,2,843.0,819.0,1031.0,896.0
Knife\Knife_First_Clean_Howard\DSC_00061.JPG,1920,1281,2,999.0,587.0,1144.0,647.0
Knife\Knife_First_Clean_Howard\DSC_0061.JPG,1920,1281,2,824.0,578.0,976.0,995.0
Knife\Knife_First_Clean_Howard\DSC_0062.JPG,1920,1280,2,1049.0,667.0,1344.0,764.0
Knife\Knife_First_Clean_Howard\DSC_0063.JPG,1920,1280,2,683.0,968.0,840.0,1188.0
Knife\Knife_First_Clean_Howard\DSC_0064.JPG,1920,1280,2,578.0,1052.0,991.0,1213.0
Knife\Knife_First_Clean_Howard\DSC_0065.JPG,1920,1280,2,690.0,925.0,1028.0,1171.0
Knife\Knife_First_Clean_Howard\DSC_0066.JPG,1920,1280,2,648.0,959.0,868.0,1098.0
Knife\Knife_First_Clean_Howard\DSC_0067.JPG,1920,1280,2,770.0,850.0,830.0,1041.0
Knife\Knife_First_Clean_Howard\DSC_0069.JPG,1920,1281,2,623.0,768.0,710.0,865.0
Knife\Knife_First_Clean_Howard\DSC_0070.JPG,1920,1281,2,885.0,676.0,998.0,961.0
Knife\Knife_First_Clean_Howard\DSC_00071.JPG,1920,1281,2,987.0,663.0,1136.0,759.0
Knife\Knife_First_Clean_Howard\DSC_00081.JPG,1920,1281,2,1008.0,664.0,1168.0,754.0
Knife\Knife_First_Clean_Howard\DSC_00091.JPG,1920,1281,2,964.0,899.0,1118.0,996.0
Knife\Knife_First_Clean_Howard\DSC_00101.JPG,1920,1281,2,1007.0,704.0,1074.0,879.0
Knife\Knife_First_Clean_Howard\DSC_00111.JPG,1920,1281,2,1040.0,672.0,1114.0,880.0
Knife\Knife_First_Clean_Howard\DSC_00121.JPG,1920,1281,2,1005.0,517.0,1081.0,656.0
Knife\Knife_First_Clean_Howard\DSC_00131.JPG,1920,1281,2,895.0,983.0,1035.0,1036.0
Knife\Knife_First_Clean_Howard\DSC_00141.JPG,1920,1281,2,961.0,545.0,1087.0,591.0
Knife\Knife_First_Clean_Howard\DSC_00151.JPG,1920,1281,2,823.0,515.0,933.0,637.0
Knife\Knife_First_Clean_Howard\DSC_00161.JPG,1920,1281,2,874.0,487.0,954.0,696.0
Knife\Knife_First_Clean_Howard\DSC_00171.JPG,1920,1281,2,873.0,516.0,929.0,713.0
Knife\Knife_First_Clean_Howard\DSC_00181.JPG,1920,1281,2,893.0,508.0,975.0,747.0
Knife\Knife_First_Clean_Howard\DSC_00191.JPG,1920,1281,2,915.0,505.0,974.0,697.0
Knife\Knife_First_Clean_Howard\DSC_00201.JPG,1920,1281,2,896.0,511.0,965.0,752.0
Knife\Knife_First_Clean_Howard\DSC_00211.JPG,1920,1281,2,898.0,510.0,970.0,750.0
Knife\Knife_First_Clean_Howard\DSC_00221.JPG,1920,1281,2,900.0,550.0,1020.0,764.0
Knife\Knife_First_Clean_Howard\DSC_00231.JPG,1920,1281,2,897.0,551.0,1024.0,768.0
Knife\Knife_First_Clean_Howard\DSC_00241.JPG,1920,1281,2,864.0,587.0,1068.0,717.0
Knife\Knife_First_Clean_Howard\DSC_00251.JPG,1920,1281,2,863.0,603.0,1075.0,717.0
Knife\Knife_First_Clean_Howard\DSC_00261.JPG,1920,1281,2,861.0,614.0,1081.0,707.0
Knife\Knife_First_Clean_Howard\DSC_00271.JPG,1920,1281,2,867.0,604.0,1090.0,696.0
Knife\Knife_First_Clean_Howard\DSC_00281.JPG,1920,1281,2,873.0,643.0,1106.0,694.0
Knife\Knife_First_Clean_Howard\DSC_00291.JPG,1920,1281,2,867.0,596.0,1086.0,683.0
Knife\Knife_First_Clean_Howard\DSC_00301.JPG,1920,1281,2,1003.0,889.0,1175.0,1003.0
Knife\Knife_First_Clean_Howard\DSC_00311.JPG,1920,1281,2,1002.0,892.0,1173.0,1003.0
Knife\Knife_First_Clean_Howard\DSC_00321.JPG,1920,1281,2,1015.0,743.0,1062.0,955.0
Knife\Knife_First_Clean_Howard\DSC_00331.JPG,1920,1281,2,861.0,417.0,1051.0,538.0
Knife\Knife_First_Clean_Howard\DSC_00341.JPG,1920,1281,2,949.0,315.0,1036.0,466.0
Knife\Knife_First_Clean_Howard\DSC_00351.JPG,1920,1281,2,972.0,308.0,1108.0,403.0
Knife\Knife_First_Clean_Howard\DSC_00361.JPG,1920,1281,2,885.0,362.0,1039.0,390.0
Knife\Knife_First_Clean_Howard\DSC_00371.JPG,1920,1281,2,1201.0,177.0,1299.0,219.0
Knife\Knife_First_Clean_Howard\DSC_00381.JPG,1920,1281,2,1203.0,203.0,1299.0,241.0
Knife\Knife_First_Clean_Howard\DSC_00391.JPG,1920,1281,2,908.0,631.0,951.0,743.0
Knife\Knife_First_Clean_Howard\DSC_00401.JPG,1920,1281,2,862.0,431.0,1045.0,699.0
Knife\Knife_First_Clean_Howard\DSC_00411.JPG,1920,1281,2,845.0,494.0,1053.0,576.0
Knife\Knife_First_Clean_Howard\DSC_00421.JPG,1920,1281,2,913.0,505.0,1089.0,634.0
Knife\Knife_First_Clean_Howard\DSC_00431.JPG,1920,1281,2,922.0,518.0,1084.0,684.0
Knife\Knife_First_Clean_Howard\DSC_00441.JPG,1920,1281,2,862.0,521.0,1087.0,674.0
Knife\Knife_First_Clean_Howard\DSC_00451.JPG,1920,1281,2,734.0,563.0,1157.0,681.0
Knife\Knife_First_Clean_Howard\DSC_00461.JPG,1920,1281,2,919.0,341.0,1008.0,549.0
Knife\Knife_First_Clean_Howard\DSC_00471.JPG,1920,1281,2,888.0,777.0,1003.0,1010.0
Knife\Knife_First_Clean_Howard\DSC_00481.JPG,1920,1281,2,517.0,790.0,830.0,925.0
Knife\Knife_First_Clean_Howard\DSC_00491.JPG,1920,1281,2,528.0,755.0,753.0,818.0
Knife\Knife_First_Clean_Howard\DSC_00501.JPG,1920,1281,2,646.0,519.0,793.0,687.0
Knife\Knife_First_Clean_Howard\DSC_00511.JPG,1920,1281,2,590.0,496.0,662.0,730.0
Knife\Knife_First_Clean_Howard\DSC_00521.JPG,1920,1281,2,545.0,558.0,860.0,660.0
Knife\Knife_First_Clean_Howard\DSC_00531.JPG,1920,1281,2,572.0,611.0,717.0,756.0
Knife\Knife_First_Clean_Howard\DSC_00541.JPG,1920,1281,2,625.0,363.0,740.0,593.0
Knife\Knife_First_Clean_Howard\DSC_00551.JPG,1920,1281,2,641.0,364.0,783.0,628.0
Knife\Knife_First_Clean_Howard\DSC_00561.JPG,1920,1281,2,665.0,412.0,751.0,599.0
Knife\Knife_First_Clean_Howard\DSC_00571.JPG,1920,1281,2,639.0,670.0,719.0,891.0
Knife\Knife_First_Clean_Howard\DSC_00581.JPG,1920,1281,2,649.0,792.0,751.0,1030.0
Knife\Knife_First_Clean_Howard\DSC_00591.JPG,1920,1281,2,637.0,679.0,771.0,999.0
Knife\Knife_First_Clean_Howard\DSC_00601.JPG,1920,1281,2,503.0,821.0,895.0,992.0
Knife\Knife_First_Clean_Howard\DSC_00621.JPG,1920,1281,2,817.0,852.0,977.0,898.0
Knife\Knife_First_Clean_Howard\knife_1.jpg,655,438,2,51.0,108.0,587.0,379.0
Knife\Knife_First_Clean_Howard\knife_2.jpg,439,294,2,1.0,52.0,400.0,263.0
Knife\Knife_First_Clean_Howard\knife_3.jpg,416,286,2,42.0,64.0,314.0,165.0
Knife\Knife_First_Clean_Howard\knife_10.jpg,457,372,2,118.0,7.0,324.0,240.0
Knife\Knife_First_Clean_Howard\knife_12.jpg,744,558,2,78.0,21.0,718.0,547.0
Knife\Knife_First_Clean_Howard\knife_14.jpg,1046,1034,2,176.0,1.0,759.0,1013.0
Knife\Knife_First_Clean_Howard\knife_15.jpg,608,422,2,9.0,218.0,444.0,307.0
Knife\Knife_First_Clean_Howard\knife_21.jpg,163,125,2,72.0,39.0,122.0,61.0
Knife\Knife_First_Clean_Howard\knife_29.jpg,357,277,2,91.0,4.0,305.0,225.0
Knife\Knife_First_Clean_Howard\knife_30.jpg,590,420,2,385.0,175.0,589.0,416.0
Knife\Knife_First_Clean_Howard\knife_33.jpg,590,390,2,36.0,62.0,386.0,240.0
Knife\Knife_First_Clean_Howard\knife_35.jpg,1280,914,2,134.0,46.0,1279.0,830.0
Knife\Knife_First_Clean_Howard\knife_36.jpg,800,533,2,251.0,224.0,779.0,419.0
Knife\Knife_First_Clean_Howard\knife_37.jpg,644,393,2,9.0,111.0,475.0,341.0
Knife\Knife_First_Clean_Howard\knife_42.jpg,577,399,2,137.0,91.0,328.0,389.0
Knife\Knife_First_Clean_Howard\knife_49.jpg,250,196,2,75.0,13.0,114.0,167.0
Knife\Knife_First_Clean_Howard\knife_50.jpg,2000,1500,2,68.0,95.0,1311.0,1061.0
Knife\Knife_First_Clean_Howard\knife_60.jpg,219,165,2,70.0,32.0,135.0,92.0
Knife\Knife_First_Clean_Howard\knife_61.jpg,581,457,2,148.0,127.0,271.0,445.0
Knife\Knife_First_Clean_Howard\knife_62.jpg,451,341,2,90.0,94.0,391.0,244.0
Knife\Knife_First_Clean_Howard\knife_67.jpg,810,517,2,20.0,130.0,582.0,464.0
Knife\Knife_First_Clean_Howard\knife_70.jpg,310,222,2,118.0,43.0,171.0,157.0
Knife\Knife_First_Clean_Howard\knife_72.jpg,361,286,2,67.0,25.0,120.0,285.0
Knife\Knife_First_Clean_Howard\knife_74.jpg,682,422,2,123.0,37.0,491.0,338.0
Knife\Knife_First_Clean_Howard\knife_75.jpg,376,266,2,123.0,91.0,191.0,239.0
Knife\Knife_First_Clean_Howard\knife_76.jpg,492,359,2,8.0,13.0,303.0,252.0
Knife\Knife_First_Clean_Howard\knife_77.jpg,206,150,2,75.0,86.0,175.0,136.0
Knife\Knife_First_Clean_Howard\knife_78.jpg,677,451,2,274.0,154.0,470.0,450.0
Knife\Knife_First_Clean_Howard\knife_79.jpg,582,419,2,193.0,203.0,461.0,313.0
Knife\Knife_First_Clean_Howard\knife_84.jpg,559,463,2,110.0,26.0,319.0,403.0
Knife\Knife_First_Clean_Howard\knife_86.jpg,480,478,2,157.0,6.0,465.0,477.0
Knife\Knife_First_Clean_Howard\knife_87.jpg,309,225,2,33.0,50.0,147.0,185.0
Knife\Knife_First_Clean_Howard\knife_88.jpg,3000,1688,2,1.0,1.0,2217.0,1322.0
Knife\Knife_First_Clean_Howard\knife_90.jpg,1082,816,2,299.0,27.0,432.0,808.0
Knife\Knife_First_Clean_Howard\knife_93.jpg,650,488,2,38.0,91.0,467.0,355.0
Knife\Knife_First_Clean_Howard\knife_96.jpg,601,286,2,1.0,47.0,460.0,236.0
Knife\Knife_First_Clean_Howard\knife_97.jpg,516,290,2,1.0,1.0,398.0,289.0
Knife\Knife_First_Clean_Howard\knife_99.jpg,168,121,2,29.0,8.0,80.0,49.0
Knife\Knife_First_Clean_Howard\knife_101.jpg,660,371,2,195.0,65.0,626.0,370.0
Knife\Knife_First_Clean_Howard\knife_102.jpg,590,400,2,21.0,19.0,579.0,382.0
Knife\Knife_First_Clean_Howard\knife_108.jpg,233,167,2,59.0,33.0,95.0,163.0
Knife\Knife_First_Clean_Howard\knife_108.jpg,233,167,2,110.0,28.0,168.0,140.0
Knife\Knife_First_Clean_Howard\knife_110.jpg,640,360,2,139.0,98.0,624.0,339.0
Knife\Knife_First_Clean_Howard\knife_113.jpg,866,634,2,261.0,216.0,809.0,464.0
Knife\Knife_First_Clean_Howard\knife_114.jpg,2832,2128,2,1.0,692.0,2744.0,1437.0
Knife\Knife_First_Clean_Howard\knife_118.jpg,565,379,2,68.0,143.0,454.0,217.0
Knife\Knife_First_Clean_Howard\knife_119.jpg,572,393,2,90.0,133.0,555.0,282.0
Knife\Knife_First_Clean_Howard\knife_120.jpg,636,481,2,136.0,31.0,321.0,458.0
Knife\Knife_First_Clean_Howard\knife_121.jpg,736,723,2,216.0,151.0,720.0,718.0
Knife\Knife_First_Clean_Howard\knife_123.jpg,584,445,2,136.0,5.0,219.0,439.0
Knife\Knife_First_Clean_Howard\knife_127.jpg,800,525,2,44.0,24.0,632.0,501.0
Knife\Knife_First_Clean_Howard\knife_129.jpg,523,339,2,128.0,99.0,442.0,277.0
Knife\Knife_First_Clean_Howard\knife_130.jpg,395,278,2,64.0,164.0,338.0,247.0
Knife\Knife_First_Clean_Howard\knife_133.jpg,2000,1333,2,768.0,89.0,1402.0,1101.0
Knife\Knife_First_Clean_Howard\knife_135.jpg,640,458,2,33.0,69.0,525.0,446.0
Knife\Knife_First_Clean_Howard\knife_138.jpg,468,323,2,55.0,50.0,414.0,170.0
Knife\Knife_First_Clean_Howard\knife_142.jpg,364,285,2,121.0,15.0,359.0,202.0
Knife\Knife_First_Clean_Howard\knife_144.jpg,617,360,2,1.0,69.0,519.0,282.0
Knife\Knife_First_Clean_Howard\knife_146.jpg,627,457,2,152.0,56.0,265.0,438.0
Knife\Knife_First_Clean_Howard\knife_147.jpg,376,258,2,27.0,42.0,224.0,244.0
Knife\Knife_First_Clean_Howard\knife_149.jpg,350,234,2,99.0,109.0,341.0,176.0
Knife\Knife_First_Clean_Howard\knife_154.jpg,170,119,2,68.0,26.0,118.0,79.0
Knife\Knife_First_Clean_Howard\knife_157.jpg,512,350,2,191.0,78.0,356.0,349.0
Knife\Knife_First_Clean_Howard\knife_162.jpg,294,208,2,7.0,79.0,221.0,124.0
Knife\Knife_First_Clean_Howard\knife_163.jpg,400,346,2,15.0,1.0,365.0,294.0
Knife\Knife_First_Clean_Howard\knife_165.jpg,640,431,2,131.0,5.0,638.0,336.0
Knife\Knife_First_Clean_Howard\knife_166.jpg,479,328,2,69.0,113.0,423.0,227.0
Knife\Knife_First_Clean_Howard\knife_169.jpg,1024,683,2,237.0,269.0,865.0,504.0
Knife\Knife_First_Clean_Howard\knife_184.jpg,482,330,2,194.0,130.0,442.0,277.0
Knife\Knife_First_Clean_Howard\knife_186.jpg,938,696,2,165.0,27.0,599.0,627.0
Knife\Knife_First_Clean_Howard\knife_187.jpg,279,180,2,12.0,7.0,236.0,159.0
Knife\Knife_First_Clean_Howard\knife_188.jpg,598,393,2,44.0,20.0,175.0,301.0
Knife\Knife_First_Clean_Howard\knife_189.jpg,400,291,2,80.0,1.0,207.0,149.0
Knife\Knife_First_Clean_Howard\knife_190.jpg,609,434,2,19.0,71.0,282.0,306.0
Knife\Knife_First_Clean_Howard\knife_191.jpg,640,555,2,37.0,4.0,599.0,554.0
Knife\Knife_First_Clean_Howard\knife_192.jpg,799,600,2,108.0,10.0,769.0,553.0
Knife\Knife_First_Clean_Howard\knife_195.jpg,565,406,2,294.0,63.0,557.0,405.0
Knife\Knife_First_Clean_Howard\knife_196.jpg,558,375,2,64.0,139.0,414.0,234.0
Knife\Knife_First_Clean_Howard\knife_199.jpg,516,290,2,82.0,65.0,515.0,289.0
Knife\Knife_First_Clean_Howard\knife_200.jpg,640,426,2,149.0,120.0,622.0,291.0
Knife\Knife_First_Clean_Howard\knife_206.jpg,428,276,2,40.0,82.0,227.0,195.0
Knife\Knife_First_Clean_Howard\knife_215.jpg,383,256,2,73.0,107.0,361.0,216.0
Knife\Knife_First_Clean_Howard\knife_216.jpg,740,542,2,148.0,170.0,474.0,319.0
Knife\Knife_First_Clean_Howard\knife_217.jpg,237,172,2,58.0,30.0,157.0,112.0
Knife\Knife_First_Clean_Howard\knife_220.jpg,170,131,2,64.0,22.0,89.0,95.0
Knife\Knife_First_Clean_Howard\knife_224.jpg,304,215,2,87.0,35.0,206.0,150.0
Knife\Knife_First_Clean_Howard\knife_225.jpg,1024,768,2,318.0,131.0,1019.0,572.0
Knife\Knife_First_Clean_Howard\knife_226.jpg,1024,719,2,229.0,6.0,747.0,597.0
Knife\Knife_First_Clean_Howard\knife_227.jpg,575,426,2,75.0,42.0,394.0,289.0
Knife\Knife_First_Clean_Howard\knife_231.jpg,375,274,2,156.0,30.0,316.0,194.0
Knife\Knife_First_Clean_Howard\knife_232.jpg,320,227,2,49.0,29.0,213.0,174.0
Knife\Knife_First_Clean_Howard\knife_243.jpg,1224,720,2,13.0,139.0,937.0,604.0
Knife\Knife_First_Clean_Howard\knife_251.jpg,625,582,2,285.0,14.0,604.0,277.0
Knife\Knife_First_Clean_Howard\knife_254.jpg,976,682,2,208.0,283.0,941.0,505.0
Knife\Knife_First_Clean_Howard\knife_275.jpg,620,413,2,236.0,50.0,507.0,187.0
Knife\Knife_First_Clean_Howard\knife_282.jpg,225,173,2,10.0,77.0,129.0,154.0
Knife\Knife_First_Clean_Howard\knife_283.jpg,512,384,2,212.0,10.0,361.0,191.0
Knife\Knife_First_Clean_Howard\knife_284.jpg,400,315,2,18.0,109.0,213.0,306.0
Knife\Knife_First_Clean_Howard\knife_290.jpg,640,480,2,7.0,2.0,400.0,299.0
Knife\Knife_First_Clean_Howard\knife_291.jpg,640,420,2,43.0,269.0,397.0,405.0
Knife\Knife_First_Clean_Howard\knife_291.jpg,640,420,2,4.0,176.0,384.0,316.0
Knife\Knife_First_Clean_Howard\knife_291.jpg,640,420,2,53.0,65.0,364.0,218.0
Knife\Knife_First_Clean_Howard\knife_292.jpg,1024,576,2,235.0,138.0,577.0,360.0
Knife\Knife_First_Clean_Howard\knife_293.jpg,625,469,2,360.0,16.0,569.0,220.0
Knife\Knife_First_Clean_Howard\knife_294.jpg,460,359,2,1.0,146.0,271.0,299.0
Knife\Knife_First_Clean_Howard\knife_295.jpg,1600,972,2,699.0,105.0,1349.0,611.0
Knife\Knife_First_Clean_Howard\knife_304.jpg,300,233,2,3.0,1.0,126.0,100.0
Knife\Knife_First_Clean_Howard\knife_307.jpg,640,480,2,11.0,246.0,291.0,326.0
Knife\Knife_First_Clean_Howard\knife_309.jpg,1920,1440,2,831.0,304.0,1889.0,1018.0
Knife\Knife_First_Clean_Howard\knife_316.jpg,989,512,2,1.0,91.0,475.0,318.0
Knife\Knife_First_Clean_Howard\knife_325.jpg,900,600,2,392.0,250.0,861.0,567.0
Knife\Knife_First_Clean_Howard\knife_327.jpg,225,182,2,30.0,84.0,141.0,147.0
Knife\Knife_First_Clean_Howard\knife_330.jpg,1600,1124,2,491.0,262.0,999.0,787.0
Knife\Knife_First_Clean_Howard\knife_332.jpg,800,525,2,402.0,180.0,739.0,328.0
Knife\Knife_First_Clean_Howard\knife_333.jpg,500,378,2,2.0,164.0,238.0,371.0
Knife\Knife_First_Clean_Howard\knife_334.jpg,900,697,2,1.0,15.0,403.0,333.0
Knife\Knife_First_Clean_Howard\knife_336.jpg,1500,1122,2,19.0,338.0,683.0,762.0
Knife\Knife_First_Clean_Howard\knife_340.jpg,777,536,2,1.0,191.0,425.0,355.0
Knife\Knife_First_Clean_Howard\knife_342.jpg,250,187,2,118.0,69.0,194.0,181.0
Knife\Knife_First_Clean_Howard\knife_343.jpg,640,480,2,24.0,294.0,551.0,459.0
Knife\Knife_First_Clean_Howard\knife_344.jpg,550,412,2,222.0,20.0,548.0,219.0
Knife\Knife_First_Clean_Howard\knife_347.jpg,900,674,2,124.0,246.0,540.0,646.0
Knife\Knife_First_Clean_Howard\knife_348.jpg,754,571,2,311.0,1.0,753.0,263.0
Knife\Knife_First_Clean_Howard\knife_349.jpg,700,500,2,37.0,231.0,324.0,467.0
Knife\Knife_First_Clean_Howard\knife_351.jpg,1498,1004,2,155.0,94.0,982.0,590.0
Knife\Knife_First_Clean_Howard\knife_352.jpg,640,480,2,364.0,31.0,627.0,217.0
Knife\Knife_First_Clean_Howard\knife_355.jpg,1600,1008,2,153.0,169.0,928.0,642.0
Knife\Knife_First_Clean_Howard\knife_358.jpg,864,636,2,28.0,234.0,604.0,607.0
Knife\Knife_First_Clean_Howard\knife_361.jpg,821,550,2,206.0,120.0,525.0,312.0
Knife\Knife_First_Clean_Howard\knife_361.jpg,821,550,2,15.0,10.0,281.0,329.0
Knife\Knife_First_Clean_Howard\knife_363.jpg,1000,724,2,39.0,343.0,529.0,651.0
Knife\Knife_First_Clean_Howard\knife_363.jpg,1000,724,2,503.0,85.0,849.0,290.0
Knife\Knife_First_Clean_Howard\knife_364.jpg,626,384,2,4.0,124.0,431.0,375.0
Knife\Knife_First_Clean_Howard\knife_366.jpg,625,439,2,313.0,170.0,582.0,437.0
Knife\Knife_First_Clean_Howard\knife_367.jpg,1600,1010,2,322.0,51.0,859.0,528.0
Knife\Knife_First_Clean_Howard\knife_368.jpg,250,188,2,4.0,74.0,156.0,178.0
Knife\Knife_First_Clean_Howard\knife_375.jpg,600,437,2,18.0,232.0,289.0,431.0
Knife\Knife_First_Clean_Howard\knife_380.jpg,1500,979,2,19.0,402.0,890.0,769.0
Knife\Knife_First_Clean_Howard\knife_381.jpg,720,552,2,21.0,315.0,382.0,533.0
Knife\Knife_First_Clean_Howard\knife_384.jpg,385,344,2,43.0,145.0,181.0,342.0
Knife\Knife_First_Clean_Howard\knife_385.jpg,640,405,2,3.0,59.0,337.0,192.0
Knife\Knife_First_Clean_Howard\knife_386.jpg,701,467,2,18.0,165.0,102.0,313.0
Knife\Knife_First_Clean_Howard\knife_386.jpg,701,467,2,135.0,115.0,188.0,284.0
Knife\Knife_First_Clean_Howard\knife_386.jpg,701,467,2,233.0,116.0,274.0,270.0
Knife\Knife_First_Clean_Howard\knife_386.jpg,701,467,2,305.0,121.0,343.0,260.0
Knife\Knife_First_Clean_Howard\knife_386.jpg,701,467,2,402.0,52.0,465.0,238.0
Knife\Knife_First_Clean_Howard\knife_386.jpg,701,467,2,487.0,137.0,537.0,271.0
Knife\Knife_First_Clean_Howard\knife_390.jpg,1600,1001,2,247.0,71.0,1036.0,606.0
Knife\Knife_First_Clean_Howard\knife_391.jpg,800,596,2,400.0,215.0,787.0,335.0
Knife\Knife_First_Clean_Howard\knife_403.jpg,776,437,2,26.0,126.0,428.0,263.0
Knife\Knife_First_Clean_Howard\knife_404.jpg,1024,576,2,191.0,134.0,737.0,528.0
Knife\Knife_First_Clean_Howard\knife_405.jpg,411,262,2,10.0,96.0,259.0,160.0
Knife\Knife_First_Clean_Howard\knife_406.jpg,640,480,2,113.0,113.0,377.0,312.0
Knife\Knife_First_Clean_Howard\knife_409.jpg,640,480,2,14.0,194.0,291.0,413.0
Knife\Knife_First_Clean_Howard\knife_411.jpg,500,375,2,24.0,103.0,336.0,364.0
Knife\Knife_First_Clean_Howard\knife_414.jpg,600,398,2,246.0,79.0,555.0,255.0
Knife\Knife_First_Clean_Howard\knife_416.jpg,960,720,2,135.0,317.0,462.0,576.0
Knife\Knife_First_Clean_Howard\knife_419.jpg,864,580,2,28.0,231.0,477.0,552.0
Knife\Knife_First_Clean_Howard\knife_422.jpg,559,364,2,48.0,233.0,365.0,311.0
Knife\Knife_First_Clean_Howard\knife_422.jpg,559,364,2,125.0,171.0,388.0,243.0
Knife\Knife_First_Clean_Howard\knife_422.jpg,559,364,2,241.0,137.0,352.0,172.0
Knife\Knife_First_Clean_Howard\knife_423.jpg,750,524,2,165.0,127.0,749.0,480.0
Knife\Knife_First_Clean_Howard\knife_424.jpg,640,480,2,16.0,276.0,381.0,414.0
Knife\Knife_First_Clean_Howard\knife_425.jpg,800,636,2,1.0,228.0,349.0,635.0
Knife\Knife_First_Clean_Howard\knife_426.jpg,440,270,2,148.0,1.0,269.0,73.0
Knife\Knife_First_Clean_Howard\knife_426.jpg,440,270,2,215.0,46.0,345.0,123.0
Knife\Knife_First_Clean_Howard\knife_426.jpg,440,270,2,289.0,101.0,415.0,189.0
Knife\Knife_First_Clean_Howard\knife_433.jpg,600,448,2,284.0,233.0,571.0,428.0
Knife\Knife_First_Clean_Howard\knife_435.jpg,859,564,2,65.0,254.0,551.0,526.0
Knife\Knife_First_Clean_Howard\knife_437.jpg,640,406,2,257.0,44.0,519.0,227.0
Knife\Knife_First_Clean_Howard\knife_441.jpg,500,375,2,23.0,94.0,145.0,205.0
Knife\Knife_First_Clean_Howard\knife_441.jpg,500,375,2,76.0,128.0,246.0,269.0
Knife\Knife_First_Clean_Howard\knife_441.jpg,500,375,2,162.0,170.0,360.0,337.0
Knife\Knife_First_Clean_Howard\knife_447.jpg,640,480,2,98.0,281.0,356.0,441.0
Knife\Knife_First_Clean_Howard\knife_447.jpg,640,480,2,75.0,204.0,295.0,318.0
Knife\Knife_First_Clean_Howard\knife_447.jpg,640,480,2,51.0,131.0,252.0,235.0
Knife\Knife_First_Clean_Howard\knife_448.jpg,225,219,2,8.0,94.0,117.0,211.0
Knife\Knife_First_Clean_Howard\knife_449.jpg,614,551,2,282.0,173.0,408.0,548.0
Knife\Knife_First_Clean_Howard\knife_450.jpg,357,252,2,13.0,62.0,61.0,243.0
Knife\Knife_First_Clean_Howard\knife_454.jpg,800,553,2,100.0,225.0,496.0,469.0
Knife\Knife_First_Clean_Howard\knife_456.jpg,500,375,2,39.0,162.0,332.0,363.0
Knife\Knife_First_Clean_Howard\knife_458.jpg,1000,748,2,103.0,340.0,555.0,684.0
Knife\Knife_First_Clean_Howard\knife_459.jpg,1000,748,2,82.0,339.0,565.0,713.0
Knife\Knife_First_Clean_Howard\knife_460.jpg,1000,746,2,70.0,284.0,569.0,713.0
Knife\Knife_First_Clean_Howard\knife_462.jpg,800,600,2,379.0,303.0,715.0,583.0
Knife\Knife_First_Clean_Howard\knife_463.jpg,1500,1125,2,561.0,72.0,1471.0,790.0
Knife\Knife_First_Clean_Howard\knife_464.jpg,3264,2448,2,1760.0,406.0,3208.0,1085.0
Knife\Knife_First_Clean_Howard\knife_465.jpg,3264,2448,2,1512.0,324.0,3073.0,1189.0
Knife\Knife_First_Clean_Howard\knife_466.jpg,3264,2448,2,1834.0,228.0,3069.0,1224.0
Knife\Knife_First_Clean_Howard\knife_467.jpg,3264,2448,2,86.0,1015.0,1647.0,2098.0
Knife\Knife_First_Clean_Howard\knife_468.jpg,4000,3000,2,65.0,1184.0,1871.0,2689.0
Knife\Knife_First_Clean_Howard\knife_469.jpg,4000,3000,2,134.0,1131.0,1960.0,2578.0
Knife\Knife_First_Clean_Howard\knife_471.jpg,652,413,2,8.0,131.0,359.0,397.0
Knife\Knife_First_Clean_Howard\knife_472.jpg,990,620,2,11.0,206.0,550.0,567.0
Knife\Knife_First_Clean_Howard\knife_473.jpg,645,472,2,12.0,195.0,299.0,468.0
Knife\Knife_First_Clean_Howard\knife_478.jpg,2000,1334,2,159.0,135.0,975.0,643.0
Knife\Knife_First_Clean_Howard\knife_479.jpg,450,300,2,119.0,44.0,190.0,108.0
Knife\Knife_First_Clean_Howard\knife_480.jpg,863,1300,2,125.0,281.0,669.0,1068.0
Knife\Knife_First_Clean_Howard\knife_481.jpg,900,598,2,259.0,184.0,425.0,541.0
Knife\Knife_First_Clean_Howard\knife_482.jpg,450,300,2,229.0,19.0,344.0,176.0
Knife\Knife_First_Clean_Howard\knife_483.jpg,935,600,2,256.0,106.0,713.0,584.0
Knife\Knife_First_Clean_Howard\knife_484.jpg,800,800,2,344.0,155.0,753.0,674.0
Knife\Knife_First_Clean_Howard\knife_485.jpg,800,800,2,37.0,347.0,136.0,548.0
Knife\Knife_First_Clean_Howard\knife_485.jpg,800,800,2,668.0,361.0,761.0,615.0
Knife\Knife_First_Clean_Howard\knife_486.jpg,236,438,2,88.0,204.0,224.0,430.0
Knife\Knife_First_Clean_Howard\knife_487.jpg,1023,682,2,283.0,112.0,504.0,407.0
Knife\Knife_First_Clean_Howard\knife_488.jpg,1023,680,2,150.0,236.0,900.0,609.0
Knife\Knife_First_Clean_Howard\knife_489.jpg,910,605,2,45.0,202.0,730.0,388.0
Knife\Knife_First_Clean_Howard\knife_490.jpg,893,800,2,275.0,120.0,842.0,765.0
Knife\Knife_First_Clean_Howard\knife_491.jpg,1035,519,2,140.0,102.0,463.0,401.0
Knife\Knife_First_Clean_Howard\knife_491.jpg,1035,519,2,570.0,91.0,891.0,401.0
Knife\Knife_First_Clean_Howard\knife_492.jpg,1040,693,2,361.0,352.0,979.0,591.0
Knife\Knife_First_Clean_Howard\knife_493.jpg,1300,868,2,88.0,292.0,943.0,541.0
Knife\Knife_First_Clean_Howard\knife_494.jpg,450,297,2,198.0,40.0,322.0,292.0
Knife\Knife_First_Clean_Howard\knife_495.jpg,1300,858,2,421.0,193.0,886.0,712.0
Knife\Knife_First_Clean_Howard\knife_496.jpg,450,321,2,22.0,45.0,229.0,139.0
Knife\Knife_First_Clean_Howard\knife_498.jpg,1500,1099,2,672.0,317.0,796.0,882.0
Knife\Knife_First_Clean_Howard\knife_499.jpg,1300,866,2,647.0,161.0,1120.0,583.0
Knife\Knife_First_Clean_Howard\knife_500.jpg,480,320,2,268.0,145.0,425.0,264.0
Knife\Knife_First_Clean_Howard\knife_501.jpg,1023,685,2,324.0,110.0,893.0,607.0
Knife\Knife_First_Clean_Howard\knife_502.jpg,682,1023,2,392.0,533.0,547.0,855.0
Knife\Knife_First_Clean_Howard\knife_502.jpg,682,1023,2,1.0,537.0,168.0,808.0
Knife\Knife_First_Clean_Howard\knife_503.jpg,1300,841,2,36.0,325.0,929.0,690.0
Knife\Knife_First_Clean_Howard\knife_504.jpg,1300,866,2,235.0,163.0,751.0,694.0
Knife\Knife_First_Clean_Howard\knife_505.jpg,734,1024,2,57.0,375.0,231.0,746.0
Knife\Knife_First_Clean_Howard\knife_506.jpg,602,575,2,30.0,94.0,406.0,548.0
Knife\Knife_First_Clean_Howard\knife_507.jpg,800,533,2,254.0,212.0,488.0,333.0
Knife\Knife_First_Clean_Howard\knife_508.jpg,300,447,2,46.0,218.0,260.0,408.0
Knife\Knife_First_Clean_Howard\knife_509.jpg,532,518,2,236.0,64.0,364.0,437.0
Knife\Knife_First_Clean_Howard\knife_510.jpg,531,800,2,154.0,365.0,422.0,647.0
Knife\Knife_First_Clean_Howard\knife_511.jpg,800,533,2,260.0,87.0,466.0,336.0
Knife\Knife_First_Clean_Howard\knife_512.jpg,628,455,2,161.0,40.0,546.0,434.0
Knife\Knife_First_Clean_Howard\knife_513.jpg,270,180,2,9.0,15.0,170.0,137.0
Knife\Knife_First_Clean_Howard\knife_514.jpg,1300,1174,2,494.0,157.0,1282.0,829.0
Knife\Knife_First_Clean_Howard\knife_515.jpg,450,299,2,1.0,154.0,171.0,270.0
Knife\Knife_First_Clean_Howard\knife_516.jpg,1040,693,2,135.0,44.0,548.0,604.0
Knife\Knife_First_Clean_Howard\knife_517.jpg,346,519,2,158.0,45.0,266.0,282.0
Knife\Knife_First_Clean_Howard\knife_518.jpg,975,1300,2,277.0,50.0,533.0,1135.0
Knife\Knife_First_Clean_Howard\knife_519.jpg,1300,865,2,211.0,44.0,1178.0,618.0
Knife\Knife_First_Clean_Howard\knife_520.jpg,1024,928,2,455.0,118.0,1014.0,697.0
Knife\Knife_First_Clean_Howard\knife_521.jpg,270,180,2,164.0,19.0,250.0,149.0
Knife\Knife_First_Clean_Howard\knife_522.jpg,1300,1241,2,68.0,194.0,853.0,1193.0
Knife\Knife_First_Clean_Howard\knife_523.jpg,240,160,2,5.0,19.0,67.0,108.0
Knife\Knife_First_Clean_Howard\knife_524.jpg,1300,870,2,313.0,144.0,1137.0,756.0
Knife\Knife_First_Clean_Howard\knife_525.jpg,450,300,2,164.0,120.0,428.0,222.0
Knife\Knife_First_Clean_Howard\knife_526.jpg,870,1298,2,244.0,328.0,855.0,1120.0
Knife\Knife_First_Clean_Howard\knife_527.jpg,862,1134,2,175.0,176.0,586.0,1103.0
Knife\Knife_First_Clean_Howard\knife_528.jpg,1300,1125,2,191.0,1.0,932.0,841.0
Knife\Knife_First_Clean_Howard\knife_529.jpg,866,1301,2,151.0,751.0,688.0,1198.0
Knife\Knife_First_Clean_Howard\knife_530.jpg,800,533,2,291.0,149.0,457.0,494.0
Knife\Knife_First_Clean_Howard\knife_531.jpg,1300,896,2,34.0,295.0,1069.0,854.0
Knife\Knife_First_Clean_Howard\knife_532.jpg,800,510,2,235.0,48.0,520.0,350.0
Knife\Knife_First_Clean_Howard\knife_533.jpg,1500,992,2,688.0,555.0,1217.0,954.0
Knife\Knife_First_Clean_Howard\knife_534.jpg,450,449,2,243.0,28.0,335.0,273.0
Knife\Knife_First_Clean_Howard\knife_535.jpg,450,413,2,165.0,208.0,275.0,412.0
Knife\Knife_First_Clean_Howard\knife_536.jpg,852,480,2,112.0,41.0,582.0,256.0
Knife\Knife_First_Clean_Howard\knife_537.jpg,640,425,2,109.0,110.0,276.0,382.0
Knife\Knife_First_Clean_Howard\knife_538.jpg,800,533,2,232.0,118.0,506.0,382.0
Knife\Knife_First_Clean_Howard\knife_539.jpg,297,448,2,12.0,85.0,61.0,193.0
Knife\Knife_First_Clean_Howard\knife_540.jpg,450,295,2,103.0,56.0,242.0,154.0
Knife\Knife_First_Clean_Howard\knife_541.jpg,2304,3456,2,168.0,611.0,1591.0,3430.0
Knife\Knife_First_Clean_Howard\knife_542.jpg,1300,901,2,236.0,213.0,795.0,741.0
Knife\Knife_First_Clean_Howard\knife_543.jpg,660,371,2,249.0,177.0,437.0,291.0
Knife\Knife_First_Clean_Howard\knife_544.jpg,1300,865,2,352.0,134.0,1253.0,686.0
Knife\Knife_First_Clean_Howard\knife_545.jpg,1000,666,2,291.0,194.0,851.0,358.0
Knife\Knife_First_Clean_Howard\knife_546.jpg,899,1300,2,511.0,25.0,847.0,833.0
Knife\Knife_First_Clean_Howard\knife_547.jpg,868,1300,2,377.0,391.0,481.0,664.0
Knife\Knife_First_Clean_Howard\knife_548.jpg,450,449,2,189.0,94.0,287.0,435.0
Knife\Knife_First_Clean_Howard\knife_549.jpg,396,398,2,78.0,150.0,235.0,387.0
Knife\Knife_First_Clean_Howard\knife_550.jpg,714,480,2,134.0,170.0,280.0,350.0
Knife\Knife_First_Clean_Howard\knife_551.jpg,450,297,2,99.0,67.0,320.0,240.0
Knife\Knife_First_Clean_Howard\knife_552.jpg,800,533,2,219.0,195.0,429.0,302.0
Knife\Knife_First_Clean_Howard\knife_553.jpg,356,500,2,81.0,109.0,121.0,190.0
Knife\Knife_First_Clean_Howard\knife_554.jpg,500,667,2,143.0,42.0,315.0,465.0
Knife\Knife_First_Clean_Howard\knife_555.jpg,1023,685,2,52.0,110.0,859.0,460.0
Knife\Knife_First_Clean_Howard\knife_556.jpg,600,450,2,134.0,152.0,554.0,388.0
Knife\Knife_First_Clean_Howard\knife_557.jpg,1300,867,2,106.0,236.0,1100.0,663.0
Knife\Knife_First_Clean_Howard\knife_558.jpg,299,449,2,154.0,123.0,247.0,444.0
Knife\Knife_First_Clean_Howard\knife_559.jpg,300,448,2,120.0,152.0,160.0,292.0
Knife\Knife_First_Clean_Howard\knife_560.jpg,640,425,2,143.0,68.0,460.0,363.0
Knife\Knife_First_Clean_Howard\knife_561.jpg,711,430,2,188.0,125.0,435.0,368.0
Knife\Knife_First_Clean_Howard\knife_562.jpg,460,287,2,184.0,100.0,260.0,158.0
Knife\Knife_First_Clean_Howard\knife_563.jpg,2048,1365,2,662.0,242.0,1212.0,1145.0
Knife\Knife_First_Clean_Howard\knife_564.jpg,600,375,2,102.0,116.0,599.0,331.0
Knife\Knife_First_Clean_Howard\knife_565.jpg,683,1024,2,127.0,99.0,603.0,583.0
Knife\Knife_First_Clean_Howard\knife_566.jpg,1300,864,2,549.0,128.0,1023.0,722.0
Knife\Knife_First_Clean_Howard\knife_567.jpg,1500,1238,2,363.0,918.0,1006.0,1203.0
Knife\Knife_First_Clean_Howard\knife_568.jpg,672,410,2,127.0,36.0,402.0,276.0
Knife\Knife_First_Clean_Howard\knife_569.jpg,1152,642,2,26.0,188.0,80.0,395.0
Knife\Knife_First_Clean_Howard\knife_569.jpg,1152,642,2,1081.0,112.0,1151.0,331.0
Knife\Knife_First_Clean_Howard\knife_570.jpg,800,531,2,304.0,178.0,477.0,485.0
Knife\Knife_First_Clean_Howard\knife_571.jpg,300,448,2,21.0,121.0,68.0,283.0
Knife\Knife_First_Clean_Howard\knife_572.jpg,300,447,2,69.0,104.0,212.0,210.0
Knife\Knife_First_Clean_Howard\knife_573.jpg,450,299,2,28.0,32.0,195.0,237.0
Knife\Knife_First_Clean_Howard\knife_574.jpg,550,368,2,193.0,140.0,492.0,261.0
Knife\Knife_First_Clean_Howard\knife_575.jpg,270,180,2,94.0,72.0,229.0,150.0
Knife\Knife_First_Clean_Howard\knife_576.jpg,800,533,2,226.0,184.0,471.0,405.0
Knife\Knife_First_Clean_Howard\knife_577.jpg,560,372,2,15.0,53.0,377.0,265.0
Knife\Knife_First_Clean_Howard\knife_578.jpg,866,1300,2,159.0,131.0,610.0,1010.0
Knife\Knife_First_Clean_Howard\knife_579.jpg,630,451,2,131.0,88.0,502.0,432.0
Knife\Knife_First_Clean_Howard\knife_580.jpg,1000,616,2,78.0,264.0,442.0,533.0
Knife\Knife_First_Clean_Howard\knife_581.jpg,910,609,2,345.0,157.0,834.0,384.0
Knife\Knife_First_Clean_Howard\knife_582.jpg,2592,1728,2,816.0,441.0,2140.0,1665.0
Knife\Knife_First_Clean_Howard\knife_583.jpg,722,410,2,273.0,30.0,548.0,273.0
Knife\Knife_First_Clean_Howard\knife_584.jpg,450,299,2,218.0,33.0,442.0,163.0
Knife\Knife_First_Clean_Howard\knife_585.jpg,1238,862,2,637.0,392.0,1100.0,524.0
Knife\Knife_First_Clean_Howard\knife_586.jpg,1300,1298,2,163.0,122.0,697.0,990.0
Knife\Knife_First_Clean_Howard\knife_587.jpg,450,427,2,40.0,104.0,276.0,378.0
Knife\Knife_First_Clean_Howard\knife_588.jpg,1024,683,2,213.0,56.0,397.0,540.0
Knife\Knife_First_Clean_Howard\knife_589.jpg,450,322,2,65.0,77.0,299.0,272.0
Knife\Knife_First_Clean_Howard\knife_590.jpg,1300,863,2,513.0,285.0,1097.0,700.0
Knife\Knife_First_Clean_Howard\knife_591.jpg,597,398,2,374.0,66.0,596.0,251.0
Knife\Knife_First_Clean_Howard\knife_592.jpg,800,626,2,183.0,233.0,340.0,429.0
Knife\Knife_First_Clean_Howard\knife_593.jpg,400,435,2,112.0,90.0,318.0,232.0
Knife\Knife_First_Clean_Howard\knife_594.jpg,1500,1098,2,351.0,219.0,966.0,982.0
Knife\Knife_First_Clean_Howard\knife_595.jpg,683,1024,2,34.0,267.0,374.0,867.0
Knife\Knife_First_Clean_Howard\knife_596.jpg,240,160,2,18.0,44.0,98.0,131.0
Knife\Knife_First_Clean_Howard\knife_597.jpg,1300,864,2,220.0,88.0,885.0,540.0
Knife\Knife_First_Clean_Howard\knife_598.jpg,863,1300,2,399.0,550.0,692.0,983.0
Knife\Knife_First_Clean_Howard\knife_599.jpg,1000,662,2,361.0,154.0,773.0,530.0
Knife\Knife_First_Clean_Howard\knife_600.jpg,800,579,2,345.0,103.0,799.0,557.0
Knife\Knife_First_Clean_Howard\knife_601.jpg,866,1300,2,237.0,123.0,712.0,1022.0
Knife\Knife_First_Clean_Howard\knife_602.jpg,1300,976,2,88.0,32.0,913.0,790.0
Knife\Knife_First_Clean_Howard\knife_603.jpg,348,519,2,103.0,42.0,239.0,357.0
Knife\Knife_First_Clean_Howard\knife_604.jpg,320,213,2,117.0,98.0,291.0,146.0
Knife\Knife_First_Clean_Howard\knife_605.jpg,1280,720,2,625.0,205.0,796.0,586.0
Knife\Knife_First_Clean_Howard\knife_606.jpg,1280,720,2,622.0,251.0,925.0,403.0
Knife\Knife_First_Clean_Howard\knife_607.jpg,1280,720,2,718.0,173.0,932.0,454.0
Knife\Knife_First_Clean_Howard\knife_608.jpg,1280,720,2,647.0,267.0,955.0,415.0
Knife\Knife_First_Clean_Howard\knife_609.jpg,1280,720,2,140.0,152.0,237.0,401.0
Knife\Knife_First_Clean_Howard\knife_610.jpg,1280,720,2,616.0,244.0,913.0,330.0
Knife\Knife_First_Clean_Howard\knife_613.jpg,1280,720,2,290.0,111.0,422.0,548.0
Knife\Knife_First_Clean_Howard\knife_614.jpg,1280,720,2,636.0,261.0,942.0,401.0
Knife\Knife_First_Clean_Howard\knife_616.jpg,1280,720,2,598.0,178.0,788.0,561.0
Knife\Knife_First_Clean_Howard\knife_617.jpg,1280,720,2,645.0,196.0,790.0,575.0
Knife\Knife_First_Clean_Howard\knife_618.jpg,1280,720,2,560.0,376.0,719.0,668.0
Knife\Knife_First_Clean_Howard\knife_619.jpg,1280,720,2,183.0,265.0,314.0,616.0
Knife\Knife_First_Clean_Howard\knife_619.jpg,1280,720,2,325.0,128.0,580.0,719.0
Knife\Knife_First_Clean_Howard\knife_620.jpg,1280,720,2,634.0,234.0,927.0,423.0
Knife\Knife_First_Clean_Howard\knife_621.jpg,1280,720,2,183.0,262.0,312.0,627.0
Knife\Knife_First_Clean_Howard\knife_621.jpg,1280,720,2,350.0,172.0,621.0,719.0
Knife\Knife_First_Clean_Howard\knife_622.jpg,1280,720,2,612.0,188.0,781.0,539.0
Knife\Knife_First_Clean_Howard\knife_623.jpg,1280,720,2,249.0,345.0,377.0,588.0
Knife\Knife_First_Clean_Howard\knife_623.jpg,1280,720,2,739.0,268.0,855.0,518.0
Knife\Knife_First_Clean_Howard\knife_624.jpg,1280,720,2,597.0,82.0,711.0,489.0
Knife\Knife_First_Clean_Howard\knife_625.jpg,1280,720,2,787.0,155.0,890.0,475.0
Knife\Knife_First_Clean_Howard\knife_626.jpg,1280,720,2,166.0,137.0,436.0,582.0
Knife\Knife_First_Clean_Howard\knife_626.jpg,1280,720,2,565.0,238.0,687.0,642.0
Knife\Knife_First_Clean_Howard\knife_627.jpg,1280,720,2,614.0,171.0,800.0,562.0
Knife\Knife_First_Clean_Howard\knife_628.jpg,1280,720,2,195.0,272.0,315.0,605.0
Knife\Knife_First_Clean_Howard\knife_628.jpg,1280,720,2,334.0,148.0,563.0,719.0
Knife\Knife_First_Clean_Howard\knife_629.jpg,1280,720,2,192.0,135.0,443.0,609.0
Knife\Knife_First_Clean_Howard\knife_629.jpg,1280,720,2,590.0,35.0,793.0,607.0
Knife\Knife_First_Clean_Howard\knife_630.jpg,1280,720,2,615.0,172.0,798.0,529.0
Knife\Knife_First_Clean_Howard\knife_631.jpg,1280,720,2,688.0,228.0,802.0,575.0
Knife\Knife_First_Clean_Howard\knife_632.jpg,1280,720,2,648.0,233.0,942.0,431.0
Knife\Knife_First_Clean_Howard\knife_633.jpg,1280,720,2,200.0,259.0,315.0,627.0
Knife\Knife_First_Clean_Howard\knife_633.jpg,1280,720,2,354.0,87.0,625.0,719.0
Knife\Knife_First_Clean_Howard\knife_635.jpg,1280,720,2,228.0,259.0,353.0,565.0
Knife\Knife_First_Clean_Howard\knife_637.jpg,1280,720,2,253.0,148.0,400.0,553.0
Knife\Knife_First_Clean_Howard\knife_638.jpg,1280,720,2,673.0,93.0,831.0,268.0
Knife\Knife_First_Clean_Howard\knife_639.jpg,1280,720,2,277.0,120.0,1133.0,480.0
Knife\Knife_First_Clean_Howard\knife_641.jpg,1280,720,2,572.0,299.0,900.0,405.0
Knife\Knife_First_Clean_Howard\knife_643.jpg,1280,720,2,669.0,222.0,951.0,417.0
Knife\Knife_First_Clean_Howard\knife_644.jpg,1280,720,2,723.0,135.0,881.0,545.0
Knife\Knife_First_Clean_Howard\knife_645.jpg,1280,720,2,598.0,179.0,788.0,564.0
Knife\Knife_First_Clean_Howard\knife_646.jpg,1280,720,2,759.0,159.0,886.0,479.0
Knife\Knife_First_Clean_Howard\knife_648.jpg,1280,720,2,165.0,90.0,282.0,387.0
Knife\Knife_First_Clean_Howard\knife_649.jpg,1280,720,2,632.0,199.0,790.0,568.0
Knife\Knife_First_Clean_Howard\knife_650.jpg,1280,720,2,697.0,166.0,828.0,570.0
Knife\Knife_First_Clean_Howard\knife_651.jpg,1280,720,2,620.0,257.0,938.0,383.0
Knife\Knife_First_Clean_Howard\knife_652.jpg,1280,720,2,323.0,96.0,401.0,460.0
Knife\Knife_First_Clean_Howard\knife_653.jpg,1280,720,2,625.0,200.0,792.0,568.0
Knife\Knife_First_Clean_Howard\knife_654.jpg,1280,720,2,588.0,173.0,779.0,551.0
Knife\Knife_First_Clean_Howard\knife_655.jpg,1280,720,2,108.0,222.0,212.0,435.0
Knife\Knife_First_Clean_Howard\knife_656.jpg,1280,720,2,625.0,253.0,939.0,401.0
Knife\Knife_First_Clean_Howard\knife_657.jpg,1280,720,2,189.0,246.0,310.0,612.0
Knife\Knife_First_Clean_Howard\knife_657.jpg,1280,720,2,332.0,77.0,615.0,719.0
Knife\Knife_First_Clean_Howard\knife_659.jpg,1280,720,2,186.0,132.0,401.0,584.0
Knife\Knife_First_Clean_Howard\knife_659.jpg,1280,720,2,572.0,268.0,683.0,639.0
Knife\Knife_First_Clean_Howard\knife_660.jpg,1280,720,2,226.0,234.0,1177.0,416.0
Knife\Knife_First_Clean_Howard\knife_661.jpg,1280,720,2,300.0,249.0,1217.0,422.0
Knife\Knife_First_Clean_Howard\knife_662.jpg,1280,720,2,608.0,193.0,781.0,553.0
Knife\Knife_First_Clean_Howard\knife_663.jpg,1280,720,2,594.0,248.0,900.0,342.0
Knife\Knife_First_Clean_Howard\knife_664.jpg,1280,720,2,444.0,305.0,656.0,719.0
Knife\Knife_First_Clean_Howard\knife_665.jpg,1280,720,2,612.0,190.0,784.0,570.0
Knife\Knife_First_Clean_Howard\knife_666.jpg,1280,720,2,456.0,272.0,672.0,719.0
Knife\Knife_First_Clean_Howard\knife_667.jpg,1280,720,2,747.0,177.0,839.0,510.0
Knife\Knife_First_Clean_Howard\knife_668.jpg,1280,720,2,178.0,98.0,425.0,585.0
Knife\Knife_First_Clean_Howard\knife_668.jpg,1280,720,2,526.0,98.0,686.0,643.0
Knife\Knife_First_Clean_Howard\knife_671.jpg,1280,720,2,605.0,190.0,788.0,565.0
Knife\Knife_First_Clean_Howard\knife_672.jpg,1280,720,2,229.0,322.0,351.0,550.0
Knife\Knife_First_Clean_Howard\knife_673.jpg,1280,720,2,570.0,267.0,909.0,362.0
Knife\Knife_First_Clean_Howard\knife_674.jpg,1280,720,2,710.0,166.0,861.0,592.0
Knife\Knife_First_Clean_Howard\knife_675.jpg,1280,720,2,640.0,233.0,933.0,432.0
Knife\Knife_First_Clean_Howard\knife_676.jpg,1280,720,2,592.0,260.0,919.0,340.0
Knife\Knife_First_Clean_Howard\knife_678.jpg,1280,720,2,196.0,168.0,276.0,329.0
Knife\Knife_First_Clean_Howard\knife_679.jpg,1280,720,2,190.0,243.0,301.0,606.0
Knife\Knife_First_Clean_Howard\knife_679.jpg,1280,720,2,327.0,162.0,614.0,719.0
Knife\Knife_First_Clean_Howard\knife_681.jpg,1280,720,2,600.0,85.0,708.0,484.0
Knife\Knife_First_Clean_Howard\knife_684.jpg,1280,720,2,747.0,165.0,870.0,457.0
Knife\Knife_First_Clean_Howard\knife_686.jpg,1280,720,2,192.0,279.0,311.0,609.0
Knife\Knife_First_Clean_Howard\knife_686.jpg,1280,720,2,388.0,90.0,612.0,719.0
Knife\Knife_First_Clean_Howard\knife_687.jpg,1280,720,2,604.0,84.0,712.0,487.0
Knife\Knife_First_Clean_Howard\knife_688.jpg,1280,720,2,210.0,116.0,429.0,581.0
Knife\Knife_First_Clean_Howard\knife_688.jpg,1280,720,2,522.0,117.0,705.0,628.0
Knife\Knife_First_Clean_Howard\knife_689.jpg,1280,720,2,169.0,82.0,279.0,315.0
Knife\Knife_First_Clean_Howard\knife_690.jpg,1280,720,2,583.0,240.0,911.0,348.0
Knife\Knife_First_Clean_Howard\knife_691.jpg,1280,720,2,281.0,74.0,400.0,450.0
Knife\Knife_First_Clean_Howard\knife_692.jpg,1280,720,2,499.0,200.0,834.0,465.0
Knife\Knife_First_Clean_Howard\knife_695.jpg,1280,720,2,684.0,216.0,876.0,360.0
Knife\Knife_First_Clean_Howard\knife_696.jpg,1280,720,2,272.0,78.0,405.0,481.0
Knife\Knife_First_Clean_Howard\knife_702.jpg,1280,720,2,589.0,244.0,904.0,389.0
Knife\Knife_First_Clean_Howard\knife_703.jpg,1280,720,2,608.0,262.0,940.0,366.0
Knife\Knife_First_Clean_Howard\knife_705.jpg,1280,720,2,588.0,243.0,904.0,334.0
Knife\Knife_First_Clean_Howard\knife_707.jpg,1280,720,2,676.0,238.0,959.0,417.0
Knife\Knife_First_Clean_Howard\knife_708.jpg,1280,720,2,583.0,241.0,895.0,339.0
Knife\Knife_First_Clean_Howard\knife_709.jpg,1280,720,2,294.0,276.0,684.0,719.0
Knife\Knife_First_Clean_Howard\knife_711.jpg,1280,720,2,608.0,183.0,779.0,554.0
Knife\Knife_First_Clean_Howard\knife_712.jpg,1280,720,2,551.0,396.0,690.0,659.0
Knife\Knife_First_Clean_Howard\knife_714.jpg,1280,720,2,566.0,421.0,690.0,645.0
Knife\Knife_First_Clean_Howard\knife_715.jpg,1280,720,2,595.0,181.0,786.0,544.0
Knife\Knife_First_Clean_Howard\knife_716.jpg,1280,720,2,260.0,338.0,379.0,548.0
Knife\Knife_First_Clean_Howard\knife_717.jpg,1280,720,2,649.0,231.0,949.0,406.0
Knife\Knife_First_Clean_Howard\knife_722.jpg,1280,720,2,600.0,243.0,903.0,416.0
Knife\Knife_First_Clean_Howard\knife_723.jpg,1280,720,2,170.0,85.0,276.0,342.0
Knife\Knife_First_Clean_Howard\knife_724.jpg,1280,720,2,739.0,128.0,897.0,487.0
Knife\Knife_First_Clean_Howard\knife_725.jpg,1280,720,2,738.0,179.0,914.0,460.0
Knife\Knife_First_Clean_Howard\knife_727.jpg,1280,720,2,283.0,243.0,449.0,592.0
Knife\Knife_First_Clean_Howard\knife_727.jpg,1280,720,2,564.0,278.0,693.0,637.0
Knife\Knife_First_Clean_Howard\knife_728.jpg,1280,720,2,248.0,348.0,378.0,531.0
Knife\Knife_First_Clean_Howard\knife_728.jpg,1280,720,2,706.0,133.0,840.0,364.0
Knife\Knife_First_Clean_Howard\knife_729.jpg,1280,720,2,603.0,182.0,772.0,490.0
Knife\Knife_First_Clean_Howard\knife_730.jpg,1280,720,2,619.0,184.0,786.0,503.0
Knife\Knife_First_Clean_Howard\knife_732.jpg,1280,720,2,610.0,184.0,775.0,494.0
Knife\Knife_First_Clean_Howard\knife_733.jpg,1280,720,2,716.0,164.0,870.0,389.0
Knife\Knife_First_Clean_Howard\knife_734.jpg,1280,720,2,179.0,237.0,308.0,615.0
Knife\Knife_First_Clean_Howard\knife_734.jpg,1280,720,2,405.0,105.0,645.0,666.0
Knife\Knife_First_Clean_Howard\knife_736.jpg,1280,720,2,594.0,85.0,709.0,467.0
Knife\Knife_First_Clean_Howard\knife_737.jpg,1280,720,2,715.0,154.0,853.0,570.0
Knife\Knife_First_Clean_Howard\knife_739.jpg,1280,720,2,592.0,228.0,795.0,538.0
Knife\Knife_First_Clean_Howard\knife_740.jpg,1280,720,2,593.0,173.0,776.0,506.0
Knife\Knife_First_Clean_Howard\knife_745.jpg,1280,720,2,162.0,94.0,272.0,353.0
Knife\Knife_First_Clean_Howard\knife_747.jpg,1280,720,2,625.0,182.0,798.0,514.0
Knife\Knife_First_Clean_Howard\knife_748.jpg,1280,720,2,610.0,88.0,720.0,467.0
Knife\Knife_First_Clean_Howard\knife_749.jpg,1280,720,2,622.0,211.0,806.0,539.0
Knife\Knife_First_Clean_Howard\knife_750.jpg,1280,720,2,710.0,164.0,854.0,578.0
Knife\Knife_First_Clean_Howard\knife_752.jpg,1280,720,2,294.0,146.0,893.0,490.0
Knife\Knife_First_Clean_Howard\knife_753.jpg,1280,720,2,284.0,132.0,890.0,504.0
Knife\Knife_First_Clean_Howard\knife_756.jpg,1280,720,2,715.0,161.0,873.0,535.0
Knife\Knife_First_Clean_Howard\knife_758.jpg,1280,720,2,564.0,243.0,787.0,514.0
Knife\Knife_First_Clean_Howard\knife_759.jpg,1280,720,2,687.0,164.0,939.0,417.0
Knife\Knife_First_Clean_Howard\knife_760.jpg,1280,720,2,599.0,83.0,716.0,462.0
Knife\Knife_First_Clean_Howard\knife_762.jpg,1280,720,2,595.0,175.0,777.0,516.0
Knife\Knife_First_Clean_Howard\knife_769.jpg,1280,720,2,254.0,227.0,390.0,568.0
Knife\Knife_First_Clean_Howard\knife_770.jpg,1280,720,2,120.0,68.0,248.0,288.0
Knife\Knife_First_Clean_Howard\knife_771.jpg,1280,720,2,745.0,161.0,878.0,426.0
Knife\Knife_First_Clean_Howard\knife_772.jpg,1280,720,2,601.0,246.0,916.0,426.0
Knife\Knife_First_Clean_Howard\knife_775.jpg,1280,720,2,740.0,125.0,911.0,472.0
Knife\Knife_First_Clean_Howard\knife_777.jpg,1280,720,2,576.0,201.0,887.0,350.0
Knife\Knife_First_Clean_Howard\knife_778.jpg,1280,720,2,751.0,162.0,877.0,422.0
Knife\Knife_First_Clean_Howard\knife_782.jpg,1280,720,2,599.0,88.0,719.0,490.0
Knife\Knife_First_Clean_Howard\knife_786.jpg,1280,720,2,700.0,212.0,858.0,614.0
Knife\Knife_First_Clean_Howard\knife_796.jpg,1280,720,2,642.0,261.0,778.0,562.0
Knife\Knife_First_Clean_Howard\knife_802.jpg,1280,720,2,611.0,249.0,905.0,405.0
Knife\Knife_First_Clean_Howard\knife_804.jpg,1280,720,2,664.0,253.0,975.0,411.0
Knife\Knife_First_Clean_Howard\knife_805.jpg,1280,720,2,622.0,188.0,779.0,525.0
Knife\Knife_First_Clean_Howard\knife_806.jpg,1280,720,2,175.0,386.0,268.0,617.0
Knife\Knife_First_Clean_Howard\knife_807.jpg,1280,720,2,207.0,571.0,353.0,719.0
Knife\Knife_First_Clean_Howard\knife_808.jpg,1280,720,2,195.0,379.0,317.0,599.0
Knife\Knife_First_Clean_Howard\knife_809.jpg,1280,720,2,235.0,371.0,355.0,574.0
Knife\Knife_First_Clean_Howard\knife_810.jpg,1280,720,2,208.0,571.0,348.0,719.0
Knife\Knife_First_Clean_Howard\knife_811.jpg,1280,720,2,298.0,334.0,418.0,541.0
Knife\Knife_First_Clean_Howard\knife_812.jpg,1280,720,2,153.0,449.0,293.0,662.0
Knife\Knife_First_Clean_Howard\knife_813.jpg,1280,720,2,215.0,242.0,357.0,482.0
Knife\Knife_First_Clean_Howard\knife_814.jpg,1280,720,2,172.0,384.0,322.0,572.0
Knife\Knife_First_Clean_Howard\knife_815.jpg,1280,720,2,108.0,561.0,254.0,719.0
Knife\Knife_First_Clean_Howard\knife_816.jpg,1280,720,2,208.0,392.0,332.0,624.0
Knife\Knife_First_Clean_Howard\knife_817.jpg,1280,720,2,168.0,597.0,333.0,719.0
Knife\Knife_First_Clean_Howard\knife_818.jpg,1280,720,2,218.0,401.0,340.0,609.0
Knife\Knife_First_Clean_Howard\knife_819.jpg,1280,720,2,315.0,537.0,578.0,689.0
Knife\Knife_First_Clean_Howard\knife_820.jpg,1280,720,2,173.0,597.0,343.0,719.0
Knife\Knife_First_Clean_Howard\knife_821.jpg,1280,720,2,123.0,554.0,263.0,719.0
Knife\Knife_First_Clean_Howard\knife_822.jpg,1280,720,2,202.0,416.0,327.0,624.0
Knife\Knife_First_Clean_Howard\knife_823.jpg,1280,720,2,118.0,551.0,267.0,719.0
Knife\Knife_First_Clean_Howard\knife_824.jpg,1280,720,2,285.0,296.0,397.0,501.0
Knife\Knife_First_Clean_Howard\knife_825.jpg,1280,720,2,203.0,364.0,322.0,581.0
Knife\Knife_First_Clean_Howard\knife_826.jpg,1280,720,2,278.0,531.0,558.0,621.0
Knife\Knife_First_Clean_Howard\knife_827.jpg,1280,720,2,115.0,549.0,257.0,719.0
Knife\Knife_First_Clean_Howard\knife_828.jpg,1280,720,2,225.0,512.0,580.0,646.0
Knife\Knife_First_Clean_Howard\knife_829.jpg,1280,720,2,182.0,401.0,328.0,637.0
Knife\Knife_First_Clean_Howard\knife_830.jpg,1280,720,2,257.0,416.0,400.0,667.0
Knife\Knife_First_Clean_Howard\knife_831.jpg,1280,720,2,170.0,392.0,312.0,596.0
Knife\Knife_First_Clean_Howard\knife_832.jpg,1280,720,2,165.0,382.0,328.0,581.0
Knife\Knife_First_Clean_Howard\knife_833.jpg,1280,720,2,183.0,447.0,317.0,644.0
Knife\Knife_First_Clean_Howard\knife_834.jpg,1280,720,2,259.0,472.0,492.0,586.0
Knife\Knife_First_Clean_Howard\knife_835.jpg,1280,720,2,127.0,561.0,258.0,719.0
Knife\Knife_First_Clean_Howard\knife_836.jpg,1280,720,2,112.0,552.0,267.0,719.0
Knife\Knife_First_Clean_Howard\knife_837.jpg,1280,720,2,112.0,561.0,252.0,719.0
Knife\Knife_First_Clean_Howard\knife_838.jpg,1280,720,2,213.0,582.0,349.0,719.0
Knife\Knife_First_Clean_Howard\knife_839.jpg,1280,720,2,284.0,337.0,422.0,536.0
Knife\Knife_First_Clean_Howard\knife_840.jpg,1280,720,2,117.0,557.0,265.0,719.0
Knife\Knife_First_Clean_Howard\knife_841.jpg,1280,720,2,169.0,264.0,337.0,482.0
Knife\Knife_First_Clean_Howard\knife_842.jpg,1280,720,2,255.0,231.0,395.0,479.0
Knife\Knife_First_Clean_Howard\knife_843.jpg,1280,720,2,262.0,322.0,422.0,541.0
Knife\Knife_First_Clean_Howard\knife_844.jpg,1280,720,2,295.0,286.0,440.0,507.0
Knife\Knife_First_Clean_Howard\knife_845.jpg,1280,720,2,192.0,384.0,329.0,601.0
Knife\Knife_First_Clean_Howard\knife_846.jpg,1280,720,2,112.0,562.0,252.0,719.0
Knife\Knife_First_Clean_Howard\knife_847.jpg,1280,720,2,124.0,564.0,268.0,719.0
Knife\Knife_First_Clean_Howard\knife_848.jpg,1280,720,2,192.0,397.0,312.0,609.0
Knife\Knife_First_Clean_Howard\knife_849.jpg,1280,720,2,205.0,569.0,344.0,719.0
Knife\Knife_First_Clean_Howard\knife_850.jpg,1280,720,2,212.0,402.0,334.0,596.0
Knife\Knife_First_Clean_Howard\knife_851.jpg,1280,720,2,185.0,382.0,324.0,537.0
Knife\Knife_First_Clean_Howard\knife_852.jpg,1280,720,2,264.0,301.0,372.0,482.0
Knife\Knife_First_Clean_Howard\knife_853.jpg,1280,720,2,202.0,389.0,320.0,597.0
Knife\Knife_First_Clean_Howard\knife_854.jpg,1280,720,2,164.0,412.0,300.0,564.0
Knife\Knife_First_Clean_Howard\knife_855.jpg,1280,720,2,138.0,516.0,257.0,719.0
Knife\Knife_First_Clean_Howard\knife_856.jpg,1280,720,2,110.0,554.0,251.0,719.0
Knife\Knife_First_Clean_Howard\knife_857.jpg,1280,720,2,281.0,406.0,402.0,591.0
Knife\Knife_First_Clean_Howard\knife_858.jpg,1280,720,2,255.0,256.0,379.0,476.0
Knife\Knife_First_Clean_Howard\knife_859.jpg,1280,720,2,115.0,546.0,256.0,719.0
Knife\Knife_First_Clean_Howard\knife_860.jpg,1280,720,2,29.0,542.0,260.0,706.0
Knife\Knife_First_Clean_Howard\knife_861.jpg,1280,720,2,140.0,254.0,314.0,447.0
Knife\Knife_First_Clean_Howard\knife_862.jpg,1280,720,2,237.0,351.0,362.0,551.0
Knife\Knife_First_Clean_Howard\knife_863.jpg,1280,720,2,262.0,477.0,502.0,581.0
Knife\Knife_First_Clean_Howard\knife_864.jpg,1280,720,2,132.0,552.0,256.0,719.0
Knife\Knife_First_Clean_Howard\knife_865.jpg,1280,720,2,210.0,387.0,337.0,617.0
Knife\Knife_First_Clean_Howard\knife_866.jpg,1280,720,2,215.0,411.0,332.0,611.0
Knife\Knife_First_Clean_Howard\knife_867.jpg,1280,720,2,199.0,404.0,319.0,606.0
Knife\Knife_First_Clean_Howard\knife_868.jpg,1280,720,2,202.0,306.0,344.0,527.0
Knife\Knife_First_Clean_Howard\knife_869.jpg,1280,720,2,109.0,556.0,259.0,719.0
Knife\Knife_First_Clean_Howard\knife_870.jpg,1280,720,2,217.0,329.0,339.0,531.0
Knife\Knife_First_Clean_Howard\knife_871.jpg,1280,720,2,125.0,549.0,248.0,719.0
Knife\Knife_First_Clean_Howard\knife_872.jpg,1280,720,2,302.0,324.0,430.0,559.0
Knife\Knife_First_Clean_Howard\knife_873.jpg,1280,720,2,180.0,454.0,302.0,689.0
Knife\Knife_First_Clean_Howard\knife_874.jpg,1280,720,2,99.0,532.0,258.0,719.0
Knife\Knife_First_Clean_Howard\knife_875.jpg,1280,720,2,29.0,512.0,236.0,719.0
Knife\Knife_First_Clean_Howard\knife_876.jpg,1280,720,2,180.0,366.0,335.0,609.0
Knife\Knife_First_Clean_Howard\knife_877.jpg,1280,720,2,210.0,334.0,359.0,557.0
Knife\Knife_First_Clean_Howard\knife_878.jpg,1280,720,2,157.0,552.0,310.0,719.0
Knife\Knife_First_Clean_Howard\knife_880.jpg,1280,720,2,135.0,434.0,282.0,624.0
Knife\Knife_First_Clean_Howard\knife_881.jpg,1280,720,2,243.0,327.0,373.0,554.0
Knife\Knife_First_Clean_Howard\knife_882.jpg,1280,720,2,184.0,439.0,327.0,624.0
Knife\Knife_First_Clean_Howard\knife_883.jpg,1280,720,2,112.0,559.0,264.0,719.0
Knife\Knife_First_Clean_Howard\knife_884.jpg,1280,720,2,135.0,566.0,266.0,719.0
Knife\Knife_First_Clean_Howard\knife_885.jpg,1280,720,2,197.0,379.0,334.0,616.0
Knife\Knife_First_Clean_Howard\knife_886.jpg,1280,720,2,129.0,441.0,277.0,636.0
Knife\Knife_First_Clean_Howard\knife_887.jpg,1280,720,2,152.0,319.0,319.0,551.0
Knife\Knife_First_Clean_Howard\knife_890.jpg,1280,720,2,255.0,341.0,377.0,606.0
Knife\Knife_First_Clean_Howard\knife_891.jpg,1280,720,2,119.0,547.0,268.0,719.0
Knife\Knife_First_Clean_Howard\knife_892.jpg,1280,720,2,129.0,566.0,264.0,719.0
Knife\Knife_First_Clean_Howard\knife_893.jpg,1280,720,2,214.0,362.0,357.0,582.0
Knife\Knife_First_Clean_Howard\knife_895.jpg,1280,720,2,217.0,367.0,350.0,592.0
Knife\Knife_First_Clean_Howard\knife_896.jpg,1280,720,2,202.0,386.0,327.0,612.0
Knife\Knife_First_Clean_Howard\knife_897.jpg,1280,720,2,130.0,566.0,270.0,719.0
Knife\Knife_First_Clean_Howard\knife_898.jpg,1280,720,2,172.0,371.0,322.0,584.0
Knife\Knife_First_Clean_Howard\knife_899.jpg,1280,720,2,105.0,562.0,258.0,719.0
Knife\Knife_First_Clean_Howard\knife_900.jpg,1280,720,2,321.0,405.0,417.0,569.0
Knife\Knife_First_Clean_Howard\knife_901.jpg,1280,720,2,212.0,567.0,347.0,719.0
Knife\Knife_First_Clean_Howard\knife_902.jpg,1280,720,2,130.0,396.0,280.0,601.0
Knife\Knife_First_Clean_Howard\knife_903.jpg,1280,720,2,169.0,362.0,315.0,566.0
Knife\Knife_First_Clean_Howard\knife_904.jpg,1280,720,2,157.0,456.0,277.0,632.0
Knife\Knife_First_Clean_Howard\knife_905.jpg,1280,720,2,114.0,546.0,238.0,719.0
Knife\Knife_First_Clean_Howard\knife_906.jpg,1280,720,2,150.0,392.0,305.0,582.0
Knife\Knife_First_Clean_Howard\knife_907.jpg,1280,720,2,314.0,411.0,439.0,602.0
Knife\Knife_First_Clean_Howard\knife_908.jpg,1280,720,2,229.0,236.0,367.0,454.0
Knife\Knife_First_Clean_Howard\knife_909.jpg,1280,720,2,122.0,561.0,253.0,719.0
Knife\Knife_First_Clean_Howard\knife_910.jpg,1280,720,2,119.0,557.0,259.0,719.0
Knife\Knife_First_Clean_Howard\knife_911.jpg,1280,720,2,117.0,554.0,253.0,719.0
Knife\Knife_First_Clean_Howard\knife_912.jpg,1280,720,2,221.0,566.0,345.0,719.0
Knife\Knife_First_Clean_Howard\knife_913.jpg,1280,720,2,199.0,389.0,337.0,621.0
Knife\Knife_First_Clean_Howard\knife_914.jpg,1280,720,2,144.0,446.0,284.0,626.0
Knife\Knife_First_Clean_Howard\knife_915.jpg,1280,720,2,162.0,546.0,282.0,719.0
Knife\Knife_First_Clean_Howard\knife_916.jpg,1280,720,2,120.0,502.0,250.0,719.0
Knife\Knife_First_Clean_Howard\knife_917.jpg,1280,720,2,225.0,279.0,379.0,482.0
Knife\Knife_First_Clean_Howard\knife_918.jpg,1280,720,2,223.0,576.0,345.0,719.0
Knife\Knife_First_Clean_Howard\knife_919.jpg,1280,720,2,114.0,552.0,247.0,719.0
Knife\Knife_First_Clean_Howard\knife_920.jpg,1280,720,2,312.0,402.0,435.0,579.0
Knife\Knife_First_Clean_Howard\knife_921.jpg,1280,720,2,152.0,421.0,287.0,587.0
Knife\Knife_First_Clean_Howard\knife_922.jpg,1280,720,2,126.0,482.0,269.0,719.0
Knife\Knife_First_Clean_Howard\knife_923.jpg,1280,720,2,177.0,379.0,314.0,612.0
Knife\Knife_First_Clean_Howard\knife_925.jpg,1280,720,2,172.0,467.0,297.0,647.0
Knife\Knife_First_Clean_Howard\knife_926.jpg,1280,720,2,109.0,547.0,253.0,719.0
Knife\Knife_First_Clean_Howard\knife_927.jpg,1280,720,2,179.0,421.0,329.0,632.0
Knife\Knife_First_Clean_Howard\knife_928.jpg,1280,720,2,274.0,417.0,399.0,664.0
Knife\Knife_First_Clean_Howard\knife_929.jpg,1280,720,2,120.0,542.0,257.0,719.0
Knife\Knife_First_Clean_Howard\knife_930.jpg,1280,720,2,194.0,396.0,317.0,629.0
Knife\Knife_First_Clean_Howard\knife_931.jpg,1280,720,2,212.0,579.0,344.0,719.0
Knife\Knife_First_Clean_Howard\knife_932.jpg,1280,720,2,210.0,286.0,342.0,516.0
Knife\Knife_First_Clean_Howard\knife_933.jpg,1280,720,2,186.0,592.0,327.0,719.0
Knife\Knife_First_Clean_Howard\knife_934.jpg,1280,720,2,159.0,372.0,317.0,574.0
Knife\Knife_First_Clean_Howard\knife_935.jpg,1280,720,2,195.0,389.0,327.0,597.0
Knife\Knife_First_Clean_Howard\knife_936.jpg,1280,720,2,120.0,566.0,279.0,719.0
Knife\Knife_First_Clean_Howard\knife_937.jpg,1280,720,2,109.0,549.0,263.0,719.0
Knife\Knife_First_Clean_Howard\knife_939.jpg,1280,720,2,192.0,412.0,324.0,602.0
Knife\Knife_First_Clean_Howard\knife_940.jpg,1280,720,2,109.0,551.0,258.0,719.0
Knife\Knife_First_Clean_Howard\knife_941.jpg,1280,720,2,307.0,282.0,440.0,539.0
Knife\Knife_First_Clean_Howard\knife_942.jpg,1280,720,2,247.0,316.0,377.0,562.0
Knife\Knife_First_Clean_Howard\knife_943.jpg,1280,720,2,144.0,362.0,314.0,584.0
Knife\Knife_First_Clean_Howard\knife_944.jpg,1280,720,2,115.0,556.0,271.0,719.0
Knife\Knife_First_Clean_Howard\knife_945.jpg,1280,720,2,154.0,409.0,302.0,597.0
Knife\Knife_First_Clean_Howard\knife_946.jpg,1280,720,2,130.0,547.0,263.0,719.0
Knife\Knife_First_Clean_Howard\knife_947.jpg,1280,720,2,155.0,474.0,287.0,637.0
Knife\Knife_First_Clean_Howard\knife_948.jpg,1280,720,2,299.0,324.0,435.0,526.0
Knife\Knife_First_Clean_Howard\knife_949.jpg,1280,720,2,112.0,562.0,272.0,719.0
Knife\Knife_First_Clean_Howard\knife_950.jpg,1280,720,2,302.0,407.0,450.0,602.0
Knife\Knife_First_Clean_Howard\knife_951.jpg,1280,720,2,300.0,389.0,434.0,562.0
Knife\Knife_First_Clean_Howard\knife_952.jpg,1280,720,2,255.0,276.0,392.0,492.0
Knife\Knife_First_Clean_Howard\knife_953.jpg,1280,720,2,309.0,416.0,445.0,589.0
Knife\Knife_First_Clean_Howard\knife_954.jpg,1280,720,2,115.0,547.0,248.0,719.0
Knife\Knife_First_Clean_Howard\knife_955.jpg,1280,720,2,215.0,361.0,345.0,596.0
Knife\Knife_First_Clean_Howard\knife_956.jpg,1280,720,2,117.0,539.0,261.0,719.0
Knife\Knife_First_Clean_Howard\knife_957.jpg,1280,720,2,115.0,547.0,252.0,719.0
Knife\Knife_First_Clean_Howard\knife_958.jpg,1280,720,2,155.0,364.0,305.0,589.0
Knife\Knife_First_Clean_Howard\knife_961.jpg,1280,720,2,287.0,316.0,405.0,519.0
Knife\Knife_First_Clean_Howard\knife_963.jpg,1280,720,2,155.0,566.0,292.0,719.0
Knife\Knife_First_Clean_Howard\knife_965.jpg,1280,720,2,217.0,326.0,350.0,549.0
Knife\Knife_First_Clean_Howard\knife_966.jpg,1280,720,2,310.0,398.0,449.0,589.0
Knife\Knife_First_Clean_Howard\knife_969.jpg,1280,720,2,169.0,396.0,299.0,611.0
Knife\Knife_First_Clean_Howard\knife_970.jpg,1280,720,2,304.0,542.0,572.0,661.0
Knife\Knife_First_Clean_Howard\knife_971.jpg,1280,720,2,127.0,554.0,259.0,719.0
Knife\Knife_First_Clean_Howard\knife_972.jpg,1280,720,2,152.0,477.0,279.0,631.0
Knife\Knife_First_Clean_Howard\knife_973.jpg,1280,720,2,142.0,384.0,324.0,586.0
Knife\Knife_First_Clean_Howard\knife_974.jpg,1280,720,2,124.0,554.0,260.0,719.0
Knife\Knife_First_Clean_Howard\knife_975.jpg,1280,720,2,109.0,542.0,266.0,719.0
Knife\Knife_First_Clean_Howard\knife_976.jpg,1280,720,2,289.0,417.0,407.0,672.0
Knife\Knife_First_Clean_Howard\knife_977.jpg,1280,720,2,297.0,326.0,432.0,567.0
Knife\Knife_First_Clean_Howard\knife_978.jpg,1280,720,2,170.0,409.0,312.0,642.0
Knife\Knife_First_Clean_Howard\knife_979.jpg,1280,720,2,270.0,346.0,409.0,517.0
Knife\Knife_First_Clean_Howard\knife_980.jpg,1280,720,2,267.0,224.0,387.0,459.0
Knife\Knife_First_Clean_Howard\knife_981.jpg,1280,720,2,204.0,571.0,347.0,719.0
Knife\Knife_First_Clean_Howard\knife_982.jpg,1280,720,2,142.0,412.0,289.0,587.0
Knife\Knife_First_Clean_Howard\knife_983.jpg,1280,720,2,285.0,319.0,434.0,529.0
Knife\Knife_First_Clean_Howard\knife_984.jpg,1280,720,2,107.0,554.0,257.0,719.0
Knife\Knife_First_Clean_Howard\knife_985.jpg,1280,720,2,129.0,561.0,265.0,719.0
Knife\Knife_First_Clean_Howard\knife_986.jpg,1280,720,2,285.0,349.0,427.0,542.0
Knife\Knife_First_Clean_Howard\knife_988.jpg,1280,720,2,72.0,537.0,255.0,697.0
Knife\Knife_First_Clean_Howard\knife_989.jpg,1280,720,2,119.0,562.0,258.0,719.0
Knife\Knife_First_Clean_Howard\knife_990.jpg,1280,720,2,145.0,456.0,279.0,627.0
Knife\Knife_First_Clean_Howard\knife_991.jpg,1280,720,2,315.0,406.0,435.0,582.0
Knife\Knife_First_Clean_Howard\knife_992.jpg,1280,720,2,202.0,572.0,347.0,719.0
Knife\Knife_First_Clean_Howard\knife_994.jpg,1280,720,2,194.0,566.0,349.0,719.0
Knife\Knife_First_Clean_Howard\knife_995.jpg,1280,720,2,219.0,357.0,374.0,557.0
Knife\Knife_First_Clean_Howard\knife_996.jpg,1280,720,2,194.0,419.0,324.0,639.0
Knife\Knife_First_Clean_Howard\knife_998.jpg,1280,720,2,147.0,574.0,324.0,719.0
Knife\Knife_First_Clean_Howard\knife_1000.jpg,1280,720,2,223.0,396.0,318.0,586.0
Knife\Knife_First_Clean_Howard\knife_1001.jpg,1280,720,2,138.0,569.0,263.0,719.0
Knife\Knife_First_Clean_Howard\knife_1003.jpg,1280,720,2,260.0,229.0,355.0,417.0
Knife\Knife_First_Clean_Howard\knife_1006.jpg,1280,720,2,169.0,589.0,308.0,719.0
Knife\Knife_First_Clean_Howard\knife_1008.jpg,1280,720,2,222.0,402.0,320.0,609.0
Knife\Knife_First_Clean_Howard\knife_1011.jpg,1280,720,2,299.0,327.0,430.0,511.0
Knife\Knife_First_Clean_Howard\knife_1012.jpg,1280,720,2,285.0,291.0,437.0,501.0
Knife\Knife_First_Clean_Howard\knife_1014.jpg,1280,720,2,302.0,349.0,418.0,554.0
Knife\Knife_First_Clean_Howard\knife_1015.jpg,1280,720,2,90.0,547.0,228.0,719.0
Knife\Knife_First_Clean_Howard\knife_1016.jpg,1280,720,2,235.0,566.0,362.0,719.0
Knife\Knife_First_Clean_Howard\knife_1017.jpg,1280,720,2,919.0,279.0,1023.0,544.0
Knife\Knife_First_Clean_Howard\knife_1018.jpg,1280,720,2,605.0,394.0,687.0,541.0
Knife\Knife_First_Clean_Howard\knife_1019.jpg,1280,720,2,448.0,492.0,554.0,664.0
Knife\Knife_First_Clean_Howard\knife_1020.jpg,1280,720,2,530.0,135.0,988.0,458.0
Knife\Knife_First_Clean_Howard\knife_1021.jpg,1280,720,2,544.0,191.0,623.0,313.0
Knife\Knife_First_Clean_Howard\knife_1022.jpg,1280,720,2,544.0,274.0,713.0,385.0
Knife\Knife_First_Clean_Howard\knife_1023.jpg,1280,720,2,201.0,38.0,530.0,507.0
Knife\Knife_First_Clean_Howard\knife_1024.jpg,1280,720,2,1.0,261.0,632.0,549.0
Knife\Knife_First_Clean_Howard\knife_1025.jpg,1280,720,2,829.0,288.0,958.0,516.0
Knife\Knife_First_Clean_Howard\knife_1026.jpg,1280,720,2,434.0,265.0,1036.0,445.0
Knife\Knife_First_Clean_Howard\knife_1027.jpg,1280,720,2,138.0,186.0,749.0,538.0
Knife\Knife_First_Clean_Howard\knife_1028.jpg,1280,720,2,607.0,400.0,690.0,541.0
Knife\Knife_First_Clean_Howard\knife_1029.jpg,1280,720,2,546.0,150.0,661.0,246.0
Knife\Knife_First_Clean_Howard\knife_1030.jpg,1280,720,2,457.0,263.0,539.0,471.0
Knife\Knife_First_Clean_Howard\knife_1031.jpg,1280,720,2,489.0,415.0,751.0,537.0
Knife\Knife_First_Clean_Howard\knife_1032.jpg,1280,720,2,202.0,21.0,639.0,621.0
Knife\Knife_First_Clean_Howard\knife_1033.jpg,1280,720,2,453.0,563.0,667.0,625.0
Knife\Knife_First_Clean_Howard\knife_1034.jpg,1280,720,2,199.0,33.0,747.0,533.0
Knife\Knife_First_Clean_Howard\knife_1035.jpg,1280,720,2,177.0,387.0,473.0,557.0
Knife\Knife_First_Clean_Howard\knife_1036.jpg,1280,720,2,562.0,163.0,723.0,257.0
Knife\Knife_First_Clean_Howard\knife_1037.jpg,1280,720,2,369.0,343.0,642.0,685.0
Knife\Knife_First_Clean_Howard\knife_1038.jpg,1280,720,2,661.0,25.0,1063.0,141.0
Knife\Knife_First_Clean_Howard\knife_1039.jpg,1280,720,2,1030.0,277.0,1247.0,382.0
Knife\Knife_First_Clean_Howard\knife_1040.jpg,1280,720,2,142.0,498.0,463.0,681.0
Knife\Knife_First_Clean_Howard\knife_1041.jpg,1280,720,2,458.0,467.0,762.0,654.0
Knife\Knife_First_Clean_Howard\knife_1042.jpg,1280,720,2,225.0,481.0,371.0,577.0
Knife\Knife_First_Clean_Howard\knife_1043.jpg,1280,720,2,158.0,398.0,1243.0,697.0
Knife\Knife_First_Clean_Howard\knife_1044.jpg,1280,720,2,250.0,109.0,855.0,513.0
Knife\Knife_First_Clean_Howard\knife_1045.jpg,1280,720,2,361.0,325.0,637.0,636.0
Knife\Knife_First_Clean_Howard\knife_1046.jpg,1280,720,2,919.0,275.0,1013.0,515.0
Knife\Knife_First_Clean_Howard\knife_1047.jpg,1280,720,2,111.0,43.0,446.0,585.0
Knife\Knife_First_Clean_Howard\knife_1048.jpg,1280,720,2,581.0,258.0,743.0,403.0
Knife\Knife_First_Clean_Howard\knife_1049.jpg,1280,720,2,425.0,550.0,683.0,654.0
Knife\Knife_First_Clean_Howard\knife_1050.jpg,1280,720,2,586.0,417.0,844.0,543.0
Knife\Knife_First_Clean_Howard\knife_1051.jpg,1280,720,2,423.0,250.0,643.0,467.0
Knife\Knife_First_Clean_Howard\knife_1052.jpg,1280,720,2,955.0,278.0,1055.0,523.0
Knife\Knife_First_Clean_Howard\knife_1053.jpg,1280,720,2,654.0,66.0,1087.0,533.0
Knife\Knife_First_Clean_Howard\knife_1054.jpg,1280,720,2,586.0,345.0,949.0,564.0
Knife\Knife_First_Clean_Howard\knife_1055.jpg,1280,720,2,195.0,107.0,677.0,577.0
Knife\Knife_First_Clean_Howard\knife_1056.jpg,1280,720,2,595.0,417.0,678.0,542.0
Knife\Knife_First_Clean_Howard\knife_1057.jpg,1280,720,2,501.0,65.0,765.0,243.0
Knife\Knife_First_Clean_Howard\knife_1058.jpg,1280,720,2,483.0,229.0,669.0,418.0
Knife\Knife_First_Clean_Howard\knife_1059.jpg,1280,720,2,162.0,147.0,607.0,518.0
Knife\Knife_First_Clean_Howard\knife_1060.jpg,1280,720,2,459.0,297.0,905.0,471.0
Knife\Knife_First_Clean_Howard\knife_1061.jpg,1280,720,2,623.0,403.0,763.0,567.0
Knife\Knife_First_Clean_Howard\knife_1062.jpg,1280,720,2,551.0,169.0,669.0,251.0
Knife\Knife_First_Clean_Howard\knife_1063.jpg,1280,720,2,462.0,135.0,661.0,403.0
Knife\Knife_First_Clean_Howard\knife_1064.jpg,1280,720,2,458.0,271.0,566.0,463.0
Knife\Knife_First_Clean_Howard\knife_1065.jpg,1280,720,2,289.0,81.0,885.0,527.0
Knife\Knife_First_Clean_Howard\knife_1066.jpg,1280,720,2,83.0,1.0,395.0,531.0
Knife\Knife_First_Clean_Howard\knife_1067.jpg,1280,720,2,265.0,59.0,577.0,482.0
Knife\Knife_First_Clean_Howard\knife_1068.jpg,1280,720,2,55.0,55.0,443.0,415.0
Knife\Knife_First_Clean_Howard\knife_1069.jpg,1280,720,2,386.0,329.0,652.0,658.0
Knife\Knife_First_Clean_Howard\knife_1070.jpg,1280,720,2,322.0,343.0,559.0,613.0
Knife\Knife_First_Clean_Howard\knife_1071.jpg,1280,720,2,421.0,210.0,570.0,520.0
Knife\Knife_First_Clean_Howard\knife_1072.jpg,1280,720,2,285.0,1.0,697.0,670.0
Knife\Knife_First_Clean_Howard\knife_1073.jpg,1280,720,2,263.0,210.0,747.0,506.0
Knife\Knife_First_Clean_Howard\knife_1074.jpg,1280,720,2,389.0,301.0,654.0,571.0
Knife\Knife_First_Clean_Howard\knife_1075.jpg,1280,720,2,103.0,482.0,373.0,681.0
Knife\Knife_First_Clean_Howard\knife_1076.jpg,1280,720,2,334.0,511.0,449.0,709.0
Knife\Knife_First_Clean_Howard\knife_1077.jpg,1280,720,2,86.0,59.0,474.0,427.0
Knife\Knife_First_Clean_Howard\knife_1078.jpg,1280,720,2,197.0,365.0,1195.0,667.0
Knife\Knife_First_Clean_Howard\knife_1079.jpg,1280,720,2,562.0,321.0,802.0,551.0
Knife\Knife_First_Clean_Howard\knife_1080.jpg,1280,720,2,17.0,1.0,403.0,509.0
Knife\Knife_First_Clean_Howard\knife_1081.jpg,1280,720,2,1.0,1.0,321.0,599.0
Knife\Knife_First_Clean_Howard\knife_1082.jpg,1280,720,2,1.0,49.0,441.0,531.0
Knife\Knife_First_Clean_Howard\knife_1083.jpg,1280,720,2,865.0,315.0,957.0,543.0
Knife\Knife_First_Clean_Howard\knife_1084.jpg,1280,720,2,325.0,233.0,502.0,571.0
Knife\Knife_First_Clean_Howard\knife_1085.jpg,1280,720,2,326.0,333.0,1202.0,616.0
Knife\Knife_First_Clean_Howard\knife_1086.jpg,1280,720,2,245.0,151.0,707.0,542.0
Knife\Knife_First_Clean_Howard\knife_1087.jpg,1280,720,2,26.0,183.0,581.0,553.0
Knife\Knife_First_Clean_Howard\knife_1088.jpg,1280,720,2,606.0,215.0,714.0,401.0
Knife\Knife_First_Clean_Howard\knife_1089.jpg,1280,720,2,739.0,13.0,1174.0,554.0
Knife\Knife_First_Clean_Howard\knife_1090.jpg,1280,720,2,497.0,359.0,578.0,582.0
Knife\Knife_First_Clean_Howard\knife_1091.jpg,1280,720,2,177.0,197.0,734.0,514.0
Knife\Knife_First_Clean_Howard\knife_1092.jpg,1280,720,2,243.0,127.0,639.0,453.0
Knife\Knife_First_Clean_Howard\knife_1093.jpg,1280,720,2,513.0,281.0,585.0,405.0
Knife\Knife_First_Clean_Howard\knife_1094.jpg,1280,720,2,717.0,43.0,1134.0,203.0
Knife\Knife_First_Clean_Howard\knife_1095.jpg,1280,720,2,93.0,31.0,438.0,594.0
Knife\Knife_First_Clean_Howard\knife_1096.jpg,1280,720,2,209.0,159.0,649.0,518.0
Knife\Knife_First_Clean_Howard\knife_1097.jpg,1280,720,2,202.0,386.0,1110.0,655.0
Knife\Knife_First_Clean_Howard\knife_1098.jpg,1280,720,2,217.0,36.0,471.0,507.0
Knife\Knife_First_Clean_Howard\knife_1099.jpg,1280,720,2,693.0,383.0,786.0,654.0
Knife\Knife_First_Clean_Howard\knife_1100.jpg,1280,720,2,441.0,197.0,650.0,473.0
Knife\Knife_First_Clean_Howard\knife_1101.jpg,1280,720,2,111.0,9.0,489.0,555.0
Knife\Knife_First_Clean_Howard\knife_1102.jpg,1280,720,2,607.0,198.0,727.0,413.0
Knife\Knife_First_Clean_Howard\knife_1103.jpg,1280,720,2,581.0,223.0,1142.0,645.0
Knife\Knife_First_Clean_Howard\knife_1104.jpg,1280,720,2,578.0,151.0,735.0,229.0
Knife\Knife_First_Clean_Howard\knife_1105.jpg,1280,720,2,1.0,61.0,546.0,719.0
Knife\Knife_First_Clean_Howard\knife_1106.jpg,1280,720,2,545.0,398.0,825.0,530.0
Knife\Knife_First_Clean_Howard\knife_1107.jpg,1280,720,2,358.0,141.0,759.0,478.0
Knife\Knife_First_Clean_Howard\knife_1108.jpg,1280,720,2,610.0,405.0,861.0,603.0
Knife\Knife_First_Clean_Howard\knife_1109.jpg,1280,720,2,75.0,73.0,493.0,434.0
Knife\Knife_First_Clean_Howard\knife_1110.jpg,1280,720,2,335.0,339.0,612.0,637.0
Knife\Knife_First_Clean_Howard\knife_1111.jpg,1280,720,2,1033.0,263.0,1231.0,371.0
Knife\Knife_First_Clean_Howard\knife_1112.jpg,1280,720,2,397.0,430.0,613.0,557.0
Knife\Knife_First_Clean_Howard\knife_1113.jpg,1280,720,2,557.0,263.0,661.0,373.0
Knife\Knife_First_Clean_Howard\knife_1114.jpg,1280,720,2,1.0,33.0,413.0,487.0
Knife\Knife_First_Clean_Howard\knife_1115.jpg,1280,720,2,213.0,407.0,1180.0,719.0
Knife\Knife_First_Clean_Howard\knife_1116.jpg,1280,720,2,419.0,490.0,510.0,630.0
Knife\Knife_First_Clean_Howard\knife_1117.jpg,1280,720,2,323.0,218.0,490.0,478.0
Knife\Knife_First_Clean_Howard\knife_1118.jpg,1280,720,2,208.0,1.0,509.0,491.0
Knife\Knife_First_Clean_Howard\knife_1119.jpg,1280,720,2,618.0,226.0,757.0,450.0
Knife\Knife_First_Clean_Howard\knife_1120.jpg,1280,720,2,214.0,89.0,765.0,517.0
Knife\Knife_First_Clean_Howard\knife_1121.jpg,1280,720,2,418.0,410.0,663.0,493.0
Knife\Knife_First_Clean_Howard\knife_1122.jpg,1280,720,2,169.0,1.0,585.0,530.0
Knife\Knife_First_Clean_Howard\knife_1123.jpg,1280,720,2,394.0,350.0,575.0,501.0
Knife\Knife_First_Clean_Howard\knife_1124.jpg,1280,720,2,555.0,169.0,638.0,277.0
Knife\Knife_First_Clean_Howard\knife_1125.jpg,1280,720,2,267.0,85.0,634.0,450.0
Knife\Knife_First_Clean_Howard\knife_1126.jpg,1280,720,2,559.0,138.0,1001.0,430.0
Knife\Knife_First_Clean_Howard\knife_1127.jpg,1280,720,2,447.0,290.0,1023.0,443.0
Knife\Knife_First_Clean_Howard\knife_1128.jpg,1280,720,2,586.0,425.0,795.0,547.0
Knife\Knife_First_Clean_Howard\knife_1129.jpg,1280,720,2,917.0,369.0,1082.0,481.0
Knife\Knife_First_Clean_Howard\knife_1130.jpg,1280,720,2,85.0,53.0,471.0,433.0
Knife\Knife_First_Clean_Howard\knife_1131.jpg,1280,720,2,93.0,130.0,567.0,538.0
Knife\Knife_First_Clean_Howard\knife_1132.jpg,1280,720,2,398.0,361.0,1071.0,703.0
Knife\Knife_First_Clean_Howard\knife_1133.jpg,1280,720,2,118.0,185.0,603.0,566.0
Knife\Knife_First_Clean_Howard\knife_1134.jpg,1280,720,2,895.0,294.0,977.0,515.0
Knife\Knife_First_Clean_Howard\knife_1135.jpg,1280,720,2,185.0,174.0,650.0,523.0
Knife\Knife_First_Clean_Howard\knife_1136.jpg,1280,720,2,73.0,242.0,654.0,590.0
Knife\Knife_First_Clean_Howard\knife_1137.jpg,1280,720,2,157.0,37.0,485.0,625.0
Knife\Knife_First_Clean_Howard\knife_1138.jpg,1280,720,2,503.0,210.0,773.0,421.0
Knife\Knife_First_Clean_Howard\knife_1139.jpg,1280,720,2,879.0,308.0,957.0,517.0
Knife\Knife_First_Clean_Howard\knife_1140.jpg,1280,720,2,939.0,294.0,1041.0,531.0
Knife\Knife_First_Clean_Howard\knife_1141.jpg,1280,720,2,202.0,82.0,526.0,458.0
Knife\Knife_First_Clean_Howard\knife_1142.jpg,1280,720,2,553.0,369.0,825.0,643.0
Knife\Knife_First_Clean_Howard\knife_1143.jpg,1280,720,2,917.0,283.0,1001.0,515.0
Knife\Knife_First_Clean_Howard\knife_1144.jpg,1280,720,2,509.0,427.0,733.0,623.0
Knife\Knife_First_Clean_Howard\knife_1145.jpg,1280,720,2,449.0,413.0,747.0,633.0
Knife\Knife_First_Clean_Howard\knife_1146.jpg,1280,720,2,443.0,330.0,587.0,573.0
Knife\Knife_First_Clean_Howard\knife_1147.jpg,1280,720,2,230.0,127.0,726.0,581.0
Knife\Knife_First_Clean_Howard\knife_1148.jpg,1280,720,2,950.0,277.0,1034.0,503.0
Knife\Knife_First_Clean_Howard\knife_1149.jpg,1280,720,2,763.0,555.0,899.0,693.0
Knife\Knife_First_Clean_Howard\knife_1150.jpg,1280,720,2,98.0,183.0,701.0,506.0
Knife\Knife_First_Clean_Howard\knife_1151.jpg,1280,720,2,271.0,353.0,1205.0,617.0
Knife\Knife_First_Clean_Howard\knife_1152.jpg,1280,720,2,405.0,358.0,638.0,655.0
Knife\Knife_First_Clean_Howard\knife_1153.jpg,1280,720,2,566.0,450.0,788.0,547.0
Knife\Knife_First_Clean_Howard\knife_1154.jpg,1280,720,2,762.0,526.0,902.0,686.0
Knife\Knife_First_Clean_Howard\knife_1155.jpg,1280,720,2,915.0,271.0,1002.0,501.0
Knife\Knife_First_Clean_Howard\knife_1156.jpg,1280,720,2,909.0,290.0,1007.0,506.0
Knife\Knife_First_Clean_Howard\knife_1157.jpg,1280,720,2,583.0,149.0,751.0,238.0
Knife\Knife_First_Clean_Howard\knife_1158.jpg,1280,720,2,810.0,23.0,1131.0,142.0
Knife\Knife_First_Clean_Howard\knife_1159.jpg,1280,720,2,343.0,255.0,738.0,435.0
Knife\Knife_First_Clean_Howard\knife_1160.jpg,1280,720,2,342.0,360.0,512.0,487.0
Knife\Knife_First_Clean_Howard\knife_1161.jpg,1280,720,2,306.0,181.0,540.0,423.0
Knife\Knife_First_Clean_Howard\knife_1162.jpg,1280,720,2,850.0,176.0,1058.0,491.0
Knife\Knife_First_Clean_Howard\knife_1162.jpg,1280,720,2,716.0,211.0,820.0,438.0
Knife\Knife_First_Clean_Howard\knife_1162.jpg,1280,720,2,585.0,166.0,700.0,428.0
Knife\Knife_First_Clean_Howard\knife_1163.jpg,1280,720,2,336.0,230.0,462.0,396.0
Knife\Knife_First_Clean_Howard\knife_1164.jpg,1280,720,2,700.0,266.0,909.0,357.0
Knife\Knife_First_Clean_Howard\knife_1165.jpg,1280,720,2,386.0,504.0,643.0,610.0
Knife\Knife_First_Clean_Howard\knife_1166.jpg,1280,720,2,273.0,263.0,425.0,440.0
Knife\Knife_First_Clean_Howard\knife_1167.jpg,1280,720,2,742.0,468.0,821.0,633.0
Knife\Knife_First_Clean_Howard\knife_1168.jpg,1280,720,2,490.0,466.0,603.0,566.0
Knife\Knife_First_Clean_Howard\knife_1169.jpg,1280,720,2,398.0,266.0,575.0,403.0
Knife\Knife_First_Clean_Howard\knife_1170.jpg,1280,720,2,393.0,474.0,670.0,623.0
Knife\Knife_First_Clean_Howard\knife_1171.jpg,1280,720,2,462.0,457.0,648.0,526.0
Knife\Knife_First_Clean_Howard\knife_1172.jpg,1280,720,2,630.0,310.0,818.0,437.0
Knife\Knife_First_Clean_Howard\knife_1173.jpg,1280,720,2,410.0,268.0,753.0,361.0
Knife\Knife_First_Clean_Howard\knife_1174.jpg,1280,720,2,622.0,260.0,710.0,424.0
Knife\Knife_First_Clean_Howard\knife_1174.jpg,1280,720,2,725.0,314.0,866.0,466.0
Knife\Knife_First_Clean_Howard\knife_1175.jpg,1280,720,2,573.0,321.0,670.0,447.0
Knife\Knife_First_Clean_Howard\knife_1176.jpg,1280,720,2,480.0,424.0,585.0,536.0
Knife\Knife_First_Clean_Howard\knife_1177.jpg,1280,720,2,603.0,508.0,765.0,596.0
Knife\Knife_First_Clean_Howard\knife_1178.jpg,1280,720,2,629.0,328.0,725.0,476.0
Knife\Knife_First_Clean_Howard\knife_1178.jpg,1280,720,2,742.0,311.0,835.0,477.0
Knife\Knife_First_Clean_Howard\knife_1179.jpg,1280,720,2,256.0,231.0,442.0,430.0
Knife\Knife_First_Clean_Howard\knife_1180.jpg,1280,720,2,598.0,328.0,728.0,430.0
Knife\Knife_First_Clean_Howard\knife_1181.jpg,1280,720,2,629.0,78.0,828.0,296.0
Knife\Knife_First_Clean_Howard\knife_1182.jpg,1280,720,2,826.0,343.0,960.0,493.0
Knife\Knife_First_Clean_Howard\knife_1183.jpg,1280,720,2,589.0,316.0,675.0,473.0
Knife\Knife_First_Clean_Howard\knife_1184.jpg,1280,720,2,265.0,251.0,455.0,404.0
Knife\Knife_First_Clean_Howard\knife_1185.jpg,1280,720,2,612.0,250.0,709.0,431.0
Knife\Knife_First_Clean_Howard\knife_1186.jpg,1280,720,2,326.0,227.0,443.0,427.0
Knife\Knife_First_Clean_Howard\knife_1187.jpg,1280,720,2,618.0,337.0,729.0,426.0
Knife\Knife_First_Clean_Howard\knife_1188.jpg,1280,720,2,678.0,193.0,855.0,350.0
Knife\Knife_First_Clean_Howard\knife_1189.jpg,1280,720,2,265.0,243.0,442.0,413.0
Knife\Knife_First_Clean_Howard\knife_1190.jpg,1280,720,2,249.0,283.0,429.0,430.0
Knife\Knife_First_Clean_Howard\knife_1191.jpg,1280,720,2,432.0,538.0,659.0,666.0
Knife\Knife_First_Clean_Howard\knife_1192.jpg,1280,720,2,619.0,364.0,838.0,464.0
Knife\Knife_First_Clean_Howard\knife_1193.jpg,1280,720,2,285.0,363.0,548.0,488.0
Knife\Knife_First_Clean_Howard\knife_1194.jpg,1280,720,2,612.0,267.0,1103.0,456.0
Knife\Knife_First_Clean_Howard\knife_1195.jpg,1280,720,2,326.0,366.0,568.0,461.0
Knife\Knife_First_Clean_Howard\knife_1196.jpg,1280,720,2,653.0,294.0,798.0,467.0
Knife\Knife_First_Clean_Howard\knife_1197.jpg,1280,720,2,382.0,267.0,620.0,397.0
Knife\Knife_First_Clean_Howard\knife_1198.jpg,1280,720,2,595.0,327.0,736.0,430.0
Knife\Knife_First_Clean_Howard\knife_1199.jpg,1280,720,2,376.0,302.0,597.0,417.0
Knife\Knife_First_Clean_Howard\knife_1200.jpg,1280,720,2,572.0,474.0,705.0,566.0
Knife\Knife_First_Clean_Howard\knife_1201.jpg,1280,720,2,435.0,574.0,625.0,700.0
Knife\Knife_First_Clean_Howard\knife_1202.jpg,1280,720,2,599.0,506.0,769.0,606.0
Knife\Knife_First_Clean_Howard\knife_1203.jpg,1280,720,2,618.0,274.0,695.0,451.0
Knife\Knife_First_Clean_Howard\knife_1204.jpg,1280,720,2,812.0,334.0,943.0,491.0
Knife\Knife_First_Clean_Howard\knife_1205.jpg,1280,720,2,443.0,527.0,673.0,667.0
Knife\Knife_First_Clean_Howard\knife_1206.jpg,1280,720,2,552.0,141.0,693.0,338.0
Knife\Knife_First_Clean_Howard\knife_1207.jpg,1280,720,2,738.0,433.0,818.0,634.0
Knife\Knife_First_Clean_Howard\knife_1208.jpg,1280,720,2,278.0,357.0,546.0,484.0
Knife\Knife_First_Clean_Howard\knife_1209.jpg,1280,720,2,605.0,141.0,716.0,378.0
Knife\Knife_First_Clean_Howard\knife_1210.jpg,1280,720,2,438.0,521.0,623.0,661.0
Knife\Knife_First_Clean_Howard\knife_1211.jpg,1280,720,2,502.0,328.0,625.0,506.0
Knife\Knife_First_Clean_Howard\knife_1212.jpg,1280,720,2,562.0,447.0,712.0,530.0
Knife\Knife_First_Clean_Howard\knife_1213.jpg,1280,720,2,725.0,204.0,829.0,441.0
Knife\Knife_First_Clean_Howard\knife_1214.jpg,1280,720,2,580.0,467.0,732.0,613.0
Knife\Knife_First_Clean_Howard\knife_1215.jpg,1280,720,2,686.0,251.0,839.0,463.0
Knife\Knife_First_Clean_Howard\knife_1216.jpg,1280,720,2,878.0,131.0,1093.0,548.0
Knife\Knife_First_Clean_Howard\knife_1216.jpg,1280,720,2,720.0,218.0,810.0,406.0
Knife\Knife_First_Clean_Howard\knife_1216.jpg,1280,720,2,592.0,166.0,700.0,406.0
Knife\Knife_First_Clean_Howard\knife_1217.jpg,1280,720,2,609.0,273.0,702.0,450.0
Knife\Knife_First_Clean_Howard\knife_1217.jpg,1280,720,2,722.0,329.0,861.0,484.0
Knife\Knife_First_Clean_Howard\knife_1218.jpg,1280,720,2,623.0,321.0,718.0,463.0
Knife\Knife_First_Clean_Howard\knife_1218.jpg,1280,720,2,732.0,337.0,838.0,500.0
Knife\Knife_First_Clean_Howard\knife_1219.jpg,1280,720,2,945.0,161.0,1023.0,354.0
Knife\Knife_First_Clean_Howard\knife_1220.jpg,1280,720,2,458.0,503.0,649.0,680.0
Knife\Knife_First_Clean_Howard\knife_1221.jpg,1280,720,2,558.0,108.0,689.0,381.0
Knife\Knife_First_Clean_Howard\knife_1222.jpg,1280,720,2,632.0,307.0,829.0,467.0
Knife\Knife_First_Clean_Howard\knife_1223.jpg,1280,720,2,489.0,221.0,618.0,443.0
Knife\Knife_First_Clean_Howard\knife_1224.jpg,1280,720,2,756.0,293.0,920.0,430.0
Knife\Knife_First_Clean_Howard\knife_1225.jpg,1280,720,2,708.0,364.0,914.0,464.0
Knife\Knife_First_Clean_Howard\knife_1226.jpg,1280,720,2,623.0,346.0,775.0,457.0
Knife\Knife_First_Clean_Howard\knife_1227.jpg,1280,720,2,720.0,203.0,849.0,386.0
Knife\Knife_First_Clean_Howard\knife_1228.jpg,1280,720,2,502.0,507.0,698.0,580.0
Knife\Knife_First_Clean_Howard\knife_1229.jpg,1280,720,2,698.0,266.0,890.0,366.0
Knife\Knife_First_Clean_Howard\knife_1230.jpg,1280,720,2,928.0,150.0,999.0,311.0
Knife\Knife_First_Clean_Howard\knife_1231.jpg,1280,720,2,600.0,333.0,732.0,420.0
Knife\Knife_First_Clean_Howard\knife_1232.jpg,1280,720,2,455.0,428.0,578.0,541.0
Knife\Knife_First_Clean_Howard\knife_1233.jpg,1280,720,2,758.0,323.0,919.0,451.0
Knife\Knife_First_Clean_Howard\knife_1234.jpg,1280,720,2,466.0,443.0,598.0,563.0
Knife\Knife_First_Clean_Howard\knife_1235.jpg,1280,720,2,650.0,248.0,866.0,363.0
Knife\Knife_First_Clean_Howard\knife_1236.jpg,1280,720,2,380.0,214.0,568.0,551.0
Knife\Knife_First_Clean_Howard\knife_1236.jpg,1280,720,2,605.0,167.0,723.0,423.0
Knife\Knife_First_Clean_Howard\knife_1236.jpg,1280,720,2,743.0,217.0,836.0,428.0
Knife\Knife_First_Clean_Howard\knife_1237.jpg,1280,720,2,646.0,373.0,892.0,511.0
Knife\Knife_First_Clean_Howard\knife_1238.jpg,1280,720,2,740.0,425.0,832.0,631.0
Knife\Knife_First_Clean_Howard\knife_1239.jpg,1280,720,2,722.0,184.0,863.0,323.0
Knife\Knife_First_Clean_Howard\knife_1240.jpg,1280,720,2,245.0,371.0,425.0,463.0
Knife\Knife_First_Clean_Howard\knife_1241.jpg,1280,720,2,182.0,527.0,465.0,611.0
Knife\Knife_First_Clean_Howard\knife_1242.jpg,1280,720,2,630.0,320.0,720.0,463.0
Knife\Knife_First_Clean_Howard\knife_1242.jpg,1280,720,2,730.0,320.0,845.0,480.0
Knife\Knife_First_Clean_Howard\knife_1243.jpg,1280,720,2,602.0,264.0,1089.0,467.0
Knife\Knife_First_Clean_Howard\knife_1244.jpg,1280,720,2,568.0,463.0,732.0,537.0
Knife\Knife_First_Clean_Howard\knife_1245.jpg,1280,720,2,636.0,296.0,768.0,476.0
Knife\Knife_First_Clean_Howard\knife_1246.jpg,1280,720,2,642.0,298.0,765.0,480.0
Knife\Knife_First_Clean_Howard\knife_1247.jpg,1280,720,2,365.0,416.0,442.0,500.0
Knife\Knife_First_Clean_Howard\knife_1247.jpg,1280,720,2,470.0,207.0,566.0,383.0
Knife\Knife_First_Clean_Howard\knife_1248.jpg,1280,720,2,688.0,204.0,899.0,344.0
Knife\Knife_First_Clean_Howard\knife_1249.jpg,1280,720,2,646.0,351.0,728.0,464.0
Knife\Knife_First_Clean_Howard\knife_1249.jpg,1280,720,2,760.0,347.0,849.0,503.0
Knife\Knife_First_Clean_Howard\knife_1250.jpg,1280,720,2,628.0,466.0,750.0,560.0
Knife\Knife_First_Clean_Howard\knife_1251.jpg,1280,720,2,305.0,240.0,448.0,390.0
Knife\Knife_First_Clean_Howard\knife_1252.jpg,1280,720,2,558.0,313.0,688.0,451.0
Knife\Knife_First_Clean_Howard\knife_1253.jpg,1280,720,2,620.0,287.0,703.0,444.0
Knife\Knife_First_Clean_Howard\knife_1254.jpg,1280,720,2,953.0,198.0,1045.0,356.0
Knife\Knife_First_Clean_Howard\knife_1255.jpg,1280,720,2,685.0,260.0,868.0,386.0
Knife\Knife_First_Clean_Howard\knife_1256.jpg,1280,720,2,699.0,253.0,896.0,358.0
Knife\Knife_First_Clean_Howard\knife_1257.jpg,1280,720,2,653.0,311.0,799.0,468.0
Knife\Knife_First_Clean_Howard\knife_1258.jpg,1280,720,2,362.0,293.0,469.0,413.0
Knife\Knife_First_Clean_Howard\knife_1259.jpg,1280,720,2,339.0,326.0,525.0,468.0
Knife\Knife_First_Clean_Howard\knife_1260.jpg,1280,720,2,363.0,244.0,522.0,420.0
Knife\Knife_First_Clean_Howard\knife_1261.jpg,1280,720,2,369.0,381.0,545.0,470.0
Knife\Knife_First_Clean_Howard\knife_1262.jpg,1280,720,2,463.0,461.0,585.0,574.0
Knife\Knife_First_Clean_Howard\knife_1263.jpg,1280,720,2,502.0,453.0,613.0,557.0
Knife\Knife_First_Clean_Howard\knife_1264.jpg,1280,720,2,896.0,187.0,1030.0,340.0
Knife\Knife_First_Clean_Howard\knife_1265.jpg,1280,720,2,699.0,281.0,832.0,453.0
Knife\Knife_First_Clean_Howard\knife_1266.jpg,1280,720,2,366.0,463.0,575.0,570.0
Knife\Knife_First_Clean_Howard\knife_1267.jpg,1280,720,2,588.0,253.0,699.0,444.0
Knife\Knife_First_Clean_Howard\knife_1268.jpg,1280,720,2,684.0,225.0,767.0,395.0
Knife\Knife_First_Clean_Howard\knife_1269.jpg,1280,720,2,541.0,228.0,684.0,309.0
Knife\Knife_First_Clean_Howard\knife_1270.jpg,1280,720,2,669.0,115.0,747.0,294.0
Knife\Knife_First_Clean_Howard\knife_1271.jpg,1280,720,2,575.0,188.0,700.0,373.0
Knife\Knife_First_Clean_Howard\knife_1272.jpg,1280,720,2,617.0,121.0,668.0,288.0
Knife\Knife_First_Clean_Howard\knife_1272.jpg,1280,720,2,678.0,236.0,757.0,416.0
Knife\Knife_First_Clean_Howard\knife_1273.jpg,1280,720,2,221.0,250.0,389.0,385.0
Knife\Knife_First_Clean_Howard\knife_1274.jpg,1280,720,2,341.0,430.0,444.0,571.0
Knife\Knife_First_Clean_Howard\knife_1275.jpg,1280,720,2,569.0,165.0,671.0,297.0
Knife\Knife_First_Clean_Howard\knife_1275.jpg,1280,720,2,699.0,318.0,771.0,452.0
Knife\Knife_First_Clean_Howard\knife_1276.jpg,1280,720,2,380.0,403.0,489.0,555.0
Knife\Knife_First_Clean_Howard\knife_1277.jpg,1280,720,2,903.0,98.0,1018.0,242.0
Knife\Knife_First_Clean_Howard\knife_1278.jpg,1280,720,2,372.0,73.0,512.0,168.0
Knife\Knife_First_Clean_Howard\knife_1279.jpg,1280,720,2,972.0,276.0,1047.0,427.0
Knife\Knife_First_Clean_Howard\knife_1280.jpg,1280,720,2,547.0,171.0,720.0,319.0
Knife\Knife_First_Clean_Howard\knife_1281.jpg,1280,720,2,408.0,336.0,487.0,413.0
Knife\Knife_First_Clean_Howard\knife_1282.jpg,1280,720,2,657.0,200.0,765.0,353.0
Knife\Knife_First_Clean_Howard\knife_1283.jpg,1280,720,2,329.0,582.0,495.0,653.0
Knife\Knife_First_Clean_Howard\knife_1284.jpg,1280,720,2,472.0,276.0,541.0,391.0
Knife\Knife_First_Clean_Howard\knife_1285.jpg,1280,720,2,511.0,253.0,612.0,427.0
Knife\Knife_First_Clean_Howard\knife_1286.jpg,1280,720,2,684.0,146.0,747.0,349.0
Knife\Knife_First_Clean_Howard\knife_1287.jpg,1280,720,2,930.0,125.0,1036.0,265.0
Knife\Knife_First_Clean_Howard\knife_1288.jpg,1280,720,2,505.0,295.0,623.0,436.0
Knife\Knife_First_Clean_Howard\knife_1289.jpg,1280,720,2,475.0,142.0,584.0,373.0
Knife\Knife_First_Clean_Howard\knife_1290.jpg,1280,720,2,459.0,246.0,539.0,401.0
Knife\Knife_First_Clean_Howard\knife_1291.jpg,1280,720,2,647.0,288.0,792.0,427.0
Knife\Knife_First_Clean_Howard\knife_1292.jpg,1280,720,2,908.0,242.0,977.0,403.0
Knife\Knife_First_Clean_Howard\knife_1293.jpg,1280,720,2,633.0,127.0,697.0,273.0
Knife\Knife_First_Clean_Howard\knife_1293.jpg,1280,720,2,712.0,147.0,780.0,361.0
Knife\Knife_First_Clean_Howard\knife_1294.jpg,1280,720,2,923.0,292.0,990.0,449.0
Knife\Knife_First_Clean_Howard\knife_1295.jpg,1280,720,2,590.0,203.0,727.0,333.0
Knife\Knife_First_Clean_Howard\knife_1296.jpg,1280,720,2,605.0,268.0,829.0,333.0
Knife\Knife_First_Clean_Howard\knife_1297.jpg,1280,720,2,384.0,427.0,511.0,555.0
Knife\Knife_First_Clean_Howard\knife_1298.jpg,1280,720,2,700.0,186.0,909.0,271.0
Knife\Knife_First_Clean_Howard\knife_1299.jpg,1280,720,2,493.0,216.0,557.0,347.0
Knife\Knife_First_Clean_Howard\knife_1300.jpg,1280,720,2,430.0,428.0,518.0,580.0
Knife\Knife_First_Clean_Howard\knife_1301.jpg,1280,720,2,968.0,176.0,1051.0,316.0
Knife\Knife_First_Clean_Howard\knife_1302.jpg,1280,720,2,460.0,167.0,535.0,388.0
Knife\Knife_First_Clean_Howard\knife_1303.jpg,1280,720,2,424.0,201.0,603.0,365.0
Knife\Knife_First_Clean_Howard\knife_1304.jpg,1280,720,2,351.0,253.0,477.0,397.0
Knife\Knife_First_Clean_Howard\knife_1305.jpg,1280,720,2,274.0,397.0,409.0,516.0
Knife\Knife_First_Clean_Howard\knife_1306.jpg,1280,720,2,695.0,244.0,811.0,413.0
Knife\Knife_First_Clean_Howard\knife_1307.jpg,1280,720,2,615.0,155.0,754.0,340.0
Knife\Knife_First_Clean_Howard\knife_1308.jpg,1280,720,2,472.0,339.0,639.0,444.0
Knife\Knife_First_Clean_Howard\knife_1309.jpg,1280,720,2,511.0,198.0,597.0,395.0
Knife\Knife_First_Clean_Howard\knife_1310.jpg,1280,720,2,515.0,288.0,618.0,431.0
Knife\Knife_First_Clean_Howard\knife_1311.jpg,1280,720,2,399.0,194.0,638.0,282.0
Knife\Knife_First_Clean_Howard\knife_1312.jpg,1280,720,2,493.0,264.0,611.0,409.0
Knife\Knife_First_Clean_Howard\knife_1313.jpg,1280,720,2,657.0,349.0,864.0,447.0
Knife\Knife_First_Clean_Howard\knife_1314.jpg,1280,720,2,623.0,207.0,744.0,370.0
Knife\Knife_First_Clean_Howard\knife_1315.jpg,1280,720,2,912.0,198.0,1003.0,358.0
Knife\Knife_First_Clean_Howard\knife_1316.jpg,1280,720,2,80.0,427.0,241.0,488.0
Knife\Knife_First_Clean_Howard\knife_1317.jpg,1280,720,2,844.0,264.0,915.0,427.0
Knife\Knife_First_Clean_Howard\knife_1318.jpg,1280,720,2,508.0,394.0,715.0,507.0
Knife\Knife_First_Clean_Howard\knife_1319.jpg,1280,720,2,608.0,374.0,687.0,536.0
Knife\Knife_First_Clean_Howard\knife_1320.jpg,1280,720,2,486.0,204.0,608.0,415.0
Knife\Knife_First_Clean_Howard\knife_1321.jpg,1280,720,2,611.0,128.0,692.0,288.0
Knife\Knife_First_Clean_Howard\knife_1321.jpg,1280,720,2,692.0,86.0,735.0,309.0
Knife\Knife_First_Clean_Howard\knife_1322.jpg,1280,720,2,615.0,304.0,690.0,447.0
Knife\Knife_First_Clean_Howard\knife_1323.jpg,1280,720,2,309.0,489.0,396.0,646.0
Knife\Knife_First_Clean_Howard\knife_1324.jpg,1280,720,2,695.0,495.0,871.0,615.0
Knife\Knife_First_Clean_Howard\knife_1325.jpg,1280,720,2,186.0,255.0,318.0,385.0
Knife\Knife_First_Clean_Howard\knife_1326.jpg,1280,720,2,778.0,330.0,847.0,498.0
Knife\Knife_First_Clean_Howard\knife_1327.jpg,1280,720,2,812.0,321.0,880.0,495.0
Knife\Knife_First_Clean_Howard\knife_1328.jpg,1280,720,2,672.0,146.0,756.0,312.0
Knife\Knife_First_Clean_Howard\knife_1329.jpg,1280,720,2,421.0,95.0,571.0,267.0
Knife\Knife_First_Clean_Howard\knife_1330.jpg,1280,720,2,414.0,344.0,583.0,436.0
Knife\Knife_First_Clean_Howard\knife_1331.jpg,1280,720,2,697.0,143.0,775.0,337.0
Knife\Knife_First_Clean_Howard\knife_1332.jpg,1280,720,2,668.0,300.0,735.0,421.0
Knife\Knife_First_Clean_Howard\knife_1333.jpg,1280,720,2,697.0,195.0,765.0,382.0
Knife\Knife_First_Clean_Howard\knife_1334.jpg,1280,720,2,484.0,159.0,565.0,376.0
Knife\Knife_First_Clean_Howard\knife_1335.jpg,1280,720,2,699.0,206.0,792.0,368.0
Knife\Knife_First_Clean_Howard\knife_1336.jpg,1280,720,2,523.0,364.0,596.0,544.0
Knife\Knife_First_Clean_Howard\knife_1337.jpg,1280,720,2,369.0,249.0,527.0,337.0
Knife\Knife_First_Clean_Howard\knife_1338.jpg,1280,720,2,560.0,386.0,699.0,492.0
Knife\Knife_First_Clean_Howard\knife_1339.jpg,1280,720,2,647.0,344.0,730.0,521.0
Knife\Knife_First_Clean_Howard\knife_1340.jpg,1280,720,2,671.0,309.0,833.0,477.0
Knife\Knife_First_Clean_Howard\knife_1341.jpg,1280,720,2,492.0,192.0,593.0,392.0
Knife\Knife_First_Clean_Howard\knife_1342.jpg,1280,720,2,605.0,136.0,681.0,306.0
Knife\Knife_First_Clean_Howard\knife_1342.jpg,1280,720,2,730.0,261.0,790.0,431.0
Knife\Knife_First_Clean_Howard\knife_1343.jpg,1280,720,2,496.0,262.0,663.0,376.0
Knife\Knife_First_Clean_Howard\knife_1344.jpg,1280,720,2,306.0,453.0,427.0,594.0
Knife\Knife_First_Clean_Howard\knife_1345.jpg,1280,720,2,480.0,328.0,547.0,449.0
Knife\Knife_First_Clean_Howard\knife_1346.jpg,1280,720,2,238.0,440.0,341.0,615.0
Knife\Knife_First_Clean_Howard\knife_1347.jpg,1280,720,2,414.0,415.0,577.0,506.0
Knife\Knife_First_Clean_Howard\knife_1348.jpg,1280,720,2,465.0,398.0,568.0,559.0
Knife\Knife_First_Clean_Howard\knife_1349.jpg,1280,720,2,429.0,118.0,500.0,321.0
Knife\Knife_First_Clean_Howard\knife_1350.jpg,1280,720,2,486.0,203.0,692.0,322.0
Knife\Knife_First_Clean_Howard\online1.jpg,1000,667,2,188.0,148.0,477.0,591.0
Knife\Knife_First_Clean_Howard\online2.jpg,670,447,2,151.0,125.0,428.0,441.0
Knife\Knife_First_Clean_Howard\online3.jpg,1920,1080,2,536.0,458.0,1227.0,740.0
Knife\Knife_First_Clean_Howard\online4.jpg,800,533,2,206.0,141.0,603.0,441.0
Knife\Knife_First_Clean_Howard\online5.jpg,800,533,2,205.0,92.0,591.0,450.0
Knife\Knife_First_Clean_Howard\sharpenKnife000.jpg,1280,720,2,682.0,555.0,1025.0,668.0
Knife\Knife_First_Clean_Howard\sharpenKnife002.jpg,1280,720,2,696.0,575.0,1042.0,671.0
Knife\Knife_First_Clean_Howard\sharpenKnife004.jpg,1280,720,2,694.0,565.0,1049.0,671.0
Knife\Knife_First_Clean_Howard\sharpenKnife006.jpg,1280,720,2,696.0,565.0,1050.0,674.0
Knife\Knife_First_Clean_Howard\sharpenKnife027.jpg,1280,720,2,737.0,520.0,1086.0,617.0
Knife\Knife_First_Clean_Howard\sharpenKnife028.jpg,1280,720,2,640.0,438.0,926.0,530.0
Knife\Knife_First_Clean_Howard\sharpenKnife030.jpg,1280,720,2,649.0,446.0,914.0,538.0
Knife\Knife_First_Clean_Howard\sharpenKnife032.jpg,1280,720,2,645.0,455.0,919.0,535.0
Knife\Knife_First_Clean_Howard\sharpenKnife035.jpg,1280,720,2,643.0,465.0,933.0,541.0
Knife\Knife_First_Clean_Howard\sharpenKnife039.jpg,1280,720,2,472.0,542.0,774.0,643.0
Knife\Knife_First_Clean_Howard\sharpenKnife041.jpg,1280,720,2,472.0,533.0,778.0,628.0
Knife\Knife_First_Clean_Howard\sharpenKnife043.jpg,1280,720,2,464.0,525.0,765.0,621.0
Knife\Knife_First_Clean_Howard\sharpenKnife046.jpg,1280,720,2,434.0,552.0,736.0,631.0
Knife\Knife_First_Clean_Howard\sharpenKnife048.jpg,1280,720,2,416.0,533.0,720.0,627.0
Knife\Knife_First_Clean_Howard\sharpenKnife057.jpg,1280,720,2,409.0,506.0,714.0,601.0
Knife\Knife_First_Clean_Howard\sharpenKnife089.jpg,1280,720,2,679.0,446.0,952.0,539.0
Knife\Knife_First_Clean_Howard\sharpenKnife091.jpg,1280,720,2,681.0,460.0,936.0,556.0
Knife\Knife_First_Clean_Howard\sharpenKnife096.jpg,1280,720,2,677.0,461.0,957.0,561.0
Knife\Knife_First_Clean_Howard\sharpenKnife099.jpg,1280,720,2,513.0,150.0,819.0,353.0
Knife\Knife_First_Clean_Howard\sharpenKnife099.jpg,1280,720,2,246.0,121.0,407.0,356.0
Knife\Knife_First_Clean_Howard\sharpenKnife100.jpg,1280,720,2,194.0,107.0,391.0,367.0
Knife\Knife_First_Clean_Howard\sharpenKnife100.jpg,1280,720,2,501.0,131.0,841.0,365.0
Knife\Knife_First_Clean_Howard\sharpenKnife101.jpg,1280,720,2,149.0,103.0,364.0,390.0
Knife\Knife_First_Clean_Howard\sharpenKnife101.jpg,1280,720,2,489.0,126.0,867.0,378.0
Knife\Knife_First_Clean_Howard\sharpenKnife102.jpg,1280,720,2,77.0,96.0,344.0,422.0
Knife\Knife_First_Clean_Howard\sharpenKnife102.jpg,1280,720,2,461.0,117.0,903.0,412.0
Knife\Knife_First_Clean_Howard\sharpenKnife109.jpg,1280,720,2,195.0,336.0,1183.0,521.0
Knife\Knife_First_Clean_Howard\sharpenKnife110.jpg,1280,720,2,187.0,357.0,1173.0,524.0
Knife\Knife_First_Clean_Howard\sharpenKnife111.jpg,1280,720,2,186.0,322.0,1171.0,493.0
Knife\Knife_First_Clean_Howard\sharpenKnife129.jpg,1280,720,2,277.0,169.0,1109.0,531.0
Knife\Knife_First_Clean_Howard\sharpenKnife159.jpg,1280,720,2,536.0,351.0,778.0,425.0
Knife\Knife_First_Clean_Howard\sharpenKnife161.jpg,1280,720,2,558.0,355.0,806.0,434.0
Knife\Knife_First_Clean_Howard\sharpenKnife163.jpg,1280,720,2,576.0,364.0,829.0,447.0
Knife\Knife_First_Clean_Howard\sharpenKnife180.jpg,1280,720,2,612.0,435.0,830.0,537.0
Knife\Knife_First_Clean_Howard\sharpenKnife182.jpg,1280,720,2,610.0,436.0,824.0,530.0
Knife\Knife_First_Clean_Howard\sharpenKnife193.jpg,1280,720,2,620.0,388.0,866.0,484.0
Knife\Knife_First_Clean_Howard\sharpenKnife194.jpg,1280,720,2,623.0,369.0,861.0,475.0
Knife\Knife_First_Clean_Howard\sharpenKnife200.jpg,1280,720,2,584.0,425.0,721.0,500.0
Knife\Knife_First_Clean_Howard\sharpenKnife202.jpg,1280,720,2,575.0,440.0,728.0,511.0
Knife\Knife_First_Clean_Howard\sharpenKnife211.jpg,1280,720,2,571.0,448.0,733.0,497.0
Knife\Knife_First_Clean_Howard\sharpenKnife226.jpg,1280,720,2,421.0,514.0,530.0,586.0
Knife\Knife_First_Clean_Howard\sharpenKnife227.jpg,1280,720,2,414.0,505.0,533.0,582.0
Knife\Knife_First_Clean_Howard\sharpenKnife242.jpg,1280,720,2,495.0,522.0,651.0,566.0
Knife\Knife_First_Clean_Howard\sharpenKnife248.jpg,1280,720,2,510.0,509.0,654.0,551.0
Knife\Knife_First_Clean_Howard\sharpenKnife254.jpg,1280,720,2,511.0,412.0,665.0,503.0
Knife\Knife_First_Clean_Howard\sharpenKnife261.jpg,1280,720,2,494.0,484.0,600.0,557.0
Knife\Knife_First_Clean_Howard\sharpenKnife272.jpg,1280,720,2,512.0,547.0,672.0,642.0
Knife\Knife_First_Clean_Howard\sharpenKnife297.jpg,1280,720,2,327.0,121.0,1042.0,333.0
Knife\Knife_First_Clean_Howard\sharpenKnife298.jpg,1280,720,2,350.0,170.0,1095.0,370.0
Knife\Knife_First_Clean_Howard\sharpenKnife299.jpg,1280,720,2,412.0,244.0,1200.0,436.0
Knife\Knife_First_Clean_Howard\sharpenKnife300.jpg,1280,720,2,557.0,171.0,1279.0,541.0
Knife\Knife_First_Clean_Howard\sharpenKnife301.jpg,1280,720,2,670.0,166.0,1279.0,534.0
Knife\Knife_First_Clean_Howard\sharpenKnife303.jpg,1280,720,2,400.0,133.0,1182.0,379.0
