image_path,width,height,class_id,xmin,ymin,xmax,ymax
Handgun\Handgun_USRT_CCTV\PAH1_C1_P1_V1_HB_3_f0017.jpg,640,480,1,121.0,128.0,140.0,149.0
Handgun\Handgun_USRT_CCTV\PAH1_C1_P1_V1_HB_3_f0029.jpg,640,480,1,154.3,128.0,174.2,147.5
Handgun\Handgun_USRT_CCTV\PAH1_C1_P1_V1_HB_3_f0041.jpg,640,480,1,193.0,134.0,217.0,155.0
Handgun\Handgun_USRT_CCTV\PAH1_C1_P1_V1_HB_3_f0053.jpg,640,480,1,232.0,136.0,260.0,164.0
Handgun\Handgun_USRT_CCTV\PAH1_C1_P1_V1_HB_3_f0065.jpg,640,480,1,287.0,147.0,321.0,175.0
Handgun\Handgun_USRT_CCTV\PAH1_C1_P1_V1_HB_3_f0077.jpg,640,480,1,348.0,160.0,382.0,190.0
Handgun\Handgun_USRT_CCTV\PAH1_C1_P1_V1_HB_3_f0089.jpg,640,480,1,426.0,180.0,467.0,209.0
Handgun\Handgun_USRT_CCTV\PAH1_C1_P1_V1_HB_3_f0101.jpg,640,480,1,511.0,193.0,563.0,227.0
Handgun\Handgun_USRT_CCTV\PAH1_C1_P1_V1_HB_3_f0113.jpg,640,480,1,599.5,220.0,638.5,258.0
Handgun\Handgun_USRT_CCTV\PAH1_C1_P1_V1_HB_4_f0021.jpg,640,480,1,590.0,213.0,632.0,252.0
Handgun\Handgun_USRT_CCTV\PAH1_C1_P1_V1_HB_4_f0034.jpg,640,480,1,507.0,187.0,548.0,224.0
Handgun\Handgun_USRT_CCTV\PAH1_C1_P1_V1_HB_4_f0048.jpg,640,480,1,419.0,167.0,457.0,199.0
Handgun\Handgun_USRT_CCTV\PAH1_C1_P1_V1_HB_4_f0061.jpg,640,480,1,364.0,153.0,403.0,185.0
Handgun\Handgun_USRT_CCTV\PAH1_C1_P1_V1_HB_4_f0075.jpg,640,480,1,305.0,140.0,342.0,171.0
Handgun\Handgun_USRT_CCTV\PAH1_C1_P1_V1_HB_4_f0089.jpg,640,480,1,262.0,136.0,293.0,164.0
Handgun\Handgun_USRT_CCTV\PAH1_C1_P1_V1_HB_4_f0102.jpg,640,480,1,215.0,130.0,244.0,157.0
Handgun\Handgun_USRT_CCTV\PAH1_C1_P1_V1_HB_4_f0116.jpg,640,480,1,165.0,128.0,199.0,154.0
Handgun\Handgun_USRT_CCTV\PAH1_C1_P1_V1_HB_4_f0130.jpg,640,480,1,118.0,130.0,146.0,152.0
Handgun\Handgun_USRT_CCTV\PAH1_C1_P2_V1_HB_1_f0025.jpg,640,480,1,12.0,376.0,61.0,441.0
Handgun\Handgun_USRT_CCTV\PAH1_C1_P2_V1_HB_1_f0043.jpg,640,480,1,84.2,338.8,123.5,386.5
Handgun\Handgun_USRT_CCTV\PAH1_C1_P2_V1_HB_1_f0061.jpg,640,480,1,152.0,310.0,190.0,353.0
Handgun\Handgun_USRT_CCTV\PAH1_C1_P2_V1_HB_1_f0079.jpg,640,480,1,200.0,284.0,233.0,321.0
Handgun\Handgun_USRT_CCTV\PAH1_C1_P2_V1_HB_1_f0097.jpg,640,480,1,243.0,260.0,274.0,293.0
Handgun\Handgun_USRT_CCTV\PAH1_C1_P2_V1_HB_1_f0115.jpg,640,480,1,271.0,249.0,301.0,279.0
Handgun\Handgun_USRT_CCTV\PAH1_C1_P2_V1_HB_1_f0133.jpg,640,480,1,298.0,238.2,324.4,261.0
Handgun\Handgun_USRT_CCTV\PAH1_C1_P2_V1_HB_1_f0151.jpg,640,480,1,325.0,233.0,352.0,256.0
Handgun\Handgun_USRT_CCTV\PAH1_C1_P2_V1_HB_1_f0169.jpg,640,480,1,344.0,231.0,369.0,252.0
Handgun\Handgun_USRT_CCTV\PAH1_C1_P2_V1_HB_3_f0033.jpg,640,480,1,2.0,366.0,51.0,425.0
Handgun\Handgun_USRT_CCTV\PAH1_C1_P2_V1_HB_3_f0049.jpg,640,480,1,82.0,324.0,119.0,373.0
Handgun\Handgun_USRT_CCTV\PAH1_C1_P2_V1_HB_3_f0066.jpg,640,480,1,164.0,296.0,199.0,335.0
Handgun\Handgun_USRT_CCTV\PAH1_C1_P2_V1_HB_3_f0082.jpg,640,480,1,203.7,277.3,234.7,309.3
Handgun\Handgun_USRT_CCTV\PAH1_C1_P2_V1_HB_3_f0099.jpg,640,480,1,245.7,258.7,270.3,289.3
Handgun\Handgun_USRT_CCTV\PAH1_C1_P2_V1_HB_3_f0115.jpg,640,480,1,267.0,249.0,294.0,274.0
Handgun\Handgun_USRT_CCTV\PAH1_C1_P2_V1_HB_3_f0132.jpg,640,480,1,289.3,242.0,315.3,266.0
Handgun\Handgun_USRT_CCTV\PAH1_C1_P2_V1_HB_3_f0148.jpg,640,480,1,315.0,234.0,341.0,259.0
Handgun\Handgun_USRT_CCTV\PAH1_C1_P2_V1_HB_3_f0165.jpg,640,480,1,351.0,231.0,370.0,249.0
Handgun\Handgun_USRT_CCTV\PAH1_C1_P4_V1_HB_1_f0048.jpg,640,480,1,600.0,144.0,637.0,178.0
Handgun\Handgun_USRT_CCTV\PAH1_C1_P4_V1_HB_1_f0056.jpg,640,480,1,551.5,137.0,592.5,176.0
Handgun\Handgun_USRT_CCTV\PAH1_C1_P4_V1_HB_1_f0064.jpg,640,480,1,507.0,138.0,553.0,176.0
Handgun\Handgun_USRT_CCTV\PAH1_C1_P4_V1_HB_1_f0072.jpg,640,480,1,453.0,136.5,501.0,177.0
Handgun\Handgun_USRT_CCTV\PAH1_C1_P4_V1_HB_1_f0081.jpg,640,480,1,352.0,124.0,407.0,167.0
Handgun\Handgun_USRT_CCTV\PAH1_C1_P4_V1_HB_1_f0089.jpg,640,480,1,278.3,125.3,333.7,171.0
Handgun\Handgun_USRT_CCTV\PAH1_C1_P4_V1_HB_1_f0097.jpg,640,480,1,211.0,108.0,268.3,154.3
Handgun\Handgun_USRT_CCTV\PAH1_C1_P4_V1_HB_1_f0105.jpg,640,480,1,109.0,99.0,172.0,153.0
Handgun\Handgun_USRT_CCTV\PAH1_C1_P4_V1_HB_1_f0114.jpg,640,480,1,7.0,98.0,71.0,144.0
Handgun\Handgun_USRT_CCTV\PAH1_C1_P4_V1_HB_2_f0049.jpg,640,480,1,0.0,114.0,60.0,163.0
Handgun\Handgun_USRT_CCTV\PAH1_C1_P4_V1_HB_2_f0057.jpg,640,480,1,95.7,111.7,158.3,158.3
Handgun\Handgun_USRT_CCTV\PAH1_C1_P4_V1_HB_2_f0066.jpg,640,480,1,199.7,103.3,270.7,148.7
Handgun\Handgun_USRT_CCTV\PAH1_C1_P4_V1_HB_2_f0074.jpg,640,480,1,291.7,105.0,355.7,150.3
Handgun\Handgun_USRT_CCTV\PAH1_C1_P4_V1_HB_2_f0083.jpg,640,480,1,366.0,111.0,425.0,148.3
Handgun\Handgun_USRT_CCTV\PAH1_C1_P4_V1_HB_2_f0091.jpg,640,480,1,429.3,108.3,485.3,149.3
Handgun\Handgun_USRT_CCTV\PAH1_C1_P4_V1_HB_2_f0100.jpg,640,480,1,509.0,125.3,554.3,163.3
Handgun\Handgun_USRT_CCTV\PAH1_C1_P4_V1_HB_2_f0108.jpg,640,480,1,557.0,128.0,595.0,163.0
Handgun\Handgun_USRT_CCTV\PAH1_C1_P4_V1_HB_2_f0117.jpg,640,480,1,600.0,130.0,637.0,165.0
Handgun\Handgun_USRT_CCTV\PAH1_C2_P3_V1_HB_1_f0064.jpg,1920,1080,1,1811.0,518.0,1901.0,588.0
Handgun\Handgun_USRT_CCTV\PAH1_C2_P3_V1_HB_1_f0082.jpg,1920,1080,1,1500.0,465.5,1589.0,532.0
Handgun\Handgun_USRT_CCTV\PAH1_C2_P3_V1_HB_1_f0100.jpg,1920,1080,1,1242.0,421.0,1324.5,489.0
Handgun\Handgun_USRT_CCTV\PAH1_C2_P3_V1_HB_1_f0118.jpg,1920,1080,1,1016.7,393.5,1095.2,459.2
Handgun\Handgun_USRT_CCTV\PAH1_C2_P3_V1_HB_1_f0136.jpg,1920,1080,1,809.0,363.2,882.5,430.2
Handgun\Handgun_USRT_CCTV\PAH1_C2_P3_V1_HB_1_f0154.jpg,1920,1080,1,619.3,349.5,695.5,412.8
Handgun\Handgun_USRT_CCTV\PAH1_C2_P3_V1_HB_1_f0172.jpg,1920,1080,1,421.0,329.8,499.8,395.0
Handgun\Handgun_USRT_CCTV\PAH1_C2_P3_V1_HB_1_f0190.jpg,1920,1080,1,227.2,320.8,311.5,386.0
Handgun\Handgun_USRT_CCTV\PAH1_C2_P3_V1_HB_1_f0208.jpg,1920,1080,1,0.0,307.0,82.0,366.0
Handgun\Handgun_USRT_CCTV\PAH1_C2_P3_V1_HB_3_f0057.jpg,1920,1080,1,1813.0,526.0,1913.0,613.0
Handgun\Handgun_USRT_CCTV\PAH1_C2_P3_V1_HB_3_f0076.jpg,1920,1080,1,1515.2,475.7,1613.7,552.7
Handgun\Handgun_USRT_CCTV\PAH1_C2_P3_V1_HB_3_f0096.jpg,1920,1080,1,1242.5,426.2,1337.2,513.0
Handgun\Handgun_USRT_CCTV\PAH1_C2_P3_V1_HB_3_f0115.jpg,1920,1080,1,1015.0,397.5,1122.5,482.0
Handgun\Handgun_USRT_CCTV\PAH1_C2_P3_V1_HB_3_f0135.jpg,1920,1080,1,788.0,364.0,885.5,445.0
Handgun\Handgun_USRT_CCTV\PAH1_C2_P3_V1_HB_3_f0155.jpg,1920,1080,1,596.0,350.5,679.5,423.0
Handgun\Handgun_USRT_CCTV\PAH1_C2_P3_V1_HB_3_f0174.jpg,1920,1080,1,408.3,329.5,509.3,401.3
Handgun\Handgun_USRT_CCTV\PAH1_C2_P3_V1_HB_3_f0194.jpg,1920,1080,1,192.5,316.8,290.8,387.5
Handgun\Handgun_USRT_CCTV\PAH1_C2_P3_V1_HB_3_f0214.jpg,1920,1080,1,0.0,297.0,90.0,373.0
Handgun\Handgun_USRT_CCTV\PAH1_C2_P3_V2_HB_2_f0061.jpg,1920,1080,1,0.0,264.0,72.0,321.0
Handgun\Handgun_USRT_CCTV\PAH1_C2_P3_V2_HB_2_f0085.jpg,1920,1080,1,193.3,285.3,279.3,340.3
Handgun\Handgun_USRT_CCTV\PAH1_C2_P3_V2_HB_2_f0110.jpg,1920,1080,1,416.2,323.8,494.6,378.2
Handgun\Handgun_USRT_CCTV\PAH1_C2_P3_V2_HB_2_f0134.jpg,1920,1080,1,595.0,358.0,672.0,414.0
Handgun\Handgun_USRT_CCTV\PAH1_C2_P3_V2_HB_2_f0159.jpg,1920,1080,1,783.0,376.0,856.0,432.0
Handgun\Handgun_USRT_CCTV\PAH1_C2_P3_V2_HB_2_f0183.jpg,1920,1080,1,963.0,406.0,1027.0,467.0
Handgun\Handgun_USRT_CCTV\PAH1_C2_P3_V2_HB_2_f0208.jpg,1920,1080,1,1216.8,452.8,1299.2,520.0
Handgun\Handgun_USRT_CCTV\PAH1_C2_P3_V2_HB_2_f0232.jpg,1920,1080,1,1528.8,470.7,1629.3,534.5
Handgun\Handgun_USRT_CCTV\PAH1_C2_P3_V2_HB_2_f0257.jpg,1920,1080,1,1835.0,515.0,1915.0,578.0
Handgun\Handgun_USRT_CCTV\PAH1_C2_P3_V2_HB_3_f0061.jpg,1920,1080,1,1832.0,516.0,1918.0,589.0
Handgun\Handgun_USRT_CCTV\PAH1_C2_P3_V2_HB_3_f0084.jpg,1920,1080,1,1594.0,479.0,1685.0,549.0
Handgun\Handgun_USRT_CCTV\PAH1_C2_P3_V2_HB_3_f0107.jpg,1920,1080,1,1404.6,486.7,1488.3,556.0
Handgun\Handgun_USRT_CCTV\PAH1_C2_P3_V2_HB_3_f0130.jpg,1920,1080,1,1114.0,459.0,1206.0,529.0
Handgun\Handgun_USRT_CCTV\PAH1_C2_P3_V2_HB_3_f0153.jpg,1920,1080,1,826.3,409.0,916.2,484.0
Handgun\Handgun_USRT_CCTV\PAH1_C2_P3_V2_HB_3_f0176.jpg,1920,1080,1,639.0,371.0,715.0,438.0
Handgun\Handgun_USRT_CCTV\PAH1_C2_P3_V2_HB_3_f0199.jpg,1920,1080,1,459.0,349.0,520.0,410.0
Handgun\Handgun_USRT_CCTV\PAH1_C2_P3_V2_HB_3_f0222.jpg,1920,1080,1,271.5,339.0,333.0,395.5
Handgun\Handgun_USRT_CCTV\PAH1_C2_P3_V2_HB_3_f0246.jpg,1920,1080,1,0.0,340.0,60.0,393.0
Handgun\Handgun_USRT_CCTV\PAH1_C2_P5_V1_HB_1_f0049.jpg,1920,1080,1,1857.5,181.0,1918.5,244.0
Handgun\Handgun_USRT_CCTV\PAH1_C2_P5_V1_HB_1_f0068.jpg,1920,1080,1,1710.7,192.3,1774.7,261.7
Handgun\Handgun_USRT_CCTV\PAH1_C2_P5_V1_HB_1_f0088.jpg,1920,1080,1,1549.0,220.7,1623.0,292.3
Handgun\Handgun_USRT_CCTV\PAH1_C2_P5_V1_HB_1_f0107.jpg,1920,1080,1,1448.0,260.8,1525.5,332.0
Handgun\Handgun_USRT_CCTV\PAH1_C2_P5_V1_HB_1_f0127.jpg,1920,1080,1,1275.2,320.5,1356.5,401.7
Handgun\Handgun_USRT_CCTV\PAH1_C2_P5_V1_HB_1_f0147.jpg,1920,1080,1,1059.5,389.0,1159.5,485.5
Handgun\Handgun_USRT_CCTV\PAH1_C2_P5_V1_HB_1_f0166.jpg,1920,1080,1,813.7,470.7,927.3,573.3
Handgun\Handgun_USRT_CCTV\PAH1_C2_P5_V1_HB_1_f0186.jpg,1920,1080,1,446.0,584.0,587.0,712.0
Handgun\Handgun_USRT_CCTV\PAH1_C2_P5_V1_HB_1_f0206.jpg,1920,1080,1,5.0,709.0,171.0,876.0
Handgun\Handgun_USRT_CCTV\PAH1_C2_P5_V1_HB_4_f0057.jpg,1920,1080,1,0.0,616.0,145.0,749.0
Handgun\Handgun_USRT_CCTV\PAH1_C2_P5_V1_HB_4_f0078.jpg,1920,1080,1,449.0,499.7,575.7,623.7
Handgun\Handgun_USRT_CCTV\PAH1_C2_P5_V1_HB_4_f0100.jpg,1920,1080,1,800.0,404.4,905.9,516.6
Handgun\Handgun_USRT_CCTV\PAH1_C2_P5_V1_HB_4_f0121.jpg,1920,1080,1,1033.6,355.4,1134.1,452.7
Handgun\Handgun_USRT_CCTV\PAH1_C2_P5_V1_HB_4_f0143.jpg,1920,1080,1,1243.9,289.1,1328.9,378.4
Handgun\Handgun_USRT_CCTV\PAH1_C2_P5_V1_HB_4_f0165.jpg,1920,1080,1,1391.5,223.5,1475.5,314.5
Handgun\Handgun_USRT_CCTV\PAH1_C2_P5_V1_HB_4_f0186.jpg,1920,1080,1,1517.4,195.4,1587.6,278.7
Handgun\Handgun_USRT_CCTV\PAH1_C2_P5_V1_HB_4_f0208.jpg,1920,1080,1,1675.1,178.4,1744.1,247.7
Handgun\Handgun_USRT_CCTV\PAH1_C2_P5_V1_HB_4_f0230.jpg,1920,1080,1,1847.0,154.0,1918.0,224.0
Handgun\Handgun_USRT_CCTV\PAH1_C2_P5_V2_HB_3_f0055.jpg,1920,1080,1,1852.5,181.0,1918.5,252.0
Handgun\Handgun_USRT_CCTV\PAH1_C2_P5_V2_HB_3_f0076.jpg,1920,1080,1,1643.5,190.5,1729.0,264.0
Handgun\Handgun_USRT_CCTV\PAH1_C2_P5_V2_HB_3_f0098.jpg,1920,1080,1,1501.7,212.2,1585.5,286.0
Handgun\Handgun_USRT_CCTV\PAH1_C2_P5_V2_HB_3_f0120.jpg,1920,1080,1,1349.7,251.3,1440.7,324.0
Handgun\Handgun_USRT_CCTV\PAH1_C2_P5_V2_HB_3_f0142.jpg,1920,1080,1,1200.0,292.5,1289.0,372.5
Handgun\Handgun_USRT_CCTV\PAH1_C2_P5_V2_HB_3_f0163.jpg,1920,1080,1,933.0,328.0,1039.0,416.0
Handgun\Handgun_USRT_CCTV\PAH1_C2_P5_V2_HB_3_f0185.jpg,1920,1080,1,681.7,375.3,796.0,470.0
Handgun\Handgun_USRT_CCTV\PAH1_C2_P5_V2_HB_3_f0207.jpg,1920,1080,1,369.0,489.0,501.7,580.7
Handgun\Handgun_USRT_CCTV\PAH1_C2_P5_V2_HB_3_f0229.jpg,1920,1080,1,0.0,639.0,132.0,751.0
Handgun\Handgun_USRT_CCTV\PAH1_C2_P5_V2_HB_4_f0043.jpg,1920,1080,1,0.0,758.0,127.0,891.0
Handgun\Handgun_USRT_CCTV\PAH1_C2_P5_V2_HB_4_f0063.jpg,1920,1080,1,358.0,569.0,496.1,701.4
Handgun\Handgun_USRT_CCTV\PAH1_C2_P5_V2_HB_4_f0083.jpg,1920,1080,1,619.0,457.0,734.0,585.0
Handgun\Handgun_USRT_CCTV\PAH1_C2_P5_V2_HB_4_f0104.jpg,1920,1080,1,823.3,379.3,909.0,489.0
Handgun\Handgun_USRT_CCTV\PAH1_C2_P5_V2_HB_4_f0124.jpg,1920,1080,1,987.0,314.0,1048.0,419.0
Handgun\Handgun_USRT_CCTV\PAH1_C2_P5_V2_HB_4_f0167.jpg,1920,1080,1,1330.8,219.3,1399.7,299.3
Handgun\Handgun_USRT_CCTV\PAH1_C2_P5_V2_HB_4_f0188.jpg,1920,1080,1,1489.4,191.6,1568.4,264.7
Handgun\Handgun_USRT_CCTV\PAH1_C2_P5_V2_HB_4_f0208.jpg,1920,1080,1,1652.0,207.0,1740.0,276.0
Handgun\Handgun_USRT_CCTV\PAH1_C2_P5_V2_HB_4_f0229.jpg,1920,1080,1,1839.5,198.0,1918.5,263.0
Handgun\Handgun_USRT_CCTV\PAH2_C1_P1_V1_HB_1_f0017.jpg,640,480,1,120.0,133.0,141.0,156.0
Handgun\Handgun_USRT_CCTV\PAH2_C1_P1_V1_HB_1_f0032.jpg,640,480,1,152.0,144.5,175.5,166.5
Handgun\Handgun_USRT_CCTV\PAH2_C1_P1_V1_HB_1_f0047.jpg,640,480,1,199.6,148.7,223.7,174.9
Handgun\Handgun_USRT_CCTV\PAH2_C1_P1_V1_HB_1_f0062.jpg,640,480,1,259.0,149.0,286.0,177.0
Handgun\Handgun_USRT_CCTV\PAH2_C1_P1_V1_HB_1_f0078.jpg,640,480,1,328.0,158.4,357.6,184.8
Handgun\Handgun_USRT_CCTV\PAH2_C1_P1_V1_HB_1_f0093.jpg,640,480,1,394.8,160.5,425.5,188.5
Handgun\Handgun_USRT_CCTV\PAH2_C1_P1_V1_HB_1_f0108.jpg,640,480,1,460.0,174.0,493.0,208.0
Handgun\Handgun_USRT_CCTV\PAH2_C1_P1_V1_HB_1_f0123.jpg,640,480,1,534.2,192.0,567.4,227.0
Handgun\Handgun_USRT_CCTV\PAH2_C1_P1_V1_HB_1_f0139.jpg,640,480,1,612.5,219.0,638.5,252.0
Handgun\Handgun_USRT_CCTV\PAH2_C1_P1_V1_HB_4_f0028.jpg,640,480,1,597.5,224.0,638.5,266.0
Handgun\Handgun_USRT_CCTV\PAH2_C1_P1_V1_HB_4_f0045.jpg,640,480,1,496.2,195.0,539.2,235.2
Handgun\Handgun_USRT_CCTV\PAH2_C1_P1_V1_HB_4_f0063.jpg,640,480,1,407.0,178.0,449.0,212.0
Handgun\Handgun_USRT_CCTV\PAH2_C1_P1_V1_HB_4_f0081.jpg,640,480,1,339.8,161.5,379.5,192.8
Handgun\Handgun_USRT_CCTV\PAH2_C1_P1_V1_HB_4_f0099.jpg,640,480,1,287.0,151.8,320.8,178.4
Handgun\Handgun_USRT_CCTV\PAH2_C1_P1_V1_HB_4_f0117.jpg,640,480,1,231.3,147.7,266.0,173.0
Handgun\Handgun_USRT_CCTV\PAH2_C1_P1_V1_HB_4_f0135.jpg,640,480,1,173.0,141.3,204.0,164.0
Handgun\Handgun_USRT_CCTV\PAH2_C1_P1_V1_HB_4_f0153.jpg,640,480,1,121.0,139.0,147.0,163.0
Handgun\Handgun_USRT_CCTV\PAH2_C1_P2_V1_HB_3_f0034.jpg,640,480,1,0.0,378.0,46.0,439.0
Handgun\Handgun_USRT_CCTV\PAH2_C1_P2_V1_HB_3_f0059.jpg,640,480,1,102.8,333.8,142.2,382.2
Handgun\Handgun_USRT_CCTV\PAH2_C1_P2_V1_HB_3_f0085.jpg,640,480,1,168.4,298.7,204.4,336.9
Handgun\Handgun_USRT_CCTV\PAH2_C1_P2_V1_HB_3_f0110.jpg,640,480,1,219.0,277.3,247.3,309.7
Handgun\Handgun_USRT_CCTV\PAH2_C1_P2_V1_HB_3_f0136.jpg,640,480,1,249.3,264.3,278.6,291.7
Handgun\Handgun_USRT_CCTV\PAH2_C1_P2_V1_HB_3_f0161.jpg,640,480,1,275.6,256.3,299.0,279.4
Handgun\Handgun_USRT_CCTV\PAH2_C1_P2_V1_HB_3_f0187.jpg,640,480,1,313.2,244.3,340.4,267.6
Handgun\Handgun_USRT_CCTV\PAH2_C1_P2_V1_HB_3_f0225.jpg,640,480,1,369.0,236.0,394.0,254.0
Handgun\Handgun_USRT_CCTV\PAH2_C1_P2_V1_HB_4_f0047.jpg,640,480,1,351.0,236.0,366.0,256.0
Handgun\Handgun_USRT_CCTV\PAH2_C1_P2_V1_HB_4_f0068.jpg,640,480,1,324.5,240.8,343.0,262.8
Handgun\Handgun_USRT_CCTV\PAH2_C1_P2_V1_HB_4_f0090.jpg,640,480,1,288.0,250.6,315.0,272.9
Handgun\Handgun_USRT_CCTV\PAH2_C1_P2_V1_HB_4_f0112.jpg,640,480,1,254.6,266.0,277.9,293.1
Handgun\Handgun_USRT_CCTV\PAH2_C1_P2_V1_HB_4_f0133.jpg,640,480,1,212.0,285.4,238.8,318.3
Handgun\Handgun_USRT_CCTV\PAH2_C1_P2_V1_HB_4_f0155.jpg,640,480,1,154.9,307.1,185.6,340.8
Handgun\Handgun_USRT_CCTV\PAH2_C1_P2_V1_HB_4_f0177.jpg,640,480,1,91.6,343.5,126.1,384.2
Handgun\Handgun_USRT_CCTV\PAH2_C1_P2_V1_HB_4_f0199.jpg,640,480,1,0.0,390.0,44.0,446.0
Handgun\Handgun_USRT_CCTV\PAH2_C1_P4_V1_HB_1_f0032.jpg,640,480,1,605.5,148.0,638.5,184.0
Handgun\Handgun_USRT_CCTV\PAH2_C1_P4_V1_HB_1_f0043.jpg,640,480,1,560.3,139.4,596.0,177.0
Handgun\Handgun_USRT_CCTV\PAH2_C1_P4_V1_HB_1_f0055.jpg,640,480,1,496.0,139.0,536.3,178.7
Handgun\Handgun_USRT_CCTV\PAH2_C1_P4_V1_HB_1_f0066.jpg,640,480,1,401.4,122.4,452.0,163.6
Handgun\Handgun_USRT_CCTV\PAH2_C1_P4_V1_HB_1_f0078.jpg,640,480,1,313.6,119.4,367.2,164.8
Handgun\Handgun_USRT_CCTV\PAH2_C1_P4_V1_HB_1_f0089.jpg,640,480,1,231.0,120.0,297.0,167.0
Handgun\Handgun_USRT_CCTV\PAH2_C1_P4_V1_HB_1_f0101.jpg,640,480,1,105.3,118.0,168.2,164.3
Handgun\Handgun_USRT_CCTV\PAH2_C1_P4_V1_HB_1_f0113.jpg,640,480,1,0.0,111.0,61.0,163.0
Handgun\Handgun_USRT_CCTV\PAH2_C1_P4_V1_HB_3_f0046.jpg,640,480,1,606.5,156.0,638.5,197.0
Handgun\Handgun_USRT_CCTV\PAH2_C1_P4_V1_HB_3_f0056.jpg,640,480,1,565.7,154.7,604.3,191.0
Handgun\Handgun_USRT_CCTV\PAH2_C1_P4_V1_HB_3_f0066.jpg,640,480,1,507.3,148.3,550.0,185.3
Handgun\Handgun_USRT_CCTV\PAH2_C1_P4_V1_HB_3_f0076.jpg,640,480,1,440.0,144.0,488.0,189.0
Handgun\Handgun_USRT_CCTV\PAH2_C1_P4_V1_HB_3_f0086.jpg,640,480,1,351.0,140.0,408.0,183.0
Handgun\Handgun_USRT_CCTV\PAH2_C1_P4_V1_HB_3_f0096.jpg,640,480,1,252.0,134.3,309.3,179.1
Handgun\Handgun_USRT_CCTV\PAH2_C1_P4_V1_HB_3_f0106.jpg,640,480,1,130.0,132.0,199.0,180.0
Handgun\Handgun_USRT_CCTV\PAH2_C1_P4_V1_HB_3_f0117.jpg,640,480,1,0.0,132.0,55.0,183.0
Handgun\Handgun_USRT_CCTV\PAH2_C2_P3_V1_HB_1_f0048.jpg,1920,1080,1,1810.5,552.0,1918.5,634.0
Handgun\Handgun_USRT_CCTV\PAH2_C2_P3_V1_HB_1_f0069.jpg,1920,1080,1,1487.0,498.5,1585.0,572.0
Handgun\Handgun_USRT_CCTV\PAH2_C2_P3_V1_HB_1_f0091.jpg,1920,1080,1,1177.4,445.0,1267.9,517.9
Handgun\Handgun_USRT_CCTV\PAH2_C2_P3_V1_HB_1_f0113.jpg,1920,1080,1,910.4,425.6,995.6,486.3
Handgun\Handgun_USRT_CCTV\PAH2_C2_P3_V1_HB_1_f0135.jpg,1920,1080,1,665.0,395.0,754.0,462.0
Handgun\Handgun_USRT_CCTV\PAH2_C2_P3_V1_HB_1_f0157.jpg,1920,1080,1,468.0,369.0,550.0,434.0
Handgun\Handgun_USRT_CCTV\PAH2_C2_P3_V1_HB_1_f0179.jpg,1920,1080,1,238.0,343.0,329.0,410.0
Handgun\Handgun_USRT_CCTV\PAH2_C2_P3_V1_HB_1_f0201.jpg,1920,1080,1,0.0,328.0,79.0,397.0
Handgun\Handgun_USRT_CCTV\PAH2_C2_P3_V1_HB_4_f0040.jpg,1920,1080,1,0.0,273.0,83.0,343.0
Handgun\Handgun_USRT_CCTV\PAH2_C2_P3_V1_HB_4_f0063.jpg,1920,1080,1,249.0,308.0,331.0,375.0
Handgun\Handgun_USRT_CCTV\PAH2_C2_P3_V1_HB_4_f0086.jpg,1920,1080,1,519.7,375.6,592.7,440.7
Handgun\Handgun_USRT_CCTV\PAH2_C2_P3_V1_HB_4_f0109.jpg,1920,1080,1,745.9,393.4,822.7,455.8
Handgun\Handgun_USRT_CCTV\PAH2_C2_P3_V1_HB_4_f0132.jpg,1920,1080,1,971.6,416.6,1052.4,485.9
Handgun\Handgun_USRT_CCTV\PAH2_C2_P3_V1_HB_4_f0155.jpg,1920,1080,1,1214.6,454.6,1300.0,525.8
Handgun\Handgun_USRT_CCTV\PAH2_C2_P3_V1_HB_4_f0178.jpg,1920,1080,1,1492.6,493.2,1592.9,567.2
Handgun\Handgun_USRT_CCTV\PAH2_C2_P3_V1_HB_4_f0201.jpg,1920,1080,1,1824.5,540.0,1918.5,616.0
Handgun\Handgun_USRT_CCTV\PAH2_C2_P3_V2_HB_2_f0069.jpg,1920,1080,1,1.0,330.0,88.0,398.0
Handgun\Handgun_USRT_CCTV\PAH2_C2_P3_V2_HB_2_f0094.jpg,1920,1080,1,267.7,352.0,350.0,414.3
Handgun\Handgun_USRT_CCTV\PAH2_C2_P3_V2_HB_2_f0119.jpg,1920,1080,1,513.0,385.5,588.5,447.0
Handgun\Handgun_USRT_CCTV\PAH2_C2_P3_V2_HB_2_f0144.jpg,1920,1080,1,676.0,411.0,756.5,473.5
Handgun\Handgun_USRT_CCTV\PAH2_C2_P3_V2_HB_2_f0170.jpg,1920,1080,1,845.1,451.3,910.1,516.8
Handgun\Handgun_USRT_CCTV\PAH2_C2_P3_V2_HB_2_f0195.jpg,1920,1080,1,1142.9,502.8,1229.6,572.6
Handgun\Handgun_USRT_CCTV\PAH2_C2_P3_V2_HB_2_f0220.jpg,1920,1080,1,1472.8,510.0,1573.0,579.0
Handgun\Handgun_USRT_CCTV\PAH2_C2_P3_V2_HB_2_f0246.jpg,1920,1080,1,1800.5,553.0,1918.5,640.0
Handgun\Handgun_USRT_CCTV\PAH2_C2_P3_V2_HB_4_f0056.jpg,1920,1080,1,0.0,350.0,81.0,407.0
Handgun\Handgun_USRT_CCTV\PAH2_C2_P3_V2_HB_4_f0084.jpg,1920,1080,1,279.7,342.7,355.7,394.7
Handgun\Handgun_USRT_CCTV\PAH2_C2_P3_V2_HB_4_f0112.jpg,1920,1080,1,515.6,402.9,586.4,453.8
Handgun\Handgun_USRT_CCTV\PAH2_C2_P3_V2_HB_4_f0140.jpg,1920,1080,1,676.5,443.4,742.6,495.4
Handgun\Handgun_USRT_CCTV\PAH2_C2_P3_V2_HB_4_f0168.jpg,1920,1080,1,921.3,489.3,996.0,549.0
Handgun\Handgun_USRT_CCTV\PAH2_C2_P3_V2_HB_4_f0196.jpg,1920,1080,1,1261.0,495.0,1348.0,556.0
Handgun\Handgun_USRT_CCTV\PAH2_C2_P3_V2_HB_4_f0224.jpg,1920,1080,1,1514.7,491.2,1604.0,553.2
Handgun\Handgun_USRT_CCTV\PAH2_C2_P3_V2_HB_4_f0253.jpg,1920,1080,1,1865.5,551.0,1918.5,615.0
Handgun\Handgun_USRT_CCTV\PAH2_C2_P5_V1_HB_3_f0050.jpg,1920,1080,1,1863.5,218.0,1918.5,286.0
Handgun\Handgun_USRT_CCTV\PAH2_C2_P5_V1_HB_3_f0076.jpg,1920,1080,1,1663.6,241.2,1725.8,309.2
Handgun\Handgun_USRT_CCTV\PAH2_C2_P5_V1_HB_3_f0102.jpg,1920,1080,1,1471.9,281.3,1540.8,345.1
Handgun\Handgun_USRT_CCTV\PAH2_C2_P5_V1_HB_3_f0128.jpg,1920,1080,1,1298.6,325.8,1375.9,402.7
Handgun\Handgun_USRT_CCTV\PAH2_C2_P5_V1_HB_3_f0154.jpg,1920,1080,1,1087.1,398.8,1176.8,485.5
Handgun\Handgun_USRT_CCTV\PAH2_C2_P5_V1_HB_3_f0180.jpg,1920,1080,1,809.0,473.4,914.2,571.2
Handgun\Handgun_USRT_CCTV\PAH2_C2_P5_V1_HB_3_f0206.jpg,1920,1080,1,452.8,580.6,592.1,701.7
Handgun\Handgun_USRT_CCTV\PAH2_C2_P5_V1_HB_3_f0232.jpg,1920,1080,1,0.0,741.0,160.0,858.0
Handgun\Handgun_USRT_CCTV\PAH2_C2_P5_V1_HB_4_f0054.jpg,1920,1080,1,0.0,774.0,139.0,917.0
Handgun\Handgun_USRT_CCTV\PAH2_C2_P5_V1_HB_4_f0083.jpg,1920,1080,1,491.0,582.6,618.8,696.2
Handgun\Handgun_USRT_CCTV\PAH2_C2_P5_V1_HB_4_f0112.jpg,1920,1080,1,850.6,472.7,959.0,570.1
Handgun\Handgun_USRT_CCTV\PAH2_C2_P5_V1_HB_4_f0142.jpg,1920,1080,1,1141.9,373.3,1226.7,457.4
Handgun\Handgun_USRT_CCTV\PAH2_C2_P5_V1_HB_4_f0171.jpg,1920,1080,1,1326.0,310.0,1405.0,385.0
Handgun\Handgun_USRT_CCTV\PAH2_C2_P5_V1_HB_4_f0201.jpg,1920,1080,1,1503.0,257.0,1578.0,322.0
Handgun\Handgun_USRT_CCTV\PAH2_C2_P5_V1_HB_4_f0230.jpg,1920,1080,1,1660.2,229.7,1730.0,287.5
Handgun\Handgun_USRT_CCTV\PAH2_C2_P5_V1_HB_4_f0260.jpg,1920,1080,1,1861.5,191.0,1918.5,250.0
Handgun\Handgun_USRT_CCTV\PAH2_C2_P5_V2_HB_2_f0053.jpg,1920,1080,1,0.0,686.0,129.0,830.0
Handgun\Handgun_USRT_CCTV\PAH2_C2_P5_V2_HB_2_f0081.jpg,1920,1080,1,447.0,574.0,582.0,692.0
Handgun\Handgun_USRT_CCTV\PAH2_C2_P5_V2_HB_2_f0109.jpg,1920,1080,1,795.2,439.6,911.4,543.0
Handgun\Handgun_USRT_CCTV\PAH2_C2_P5_V2_HB_2_f0137.jpg,1920,1080,1,1048.7,362.0,1141.9,452.0
Handgun\Handgun_USRT_CCTV\PAH2_C2_P5_V2_HB_2_f0166.jpg,1920,1080,1,1235.0,295.3,1306.8,373.5
Handgun\Handgun_USRT_CCTV\PAH2_C2_P5_V2_HB_2_f0194.jpg,1920,1080,1,1454.9,266.1,1523.9,334.3
Handgun\Handgun_USRT_CCTV\PAH2_C2_P5_V2_HB_2_f0222.jpg,1920,1080,1,1620.3,237.7,1695.7,300.7
Handgun\Handgun_USRT_CCTV\PAH2_C2_P5_V2_HB_2_f0251.jpg,1920,1080,1,1852.5,225.0,1918.5,292.0
Handgun\Handgun_USRT_CCTV\PAH2_C2_P5_V2_HB_4_f0054.jpg,1920,1080,1,0.0,787.0,133.0,938.0
Handgun\Handgun_USRT_CCTV\PAH2_C2_P5_V2_HB_4_f0084.jpg,1920,1080,1,461.3,597.7,567.0,717.7
Handgun\Handgun_USRT_CCTV\PAH2_C2_P5_V2_HB_4_f0115.jpg,1920,1080,1,773.8,460.2,853.3,558.2
Handgun\Handgun_USRT_CCTV\PAH2_C2_P5_V2_HB_4_f0146.jpg,1920,1080,1,1111.6,398.7,1192.3,487.7
Handgun\Handgun_USRT_CCTV\PAH2_C2_P5_V2_HB_4_f0176.jpg,1920,1080,1,1354.0,342.0,1428.9,415.6
Handgun\Handgun_USRT_CCTV\PAH2_C2_P5_V2_HB_4_f0207.jpg,1920,1080,1,1458.0,263.0,1514.0,332.0
Handgun\Handgun_USRT_CCTV\PAH2_C2_P5_V2_HB_4_f0238.jpg,1920,1080,1,1631.3,228.3,1684.4,288.6
Handgun\Handgun_USRT_CCTV\PAH2_C2_P5_V2_HB_4_f0269.jpg,1920,1080,1,1852.5,228.0,1918.5,290.0
Handgun\Handgun_USRT_CCTV\PAH3_C1_P1_V1_HB_1_f0055.jpg,640,480,1,127.0,162.0,148.0,183.0
Handgun\Handgun_USRT_CCTV\PAH3_C1_P1_V1_HB_1_f0071.jpg,640,480,1,161.2,165.2,181.0,185.8
Handgun\Handgun_USRT_CCTV\PAH3_C1_P1_V1_HB_1_f0088.jpg,640,480,1,207.0,171.1,229.1,191.3
Handgun\Handgun_USRT_CCTV\PAH3_C1_P1_V1_HB_1_f0104.jpg,640,480,1,265.5,178.5,291.0,201.0
Handgun\Handgun_USRT_CCTV\PAH3_C1_P1_V1_HB_1_f0121.jpg,640,480,1,340.2,189.5,371.0,215.2
Handgun\Handgun_USRT_CCTV\PAH3_C1_P1_V1_HB_1_f0137.jpg,640,480,1,413.1,205.8,444.6,235.0
Handgun\Handgun_USRT_CCTV\PAH3_C1_P1_V1_HB_1_f0154.jpg,640,480,1,499.4,228.4,534.1,258.1
Handgun\Handgun_USRT_CCTV\PAH3_C1_P1_V1_HB_1_f0171.jpg,640,480,1,606.5,259.0,638.5,295.0
Handgun\Handgun_USRT_CCTV\PAH3_C1_P1_V1_HB_4_f0040.jpg,640,480,1,598.0,257.0,636.0,301.0
Handgun\Handgun_USRT_CCTV\PAH3_C1_P1_V1_HB_4_f0055.jpg,640,480,1,506.3,242.0,545.3,275.3
Handgun\Handgun_USRT_CCTV\PAH3_C1_P1_V1_HB_4_f0071.jpg,640,480,1,412.0,203.0,444.0,237.0
Handgun\Handgun_USRT_CCTV\PAH3_C1_P1_V1_HB_4_f0087.jpg,640,480,1,352.5,202.0,385.5,228.5
Handgun\Handgun_USRT_CCTV\PAH3_C1_P1_V1_HB_4_f0102.jpg,640,480,1,288.0,175.0,318.0,202.0
Handgun\Handgun_USRT_CCTV\PAH3_C1_P1_V1_HB_4_f0118.jpg,640,480,1,227.0,168.0,255.0,192.0
Handgun\Handgun_USRT_CCTV\PAH3_C1_P1_V1_HB_4_f0134.jpg,640,480,1,182.0,169.8,209.6,191.6
Handgun\Handgun_USRT_CCTV\PAH3_C1_P1_V1_HB_4_f0150.jpg,640,480,1,122.0,162.0,147.0,185.0
Handgun\Handgun_USRT_CCTV\PAH3_C1_P2_V1_HB_1_f0045.jpg,640,480,1,74.0,417.0,116.0,478.0
Handgun\Handgun_USRT_CCTV\PAH3_C1_P2_V1_HB_1_f0069.jpg,640,480,1,146.5,364.0,181.5,410.5
Handgun\Handgun_USRT_CCTV\PAH3_C1_P2_V1_HB_1_f0093.jpg,640,480,1,189.0,327.8,220.5,365.8
Handgun\Handgun_USRT_CCTV\PAH3_C1_P2_V1_HB_1_f0117.jpg,640,480,1,233.1,301.0,258.4,331.6
Handgun\Handgun_USRT_CCTV\PAH3_C1_P2_V1_HB_1_f0141.jpg,640,480,1,267.0,282.0,289.0,307.0
Handgun\Handgun_USRT_CCTV\PAH3_C1_P2_V1_HB_1_f0165.jpg,640,480,1,281.4,269.7,302.9,292.7
Handgun\Handgun_USRT_CCTV\PAH3_C1_P2_V1_HB_1_f0189.jpg,640,480,1,308.0,257.8,330.5,278.0
Handgun\Handgun_USRT_CCTV\PAH3_C1_P2_V1_HB_1_f0220.jpg,640,480,1,373.0,248.0,393.0,265.0
Handgun\Handgun_USRT_CCTV\PAH3_C1_P2_V1_HB_2_f0052.jpg,640,480,1,372.0,248.0,387.0,266.0
Handgun\Handgun_USRT_CCTV\PAH3_C1_P2_V1_HB_2_f0080.jpg,640,480,1,303.4,259.3,322.6,280.1
Handgun\Handgun_USRT_CCTV\PAH3_C1_P2_V1_HB_2_f0102.jpg,640,480,1,261.5,271.0,279.0,294.5
Handgun\Handgun_USRT_CCTV\PAH3_C1_P2_V1_HB_2_f0124.jpg,640,480,1,227.5,281.8,252.8,308.0
Handgun\Handgun_USRT_CCTV\PAH3_C1_P2_V1_HB_2_f0146.jpg,640,480,1,188.8,296.7,218.0,327.1
Handgun\Handgun_USRT_CCTV\PAH3_C1_P2_V1_HB_2_f0168.jpg,640,480,1,137.8,329.6,169.7,362.6
Handgun\Handgun_USRT_CCTV\PAH3_C1_P2_V1_HB_2_f0190.jpg,640,480,1,82.0,367.5,121.5,406.0
Handgun\Handgun_USRT_CCTV\PAH3_C1_P2_V1_HB_2_f0213.jpg,640,480,1,0.0,429.0,34.0,470.0
Handgun\Handgun_USRT_CCTV\PAH3_C1_P4_V1_HB_2_f0054.jpg,640,480,1,0.0,186.0,60.0,236.0
Handgun\Handgun_USRT_CCTV\PAH3_C1_P4_V1_HB_2_f0064.jpg,640,480,1,105.0,186.7,175.0,232.0
Handgun\Handgun_USRT_CCTV\PAH3_C1_P4_V1_HB_2_f0074.jpg,640,480,1,240.7,191.7,303.7,237.7
Handgun\Handgun_USRT_CCTV\PAH3_C1_P4_V1_HB_2_f0084.jpg,640,480,1,354.0,193.0,413.0,236.0
Handgun\Handgun_USRT_CCTV\PAH3_C1_P4_V1_HB_2_f0094.jpg,640,480,1,444.5,197.8,494.0,237.8
Handgun\Handgun_USRT_CCTV\PAH3_C1_P4_V1_HB_2_f0104.jpg,640,480,1,513.2,195.6,557.2,230.6
Handgun\Handgun_USRT_CCTV\PAH3_C1_P4_V1_HB_2_f0114.jpg,640,480,1,564.0,193.5,603.0,226.0
Handgun\Handgun_USRT_CCTV\PAH3_C1_P4_V1_HB_2_f0124.jpg,640,480,1,611.5,200.0,638.5,234.0
Handgun\Handgun_USRT_CCTV\PAH3_C1_P4_V1_HB_4_f0045.jpg,640,480,1,0.0,164.0,52.0,206.0
Handgun\Handgun_USRT_CCTV\PAH3_C1_P4_V1_HB_4_f0055.jpg,640,480,1,95.2,166.5,153.8,209.8
Handgun\Handgun_USRT_CCTV\PAH3_C1_P4_V1_HB_4_f0066.jpg,640,480,1,190.8,166.2,248.4,205.8
Handgun\Handgun_USRT_CCTV\PAH3_C1_P4_V1_HB_4_f0077.jpg,640,480,1,292.7,171.0,349.0,209.7
Handgun\Handgun_USRT_CCTV\PAH3_C1_P4_V1_HB_4_f0088.jpg,640,480,1,387.8,165.8,440.5,200.8
Handgun\Handgun_USRT_CCTV\PAH3_C1_P4_V1_HB_4_f0099.jpg,640,480,1,480.0,172.0,526.0,208.0
Handgun\Handgun_USRT_CCTV\PAH3_C1_P4_V1_HB_4_f0110.jpg,640,480,1,554.0,175.0,593.0,203.0
Handgun\Handgun_USRT_CCTV\PAH3_C1_P4_V1_HB_4_f0121.jpg,640,480,1,606.0,181.0,636.0,210.0
Handgun\Handgun_USRT_CCTV\PAH3_C2_P3_V1_HB_1_f0055.jpg,1920,1080,1,1819.5,587.0,1918.5,676.0
Handgun\Handgun_USRT_CCTV\PAH3_C2_P3_V1_HB_1_f0079.jpg,1920,1080,1,1479.3,539.0,1564.3,610.0
Handgun\Handgun_USRT_CCTV\PAH3_C2_P3_V1_HB_1_f0103.jpg,1920,1080,1,1196.2,487.7,1281.2,560.7
Handgun\Handgun_USRT_CCTV\PAH3_C2_P3_V1_HB_1_f0127.jpg,1920,1080,1,941.7,455.6,1021.1,520.3
Handgun\Handgun_USRT_CCTV\PAH3_C2_P3_V1_HB_1_f0151.jpg,1920,1080,1,691.0,432.0,773.0,496.0
Handgun\Handgun_USRT_CCTV\PAH3_C2_P3_V1_HB_1_f0175.jpg,1920,1080,1,473.0,397.0,549.0,460.0
Handgun\Handgun_USRT_CCTV\PAH3_C2_P3_V1_HB_1_f0199.jpg,1920,1080,1,235.3,390.0,311.3,449.3
Handgun\Handgun_USRT_CCTV\PAH3_C2_P3_V1_HB_1_f0223.jpg,1920,1080,1,0.0,359.0,71.0,420.0
Handgun\Handgun_USRT_CCTV\PAH3_C2_P3_V1_HB_2_f0058.jpg,1920,1080,1,2.0,346.0,71.0,404.0
Handgun\Handgun_USRT_CCTV\PAH3_C2_P3_V1_HB_2_f0081.jpg,1920,1080,1,264.0,402.0,345.0,463.0
Handgun\Handgun_USRT_CCTV\PAH3_C2_P3_V1_HB_2_f0104.jpg,1920,1080,1,521.0,418.0,602.0,481.0
Handgun\Handgun_USRT_CCTV\PAH3_C2_P3_V1_HB_2_f0127.jpg,1920,1080,1,758.2,442.8,833.3,503.0
Handgun\Handgun_USRT_CCTV\PAH3_C2_P3_V1_HB_2_f0151.jpg,1920,1080,1,1017.3,459.0,1097.8,524.2
Handgun\Handgun_USRT_CCTV\PAH3_C2_P3_V1_HB_2_f0174.jpg,1920,1080,1,1252.0,488.0,1340.0,555.0
Handgun\Handgun_USRT_CCTV\PAH3_C2_P3_V1_HB_2_f0197.jpg,1920,1080,1,1510.3,530.0,1602.3,601.3
Handgun\Handgun_USRT_CCTV\PAH3_C2_P3_V1_HB_2_f0221.jpg,1920,1080,1,1827.5,589.0,1918.5,673.0
Handgun\Handgun_USRT_CCTV\PAH3_C2_P3_V2_HB_1_f0045.jpg,1920,1080,1,1813.0,599.0,1914.0,687.0
Handgun\Handgun_USRT_CCTV\PAH3_C2_P3_V2_HB_1_f0069.jpg,1920,1080,1,1543.0,560.0,1632.0,634.0
Handgun\Handgun_USRT_CCTV\PAH3_C2_P3_V2_HB_1_f0094.jpg,1920,1080,1,1277.3,541.3,1355.0,608.0
Handgun\Handgun_USRT_CCTV\PAH3_C2_P3_V2_HB_1_f0118.jpg,1920,1080,1,994.5,495.0,1085.3,569.5
Handgun\Handgun_USRT_CCTV\PAH3_C2_P3_V2_HB_1_f0143.jpg,1920,1080,1,777.6,457.2,850.8,527.4
Handgun\Handgun_USRT_CCTV\PAH3_C2_P3_V2_HB_1_f0167.jpg,1920,1080,1,565.2,427.5,639.2,500.3
Handgun\Handgun_USRT_CCTV\PAH3_C2_P3_V2_HB_1_f0192.jpg,1920,1080,1,283.2,418.8,361.0,486.8
Handgun\Handgun_USRT_CCTV\PAH3_C2_P3_V2_HB_1_f0217.jpg,1920,1080,1,0.0,379.0,80.0,441.0
Handgun\Handgun_USRT_CCTV\PAH3_C2_P3_V2_HB_3_f0041.jpg,1920,1080,1,1824.5,626.0,1918.5,723.0
Handgun\Handgun_USRT_CCTV\PAH3_C2_P3_V2_HB_3_f0069.jpg,1920,1080,1,1530.5,586.0,1625.0,666.1
Handgun\Handgun_USRT_CCTV\PAH3_C2_P3_V2_HB_3_f0097.jpg,1920,1080,1,1240.1,544.6,1337.9,623.1
Handgun\Handgun_USRT_CCTV\PAH3_C2_P3_V2_HB_3_f0125.jpg,1920,1080,1,949.0,521.0,1044.0,600.0
Handgun\Handgun_USRT_CCTV\PAH3_C2_P3_V2_HB_3_f0153.jpg,1920,1080,1,674.0,471.0,764.0,546.0
Handgun\Handgun_USRT_CCTV\PAH3_C2_P3_V2_HB_3_f0181.jpg,1920,1080,1,457.5,438.5,524.5,512.4
Handgun\Handgun_USRT_CCTV\PAH3_C2_P3_V2_HB_3_f0209.jpg,1920,1080,1,229.4,411.6,295.0,476.1
Handgun\Handgun_USRT_CCTV\PAH3_C2_P3_V2_HB_3_f0238.jpg,1920,1080,1,0.0,400.0,77.0,470.0
Handgun\Handgun_USRT_CCTV\PAH3_C2_P5_V1_HB_2_f0069.jpg,1920,1080,1,4.0,851.0,150.0,1007.0
Handgun\Handgun_USRT_CCTV\PAH3_C2_P5_V1_HB_2_f0093.jpg,1920,1080,1,467.8,657.8,591.2,784.5
Handgun\Handgun_USRT_CCTV\PAH3_C2_P5_V1_HB_2_f0117.jpg,1920,1080,1,825.9,502.4,930.1,608.3
Handgun\Handgun_USRT_CCTV\PAH3_C2_P5_V1_HB_2_f0142.jpg,1920,1080,1,1115.3,411.0,1198.7,507.7
Handgun\Handgun_USRT_CCTV\PAH3_C2_P5_V1_HB_2_f0166.jpg,1920,1080,1,1310.0,365.0,1386.0,438.0
Handgun\Handgun_USRT_CCTV\PAH3_C2_P5_V1_HB_2_f0191.jpg,1920,1080,1,1479.0,299.0,1549.0,366.0
Handgun\Handgun_USRT_CCTV\PAH3_C2_P5_V1_HB_2_f0215.jpg,1920,1080,1,1655.6,265.4,1732.0,330.4
Handgun\Handgun_USRT_CCTV\PAH3_C2_P5_V1_HB_2_f0240.jpg,1920,1080,1,1852.5,246.0,1918.5,313.0
Handgun\Handgun_USRT_CCTV\PAH3_C2_P5_V1_HB_4_f0049.jpg,1920,1080,1,0.0,784.0,128.0,915.0
Handgun\Handgun_USRT_CCTV\PAH3_C2_P5_V1_HB_4_f0059.jpg,1920,1080,1,201.0,728.0,342.5,854.5
Handgun\Handgun_USRT_CCTV\PAH3_C2_P5_V1_HB_4_f0070.jpg,1920,1080,1,382.3,674.0,504.0,789.7
Handgun\Handgun_USRT_CCTV\PAH3_C2_P5_V1_HB_4_f0081.jpg,1920,1080,1,558.2,604.7,668.8,700.7
Handgun\Handgun_USRT_CCTV\PAH3_C2_P5_V1_HB_4_f0092.jpg,1920,1080,1,725.5,549.5,818.5,635.7
Handgun\Handgun_USRT_CCTV\PAH3_C2_P5_V1_HB_4_f0116.jpg,1920,1080,1,997.7,445.0,1048.8,485.2
Handgun\Handgun_USRT_CCTV\PAH3_C2_P5_V1_HB_4_f0219.jpg,1920,1080,1,1761.4,243.7,1825.0,295.4
Handgun\Handgun_USRT_CCTV\PAH3_C2_P5_V1_HB_4_f0230.jpg,1920,1080,1,1858.5,240.0,1918.5,289.0
Handgun\Handgun_USRT_CCTV\PAH3_C2_P5_V2_HB_2_f0051.jpg,1920,1080,1,0.0,840.0,108.0,1020.0
Handgun\Handgun_USRT_CCTV\PAH3_C2_P5_V2_HB_2_f0079.jpg,1920,1080,1,511.7,664.1,643.7,791.9
Handgun\Handgun_USRT_CCTV\PAH3_C2_P5_V2_HB_2_f0107.jpg,1920,1080,1,835.5,534.5,932.5,642.5
Handgun\Handgun_USRT_CCTV\PAH3_C2_P5_V2_HB_2_f0135.jpg,1920,1080,1,1101.2,425.5,1172.0,517.9
Handgun\Handgun_USRT_CCTV\PAH3_C2_P5_V2_HB_2_f0163.jpg,1920,1080,1,1338.0,361.3,1407.6,439.6
Handgun\Handgun_USRT_CCTV\PAH3_C2_P5_V2_HB_2_f0191.jpg,1920,1080,1,1515.3,305.1,1581.4,374.7
Handgun\Handgun_USRT_CCTV\PAH3_C2_P5_V2_HB_2_f0219.jpg,1920,1080,1,1644.6,260.9,1708.4,325.3
Handgun\Handgun_USRT_CCTV\PAH3_C2_P5_V2_HB_2_f0247.jpg,1920,1080,1,1861.5,241.0,1918.5,308.0
Handgun\Handgun_USRT_CCTV\PAH3_C2_P5_V2_HB_4_f0050.jpg,1920,1080,1,0.0,863.0,142.0,994.0
Handgun\Handgun_USRT_CCTV\PAH3_C2_P5_V2_HB_4_f0067.jpg,1920,1080,1,275.0,740.8,406.8,876.0
Handgun\Handgun_USRT_CCTV\PAH3_C2_P5_V2_HB_4_f0085.jpg,1920,1080,1,543.3,627.9,662.4,744.9
Handgun\Handgun_USRT_CCTV\PAH3_C2_P5_V2_HB_4_f0102.jpg,1920,1080,1,780.8,549.2,873.0,650.0
Handgun\Handgun_USRT_CCTV\PAH3_C2_P5_V2_HB_4_f0120.jpg,1920,1080,1,976.4,480.3,1036.3,540.3
Handgun\Handgun_USRT_CCTV\PAH3_C2_P5_V2_HB_4_f0168.jpg,1920,1080,1,1358.6,354.4,1397.6,398.4
Handgun\Handgun_USRT_CCTV\PAH3_C2_P5_V2_HB_4_f0215.jpg,1920,1080,1,1650.1,276.9,1693.2,315.0
Handgun\Handgun_USRT_CCTV\PAH3_C2_P5_V2_HB_4_f0242.jpg,1920,1080,1,1853.5,234.0,1918.5,301.0
Handgun\Handgun_USRT_CCTV\PAH4_C1_P2_V1_HB_2_f0024.jpg,640,480,1,373.0,256.0,387.0,273.0
Handgun\Handgun_USRT_CCTV\PAH4_C1_P2_V1_HB_2_f0055.jpg,640,480,1,305.1,265.3,323.7,284.3
Handgun\Handgun_USRT_CCTV\PAH4_C1_P2_V1_HB_2_f0079.jpg,640,480,1,275.2,271.6,297.9,295.1
Handgun\Handgun_USRT_CCTV\PAH4_C1_P2_V1_HB_2_f0103.jpg,640,480,1,243.3,285.5,264.0,310.4
Handgun\Handgun_USRT_CCTV\PAH4_C1_P2_V1_HB_2_f0128.jpg,640,480,1,204.4,304.4,233.7,331.0
Handgun\Handgun_USRT_CCTV\PAH4_C1_P2_V1_HB_2_f0152.jpg,640,480,1,170.9,329.5,197.8,357.5
Handgun\Handgun_USRT_CCTV\PAH4_C1_P2_V1_HB_2_f0176.jpg,640,480,1,94.8,374.2,127.8,409.2
Handgun\Handgun_USRT_CCTV\PAH4_C1_P2_V1_HB_2_f0201.jpg,640,480,1,0.0,432.0,37.0,473.0
Handgun\Handgun_USRT_CCTV\PAH4_C1_P2_V1_HB_3_f0127.jpg,640,480,1,266.0,279.0,285.0,293.0
Handgun\Handgun_USRT_CCTV\PAH4_C1_P2_V1_HB_3_f0136.jpg,640,480,1,275.0,275.7,295.7,295.0
Handgun\Handgun_USRT_CCTV\PAH4_C1_P2_V1_HB_3_f0145.jpg,640,480,1,290.0,272.0,313.0,291.0
Handgun\Handgun_USRT_CCTV\PAH4_C1_P2_V1_HB_3_f0154.jpg,640,480,1,302.8,269.8,325.0,291.5
Handgun\Handgun_USRT_CCTV\PAH4_C1_P2_V1_HB_3_f0164.jpg,640,480,1,311.0,265.4,336.3,285.0
Handgun\Handgun_USRT_CCTV\PAH4_C1_P2_V1_HB_3_f0173.jpg,640,480,1,328.6,260.6,354.9,280.3
Handgun\Handgun_USRT_CCTV\PAH4_C1_P2_V1_HB_3_f0182.jpg,640,480,1,353.0,258.5,377.0,276.5
Handgun\Handgun_USRT_CCTV\PAH4_C1_P2_V1_HB_3_f0192.jpg,640,480,1,371.0,256.0,393.0,273.0
Handgun\Handgun_USRT_CCTV\PAH4_C1_P4_V1_HB_1_f0043.jpg,640,480,1,612.5,199.0,638.5,228.0
Handgun\Handgun_USRT_CCTV\PAH4_C1_P4_V1_HB_1_f0055.jpg,640,480,1,556.5,192.5,589.5,225.0
Handgun\Handgun_USRT_CCTV\PAH4_C1_P4_V1_HB_1_f0067.jpg,640,480,1,504.4,188.3,539.8,224.0
Handgun\Handgun_USRT_CCTV\PAH4_C1_P4_V1_HB_1_f0080.jpg,640,480,1,425.5,181.0,464.8,221.5
Handgun\Handgun_USRT_CCTV\PAH4_C1_P4_V1_HB_1_f0092.jpg,640,480,1,344.7,178.4,388.6,217.0
Handgun\Handgun_USRT_CCTV\PAH4_C1_P4_V1_HB_1_f0105.jpg,640,480,1,253.0,177.0,302.0,218.0
Handgun\Handgun_USRT_CCTV\PAH4_C1_P4_V1_HB_1_f0117.jpg,640,480,1,137.7,176.7,189.3,221.0
Handgun\Handgun_USRT_CCTV\PAH4_C1_P4_V1_HB_1_f0130.jpg,640,480,1,0.0,180.0,51.0,223.0
Handgun\Handgun_USRT_CCTV\PAH4_C2_P3_V1_HB_1_f0058.jpg,1920,1080,1,1844.0,535.0,1914.0,602.0
Handgun\Handgun_USRT_CCTV\PAH4_C2_P3_V1_HB_1_f0080.jpg,1920,1080,1,1587.3,508.7,1663.4,563.9
Handgun\Handgun_USRT_CCTV\PAH4_C2_P3_V1_HB_1_f0103.jpg,1920,1080,1,1310.0,490.7,1387.0,543.9
Handgun\Handgun_USRT_CCTV\PAH4_C2_P3_V1_HB_1_f0126.jpg,1920,1080,1,1059.8,470.4,1135.6,532.0
Handgun\Handgun_USRT_CCTV\PAH4_C2_P3_V1_HB_1_f0148.jpg,1920,1080,1,795.9,441.4,874.4,505.7
Handgun\Handgun_USRT_CCTV\PAH4_C2_P3_V1_HB_1_f0171.jpg,1920,1080,1,535.3,407.4,620.8,473.2
Handgun\Handgun_USRT_CCTV\PAH4_C2_P3_V1_HB_1_f0194.jpg,1920,1080,1,271.2,389.4,336.6,449.8
Handgun\Handgun_USRT_CCTV\PAH4_C2_P3_V1_HB_1_f0217.jpg,1920,1080,1,0.0,362.0,72.0,425.0
Handgun\Handgun_USRT_CCTV\PAH4_C2_P3_V1_HB_4_f0051.jpg,1920,1080,1,0.0,368.0,70.0,424.0
Handgun\Handgun_USRT_CCTV\PAH4_C2_P3_V1_HB_4_f0071.jpg,1920,1080,1,233.0,398.4,306.6,454.6
Handgun\Handgun_USRT_CCTV\PAH4_C2_P3_V1_HB_4_f0092.jpg,1920,1080,1,506.0,447.0,575.5,506.5
Handgun\Handgun_USRT_CCTV\PAH4_C2_P3_V1_HB_4_f0113.jpg,1920,1080,1,738.0,472.5,812.7,527.7
Handgun\Handgun_USRT_CCTV\PAH4_C2_P3_V1_HB_4_f0133.jpg,1920,1080,1,986.7,495.3,1063.4,553.3
Handgun\Handgun_USRT_CCTV\PAH4_C2_P3_V1_HB_4_f0154.jpg,1920,1080,1,1230.4,528.0,1315.3,592.0
Handgun\Handgun_USRT_CCTV\PAH4_C2_P3_V1_HB_4_f0175.jpg,1920,1080,1,1497.4,571.1,1590.6,644.4
Handgun\Handgun_USRT_CCTV\PAH4_C2_P3_V1_HB_4_f0196.jpg,1920,1080,1,1837.5,621.0,1918.5,697.0
Handgun\Handgun_USRT_CCTV\PAH4_C2_P3_V2_HB_3_f0064.jpg,1920,1080,1,1829.5,643.0,1918.5,741.0
Handgun\Handgun_USRT_CCTV\PAH4_C2_P3_V2_HB_3_f0087.jpg,1920,1080,1,1532.3,595.7,1626.3,687.3
Handgun\Handgun_USRT_CCTV\PAH4_C2_P3_V2_HB_3_f0110.jpg,1920,1080,1,1278.3,596.0,1373.7,668.0
Handgun\Handgun_USRT_CCTV\PAH4_C2_P3_V2_HB_3_f0134.jpg,1920,1080,1,1000.9,566.1,1087.0,632.5
Handgun\Handgun_USRT_CCTV\PAH4_C2_P3_V2_HB_3_f0157.jpg,1920,1080,1,738.0,530.0,824.0,597.0
Handgun\Handgun_USRT_CCTV\PAH4_C2_P3_V2_HB_3_f0181.jpg,1920,1080,1,490.7,498.6,578.6,560.4
Handgun\Handgun_USRT_CCTV\PAH4_C2_P3_V2_HB_3_f0204.jpg,1920,1080,1,234.5,475.0,329.5,539.0
Handgun\Handgun_USRT_CCTV\PAH4_C2_P3_V2_HB_3_f0228.jpg,1920,1080,1,0.0,455.0,81.0,520.0
Handgun\Handgun_USRT_CCTV\PAH4_C2_P3_V2_HB_4_f0058.jpg,1920,1080,1,0.0,379.0,55.0,439.0
Handgun\Handgun_USRT_CCTV\PAH4_C2_P3_V2_HB_4_f0086.jpg,1920,1080,1,271.7,391.0,344.3,454.3
Handgun\Handgun_USRT_CCTV\PAH4_C2_P3_V2_HB_4_f0115.jpg,1920,1080,1,544.3,458.6,621.6,527.7
Handgun\Handgun_USRT_CCTV\PAH4_C2_P3_V2_HB_4_f0144.jpg,1920,1080,1,814.4,478.7,890.1,546.6
Handgun\Handgun_USRT_CCTV\PAH4_C2_P3_V2_HB_4_f0173.jpg,1920,1080,1,1071.1,505.3,1155.7,571.4
Handgun\Handgun_USRT_CCTV\PAH4_C2_P3_V2_HB_4_f0202.jpg,1920,1080,1,1361.7,554.7,1446.9,614.6
Handgun\Handgun_USRT_CCTV\PAH4_C2_P3_V2_HB_4_f0231.jpg,1920,1080,1,1615.4,571.9,1697.3,634.4
Handgun\Handgun_USRT_CCTV\PAH4_C2_P3_V2_HB_4_f0260.jpg,1920,1080,1,1847.5,585.0,1918.5,643.0
Handgun\Handgun_USRT_CCTV\PAH4_C2_P5_V1_HB_1_f0078.jpg,1920,1080,1,1862.5,252.0,1918.5,308.0
Handgun\Handgun_USRT_CCTV\PAH4_C2_P5_V1_HB_1_f0101.jpg,1920,1080,1,1647.8,266.8,1716.4,335.4
Handgun\Handgun_USRT_CCTV\PAH4_C2_P5_V1_HB_1_f0125.jpg,1920,1080,1,1494.0,304.4,1564.2,379.2
Handgun\Handgun_USRT_CCTV\PAH4_C2_P5_V1_HB_1_f0148.jpg,1920,1080,1,1319.7,358.0,1395.3,435.0
Handgun\Handgun_USRT_CCTV\PAH4_C2_P5_V1_HB_1_f0172.jpg,1920,1080,1,1090.4,456.0,1181.6,543.6
Handgun\Handgun_USRT_CCTV\PAH4_C2_P5_V1_HB_1_f0195.jpg,1920,1080,1,827.1,536.6,932.9,633.4
Handgun\Handgun_USRT_CCTV\PAH4_C2_P5_V1_HB_1_f0219.jpg,1920,1080,1,436.2,669.6,569.2,776.6
Handgun\Handgun_USRT_CCTV\PAH4_C2_P5_V1_HB_1_f0243.jpg,1920,1080,1,0.0,852.0,134.0,978.0
Handgun\Handgun_USRT_CCTV\PAH4_C2_P5_V1_HB_3_f0044.jpg,1920,1080,1,1852.5,279.0,1918.5,337.0
Handgun\Handgun_USRT_CCTV\PAH4_C2_P5_V1_HB_3_f0068.jpg,1920,1080,1,1709.8,307.8,1789.0,368.8
Handgun\Handgun_USRT_CCTV\PAH4_C2_P5_V1_HB_3_f0092.jpg,1920,1080,1,1553.3,352.0,1632.7,417.0
Handgun\Handgun_USRT_CCTV\PAH4_C2_P5_V1_HB_3_f0116.jpg,1920,1080,1,1421.0,417.0,1516.0,491.0
Handgun\Handgun_USRT_CCTV\PAH4_C2_P5_V1_HB_3_f0140.jpg,1920,1080,1,1228.6,510.3,1330.9,591.4
Handgun\Handgun_USRT_CCTV\PAH4_C2_P5_V1_HB_3_f0164.jpg,1920,1080,1,911.7,604.9,1042.1,698.1
Handgun\Handgun_USRT_CCTV\PAH4_C2_P5_V1_HB_3_f0188.jpg,1920,1080,1,557.4,763.4,711.3,871.3
Handgun\Handgun_USRT_CCTV\PAH4_C2_P5_V1_HB_3_f0212.jpg,1920,1080,1,13.0,981.5,207.0,1078.5
Handgun\Handgun_USRT_CCTV\PAH4_C2_P5_V2_HB_1_f0051.jpg,1920,1080,1,1864.5,272.0,1918.5,336.0
Handgun\Handgun_USRT_CCTV\PAH4_C2_P5_V2_HB_1_f0078.jpg,1920,1080,1,1654.3,316.7,1733.0,373.3
Handgun\Handgun_USRT_CCTV\PAH4_C2_P5_V2_HB_1_f0105.jpg,1920,1080,1,1493.0,366.0,1568.7,434.7
Handgun\Handgun_USRT_CCTV\PAH4_C2_P5_V2_HB_1_f0132.jpg,1920,1080,1,1351.8,435.2,1419.8,510.5
Handgun\Handgun_USRT_CCTV\PAH4_C2_P5_V2_HB_1_f0159.jpg,1920,1080,1,1146.3,495.0,1235.0,574.7
Handgun\Handgun_USRT_CCTV\PAH4_C2_P5_V2_HB_1_f0186.jpg,1920,1080,1,858.0,581.7,966.0,669.7
Handgun\Handgun_USRT_CCTV\PAH4_C2_P5_V2_HB_1_f0213.jpg,1920,1080,1,504.3,743.8,625.5,841.5
Handgun\Handgun_USRT_CCTV\PAH4_C2_P5_V2_HB_1_f0240.jpg,1920,1080,1,0.0,962.5,134.0,1078.5
Handgun\Handgun_USRT_CCTV\PAH4_C2_P5_V2_HB_2_f0026.jpg,1920,1080,1,0.0,897.0,131.0,1060.0
Handgun\Handgun_USRT_CCTV\PAH4_C2_P5_V2_HB_2_f0054.jpg,1920,1080,1,489.2,749.0,610.2,869.7
Handgun\Handgun_USRT_CCTV\PAH4_C2_P5_V2_HB_2_f0082.jpg,1920,1080,1,864.5,611.0,968.0,714.5
Handgun\Handgun_USRT_CCTV\PAH4_C2_P5_V2_HB_2_f0110.jpg,1920,1080,1,1129.6,513.4,1207.6,597.1
Handgun\Handgun_USRT_CCTV\PAH4_C2_P5_V2_HB_2_f0139.jpg,1920,1080,1,1333.6,442.4,1408.4,511.3
Handgun\Handgun_USRT_CCTV\PAH4_C2_P5_V2_HB_2_f0167.jpg,1920,1080,1,1480.3,365.1,1541.9,434.6
Handgun\Handgun_USRT_CCTV\PAH4_C2_P5_V2_HB_2_f0195.jpg,1920,1080,1,1653.0,323.0,1716.0,387.0
Handgun\Handgun_USRT_CCTV\PAH4_C2_P5_V2_HB_2_f0224.jpg,1920,1080,1,1852.5,321.0,1918.5,384.0
Handgun\Handgun_USRT_CCTV\PAH5_C1_P1_V1_HB_2_f0052.jpg,640,480,1,601.5,245.0,638.5,278.0
Handgun\Handgun_USRT_CCTV\PAH5_C1_P1_V1_HB_2_f0069.jpg,640,480,1,493.0,209.0,531.0,238.0
Handgun\Handgun_USRT_CCTV\PAH5_C1_P1_V1_HB_2_f0086.jpg,640,480,1,418.0,183.7,455.7,213.0
Handgun\Handgun_USRT_CCTV\PAH5_C1_P1_V1_HB_2_f0103.jpg,640,480,1,352.7,169.7,385.7,196.7
Handgun\Handgun_USRT_CCTV\PAH5_C1_P1_V1_HB_2_f0120.jpg,640,480,1,291.0,161.0,326.0,185.0
Handgun\Handgun_USRT_CCTV\PAH5_C1_P1_V1_HB_2_f0137.jpg,640,480,1,233.0,152.0,266.0,178.0
Handgun\Handgun_USRT_CCTV\PAH5_C1_P1_V1_HB_2_f0154.jpg,640,480,1,178.2,148.0,207.0,170.8
Handgun\Handgun_USRT_CCTV\PAH5_C1_P1_V1_HB_2_f0171.jpg,640,480,1,123.0,150.0,147.0,172.0
Handgun\Handgun_USRT_CCTV\PAH5_C1_P2_V1_HB_1_f0020.jpg,640,480,1,24.0,428.0,73.0,470.0
Handgun\Handgun_USRT_CCTV\PAH5_C1_P2_V1_HB_1_f0047.jpg,640,480,1,111.8,372.6,153.4,412.6
Handgun\Handgun_USRT_CCTV\PAH5_C1_P2_V1_HB_1_f0075.jpg,640,480,1,175.6,332.8,209.2,368.4
Handgun\Handgun_USRT_CCTV\PAH5_C1_P2_V1_HB_1_f0103.jpg,640,480,1,225.0,305.0,255.0,340.0
Handgun\Handgun_USRT_CCTV\PAH5_C1_P2_V1_HB_1_f0130.jpg,640,480,1,257.6,285.2,285.6,310.8
Handgun\Handgun_USRT_CCTV\PAH5_C1_P2_V1_HB_1_f0158.jpg,640,480,1,287.7,269.0,312.5,294.3
Handgun\Handgun_USRT_CCTV\PAH5_C1_P2_V1_HB_1_f0186.jpg,640,480,1,318.8,261.2,340.0,281.2
Handgun\Handgun_USRT_CCTV\PAH5_C1_P2_V1_HB_1_f0221.jpg,640,480,1,369.0,252.0,389.0,273.0
Handgun\Handgun_USRT_CCTV\PAH5_C1_P4_V1_HB_2_f0038.jpg,640,480,1,0.0,126.0,55.0,177.0
Handgun\Handgun_USRT_CCTV\PAH5_C1_P4_V1_HB_2_f0049.jpg,640,480,1,100.0,138.0,162.0,182.0
Handgun\Handgun_USRT_CCTV\PAH5_C1_P4_V1_HB_2_f0061.jpg,640,480,1,206.0,139.0,261.0,184.0
Handgun\Handgun_USRT_CCTV\PAH5_C1_P4_V1_HB_2_f0073.jpg,640,480,1,307.0,141.0,363.0,187.0
Handgun\Handgun_USRT_CCTV\PAH5_C1_P4_V1_HB_2_f0085.jpg,640,480,1,397.0,149.0,445.0,191.0
Handgun\Handgun_USRT_CCTV\PAH5_C1_P4_V1_HB_2_f0097.jpg,640,480,1,490.0,163.0,527.0,201.0
Handgun\Handgun_USRT_CCTV\PAH5_C1_P4_V1_HB_2_f0109.jpg,640,480,1,555.0,170.0,589.0,204.0
Handgun\Handgun_USRT_CCTV\PAH5_C1_P4_V1_HB_2_f0121.jpg,640,480,1,618.0,179.0,638.0,212.0
Handgun\Handgun_USRT_CCTV\PAH5_C2_P3_V1_HB_2_f0077.jpg,1920,1080,1,0.0,315.0,69.0,377.0
Handgun\Handgun_USRT_CCTV\PAH5_C2_P3_V1_HB_2_f0100.jpg,1920,1080,1,260.8,365.0,345.5,430.7
Handgun\Handgun_USRT_CCTV\PAH5_C2_P3_V1_HB_2_f0123.jpg,1920,1080,1,559.5,408.5,648.0,465.5
Handgun\Handgun_USRT_CCTV\PAH5_C2_P3_V1_HB_2_f0147.jpg,1920,1080,1,845.0,429.0,923.0,494.0
Handgun\Handgun_USRT_CCTV\PAH5_C2_P3_V1_HB_2_f0170.jpg,1920,1080,1,1098.6,460.9,1177.0,527.2
Handgun\Handgun_USRT_CCTV\PAH5_C2_P3_V1_HB_2_f0194.jpg,1920,1080,1,1366.6,495.3,1447.6,562.1
Handgun\Handgun_USRT_CCTV\PAH5_C2_P3_V1_HB_2_f0217.jpg,1920,1080,1,1622.0,530.0,1694.7,595.0
Handgun\Handgun_USRT_CCTV\PAH5_C2_P3_V1_HB_2_f0241.jpg,1920,1080,1,1853.5,559.0,1918.5,617.0
Handgun\Handgun_USRT_CCTV\PAH5_C2_P3_V2_HB_1_f0051.jpg,1920,1080,1,1830.5,598.0,1918.5,655.0
Handgun\Handgun_USRT_CCTV\PAH5_C2_P3_V2_HB_1_f0076.jpg,1920,1080,1,1498.8,544.7,1595.8,610.8
Handgun\Handgun_USRT_CCTV\PAH5_C2_P3_V2_HB_1_f0101.jpg,1920,1080,1,1217.0,499.0,1305.0,555.0
Handgun\Handgun_USRT_CCTV\PAH5_C2_P3_V2_HB_1_f0126.jpg,1920,1080,1,946.0,476.0,1030.1,536.3
Handgun\Handgun_USRT_CCTV\PAH5_C2_P3_V2_HB_1_f0151.jpg,1920,1080,1,695.3,461.3,777.2,524.9
Handgun\Handgun_USRT_CCTV\PAH5_C2_P3_V2_HB_1_f0176.jpg,1920,1080,1,449.6,434.2,527.9,493.8
Handgun\Handgun_USRT_CCTV\PAH5_C2_P3_V2_HB_1_f0201.jpg,1920,1080,1,246.0,407.3,307.7,471.3
Handgun\Handgun_USRT_CCTV\PAH5_C2_P3_V2_HB_1_f0227.jpg,1920,1080,1,0.0,383.0,63.0,449.0
Handgun\Handgun_USRT_CCTV\PAH5_C2_P5_V1_HB_2_f0054.jpg,1920,1080,1,0.0,715.0,122.0,842.0
Handgun\Handgun_USRT_CCTV\PAH5_C2_P5_V1_HB_2_f0080.jpg,1920,1080,1,465.7,569.7,598.3,669.9
Handgun\Handgun_USRT_CCTV\PAH5_C2_P5_V1_HB_2_f0106.jpg,1920,1080,1,839.5,462.0,938.0,553.5
Handgun\Handgun_USRT_CCTV\PAH5_C2_P5_V1_HB_2_f0132.jpg,1920,1080,1,1113.3,375.3,1199.3,462.1
Handgun\Handgun_USRT_CCTV\PAH5_C2_P5_V1_HB_2_f0159.jpg,1920,1080,1,1333.0,314.0,1414.7,387.6
Handgun\Handgun_USRT_CCTV\PAH5_C2_P5_V1_HB_2_f0185.jpg,1920,1080,1,1503.9,270.0,1575.4,334.5
Handgun\Handgun_USRT_CCTV\PAH5_C2_P5_V1_HB_2_f0211.jpg,1920,1080,1,1667.0,232.0,1734.0,295.0
Handgun\Handgun_USRT_CCTV\PAH5_C2_P5_V1_HB_2_f0238.jpg,1920,1080,1,1853.5,211.0,1918.5,292.0
Handgun\Handgun_USRT_CCTV\PAH5_C2_P5_V2_HB_1_f0058.jpg,1920,1080,1,1864.5,258.0,1918.5,321.0
Handgun\Handgun_USRT_CCTV\PAH5_C2_P5_V2_HB_1_f0083.jpg,1920,1080,1,1672.5,271.5,1744.0,337.0
Handgun\Handgun_USRT_CCTV\PAH5_C2_P5_V2_HB_1_f0109.jpg,1920,1080,1,1506.7,312.3,1579.7,377.7
Handgun\Handgun_USRT_CCTV\PAH5_C2_P5_V2_HB_1_f0135.jpg,1920,1080,1,1309.6,364.8,1389.7,435.1
Handgun\Handgun_USRT_CCTV\PAH5_C2_P5_V2_HB_1_f0161.jpg,1920,1080,1,1084.0,420.0,1172.0,502.0
Handgun\Handgun_USRT_CCTV\PAH5_C2_P5_V2_HB_1_f0187.jpg,1920,1080,1,819.4,487.8,928.6,582.0
Handgun\Handgun_USRT_CCTV\PAH5_C2_P5_V2_HB_1_f0213.jpg,1920,1080,1,450.2,609.0,575.0,715.2
Handgun\Handgun_USRT_CCTV\PAH5_C2_P5_V2_HB_1_f0239.jpg,1920,1080,1,0.0,801.0,125.0,944.0
Handgun\Handgun_USRT_CCTV\PAH6_C1_P1_V1_HB_2_f0026.jpg,640,480,1,609.5,216.0,638.5,251.0
Handgun\Handgun_USRT_CCTV\PAH6_C1_P1_V1_HB_2_f0042.jpg,640,480,1,513.2,187.8,553.8,223.5
Handgun\Handgun_USRT_CCTV\PAH6_C1_P1_V1_HB_2_f0058.jpg,640,480,1,439.4,170.8,477.8,201.6
Handgun\Handgun_USRT_CCTV\PAH6_C1_P1_V1_HB_2_f0075.jpg,640,480,1,374.0,151.8,410.6,179.8
Handgun\Handgun_USRT_CCTV\PAH6_C1_P1_V1_HB_2_f0091.jpg,640,480,1,314.8,142.2,348.6,166.4
Handgun\Handgun_USRT_CCTV\PAH6_C1_P1_V1_HB_2_f0108.jpg,640,480,1,252.6,134.0,286.0,158.6
Handgun\Handgun_USRT_CCTV\PAH6_C1_P1_V1_HB_2_f0124.jpg,640,480,1,188.0,133.0,217.0,154.0
Handgun\Handgun_USRT_CCTV\PAH6_C1_P1_V1_HB_2_f0141.jpg,640,480,1,118.0,132.0,145.0,156.0
Handgun\Handgun_USRT_CCTV\PAH6_C1_P2_V1_HB_2_f0046.jpg,640,480,1,352.0,232.0,368.0,248.0
Handgun\Handgun_USRT_CCTV\PAH6_C1_P2_V1_HB_2_f0066.jpg,640,480,1,324.0,239.0,340.0,261.0
Handgun\Handgun_USRT_CCTV\PAH6_C1_P2_V1_HB_2_f0087.jpg,640,480,1,299.5,244.7,318.6,268.2
Handgun\Handgun_USRT_CCTV\PAH6_C1_P2_V1_HB_2_f0108.jpg,640,480,1,259.8,256.8,279.4,280.8
Handgun\Handgun_USRT_CCTV\PAH6_C1_P2_V1_HB_2_f0129.jpg,640,480,1,208.5,272.8,231.5,299.2
Handgun\Handgun_USRT_CCTV\PAH6_C1_P2_V1_HB_2_f0150.jpg,640,480,1,140.8,301.7,173.9,334.7
Handgun\Handgun_USRT_CCTV\PAH6_C1_P2_V1_HB_2_f0171.jpg,640,480,1,79.0,330.0,115.0,369.0
Handgun\Handgun_USRT_CCTV\PAH6_C1_P2_V1_HB_2_f0192.jpg,640,480,1,0.0,374.0,43.0,415.0
Handgun\Handgun_USRT_CCTV\PAH6_C1_P4_V1_HB_1_f0068.jpg,640,480,1,615.5,134.0,638.5,166.0
Handgun\Handgun_USRT_CCTV\PAH6_C1_P4_V1_HB_1_f0081.jpg,640,480,1,573.6,130.0,606.4,162.6
Handgun\Handgun_USRT_CCTV\PAH6_C1_P4_V1_HB_1_f0094.jpg,640,480,1,518.5,125.5,554.5,160.5
Handgun\Handgun_USRT_CCTV\PAH6_C1_P4_V1_HB_1_f0107.jpg,640,480,1,441.7,113.3,486.7,151.3
Handgun\Handgun_USRT_CCTV\PAH6_C1_P4_V1_HB_1_f0120.jpg,640,480,1,349.7,110.0,400.3,152.8
Handgun\Handgun_USRT_CCTV\PAH6_C1_P4_V1_HB_1_f0133.jpg,640,480,1,236.7,106.3,293.0,152.3
Handgun\Handgun_USRT_CCTV\PAH6_C1_P4_V1_HB_1_f0146.jpg,640,480,1,111.5,103.5,174.5,152.5
Handgun\Handgun_USRT_CCTV\PAH6_C1_P4_V1_HB_1_f0159.jpg,640,480,1,0.0,106.0,44.0,154.0
Handgun\Handgun_USRT_CCTV\PAH6_C2_P3_V1_HB_1_f0056.jpg,1920,1080,1,1821.5,513.0,1918.5,593.0
Handgun\Handgun_USRT_CCTV\PAH6_C2_P3_V1_HB_1_f0078.jpg,1920,1080,1,1516.1,462.3,1613.4,536.3
Handgun\Handgun_USRT_CCTV\PAH6_C2_P3_V1_HB_1_f0100.jpg,1920,1080,1,1245.1,417.7,1338.8,485.3
Handgun\Handgun_USRT_CCTV\PAH6_C2_P3_V1_HB_1_f0123.jpg,1920,1080,1,987.5,388.9,1066.0,448.7
Handgun\Handgun_USRT_CCTV\PAH6_C2_P3_V1_HB_1_f0145.jpg,1920,1080,1,743.0,366.7,824.7,427.5
Handgun\Handgun_USRT_CCTV\PAH6_C2_P3_V1_HB_1_f0168.jpg,1920,1080,1,506.9,343.3,584.4,404.8
Handgun\Handgun_USRT_CCTV\PAH6_C2_P3_V1_HB_1_f0190.jpg,1920,1080,1,261.4,330.0,348.0,396.0
Handgun\Handgun_USRT_CCTV\PAH6_C2_P3_V1_HB_1_f0213.jpg,1920,1080,1,0.0,299.0,75.0,372.0
Handgun\Handgun_USRT_CCTV\PAH6_C2_P3_V2_HB_1_f0070.jpg,1920,1080,1,1829.5,525.0,1918.5,596.0
Handgun\Handgun_USRT_CCTV\PAH6_C2_P3_V2_HB_1_f0097.jpg,1920,1080,1,1494.0,471.0,1587.0,543.0
Handgun\Handgun_USRT_CCTV\PAH6_C2_P3_V2_HB_1_f0124.jpg,1920,1080,1,1195.0,416.2,1286.5,489.2
Handgun\Handgun_USRT_CCTV\PAH6_C2_P3_V2_HB_1_f0151.jpg,1920,1080,1,942.5,379.5,1020.0,455.0
Handgun\Handgun_USRT_CCTV\PAH6_C2_P3_V2_HB_1_f0178.jpg,1920,1080,1,707.2,353.6,765.4,415.6
Handgun\Handgun_USRT_CCTV\PAH6_C2_P3_V2_HB_1_f0205.jpg,1920,1080,1,506.0,330.0,562.5,384.5
Handgun\Handgun_USRT_CCTV\PAH6_C2_P3_V2_HB_1_f0232.jpg,1920,1080,1,230.3,313.3,296.9,362.6
Handgun\Handgun_USRT_CCTV\PAH6_C2_P3_V2_HB_1_f0260.jpg,1920,1080,1,0.0,290.0,63.0,358.0
Handgun\Handgun_USRT_CCTV\PAH6_C2_P5_V1_HB_1_f0066.jpg,1920,1080,1,1858.5,180.0,1918.5,240.0
Handgun\Handgun_USRT_CCTV\PAH6_C2_P5_V1_HB_1_f0090.jpg,1920,1080,1,1693.3,195.4,1763.7,262.7
Handgun\Handgun_USRT_CCTV\PAH6_C2_P5_V1_HB_1_f0114.jpg,1920,1080,1,1520.0,221.4,1584.3,289.3
Handgun\Handgun_USRT_CCTV\PAH6_C2_P5_V1_HB_1_f0139.jpg,1920,1080,1,1356.4,272.8,1433.2,348.2
Handgun\Handgun_USRT_CCTV\PAH6_C2_P5_V1_HB_1_f0163.jpg,1920,1080,1,1141.4,337.0,1231.7,422.6
Handgun\Handgun_USRT_CCTV\PAH6_C2_P5_V1_HB_1_f0188.jpg,1920,1080,1,863.6,408.4,965.9,505.7
Handgun\Handgun_USRT_CCTV\PAH6_C2_P5_V1_HB_1_f0212.jpg,1920,1080,1,500.0,533.0,632.0,644.0
Handgun\Handgun_USRT_CCTV\PAH6_C2_P5_V1_HB_1_f0237.jpg,1920,1080,1,0.0,666.0,142.0,800.0
Handgun\Handgun_USRT_CCTV\PAH6_C2_P5_V2_HB_1_f0060.jpg,1920,1080,1,1857.5,187.0,1918.5,248.0
Handgun\Handgun_USRT_CCTV\PAH6_C2_P5_V2_HB_1_f0084.jpg,1920,1080,1,1664.0,203.0,1734.0,269.0
Handgun\Handgun_USRT_CCTV\PAH6_C2_P5_V2_HB_1_f0108.jpg,1920,1080,1,1521.6,246.1,1590.7,309.1
Handgun\Handgun_USRT_CCTV\PAH6_C2_P5_V2_HB_1_f0132.jpg,1920,1080,1,1355.7,284.0,1426.3,354.0
Handgun\Handgun_USRT_CCTV\PAH6_C2_P5_V2_HB_1_f0156.jpg,1920,1080,1,1154.4,340.3,1236.3,428.0
Handgun\Handgun_USRT_CCTV\PAH6_C2_P5_V2_HB_1_f0180.jpg,1920,1080,1,921.3,437.0,1019.7,528.3
Handgun\Handgun_USRT_CCTV\PAH6_C2_P5_V2_HB_1_f0204.jpg,1920,1080,1,505.0,528.0,645.7,632.3
Handgun\Handgun_USRT_CCTV\PAH6_C2_P5_V2_HB_1_f0229.jpg,1920,1080,1,0.0,663.0,136.0,783.0
Handgun\Handgun_USRT_CCTV\PAH7_C1_P1_V1_HB_2_f0028.jpg,640,480,1,609.5,260.0,638.5,291.0
Handgun\Handgun_USRT_CCTV\PAH7_C1_P1_V1_HB_2_f0046.jpg,640,480,1,506.0,227.0,547.0,258.0
Handgun\Handgun_USRT_CCTV\PAH7_C1_P1_V1_HB_2_f0064.jpg,640,480,1,419.5,209.0,454.5,233.2
Handgun\Handgun_USRT_CCTV\PAH7_C1_P1_V1_HB_2_f0082.jpg,640,480,1,356.3,183.7,391.0,209.0
Handgun\Handgun_USRT_CCTV\PAH7_C1_P1_V1_HB_2_f0100.jpg,640,480,1,294.3,174.7,326.3,197.3
Handgun\Handgun_USRT_CCTV\PAH7_C1_P1_V1_HB_2_f0118.jpg,640,480,1,237.7,163.0,268.3,186.7
Handgun\Handgun_USRT_CCTV\PAH7_C1_P1_V1_HB_2_f0136.jpg,640,480,1,181.7,155.3,209.0,177.7
Handgun\Handgun_USRT_CCTV\PAH7_C1_P1_V1_HB_2_f0154.jpg,640,480,1,122.0,154.0,144.0,178.0
Handgun\Handgun_USRT_CCTV\PAH7_C1_P2_V1_HB_1_f0020.jpg,640,480,1,21.0,434.0,64.0,472.0
Handgun\Handgun_USRT_CCTV\PAH7_C1_P2_V1_HB_1_f0048.jpg,640,480,1,126.0,366.0,159.0,405.0
Handgun\Handgun_USRT_CCTV\PAH7_C1_P2_V1_HB_1_f0077.jpg,640,480,1,191.8,334.1,222.4,366.0
Handgun\Handgun_USRT_CCTV\PAH7_C1_P2_V1_HB_1_f0106.jpg,640,480,1,225.0,302.8,250.0,329.7
Handgun\Handgun_USRT_CCTV\PAH7_C1_P2_V1_HB_1_f0135.jpg,640,480,1,263.5,276.5,286.5,301.5
Handgun\Handgun_USRT_CCTV\PAH7_C1_P2_V1_HB_1_f0164.jpg,640,480,1,291.7,267.3,319.0,288.3
Handgun\Handgun_USRT_CCTV\PAH7_C1_P2_V1_HB_1_f0193.jpg,640,480,1,324.8,257.5,347.5,276.7
Handgun\Handgun_USRT_CCTV\PAH7_C1_P2_V1_HB_1_f0230.jpg,640,480,1,369.0,255.0,388.0,273.0
Handgun\Handgun_USRT_CCTV\PAH7_C2_P3_V1_HB_2_f0043.jpg,1920,1080,1,0.0,362.0,75.0,425.0
Handgun\Handgun_USRT_CCTV\PAH7_C2_P3_V1_HB_2_f0065.jpg,1920,1080,1,256.7,387.5,335.7,447.0
Handgun\Handgun_USRT_CCTV\PAH7_C2_P3_V1_HB_2_f0087.jpg,1920,1080,1,511.0,426.0,594.6,486.2
Handgun\Handgun_USRT_CCTV\PAH7_C2_P3_V1_HB_2_f0110.jpg,1920,1080,1,766.2,433.8,841.8,494.2
Handgun\Handgun_USRT_CCTV\PAH7_C2_P3_V1_HB_2_f0132.jpg,1920,1080,1,987.7,460.3,1074.3,519.0
Handgun\Handgun_USRT_CCTV\PAH7_C2_P3_V1_HB_2_f0155.jpg,1920,1080,1,1236.4,510.6,1324.8,578.2
Handgun\Handgun_USRT_CCTV\PAH7_C2_P3_V1_HB_2_f0177.jpg,1920,1080,1,1499.0,557.0,1605.0,627.0
Handgun\Handgun_USRT_CCTV\PAH7_C2_P3_V1_HB_2_f0200.jpg,1920,1080,1,1818.5,627.0,1918.5,711.0
Handgun\Handgun_USRT_CCTV\PAH7_C2_P3_V2_HB_1_f0049.jpg,1920,1080,1,1827.5,642.0,1918.5,711.0
Handgun\Handgun_USRT_CCTV\PAH7_C2_P3_V2_HB_1_f0075.jpg,1920,1080,1,1524.0,585.0,1626.1,656.0
Handgun\Handgun_USRT_CCTV\PAH7_C2_P3_V2_HB_1_f0101.jpg,1920,1080,1,1227.7,557.9,1319.0,629.9
Handgun\Handgun_USRT_CCTV\PAH7_C2_P3_V2_HB_1_f0127.jpg,1920,1080,1,963.7,510.2,1047.5,573.7
Handgun\Handgun_USRT_CCTV\PAH7_C2_P3_V2_HB_1_f0153.jpg,1920,1080,1,751.4,479.4,822.9,538.4
Handgun\Handgun_USRT_CCTV\PAH7_C2_P3_V2_HB_1_f0179.jpg,1920,1080,1,543.7,444.5,601.0,499.5
Handgun\Handgun_USRT_CCTV\PAH7_C2_P3_V2_HB_1_f0205.jpg,1920,1080,1,279.6,416.8,342.2,480.4
Handgun\Handgun_USRT_CCTV\PAH7_C2_P3_V2_HB_1_f0232.jpg,1920,1080,1,0.0,412.0,69.0,482.0
Handgun\Handgun_USRT_CCTV\PAH7_C2_P5_V1_HB_2_f0042.jpg,1920,1080,1,0.0,914.0,133.0,1046.0
Handgun\Handgun_USRT_CCTV\PAH7_C2_P5_V1_HB_2_f0073.jpg,1920,1080,1,560.3,701.0,685.3,795.7
Handgun\Handgun_USRT_CCTV\PAH7_C2_P5_V1_HB_2_f0104.jpg,1920,1080,1,902.0,552.2,1001.6,636.2
Handgun\Handgun_USRT_CCTV\PAH7_C2_P5_V1_HB_2_f0135.jpg,1920,1080,1,1172.0,448.8,1257.0,514.0
Handgun\Handgun_USRT_CCTV\PAH7_C2_P5_V1_HB_2_f0166.jpg,1920,1080,1,1400.0,379.0,1466.0,438.0
Handgun\Handgun_USRT_CCTV\PAH7_C2_P5_V1_HB_2_f0197.jpg,1920,1080,1,1549.6,329.0,1606.2,379.2
Handgun\Handgun_USRT_CCTV\PAH7_C2_P5_V1_HB_2_f0228.jpg,1920,1080,1,1697.0,287.4,1755.0,341.6
Handgun\Handgun_USRT_CCTV\PAH7_C2_P5_V1_HB_2_f0259.jpg,1920,1080,1,1871.5,278.0,1918.5,333.0
Handgun\Handgun_USRT_CCTV\PAH7_C2_P5_V2_HB_1_f0038.jpg,1920,1080,1,1862.5,310.0,1918.5,371.0
Handgun\Handgun_USRT_CCTV\PAH7_C2_P5_V2_HB_1_f0065.jpg,1920,1080,1,1688.5,334.7,1747.3,392.8
Handgun\Handgun_USRT_CCTV\PAH7_C2_P5_V2_HB_1_f0093.jpg,1920,1080,1,1491.4,369.2,1554.4,436.2
Handgun\Handgun_USRT_CCTV\PAH7_C2_P5_V2_HB_1_f0121.jpg,1920,1080,1,1328.0,423.0,1389.0,491.0
Handgun\Handgun_USRT_CCTV\PAH7_C2_P5_V2_HB_1_f0149.jpg,1920,1080,1,1115.8,525.5,1184.3,609.5
Handgun\Handgun_USRT_CCTV\PAH7_C2_P5_V2_HB_1_f0177.jpg,1920,1080,1,831.0,626.6,912.4,718.8
Handgun\Handgun_USRT_CCTV\PAH7_C2_P5_V2_HB_1_f0205.jpg,1920,1080,1,467.0,777.0,555.0,886.0
Handgun\Handgun_USRT_CCTV\PAH7_C2_P5_V2_HB_1_f0233.jpg,1920,1080,1,0.0,965.5,110.0,1078.5
Handgun\Handgun_USRT_CCTV\PAH8_C1_P1_V1_HB_1_f0022.jpg,640,480,1,121.0,142.0,140.0,163.0
Handgun\Handgun_USRT_CCTV\PAH8_C1_P1_V1_HB_1_f0039.jpg,640,480,1,161.7,148.0,179.7,166.3
Handgun\Handgun_USRT_CCTV\PAH8_C1_P1_V1_HB_1_f0056.jpg,640,480,1,205.0,151.7,226.0,172.0
Handgun\Handgun_USRT_CCTV\PAH8_C1_P1_V1_HB_1_f0073.jpg,640,480,1,261.0,157.0,285.0,178.0
Handgun\Handgun_USRT_CCTV\PAH8_C1_P1_V1_HB_1_f0091.jpg,640,480,1,343.4,167.8,369.4,189.8
Handgun\Handgun_USRT_CCTV\PAH8_C1_P1_V1_HB_1_f0108.jpg,640,480,1,419.2,185.8,447.8,210.6
Handgun\Handgun_USRT_CCTV\PAH8_C1_P1_V1_HB_1_f0125.jpg,640,480,1,506.5,202.0,535.8,230.5
Handgun\Handgun_USRT_CCTV\PAH8_C1_P1_V1_HB_1_f0143.jpg,640,480,1,612.5,238.0,638.5,270.0
Handgun\Handgun_USRT_CCTV\PAH8_C1_P2_V1_HB_2_f0046.jpg,640,480,1,353.0,233.0,364.0,250.0
Handgun\Handgun_USRT_CCTV\PAH8_C1_P2_V1_HB_2_f0067.jpg,640,480,1,312.0,239.0,331.0,259.0
Handgun\Handgun_USRT_CCTV\PAH8_C1_P2_V1_HB_2_f0088.jpg,640,480,1,266.6,252.3,284.4,270.6
Handgun\Handgun_USRT_CCTV\PAH8_C1_P2_V1_HB_2_f0109.jpg,640,480,1,223.9,270.1,246.9,290.7
Handgun\Handgun_USRT_CCTV\PAH8_C1_P2_V1_HB_2_f0130.jpg,640,480,1,195.0,281.0,224.0,305.0
Handgun\Handgun_USRT_CCTV\PAH8_C1_P2_V1_HB_2_f0151.jpg,640,480,1,148.4,299.4,177.6,330.3
Handgun\Handgun_USRT_CCTV\PAH8_C1_P2_V1_HB_2_f0172.jpg,640,480,1,91.0,328.0,124.0,363.0
Handgun\Handgun_USRT_CCTV\PAH8_C1_P2_V1_HB_2_f0193.jpg,640,480,1,0.0,388.0,29.0,425.0
Handgun\Handgun_USRT_CCTV\PAH8_C1_P4_V1_HB_2_f0052.jpg,640,480,1,0.0,145.0,59.0,193.0
Handgun\Handgun_USRT_CCTV\PAH8_C1_P4_V1_HB_2_f0063.jpg,640,480,1,100.0,147.0,164.0,197.0
Handgun\Handgun_USRT_CCTV\PAH8_C1_P4_V1_HB_2_f0074.jpg,640,480,1,220.0,135.0,282.0,180.0
Handgun\Handgun_USRT_CCTV\PAH8_C1_P4_V1_HB_2_f0085.jpg,640,480,1,303.0,148.0,357.0,191.0
Handgun\Handgun_USRT_CCTV\PAH8_C1_P4_V1_HB_2_f0096.jpg,640,480,1,404.0,152.3,453.3,193.0
Handgun\Handgun_USRT_CCTV\PAH8_C1_P4_V1_HB_2_f0107.jpg,640,480,1,486.0,157.0,530.0,196.0
Handgun\Handgun_USRT_CCTV\PAH8_C1_P4_V1_HB_2_f0118.jpg,640,480,1,562.7,165.7,597.3,198.0
Handgun\Handgun_USRT_CCTV\PAH8_C1_P4_V1_HB_2_f0129.jpg,640,480,1,613.5,170.0,638.5,203.0
Handgun\Handgun_USRT_CCTV\PAH8_C2_P3_V1_HB_1_f0048.jpg,1920,1080,1,1823.5,568.0,1918.5,653.0
Handgun\Handgun_USRT_CCTV\PAH8_C2_P3_V1_HB_1_f0070.jpg,1920,1080,1,1481.0,505.4,1577.0,579.8
Handgun\Handgun_USRT_CCTV\PAH8_C2_P3_V1_HB_1_f0092.jpg,1920,1080,1,1182.8,460.8,1277.6,524.8
Handgun\Handgun_USRT_CCTV\PAH8_C2_P3_V1_HB_1_f0115.jpg,1920,1080,1,962.0,427.0,1042.0,481.0
Handgun\Handgun_USRT_CCTV\PAH8_C2_P3_V1_HB_1_f0137.jpg,1920,1080,1,744.0,405.5,824.0,463.5
Handgun\Handgun_USRT_CCTV\PAH8_C2_P3_V1_HB_1_f0160.jpg,1920,1080,1,519.3,387.7,598.4,438.3
Handgun\Handgun_USRT_CCTV\PAH8_C2_P3_V1_HB_1_f0182.jpg,1920,1080,1,303.5,369.5,387.0,424.5
Handgun\Handgun_USRT_CCTV\PAH8_C2_P3_V1_HB_1_f0205.jpg,1920,1080,1,0.0,373.0,74.0,431.0
Handgun\Handgun_USRT_CCTV\PAH8_C2_P3_V2_HB_1_f0055.jpg,1920,1080,1,1814.5,577.0,1918.5,667.0
Handgun\Handgun_USRT_CCTV\PAH8_C2_P3_V2_HB_1_f0079.jpg,1920,1080,1,1575.7,537.5,1662.7,610.8
Handgun\Handgun_USRT_CCTV\PAH8_C2_P3_V2_HB_1_f0103.jpg,1920,1080,1,1314.5,499.5,1403.5,571.5
Handgun\Handgun_USRT_CCTV\PAH8_C2_P3_V2_HB_1_f0127.jpg,1920,1080,1,1067.6,454.6,1148.6,522.0
Handgun\Handgun_USRT_CCTV\PAH8_C2_P3_V2_HB_1_f0151.jpg,1920,1080,1,922.5,410.0,983.5,477.5
Handgun\Handgun_USRT_CCTV\PAH8_C2_P3_V2_HB_1_f0204.jpg,1920,1080,1,555.4,356.8,603.5,408.2
Handgun\Handgun_USRT_CCTV\PAH8_C2_P3_V2_HB_1_f0228.jpg,1920,1080,1,261.2,345.2,326.8,400.2
Handgun\Handgun_USRT_CCTV\PAH8_C2_P3_V2_HB_1_f0252.jpg,1920,1080,1,0.0,326.0,78.0,391.0
Handgun\Handgun_USRT_CCTV\PAH8_C2_P5_V1_HB_1_f0051.jpg,1920,1080,1,1860.5,217.0,1918.5,275.0
Handgun\Handgun_USRT_CCTV\PAH8_C2_P5_V1_HB_1_f0076.jpg,1920,1080,1,1673.6,224.1,1735.7,290.4
Handgun\Handgun_USRT_CCTV\PAH8_C2_P5_V1_HB_1_f0102.jpg,1920,1080,1,1506.8,263.7,1572.5,329.5
Handgun\Handgun_USRT_CCTV\PAH8_C2_P5_V1_HB_1_f0128.jpg,1920,1080,1,1331.1,315.5,1404.4,388.5
Handgun\Handgun_USRT_CCTV\PAH8_C2_P5_V1_HB_1_f0154.jpg,1920,1080,1,1094.3,388.7,1188.7,473.4
Handgun\Handgun_USRT_CCTV\PAH8_C2_P5_V1_HB_1_f0180.jpg,1920,1080,1,801.8,460.8,906.4,546.4
Handgun\Handgun_USRT_CCTV\PAH8_C2_P5_V1_HB_1_f0206.jpg,1920,1080,1,458.7,581.0,595.3,686.3
Handgun\Handgun_USRT_CCTV\PAH8_C2_P5_V1_HB_1_f0232.jpg,1920,1080,1,0.0,730.0,153.0,853.0
Handgun\Handgun_USRT_CCTV\PAH8_C2_P5_V2_HB_2_f0053.jpg,1920,1080,1,0.0,811.0,99.0,941.0
Handgun\Handgun_USRT_CCTV\PAH8_C2_P5_V2_HB_2_f0086.jpg,1920,1080,1,484.6,643.8,611.8,749.8
Handgun\Handgun_USRT_CCTV\PAH8_C2_P5_V2_HB_2_f0119.jpg,1920,1080,1,855.3,516.7,951.1,608.9
Handgun\Handgun_USRT_CCTV\PAH8_C2_P5_V2_HB_2_f0152.jpg,1920,1080,1,1118.1,396.9,1206.1,470.4
Handgun\Handgun_USRT_CCTV\PAH8_C2_P5_V2_HB_2_f0185.jpg,1920,1080,1,1348.0,341.5,1419.5,404.5
Handgun\Handgun_USRT_CCTV\PAH8_C2_P5_V2_HB_2_f0218.jpg,1920,1080,1,1527.0,296.0,1596.0,352.0
Handgun\Handgun_USRT_CCTV\PAH8_C2_P5_V2_HB_2_f0251.jpg,1920,1080,1,1677.2,238.8,1734.6,290.8
Handgun\Handgun_USRT_CCTV\PAH8_C2_P5_V2_HB_2_f0284.jpg,1920,1080,1,1859.5,240.0,1918.5,302.0
Handgun\Handgun_USRT_CCTV\PAH9_C1_P4_V1_HB_1_f0037.jpg,640,480,1,608.5,136.0,638.5,166.0
Handgun\Handgun_USRT_CCTV\PAH9_C1_P4_V1_HB_1_f0050.jpg,640,480,1,556.3,131.3,593.7,169.0
Handgun\Handgun_USRT_CCTV\PAH9_C1_P4_V1_HB_1_f0063.jpg,640,480,1,479.4,121.4,522.2,160.2
Handgun\Handgun_USRT_CCTV\PAH9_C1_P4_V1_HB_1_f0077.jpg,640,480,1,383.5,107.0,428.0,162.0
Handgun\Handgun_USRT_CCTV\PAH9_C1_P4_V1_HB_1_f0090.jpg,640,480,1,303.0,99.0,342.0,149.0
Handgun\Handgun_USRT_CCTV\PAH9_C1_P4_V1_HB_1_f0104.jpg,640,480,1,188.3,104.3,245.0,155.3
Handgun\Handgun_USRT_CCTV\PAH9_C1_P4_V1_HB_1_f0117.jpg,640,480,1,85.0,98.5,148.5,160.0
Handgun\Handgun_USRT_CCTV\PAH9_C1_P4_V1_HB_1_f0131.jpg,640,480,1,0.0,106.0,48.0,167.0
Handgun\Handgun_USRT_CCTV\PAH9_C2_P3_V1_HB_2_f0068.jpg,1920,1080,1,0.0,256.0,48.0,314.0
Handgun\Handgun_USRT_CCTV\PAH9_C2_P3_V1_HB_2_f0093.jpg,1920,1080,1,173.7,309.4,225.4,361.7
Handgun\Handgun_USRT_CCTV\PAH9_C2_P3_V1_HB_2_f0119.jpg,1920,1080,1,379.3,331.0,437.3,384.7
Handgun\Handgun_USRT_CCTV\PAH9_C2_P3_V1_HB_2_f0145.jpg,1920,1080,1,570.0,355.0,641.0,414.0
Handgun\Handgun_USRT_CCTV\PAH9_C2_P3_V1_HB_2_f0170.jpg,1920,1080,1,732.2,386.2,804.7,455.5
Handgun\Handgun_USRT_CCTV\PAH9_C2_P3_V1_HB_2_f0196.jpg,1920,1080,1,965.9,448.7,1053.1,519.6
Handgun\Handgun_USRT_CCTV\PAH9_C2_P3_V1_HB_2_f0222.jpg,1920,1080,1,1256.7,510.7,1378.0,598.3
Handgun\Handgun_USRT_CCTV\PAH9_C2_P3_V1_HB_2_f0248.jpg,1920,1080,1,1781.5,659.0,1918.5,764.0
Handgun\Handgun_USRT_CCTV\PAH9_C2_P3_V2_HB_2_f0056.jpg,1920,1080,1,0.0,272.0,72.0,324.0
Handgun\Handgun_USRT_CCTV\PAH9_C2_P3_V2_HB_2_f0084.jpg,1920,1080,1,215.5,307.0,291.5,368.0
Handgun\Handgun_USRT_CCTV\PAH9_C2_P3_V2_HB_2_f0113.jpg,1920,1080,1,424.3,341.4,492.1,409.3
Handgun\Handgun_USRT_CCTV\PAH9_C2_P3_V2_HB_2_f0142.jpg,1920,1080,1,633.5,361.5,701.0,434.0
Handgun\Handgun_USRT_CCTV\PAH9_C2_P3_V2_HB_2_f0171.jpg,1920,1080,1,851.4,455.6,934.2,526.2
Handgun\Handgun_USRT_CCTV\PAH9_C2_P3_V2_HB_2_f0200.jpg,1920,1080,1,987.5,446.0,1078.5,526.5
Handgun\Handgun_USRT_CCTV\PAH9_C2_P3_V2_HB_2_f0229.jpg,1920,1080,1,1229.4,491.4,1323.6,580.6
Handgun\Handgun_USRT_CCTV\PAH9_C2_P3_V2_HB_2_f0258.jpg,1920,1080,1,1788.5,595.0,1918.5,693.0
Handgun\Handgun_USRT_CCTV\PAH9_C2_P5_V1_HB_2_f0064.jpg,1920,1080,1,0.0,674.0,129.0,814.0
Handgun\Handgun_USRT_CCTV\PAH9_C2_P5_V1_HB_2_f0090.jpg,1920,1080,1,491.6,510.8,624.0,632.2
Handgun\Handgun_USRT_CCTV\PAH9_C2_P5_V1_HB_2_f0116.jpg,1920,1080,1,862.5,388.5,976.0,500.5
Handgun\Handgun_USRT_CCTV\PAH9_C2_P5_V1_HB_2_f0142.jpg,1920,1080,1,1132.0,331.5,1228.5,415.0
Handgun\Handgun_USRT_CCTV\PAH9_C2_P5_V1_HB_2_f0168.jpg,1920,1080,1,1309.8,244.4,1406.0,319.0
Handgun\Handgun_USRT_CCTV\PAH9_C2_P5_V1_HB_2_f0194.jpg,1920,1080,1,1458.0,214.3,1545.7,285.3
Handgun\Handgun_USRT_CCTV\PAH9_C2_P5_V1_HB_2_f0220.jpg,1920,1080,1,1628.3,195.3,1706.3,257.7
Handgun\Handgun_USRT_CCTV\PAH9_C2_P5_V1_HB_2_f0247.jpg,1920,1080,1,1849.5,190.0,1918.5,257.0
Handgun\Handgun_USRT_CCTV\PAH9_C2_P5_V1_HB_4_f0056.jpg,1920,1080,1,103.0,954.5,194.0,1078.5
Handgun\Handgun_USRT_CCTV\PAH9_C2_P5_V1_HB_4_f0076.jpg,1920,1080,1,501.8,756.0,588.3,909.5
Handgun\Handgun_USRT_CCTV\PAH9_C2_P5_V1_HB_4_f0097.jpg,1920,1080,1,971.0,524.0,1032.0,593.0
Handgun\Handgun_USRT_CCTV\PAH9_C2_P5_V1_HB_4_f0118.jpg,1920,1080,1,1198.0,291.0,1277.0,366.0
Handgun\Handgun_USRT_CCTV\PAH9_C2_P5_V1_HB_4_f0139.jpg,1920,1080,1,1374.0,240.3,1455.0,314.0
Handgun\Handgun_USRT_CCTV\PAH9_C2_P5_V1_HB_4_f0160.jpg,1920,1080,1,1529.0,215.0,1611.0,285.0
Handgun\Handgun_USRT_CCTV\PAH9_C2_P5_V1_HB_4_f0181.jpg,1920,1080,1,1672.0,187.7,1754.3,250.5
Handgun\Handgun_USRT_CCTV\PAH9_C2_P5_V1_HB_4_f0202.jpg,1920,1080,1,1852.5,188.0,1918.5,258.0
Handgun\Handgun_USRT_CCTV\PAH9_C2_P5_V2_HB_1_f0037.jpg,1920,1080,1,1848.5,186.0,1918.5,249.0
Handgun\Handgun_USRT_CCTV\PAH9_C2_P5_V2_HB_1_f0070.jpg,1920,1080,1,1615.0,209.0,1685.0,280.4
Handgun\Handgun_USRT_CCTV\PAH9_C2_P5_V2_HB_1_f0104.jpg,1920,1080,1,1409.2,257.0,1479.4,334.8
Handgun\Handgun_USRT_CCTV\PAH9_C2_P5_V2_HB_1_f0138.jpg,1920,1080,1,1169.8,298.4,1261.6,393.0
Handgun\Handgun_USRT_CCTV\PAH9_C2_P5_V2_HB_1_f0171.jpg,1920,1080,1,918.0,441.0,1017.5,534.0
Handgun\Handgun_USRT_CCTV\PAH9_C2_P5_V2_HB_1_f0205.jpg,1920,1080,1,648.0,425.0,775.7,525.7
Handgun\Handgun_USRT_CCTV\PAH9_C2_P5_V2_HB_1_f0239.jpg,1920,1080,1,393.7,484.6,541.4,597.3
Handgun\Handgun_USRT_CCTV\PAH9_C2_P5_V2_HB_1_f0273.jpg,1920,1080,1,0.0,639.0,151.0,770.0
Handgun\Handgun_USRT_CCTV\PCH1_C1_P1_V1_HB_1_f0045.jpg,640,480,1,125.0,211.0,142.0,235.0
Handgun\Handgun_USRT_CCTV\PCH1_C1_P1_V1_HB_1_f0058.jpg,640,480,1,160.0,212.0,178.0,242.0
Handgun\Handgun_USRT_CCTV\PCH1_C1_P1_V1_HB_1_f0071.jpg,640,480,1,204.5,234.0,222.0,262.0
Handgun\Handgun_USRT_CCTV\PCH1_C1_P1_V1_HB_1_f0085.jpg,640,480,1,257.0,251.0,274.0,283.0
Handgun\Handgun_USRT_CCTV\PCH1_C1_P1_V1_HB_1_f0098.jpg,640,480,1,332.0,274.0,346.0,309.0
Handgun\Handgun_USRT_CCTV\PCH1_C1_P1_V1_HB_1_f0112.jpg,640,480,1,397.0,303.0,418.0,337.0
Handgun\Handgun_USRT_CCTV\PCH1_C1_P1_V1_HB_1_f0125.jpg,640,480,1,509.0,336.0,532.3,378.3
Handgun\Handgun_USRT_CCTV\PCH1_C1_P1_V1_HB_1_f0139.jpg,640,480,1,615.0,390.0,638.0,432.0
Handgun\Handgun_USRT_CCTV\PCH1_C1_P2_V1_HB_2_f0043.jpg,640,480,1,359.0,291.0,369.0,312.0
Handgun\Handgun_USRT_CCTV\PCH1_C1_P2_V1_HB_2_f0059.jpg,640,480,1,312.0,297.0,329.0,324.0
Handgun\Handgun_USRT_CCTV\PCH1_C1_P2_V1_HB_2_f0076.jpg,640,480,1,276.0,312.0,289.0,342.0
Handgun\Handgun_USRT_CCTV\PCH1_C1_P2_V1_HB_2_f0093.jpg,640,480,1,250.0,325.0,267.0,356.0
Handgun\Handgun_USRT_CCTV\PCH1_C1_P2_V1_HB_2_f0109.jpg,640,480,1,220.5,342.8,237.7,379.0
Handgun\Handgun_USRT_CCTV\PCH1_C1_P2_V1_HB_2_f0126.jpg,640,480,1,181.3,362.0,204.0,397.7
Handgun\Handgun_USRT_CCTV\PCH1_C1_P2_V1_HB_2_f0143.jpg,640,480,1,146.0,398.5,166.5,441.0
Handgun\Handgun_USRT_CCTV\PCH1_C1_P2_V1_HB_2_f0160.jpg,640,480,1,110.0,438.5,135.0,478.5
Handgun\Handgun_USRT_CCTV\PCH1_C1_P2_V1_HB_4_f0046.jpg,640,480,1,386.0,295.0,398.0,319.0
Handgun\Handgun_USRT_CCTV\PCH1_C1_P2_V1_HB_4_f0063.jpg,640,480,1,347.0,301.0,363.0,327.0
Handgun\Handgun_USRT_CCTV\PCH1_C1_P2_V1_HB_4_f0081.jpg,640,480,1,331.4,314.4,348.0,343.6
Handgun\Handgun_USRT_CCTV\PCH1_C1_P2_V1_HB_4_f0098.jpg,640,480,1,302.0,329.0,317.0,356.0
Handgun\Handgun_USRT_CCTV\PCH1_C1_P2_V1_HB_4_f0116.jpg,640,480,1,273.5,352.8,292.0,387.8
Handgun\Handgun_USRT_CCTV\PCH1_C1_P2_V1_HB_4_f0133.jpg,640,480,1,251.8,375.0,271.0,410.0
Handgun\Handgun_USRT_CCTV\PCH1_C1_P2_V1_HB_4_f0151.jpg,640,480,1,219.7,409.0,242.7,453.0
Handgun\Handgun_USRT_CCTV\PCH1_C1_P2_V1_HB_4_f0169.jpg,640,480,1,196.0,443.5,220.0,478.5
Handgun\Handgun_USRT_CCTV\PCH1_C1_P4_V1_HB_2_f0030.jpg,640,480,1,0.0,317.0,13.0,373.0
Handgun\Handgun_USRT_CCTV\PCH1_C1_P4_V1_HB_2_f0041.jpg,640,480,1,83.0,312.0,128.0,373.0
Handgun\Handgun_USRT_CCTV\PCH1_C1_P4_V1_HB_2_f0052.jpg,640,480,1,240.0,311.0,283.0,368.0
Handgun\Handgun_USRT_CCTV\PCH1_C1_P4_V1_HB_2_f0063.jpg,640,480,1,375.0,290.0,418.0,342.0
Handgun\Handgun_USRT_CCTV\PCH1_C1_P4_V1_HB_2_f0074.jpg,640,480,1,431.5,295.0,468.0,349.5
Handgun\Handgun_USRT_CCTV\PCH1_C1_P4_V1_HB_2_f0085.jpg,640,480,1,533.0,291.0,567.0,337.0
Handgun\Handgun_USRT_CCTV\PCH1_C1_P4_V1_HB_2_f0096.jpg,640,480,1,583.0,278.0,610.5,322.5
Handgun\Handgun_USRT_CCTV\PCH1_C1_P4_V1_HB_2_f0107.jpg,640,480,1,621.5,276.0,638.5,319.0
Handgun\Handgun_USRT_CCTV\PCH1_C1_P4_V1_HB_4_f0069.jpg,640,480,1,201.0,262.0,224.0,310.0
Handgun\Handgun_USRT_CCTV\PCH1_C1_P4_V1_HB_4_f0073.jpg,640,480,1,244.0,259.0,266.0,306.0
Handgun\Handgun_USRT_CCTV\PCH1_C1_P4_V1_HB_4_f0088.jpg,640,480,1,329.0,269.0,358.0,326.0
Handgun\Handgun_USRT_CCTV\PCH1_C1_P4_V1_HB_4_f0112.jpg,640,480,1,500.0,255.0,521.0,307.0
Handgun\Handgun_USRT_CCTV\PCH1_C1_P4_V1_HB_4_f0116.jpg,640,480,1,506.0,259.0,538.0,309.0
Handgun\Handgun_USRT_CCTV\PCH1_C1_P4_V1_HB_4_f0120.jpg,640,480,1,538.0,252.0,562.0,299.0
Handgun\Handgun_USRT_CCTV\PCH1_C1_P4_V1_HB_4_f0134.jpg,640,480,1,621.5,240.0,638.5,280.0
Handgun\Handgun_USRT_CCTV\PCH1_C1_P4_V1_HB_4_f0139.jpg,640,480,1,625.5,249.0,638.5,293.0
Handgun\Handgun_USRT_CCTV\PCH1_C2_P3_V1_HB_1_f0039.jpg,1920,1080,1,1842.5,712.0,1918.5,787.0
Handgun\Handgun_USRT_CCTV\PCH1_C2_P3_V1_HB_1_f0046.jpg,1920,1080,1,1743.0,709.5,1852.5,772.0
Handgun\Handgun_USRT_CCTV\PCH1_C2_P3_V1_HB_1_f0065.jpg,1920,1080,1,1504.0,669.7,1577.3,740.3
Handgun\Handgun_USRT_CCTV\PCH1_C2_P3_V1_HB_1_f0073.jpg,1920,1080,1,1395.0,635.5,1473.5,696.5
Handgun\Handgun_USRT_CCTV\PCH1_C2_P3_V1_HB_1_f0102.jpg,1920,1080,1,1077.7,590.4,1124.5,651.0
Handgun\Handgun_USRT_CCTV\PCH1_C2_P3_V1_HB_1_f0110.jpg,1920,1080,1,972.3,548.3,1044.7,614.0
Handgun\Handgun_USRT_CCTV\PCH1_C2_P3_V1_HB_1_f0118.jpg,1920,1080,1,913.0,559.0,968.0,626.0
Handgun\Handgun_USRT_CCTV\PCH1_C2_P3_V1_HB_1_f0188.jpg,1920,1080,1,281.0,468.0,331.0,537.0
Handgun\Handgun_USRT_CCTV\PCH1_C2_P3_V1_HB_2_f0051.jpg,1920,1080,1,0.0,471.0,33.0,545.0
Handgun\Handgun_USRT_CCTV\PCH1_C2_P3_V1_HB_2_f0076.jpg,1920,1080,1,175.0,542.0,221.0,615.0
Handgun\Handgun_USRT_CCTV\PCH1_C2_P3_V1_HB_2_f0101.jpg,1920,1080,1,434.5,536.5,481.0,610.0
Handgun\Handgun_USRT_CCTV\PCH1_C2_P3_V1_HB_2_f0126.jpg,1920,1080,1,710.0,554.5,753.8,627.5
Handgun\Handgun_USRT_CCTV\PCH1_C2_P3_V1_HB_2_f0151.jpg,1920,1080,1,881.5,594.5,938.5,661.0
Handgun\Handgun_USRT_CCTV\PCH1_C2_P3_V1_HB_2_f0176.jpg,1920,1080,1,1151.0,632.0,1198.0,703.0
Handgun\Handgun_USRT_CCTV\PCH1_C2_P3_V1_HB_2_f0201.jpg,1920,1080,1,1461.0,665.0,1528.0,748.0
Handgun\Handgun_USRT_CCTV\PCH1_C2_P3_V1_HB_2_f0226.jpg,1920,1080,1,1709.0,748.0,1776.0,836.0
Handgun\Handgun_USRT_CCTV\PCH1_C2_P3_V2_HB_2_f0043.jpg,1920,1080,1,123.0,482.0,187.0,557.0
Handgun\Handgun_USRT_CCTV\PCH1_C2_P3_V2_HB_2_f0053.jpg,1920,1080,1,276.0,474.0,352.0,541.0
Handgun\Handgun_USRT_CCTV\PCH1_C2_P3_V2_HB_2_f0064.jpg,1920,1080,1,321.0,512.6,367.6,586.1
Handgun\Handgun_USRT_CCTV\PCH1_C2_P3_V2_HB_2_f0091.jpg,1920,1080,1,722.0,563.0,814.0,637.0
Handgun\Handgun_USRT_CCTV\PCH1_C2_P3_V2_HB_2_f0101.jpg,1920,1080,1,769.0,625.0,811.0,699.0
Handgun\Handgun_USRT_CCTV\PCH1_C2_P3_V2_HB_2_f0127.jpg,1920,1080,1,1163.7,674.0,1263.3,762.0
Handgun\Handgun_USRT_CCTV\PCH1_C2_P3_V2_HB_2_f0156.jpg,1920,1080,1,1611.0,816.0,1684.3,916.0
Handgun\Handgun_USRT_CCTV\PCH1_C2_P3_V2_HB_2_f0167.jpg,1920,1080,1,1866.0,889.0,1915.0,995.0
Handgun\Handgun_USRT_CCTV\PCH1_C2_P3_V2_HB_3_f0075.jpg,1920,1080,1,1551.0,666.0,1627.0,722.0
Handgun\Handgun_USRT_CCTV\PCH1_C2_P3_V2_HB_3_f0088.jpg,1920,1080,1,1362.0,610.8,1449.0,675.3
Handgun\Handgun_USRT_CCTV\PCH1_C2_P3_V2_HB_3_f0118.jpg,1920,1080,1,1015.3,553.7,1104.7,618.0
Handgun\Handgun_USRT_CCTV\PCH1_C2_P3_V2_HB_3_f0139.jpg,1920,1080,1,967.0,588.0,1020.3,666.7
Handgun\Handgun_USRT_CCTV\PCH1_C2_P3_V2_HB_3_f0160.jpg,1920,1080,1,641.0,517.0,685.0,590.0
Handgun\Handgun_USRT_CCTV\PCH1_C2_P3_V2_HB_3_f0179.jpg,1920,1080,1,567.5,534.5,622.0,613.5
Handgun\Handgun_USRT_CCTV\PCH1_C2_P3_V2_HB_3_f0207.jpg,1920,1080,1,294.0,494.0,360.0,576.0
Handgun\Handgun_USRT_CCTV\PCH1_C2_P3_V2_HB_3_f0221.jpg,1920,1080,1,138.0,470.0,198.0,547.0
Handgun\Handgun_USRT_CCTV\PCH1_C2_P5_V1_HB_2_f0078.jpg,1920,1080,1,386.0,974.5,497.0,1078.5
Handgun\Handgun_USRT_CCTV\PCH1_C2_P5_V1_HB_2_f0100.jpg,1920,1080,1,777.0,748.2,877.0,845.5
Handgun\Handgun_USRT_CCTV\PCH1_C2_P5_V1_HB_2_f0122.jpg,1920,1080,1,1019.5,666.7,1108.0,759.0
Handgun\Handgun_USRT_CCTV\PCH1_C2_P5_V1_HB_2_f0145.jpg,1920,1080,1,1220.0,577.0,1296.0,683.0
Handgun\Handgun_USRT_CCTV\PCH1_C2_P5_V1_HB_2_f0167.jpg,1920,1080,1,1408.0,470.2,1487.0,555.0
Handgun\Handgun_USRT_CCTV\PCH1_C2_P5_V1_HB_2_f0190.jpg,1920,1080,1,1556.0,433.8,1627.5,521.5
Handgun\Handgun_USRT_CCTV\PCH1_C2_P5_V1_HB_2_f0212.jpg,1920,1080,1,1687.2,398.2,1753.2,478.0
Handgun\Handgun_USRT_CCTV\PCH1_C2_P5_V1_HB_2_f0235.jpg,1920,1080,1,1870.5,371.0,1918.5,455.0
Handgun\Handgun_USRT_CCTV\PCH1_C2_P5_V1_HB_4_f0073.jpg,1920,1080,1,448.0,811.0,517.0,918.0
Handgun\Handgun_USRT_CCTV\PCH1_C2_P5_V1_HB_4_f0084.jpg,1920,1080,1,592.0,734.0,643.0,828.0
Handgun\Handgun_USRT_CCTV\PCH1_C2_P5_V1_HB_4_f0116.jpg,1920,1080,1,912.0,597.0,977.0,689.0
Handgun\Handgun_USRT_CCTV\PCH1_C2_P5_V1_HB_4_f0145.jpg,1920,1080,1,1192.0,494.0,1238.0,578.0
Handgun\Handgun_USRT_CCTV\PCH1_C2_P5_V1_HB_4_f0157.jpg,1920,1080,1,1250.0,458.0,1299.0,537.0
Handgun\Handgun_USRT_CCTV\PCH1_C2_P5_V1_HB_4_f0184.jpg,1920,1080,1,1422.0,398.0,1466.0,476.0
Handgun\Handgun_USRT_CCTV\PCH1_C2_P5_V1_HB_4_f0195.jpg,1920,1080,1,1482.0,372.0,1534.0,451.0
Handgun\Handgun_USRT_CCTV\PCH1_C2_P5_V1_HB_4_f0231.jpg,1920,1080,1,1798.0,343.0,1842.0,422.0
Handgun\Handgun_USRT_CCTV\PCH1_C2_P5_V2_HB_2_f0045.jpg,1920,1080,1,217.0,973.5,351.0,1078.5
Handgun\Handgun_USRT_CCTV\PCH1_C2_P5_V2_HB_2_f0071.jpg,1920,1080,1,497.0,869.0,596.0,974.5
Handgun\Handgun_USRT_CCTV\PCH1_C2_P5_V2_HB_2_f0097.jpg,1920,1080,1,896.0,621.0,977.0,708.0
Handgun\Handgun_USRT_CCTV\PCH1_C2_P5_V2_HB_2_f0123.jpg,1920,1080,1,1166.2,487.6,1228.8,548.6
Handgun\Handgun_USRT_CCTV\PCH1_C2_P5_V2_HB_2_f0149.jpg,1920,1080,1,1289.8,468.0,1351.5,551.5
Handgun\Handgun_USRT_CCTV\PCH1_C2_P5_V2_HB_2_f0175.jpg,1920,1080,1,1430.3,395.7,1485.7,484.0
Handgun\Handgun_USRT_CCTV\PCH1_C2_P5_V2_HB_2_f0201.jpg,1920,1080,1,1698.0,326.8,1757.5,386.8
Handgun\Handgun_USRT_CCTV\PCH1_C2_P5_V2_HB_2_f0227.jpg,1920,1080,1,1853.0,349.0,1909.0,422.0
Handgun\Handgun_USRT_CCTV\PCH1_C2_P5_V2_HB_4_f0062.jpg,1920,1080,1,0.0,928.0,104.0,1025.0
Handgun\Handgun_USRT_CCTV\PCH1_C2_P5_V2_HB_4_f0084.jpg,1920,1080,1,160.8,938.7,260.0,1055.7
Handgun\Handgun_USRT_CCTV\PCH1_C2_P5_V2_HB_4_f0107.jpg,1920,1080,1,732.0,637.0,784.0,693.0
Handgun\Handgun_USRT_CCTV\PCH1_C2_P5_V2_HB_4_f0131.jpg,1920,1080,1,835.5,610.5,895.0,697.5
Handgun\Handgun_USRT_CCTV\PCH1_C2_P5_V2_HB_4_f0165.jpg,1920,1080,1,1111.3,506.3,1158.0,592.0
Handgun\Handgun_USRT_CCTV\PCH1_C2_P5_V2_HB_4_f0199.jpg,1920,1080,1,1358.0,408.0,1413.0,495.5
Handgun\Handgun_USRT_CCTV\PCH1_C2_P5_V2_HB_4_f0230.jpg,1920,1080,1,1584.0,346.0,1632.0,420.0
Handgun\Handgun_USRT_CCTV\PCH1_C2_P5_V2_HB_4_f0252.jpg,1920,1080,1,1886.5,281.0,1918.5,345.0
Handgun\Handgun_USRT_CCTV\PCH2_C1_P1_V1_HB_1_f0037.jpg,640,480,1,130.0,199.0,146.0,228.0
Handgun\Handgun_USRT_CCTV\PCH2_C1_P1_V1_HB_1_f0056.jpg,640,480,1,159.4,204.0,174.4,231.2
Handgun\Handgun_USRT_CCTV\PCH2_C1_P1_V1_HB_1_f0075.jpg,640,480,1,195.0,213.0,210.0,247.0
Handgun\Handgun_USRT_CCTV\PCH2_C1_P1_V1_HB_1_f0094.jpg,640,480,1,247.2,230.2,263.8,264.0
Handgun\Handgun_USRT_CCTV\PCH2_C1_P1_V1_HB_1_f0114.jpg,640,480,1,301.4,251.2,322.0,287.0
Handgun\Handgun_USRT_CCTV\PCH2_C1_P1_V1_HB_1_f0133.jpg,640,480,1,371.3,278.7,389.7,320.7
Handgun\Handgun_USRT_CCTV\PCH2_C1_P1_V1_HB_1_f0152.jpg,640,480,1,486.0,318.0,508.0,360.5
Handgun\Handgun_USRT_CCTV\PCH2_C1_P1_V1_HB_1_f0172.jpg,640,480,1,618.5,371.0,638.5,419.0
Handgun\Handgun_USRT_CCTV\PCH2_C1_P2_V1_HB_2_f0053.jpg,640,480,1,355.0,289.0,370.0,314.0
Handgun\Handgun_USRT_CCTV\PCH2_C1_P2_V1_HB_2_f0067.jpg,640,480,1,317.0,296.5,336.0,324.0
Handgun\Handgun_USRT_CCTV\PCH2_C1_P2_V1_HB_2_f0081.jpg,640,480,1,291.2,309.2,309.3,338.7
Handgun\Handgun_USRT_CCTV\PCH2_C1_P2_V1_HB_2_f0096.jpg,640,480,1,267.2,320.5,286.8,351.8
Handgun\Handgun_USRT_CCTV\PCH2_C1_P2_V1_HB_2_f0110.jpg,640,480,1,240.3,335.7,256.7,368.3
Handgun\Handgun_USRT_CCTV\PCH2_C1_P2_V1_HB_2_f0125.jpg,640,480,1,202.0,360.0,222.5,399.8
Handgun\Handgun_USRT_CCTV\PCH2_C1_P2_V1_HB_2_f0139.jpg,640,480,1,171.0,389.7,194.3,432.7
Handgun\Handgun_USRT_CCTV\PCH2_C1_P2_V1_HB_2_f0154.jpg,640,480,1,135.0,438.5,160.0,478.5
Handgun\Handgun_USRT_CCTV\PCH2_C1_P4_V1_HB_2_f0043.jpg,640,480,1,0.0,259.0,27.0,310.0
Handgun\Handgun_USRT_CCTV\PCH2_C1_P4_V1_HB_2_f0053.jpg,640,480,1,118.3,257.0,156.7,308.0
Handgun\Handgun_USRT_CCTV\PCH2_C1_P4_V1_HB_2_f0064.jpg,640,480,1,232.2,259.2,270.0,308.8
Handgun\Handgun_USRT_CCTV\PCH2_C1_P4_V1_HB_2_f0074.jpg,640,480,1,314.3,254.0,352.3,304.3
Handgun\Handgun_USRT_CCTV\PCH2_C1_P4_V1_HB_2_f0085.jpg,640,480,1,405.5,253.2,439.8,298.0
Handgun\Handgun_USRT_CCTV\PCH2_C1_P4_V1_HB_2_f0095.jpg,640,480,1,498.5,249.2,527.0,290.8
Handgun\Handgun_USRT_CCTV\PCH2_C1_P4_V1_HB_2_f0106.jpg,640,480,1,569.0,242.0,596.5,283.5
Handgun\Handgun_USRT_CCTV\PCH2_C1_P4_V1_HB_2_f0117.jpg,640,480,1,618.5,242.0,638.5,281.0
Handgun\Handgun_USRT_CCTV\PCH2_C2_P3_V1_HB_2_f0067.jpg,1920,1080,1,0.0,435.0,52.0,505.0
Handgun\Handgun_USRT_CCTV\PCH2_C2_P3_V1_HB_2_f0088.jpg,1920,1080,1,196.0,479.0,269.0,553.0
Handgun\Handgun_USRT_CCTV\PCH2_C2_P3_V1_HB_2_f0109.jpg,1920,1080,1,358.8,536.4,423.4,618.0
Handgun\Handgun_USRT_CCTV\PCH2_C2_P3_V1_HB_2_f0130.jpg,1920,1080,1,551.1,568.3,616.0,648.5
Handgun\Handgun_USRT_CCTV\PCH2_C2_P3_V1_HB_2_f0152.jpg,1920,1080,1,785.4,621.7,860.9,713.7
Handgun\Handgun_USRT_CCTV\PCH2_C2_P3_V1_HB_2_f0173.jpg,1920,1080,1,1061.6,698.7,1142.6,796.8
Handgun\Handgun_USRT_CCTV\PCH2_C2_P3_V1_HB_2_f0194.jpg,1920,1080,1,1384.3,807.9,1465.7,909.7
Handgun\Handgun_USRT_CCTV\PCH2_C2_P3_V1_HB_2_f0216.jpg,1920,1080,1,1838.5,957.0,1918.5,1071.0
Handgun\Handgun_USRT_CCTV\PCH2_C2_P3_V2_HB_1_f0062.jpg,1920,1080,1,1738.0,717.0,1825.0,785.0
Handgun\Handgun_USRT_CCTV\PCH2_C2_P3_V2_HB_1_f0081.jpg,1920,1080,1,1503.6,663.6,1576.8,729.0
Handgun\Handgun_USRT_CCTV\PCH2_C2_P3_V2_HB_1_f0100.jpg,1920,1080,1,1284.0,623.5,1352.5,696.0
Handgun\Handgun_USRT_CCTV\PCH2_C2_P3_V2_HB_1_f0120.jpg,1920,1080,1,1065.6,587.7,1133.3,666.1
Handgun\Handgun_USRT_CCTV\PCH2_C2_P3_V2_HB_1_f0139.jpg,1920,1080,1,874.0,562.0,930.0,631.0
Handgun\Handgun_USRT_CCTV\PCH2_C2_P3_V2_HB_1_f0159.jpg,1920,1080,1,673.0,538.0,737.0,609.0
Handgun\Handgun_USRT_CCTV\PCH2_C2_P3_V2_HB_1_f0195.jpg,1920,1080,1,356.2,504.4,405.0,570.8
Handgun\Handgun_USRT_CCTV\PCH2_C2_P3_V2_HB_1_f0233.jpg,1920,1080,1,0.0,453.0,50.0,520.0
Handgun\Handgun_USRT_CCTV\PCH2_C2_P5_V1_HB_2_f0056.jpg,1920,1080,1,157.0,978.5,290.0,1078.5
Handgun\Handgun_USRT_CCTV\PCH2_C2_P5_V1_HB_2_f0084.jpg,1920,1080,1,624.0,734.0,734.0,827.0
Handgun\Handgun_USRT_CCTV\PCH2_C2_P5_V1_HB_2_f0112.jpg,1920,1080,1,927.0,615.0,1007.0,715.0
Handgun\Handgun_USRT_CCTV\PCH2_C2_P5_V1_HB_2_f0140.jpg,1920,1080,1,1154.0,507.5,1240.5,592.0
Handgun\Handgun_USRT_CCTV\PCH2_C2_P5_V1_HB_2_f0168.jpg,1920,1080,1,1358.0,437.5,1436.0,520.0
Handgun\Handgun_USRT_CCTV\PCH2_C2_P5_V1_HB_2_f0196.jpg,1920,1080,1,1530.5,388.0,1600.5,464.9
Handgun\Handgun_USRT_CCTV\PCH2_C2_P5_V1_HB_2_f0224.jpg,1920,1080,1,1678.0,339.5,1743.5,410.2
Handgun\Handgun_USRT_CCTV\PCH2_C2_P5_V1_HB_2_f0252.jpg,1920,1080,1,1859.5,329.0,1918.5,401.0
Handgun\Handgun_USRT_CCTV\PCH2_C2_P5_V2_HB_2_f0064.jpg,1920,1080,1,262.0,996.5,374.0,1078.5
Handgun\Handgun_USRT_CCTV\PCH2_C2_P5_V2_HB_2_f0090.jpg,1920,1080,1,686.0,834.0,783.0,942.0
Handgun\Handgun_USRT_CCTV\PCH2_C2_P5_V2_HB_2_f0116.jpg,1920,1080,1,989.6,694.2,1072.2,793.4
Handgun\Handgun_USRT_CCTV\PCH2_C2_P5_V2_HB_2_f0143.jpg,1920,1080,1,1211.0,567.0,1292.0,651.0
Handgun\Handgun_USRT_CCTV\PCH2_C2_P5_V2_HB_2_f0169.jpg,1920,1080,1,1400.7,485.4,1470.3,570.1
Handgun\Handgun_USRT_CCTV\PCH2_C2_P5_V2_HB_2_f0196.jpg,1920,1080,1,1541.6,418.7,1596.0,491.3
Handgun\Handgun_USRT_CCTV\PCH2_C2_P5_V2_HB_2_f0222.jpg,1920,1080,1,1674.6,358.6,1737.3,428.9
Handgun\Handgun_USRT_CCTV\PCH2_C2_P5_V2_HB_2_f0249.jpg,1920,1080,1,1873.5,347.0,1918.5,422.0
Handgun\Handgun_USRT_CCTV\PCH3_C1_P1_V1_HB_1_f0039.jpg,640,480,1,117.0,118.0,135.0,145.0
Handgun\Handgun_USRT_CCTV\PCH3_C1_P1_V1_HB_1_f0055.jpg,640,480,1,160.7,117.3,177.3,149.0
Handgun\Handgun_USRT_CCTV\PCH3_C1_P1_V1_HB_1_f0071.jpg,640,480,1,208.8,124.5,229.3,153.2
Handgun\Handgun_USRT_CCTV\PCH3_C1_P1_V1_HB_1_f0087.jpg,640,480,1,269.1,128.9,288.9,162.9
Handgun\Handgun_USRT_CCTV\PCH3_C1_P1_V1_HB_1_f0103.jpg,640,480,1,343.7,139.0,362.7,177.3
Handgun\Handgun_USRT_CCTV\PCH3_C1_P1_V1_HB_1_f0119.jpg,640,480,1,419.0,155.0,441.0,199.0
Handgun\Handgun_USRT_CCTV\PCH3_C1_P1_V1_HB_1_f0135.jpg,640,480,1,512.4,176.0,537.4,226.4
Handgun\Handgun_USRT_CCTV\PCH3_C1_P1_V1_HB_1_f0151.jpg,640,480,1,622.5,201.0,638.5,260.0
Handgun\Handgun_USRT_CCTV\PCH3_C1_P2_V1_HB_1_f0024.jpg,640,480,1,0.0,383.0,31.0,450.0
Handgun\Handgun_USRT_CCTV\PCH3_C1_P2_V1_HB_1_f0047.jpg,640,480,1,104.0,321.4,135.9,376.7
Handgun\Handgun_USRT_CCTV\PCH3_C1_P2_V1_HB_1_f0070.jpg,640,480,1,184.8,287.0,214.5,331.2
Handgun\Handgun_USRT_CCTV\PCH3_C1_P2_V1_HB_1_f0093.jpg,640,480,1,229.0,264.6,256.4,303.1
Handgun\Handgun_USRT_CCTV\PCH3_C1_P2_V1_HB_1_f0116.jpg,640,480,1,255.7,244.7,277.0,277.0
Handgun\Handgun_USRT_CCTV\PCH3_C1_P2_V1_HB_1_f0139.jpg,640,480,1,286.0,234.0,304.0,261.7
Handgun\Handgun_USRT_CCTV\PCH3_C1_P2_V1_HB_1_f0162.jpg,640,480,1,318.0,232.0,335.0,257.0
Handgun\Handgun_USRT_CCTV\PCH3_C1_P2_V1_HB_1_f0185.jpg,640,480,1,357.0,221.0,370.0,245.0
Handgun\Handgun_USRT_CCTV\PCH3_C1_P4_V1_HB_1_f0038.jpg,640,480,1,615.5,125.0,638.5,171.0
Handgun\Handgun_USRT_CCTV\PCH3_C1_P4_V1_HB_1_f0047.jpg,640,480,1,570.8,120.2,602.0,167.4
Handgun\Handgun_USRT_CCTV\PCH3_C1_P4_V1_HB_1_f0056.jpg,640,480,1,509.0,120.3,541.0,169.7
Handgun\Handgun_USRT_CCTV\PCH3_C1_P4_V1_HB_1_f0066.jpg,640,480,1,442.5,104.0,481.0,158.0
Handgun\Handgun_USRT_CCTV\PCH3_C1_P4_V1_HB_1_f0075.jpg,640,480,1,365.0,99.0,407.0,162.0
Handgun\Handgun_USRT_CCTV\PCH3_C1_P4_V1_HB_1_f0085.jpg,640,480,1,234.0,91.5,279.0,146.5
Handgun\Handgun_USRT_CCTV\PCH3_C1_P4_V1_HB_1_f0094.jpg,640,480,1,113.0,87.0,154.0,146.0
Handgun\Handgun_USRT_CCTV\PCH3_C1_P4_V1_HB_1_f0104.jpg,640,480,1,0.0,82.0,22.0,143.0
Handgun\Handgun_USRT_CCTV\PCH3_C2_P3_V1_HB_1_f0036.jpg,1920,1080,1,1867.0,480.0,1918.0,563.0
Handgun\Handgun_USRT_CCTV\PCH3_C2_P3_V1_HB_1_f0056.jpg,1920,1080,1,1513.2,433.7,1583.7,522.2
Handgun\Handgun_USRT_CCTV\PCH3_C2_P3_V1_HB_1_f0076.jpg,1920,1080,1,1237.5,396.5,1294.0,480.0
Handgun\Handgun_USRT_CCTV\PCH3_C2_P3_V1_HB_1_f0096.jpg,1920,1080,1,977.5,361.0,1032.0,442.8
Handgun\Handgun_USRT_CCTV\PCH3_C2_P3_V1_HB_1_f0116.jpg,1920,1080,1,732.0,340.0,787.0,410.0
Handgun\Handgun_USRT_CCTV\PCH3_C2_P3_V1_HB_1_f0136.jpg,1920,1080,1,514.3,312.5,568.5,382.7
Handgun\Handgun_USRT_CCTV\PCH3_C2_P3_V1_HB_1_f0156.jpg,1920,1080,1,297.0,306.0,347.3,374.0
Handgun\Handgun_USRT_CCTV\PCH3_C2_P3_V1_HB_1_f0176.jpg,1920,1080,1,57.0,299.0,116.0,369.0
Handgun\Handgun_USRT_CCTV\PCH3_C2_P3_V2_HB_1_f0079.jpg,1920,1080,1,1870.5,488.0,1918.5,572.0
Handgun\Handgun_USRT_CCTV\PCH3_C2_P3_V2_HB_1_f0084.jpg,1920,1080,1,1767.0,484.5,1837.8,561.3
Handgun\Handgun_USRT_CCTV\PCH3_C2_P3_V2_HB_1_f0089.jpg,1920,1080,1,1683.0,468.0,1753.0,549.0
Handgun\Handgun_USRT_CCTV\PCH3_C2_P3_V2_HB_1_f0094.jpg,1920,1080,1,1623.4,453.0,1693.4,536.8
Handgun\Handgun_USRT_CCTV\PCH3_C2_P3_V2_HB_1_f0099.jpg,1920,1080,1,1575.0,453.7,1629.3,532.0
Handgun\Handgun_USRT_CCTV\PCH3_C2_P3_V2_HB_1_f0104.jpg,1920,1080,1,1521.0,450.0,1560.0,525.0
Handgun\Handgun_USRT_CCTV\PCH3_C2_P3_V2_HB_1_f0109.jpg,1920,1080,1,1456.0,436.0,1496.0,506.0
Handgun\Handgun_USRT_CCTV\PCH3_C2_P3_V2_HB_1_f0115.jpg,1920,1080,1,1390.0,424.0,1428.0,488.0
Handgun\Handgun_USRT_CCTV\PCH3_C2_P5_V1_HB_1_f0057.jpg,1920,1080,1,1862.5,123.0,1918.5,211.0
Handgun\Handgun_USRT_CCTV\PCH3_C2_P5_V1_HB_1_f0080.jpg,1920,1080,1,1680.3,147.0,1755.3,237.5
Handgun\Handgun_USRT_CCTV\PCH3_C2_P5_V1_HB_1_f0103.jpg,1920,1080,1,1521.0,185.0,1588.0,274.0
Handgun\Handgun_USRT_CCTV\PCH3_C2_P5_V1_HB_1_f0126.jpg,1920,1080,1,1349.3,226.5,1428.3,333.0
Handgun\Handgun_USRT_CCTV\PCH3_C2_P5_V1_HB_1_f0149.jpg,1920,1080,1,1148.7,301.0,1228.0,420.7
Handgun\Handgun_USRT_CCTV\PCH3_C2_P5_V1_HB_1_f0172.jpg,1920,1080,1,871.6,385.8,959.0,514.0
Handgun\Handgun_USRT_CCTV\PCH3_C2_P5_V1_HB_1_f0195.jpg,1920,1080,1,500.2,484.5,600.7,612.8
Handgun\Handgun_USRT_CCTV\PCH3_C2_P5_V1_HB_1_f0219.jpg,1920,1080,1,0.0,668.0,84.0,823.0
Handgun\Handgun_USRT_CCTV\PCH3_C2_P5_V2_HB_1_f0054.jpg,1920,1080,1,1869.5,140.0,1918.5,215.0
Handgun\Handgun_USRT_CCTV\PCH3_C2_P5_V2_HB_1_f0079.jpg,1920,1080,1,1637.7,140.6,1712.0,217.1
Handgun\Handgun_USRT_CCTV\PCH3_C2_P5_V2_HB_1_f0105.jpg,1920,1080,1,1410.5,158.5,1476.0,238.5
Handgun\Handgun_USRT_CCTV\PCH3_C2_P5_V2_HB_1_f0131.jpg,1920,1080,1,1249.9,196.9,1309.6,287.0
Handgun\Handgun_USRT_CCTV\PCH3_C2_P5_V2_HB_1_f0156.jpg,1920,1080,1,1025.0,255.0,1116.0,357.0
Handgun\Handgun_USRT_CCTV\PCH3_C2_P5_V2_HB_1_f0182.jpg,1920,1080,1,781.0,315.0,874.0,429.0
Handgun\Handgun_USRT_CCTV\PCH3_C2_P5_V2_HB_1_f0208.jpg,1920,1080,1,449.5,405.3,530.7,527.3
Handgun\Handgun_USRT_CCTV\PCH3_C2_P5_V2_HB_1_f0234.jpg,1920,1080,1,0.0,545.0,53.0,674.0
Handgun\Handgun_USRT_CCTV\PCH4_C1_P1_V1_HB_1_f0033.jpg,640,480,1,128.0,195.0,144.0,222.0
Handgun\Handgun_USRT_CCTV\PCH4_C1_P1_V1_HB_1_f0057.jpg,640,480,1,161.8,207.4,177.0,238.0
Handgun\Handgun_USRT_CCTV\PCH4_C1_P1_V1_HB_1_f0081.jpg,640,480,1,203.8,220.4,224.8,254.0
Handgun\Handgun_USRT_CCTV\PCH4_C1_P1_V1_HB_1_f0105.jpg,640,480,1,255.8,240.0,275.6,273.0
Handgun\Handgun_USRT_CCTV\PCH4_C1_P1_V1_HB_1_f0129.jpg,640,480,1,325.9,264.0,347.0,302.4
Handgun\Handgun_USRT_CCTV\PCH4_C1_P1_V1_HB_1_f0153.jpg,640,480,1,413.2,295.0,437.2,340.5
Handgun\Handgun_USRT_CCTV\PCH4_C1_P1_V1_HB_1_f0177.jpg,640,480,1,515.0,330.0,541.0,375.5
Handgun\Handgun_USRT_CCTV\PCH4_C1_P1_V1_HB_1_f0201.jpg,640,480,1,622.5,368.0,638.5,419.0
Handgun\Handgun_USRT_CCTV\PCH4_C1_P2_V1_HB_2_f0028.jpg,640,480,1,365.0,294.0,380.0,314.0
Handgun\Handgun_USRT_CCTV\PCH4_C1_P2_V1_HB_2_f0045.jpg,640,480,1,333.8,297.3,348.7,321.3
Handgun\Handgun_USRT_CCTV\PCH4_C1_P2_V1_HB_2_f0062.jpg,640,480,1,300.0,308.0,315.0,336.5
Handgun\Handgun_USRT_CCTV\PCH4_C1_P2_V1_HB_2_f0079.jpg,640,480,1,263.5,326.5,281.0,356.5
Handgun\Handgun_USRT_CCTV\PCH4_C1_P2_V1_HB_2_f0096.jpg,640,480,1,242.9,342.4,265.3,376.3
Handgun\Handgun_USRT_CCTV\PCH4_C1_P2_V1_HB_2_f0113.jpg,640,480,1,218.5,362.3,244.8,399.3
Handgun\Handgun_USRT_CCTV\PCH4_C1_P2_V1_HB_2_f0130.jpg,640,480,1,174.0,397.2,204.4,435.6
Handgun\Handgun_USRT_CCTV\PCH4_C1_P2_V1_HB_2_f0147.jpg,640,480,1,111.0,451.5,132.0,478.5
Handgun\Handgun_USRT_CCTV\PCH4_C1_P4_V1_HB_2_f0044.jpg,640,480,1,7.0,304.0,51.0,356.0
Handgun\Handgun_USRT_CCTV\PCH4_C1_P4_V1_HB_2_f0054.jpg,640,480,1,141.3,299.7,183.0,346.7
Handgun\Handgun_USRT_CCTV\PCH4_C1_P4_V1_HB_2_f0065.jpg,640,480,1,282.0,284.2,329.2,330.8
Handgun\Handgun_USRT_CCTV\PCH4_C1_P4_V1_HB_2_f0076.jpg,640,480,1,396.0,274.7,426.3,321.0
Handgun\Handgun_USRT_CCTV\PCH4_C1_P4_V1_HB_2_f0086.jpg,640,480,1,457.2,275.0,496.0,315.2
Handgun\Handgun_USRT_CCTV\PCH4_C1_P4_V1_HB_2_f0097.jpg,640,480,1,523.0,271.0,557.8,308.4
Handgun\Handgun_USRT_CCTV\PCH4_C1_P4_V1_HB_2_f0108.jpg,640,480,1,579.0,269.0,614.0,308.0
Handgun\Handgun_USRT_CCTV\PCH4_C1_P4_V1_HB_2_f0119.jpg,640,480,1,619.5,268.0,638.5,304.0
Handgun\Handgun_USRT_CCTV\PCH4_C2_P3_V1_HB_1_f0078.jpg,1920,1080,1,1719.0,721.0,1801.0,791.0
Handgun\Handgun_USRT_CCTV\PCH4_C2_P3_V1_HB_1_f0102.jpg,1920,1080,1,1416.3,649.0,1488.3,720.0
Handgun\Handgun_USRT_CCTV\PCH4_C2_P3_V1_HB_1_f0126.jpg,1920,1080,1,1139.0,609.0,1210.0,680.0
Handgun\Handgun_USRT_CCTV\PCH4_C2_P3_V1_HB_1_f0150.jpg,1920,1080,1,907.9,561.6,973.0,627.3
Handgun\Handgun_USRT_CCTV\PCH4_C2_P3_V1_HB_1_f0174.jpg,1920,1080,1,679.8,528.5,738.9,593.8
Handgun\Handgun_USRT_CCTV\PCH4_C2_P3_V1_HB_1_f0198.jpg,1920,1080,1,471.2,504.4,532.8,571.8
Handgun\Handgun_USRT_CCTV\PCH4_C2_P3_V1_HB_1_f0222.jpg,1920,1080,1,265.8,484.0,321.8,548.4
Handgun\Handgun_USRT_CCTV\PCH4_C2_P3_V1_HB_1_f0247.jpg,1920,1080,1,0.0,467.0,42.0,540.0
Handgun\Handgun_USRT_CCTV\PCH4_C2_P3_V2_HB_1_f0048.jpg,1920,1080,1,1759.0,709.0,1828.0,763.0
Handgun\Handgun_USRT_CCTV\PCH4_C2_P3_V2_HB_1_f0061.jpg,1920,1080,1,1589.0,677.3,1651.3,733.3
Handgun\Handgun_USRT_CCTV\PCH4_C2_P3_V2_HB_1_f0074.jpg,1920,1080,1,1438.0,639.0,1498.0,691.7
Handgun\Handgun_USRT_CCTV\PCH4_C2_P3_V2_HB_1_f0087.jpg,1920,1080,1,1294.2,605.6,1357.4,670.2
Handgun\Handgun_USRT_CCTV\PCH4_C2_P3_V2_HB_1_f0109.jpg,1920,1080,1,1064.0,580.7,1107.7,636.3
Handgun\Handgun_USRT_CCTV\PCH4_C2_P3_V2_HB_1_f0122.jpg,1920,1080,1,932.0,558.3,969.3,611.3
Handgun\Handgun_USRT_CCTV\PCH4_C2_P3_V2_HB_1_f0149.jpg,1920,1080,1,682.0,517.0,711.0,576.0
Handgun\Handgun_USRT_CCTV\PCH4_C2_P3_V2_HB_1_f0221.jpg,1920,1080,1,0.0,444.0,59.0,488.0
Handgun\Handgun_USRT_CCTV\PCH4_C2_P5_V1_HB_2_f0056.jpg,1920,1080,1,257.0,993.5,395.0,1078.5
Handgun\Handgun_USRT_CCTV\PCH4_C2_P5_V1_HB_2_f0085.jpg,1920,1080,1,630.0,780.0,750.0,871.0
Handgun\Handgun_USRT_CCTV\PCH4_C2_P5_V1_HB_2_f0115.jpg,1920,1080,1,932.8,646.5,1036.0,738.8
Handgun\Handgun_USRT_CCTV\PCH4_C2_P5_V1_HB_2_f0145.jpg,1920,1080,1,1167.2,559.5,1265.0,645.8
Handgun\Handgun_USRT_CCTV\PCH4_C2_P5_V1_HB_2_f0175.jpg,1920,1080,1,1366.2,465.0,1447.9,544.4
Handgun\Handgun_USRT_CCTV\PCH4_C2_P5_V1_HB_2_f0205.jpg,1920,1080,1,1497.2,386.0,1577.5,458.0
Handgun\Handgun_USRT_CCTV\PCH4_C2_P5_V1_HB_2_f0235.jpg,1920,1080,1,1656.3,356.8,1728.8,430.2
Handgun\Handgun_USRT_CCTV\PCH4_C2_P5_V1_HB_2_f0265.jpg,1920,1080,1,1862.5,359.0,1918.5,428.0
Handgun\Handgun_USRT_CCTV\PCH4_C2_P5_V2_HB_2_f0072.jpg,1920,1080,1,389.0,985.5,536.0,1078.5
Handgun\Handgun_USRT_CCTV\PCH4_C2_P5_V2_HB_2_f0100.jpg,1920,1080,1,778.5,813.8,880.2,910.0
Handgun\Handgun_USRT_CCTV\PCH4_C2_P5_V2_HB_2_f0128.jpg,1920,1080,1,1022.3,675.3,1118.7,767.7
Handgun\Handgun_USRT_CCTV\PCH4_C2_P5_V2_HB_2_f0157.jpg,1920,1080,1,1229.0,568.0,1312.0,655.0
Handgun\Handgun_USRT_CCTV\PCH4_C2_P5_V2_HB_2_f0185.jpg,1920,1080,1,1376.7,478.3,1440.5,551.5
Handgun\Handgun_USRT_CCTV\PCH4_C2_P5_V2_HB_2_f0214.jpg,1920,1080,1,1521.7,442.3,1585.9,513.6
Handgun\Handgun_USRT_CCTV\PCH4_C2_P5_V2_HB_2_f0242.jpg,1920,1080,1,1679.4,397.0,1750.5,462.9
Handgun\Handgun_USRT_CCTV\PCH4_C2_P5_V2_HB_2_f0271.jpg,1920,1080,1,1873.5,365.0,1918.5,420.0
Handgun\Handgun_USRT_CCTV\PCH5_C1_P2_V1_HB_1_f0036.jpg,640,480,1,55.0,418.0,95.0,474.0
Handgun\Handgun_USRT_CCTV\PCH5_C1_P2_V1_HB_1_f0057.jpg,640,480,1,144.4,338.8,177.7,391.1
Handgun\Handgun_USRT_CCTV\PCH5_C1_P2_V1_HB_1_f0078.jpg,640,480,1,207.5,299.9,238.1,341.0
Handgun\Handgun_USRT_CCTV\PCH5_C1_P2_V1_HB_1_f0100.jpg,640,480,1,239.3,274.7,266.5,313.5
Handgun\Handgun_USRT_CCTV\PCH5_C1_P2_V1_HB_1_f0121.jpg,640,480,1,259.2,259.3,282.2,291.5
Handgun\Handgun_USRT_CCTV\PCH5_C1_P2_V1_HB_1_f0143.jpg,640,480,1,288.0,249.9,308.0,277.2
Handgun\Handgun_USRT_CCTV\PCH5_C1_P2_V1_HB_1_f0164.jpg,640,480,1,314.0,239.0,334.0,265.0
Handgun\Handgun_USRT_CCTV\PCH5_C1_P2_V1_HB_1_f0186.jpg,640,480,1,354.0,230.0,369.0,255.0
Handgun\Handgun_USRT_CCTV\PCH5_C1_P4_V1_HB_2_f0031.jpg,640,480,1,8.0,139.0,49.0,210.0
Handgun\Handgun_USRT_CCTV\PCH5_C1_P4_V1_HB_2_f0039.jpg,640,480,1,124.0,144.3,162.7,204.7
Handgun\Handgun_USRT_CCTV\PCH5_C1_P4_V1_HB_2_f0047.jpg,640,480,1,249.0,140.5,289.5,196.0
Handgun\Handgun_USRT_CCTV\PCH5_C1_P4_V1_HB_2_f0055.jpg,640,480,1,328.5,140.0,372.0,194.5
Handgun\Handgun_USRT_CCTV\PCH5_C1_P4_V1_HB_2_f0063.jpg,640,480,1,416.0,140.5,457.0,192.5
Handgun\Handgun_USRT_CCTV\PCH5_C1_P4_V1_HB_2_f0071.jpg,640,480,1,494.5,144.5,538.0,196.5
Handgun\Handgun_USRT_CCTV\PCH5_C1_P4_V1_HB_2_f0079.jpg,640,480,1,564.0,148.5,597.0,194.0
Handgun\Handgun_USRT_CCTV\PCH5_C1_P4_V1_HB_2_f0088.jpg,640,480,1,621.5,158.0,638.5,199.0
Handgun\Handgun_USRT_CCTV\PCH5_C2_P3_V1_HB_1_f0050.jpg,1920,1080,1,1881.5,530.0,1918.5,620.0
Handgun\Handgun_USRT_CCTV\PCH5_C2_P3_V1_HB_1_f0076.jpg,1920,1080,1,1473.4,458.8,1540.8,533.6
Handgun\Handgun_USRT_CCTV\PCH5_C2_P3_V1_HB_1_f0103.jpg,1920,1080,1,1170.0,394.0,1224.0,467.0
Handgun\Handgun_USRT_CCTV\PCH5_C2_P3_V1_HB_1_f0129.jpg,1920,1080,1,933.3,362.3,987.3,440.1
Handgun\Handgun_USRT_CCTV\PCH5_C2_P3_V1_HB_1_f0156.jpg,1920,1080,1,720.2,334.4,767.7,406.1
Handgun\Handgun_USRT_CCTV\PCH5_C2_P3_V1_HB_1_f0182.jpg,1920,1080,1,505.0,315.0,544.0,366.0
Handgun\Handgun_USRT_CCTV\PCH5_C2_P3_V1_HB_1_f0209.jpg,1920,1080,1,256.0,297.0,296.0,367.0
Handgun\Handgun_USRT_CCTV\PCH5_C2_P3_V1_HB_1_f0236.jpg,1920,1080,1,0.0,272.0,30.0,331.0
Handgun\Handgun_USRT_CCTV\PCH5_C2_P3_V2_HB_1_f0063.jpg,1920,1080,1,1865.0,527.0,1909.0,590.0
Handgun\Handgun_USRT_CCTV\PCH5_C2_P5_V1_HB_2_f0056.jpg,1920,1080,1,0.0,721.0,110.0,880.0
Handgun\Handgun_USRT_CCTV\PCH5_C2_P5_V1_HB_2_f0086.jpg,1920,1080,1,495.5,539.8,592.5,685.3
Handgun\Handgun_USRT_CCTV\PCH5_C2_P5_V1_HB_2_f0116.jpg,1920,1080,1,826.3,432.0,921.3,545.7
Handgun\Handgun_USRT_CCTV\PCH5_C2_P5_V1_HB_2_f0147.jpg,1920,1080,1,1103.7,340.0,1181.0,456.0
Handgun\Handgun_USRT_CCTV\PCH5_C2_P5_V1_HB_2_f0177.jpg,1920,1080,1,1300.0,296.0,1369.0,390.0
Handgun\Handgun_USRT_CCTV\PCH5_C2_P5_V1_HB_2_f0208.jpg,1920,1080,1,1450.0,223.6,1521.2,314.0
Handgun\Handgun_USRT_CCTV\PCH5_C2_P5_V1_HB_2_f0238.jpg,1920,1080,1,1631.4,194.6,1698.4,279.2
Handgun\Handgun_USRT_CCTV\PCH5_C2_P5_V1_HB_2_f0269.jpg,1920,1080,1,1879.5,187.0,1918.5,272.0
Handgun\Handgun_USRT_CCTV\PCH5_C2_P5_V2_HB_2_f0056.jpg,1920,1080,1,0.0,776.0,127.0,915.0
Handgun\Handgun_USRT_CCTV\PCH5_C2_P5_V2_HB_2_f0086.jpg,1920,1080,1,532.3,590.3,632.3,711.0
Handgun\Handgun_USRT_CCTV\PCH5_C2_P5_V2_HB_2_f0116.jpg,1920,1080,1,886.0,471.0,980.0,587.0
Handgun\Handgun_USRT_CCTV\PCH5_C2_P5_V2_HB_2_f0147.jpg,1920,1080,1,1130.7,358.4,1200.1,466.1
Handgun\Handgun_USRT_CCTV\PCH5_C2_P5_V2_HB_2_f0177.jpg,1920,1080,1,1320.4,293.1,1387.3,383.9
Handgun\Handgun_USRT_CCTV\PCH5_C2_P5_V2_HB_2_f0208.jpg,1920,1080,1,1507.7,244.6,1562.1,328.7
Handgun\Handgun_USRT_CCTV\PCH5_C2_P5_V2_HB_2_f0238.jpg,1920,1080,1,1650.6,205.0,1715.0,288.8
Handgun\Handgun_USRT_CCTV\PCH5_C2_P5_V2_HB_2_f0269.jpg,1920,1080,1,1880.5,206.0,1918.5,286.0
Handgun\Handgun_USRT_CCTV\PCH6_C1_P1_V1_HB_1_f0040.jpg,640,480,1,125.0,206.0,143.0,230.0
Handgun\Handgun_USRT_CCTV\PCH6_C1_P1_V1_HB_1_f0060.jpg,640,480,1,167.0,214.0,186.0,242.0
Handgun\Handgun_USRT_CCTV\PCH6_C1_P1_V1_HB_1_f0081.jpg,640,480,1,223.8,232.8,243.0,267.5
Handgun\Handgun_USRT_CCTV\PCH6_C1_P1_V1_HB_1_f0102.jpg,640,480,1,290.0,247.0,302.0,282.0
Handgun\Handgun_USRT_CCTV\PCH6_C1_P1_V1_HB_1_f0122.jpg,640,480,1,357.4,281.8,373.2,318.4
Handgun\Handgun_USRT_CCTV\PCH6_C1_P1_V1_HB_1_f0143.jpg,640,480,1,434.7,318.3,453.3,356.7
Handgun\Handgun_USRT_CCTV\PCH6_C1_P1_V1_HB_1_f0164.jpg,640,480,1,528.7,345.7,553.0,391.3
Handgun\Handgun_USRT_CCTV\PCH6_C1_P1_V1_HB_1_f0185.jpg,640,480,1,620.5,408.0,638.5,453.0
Handgun\Handgun_USRT_CCTV\PCH6_C1_P2_V1_HB_2_f0032.jpg,640,480,1,380.0,296.0,397.0,319.0
Handgun\Handgun_USRT_CCTV\PCH6_C1_P2_V1_HB_2_f0049.jpg,640,480,1,336.0,304.4,354.8,329.0
Handgun\Handgun_USRT_CCTV\PCH6_C1_P2_V1_HB_2_f0067.jpg,640,480,1,300.0,313.0,319.0,339.0
Handgun\Handgun_USRT_CCTV\PCH6_C1_P2_V1_HB_2_f0085.jpg,640,480,1,267.2,325.3,288.8,350.8
Handgun\Handgun_USRT_CCTV\PCH6_C1_P2_V1_HB_2_f0102.jpg,640,480,1,245.4,340.9,273.0,371.1
Handgun\Handgun_USRT_CCTV\PCH6_C1_P2_V1_HB_2_f0120.jpg,640,480,1,218.2,365.0,248.4,400.2
Handgun\Handgun_USRT_CCTV\PCH6_C1_P2_V1_HB_2_f0138.jpg,640,480,1,184.0,399.0,221.0,436.0
Handgun\Handgun_USRT_CCTV\PCH6_C1_P2_V1_HB_2_f0156.jpg,640,480,1,142.0,445.5,177.0,478.5
Handgun\Handgun_USRT_CCTV\PCH6_C1_P4_V1_HB_2_f0046.jpg,640,480,1,0.0,341.0,43.0,388.0
Handgun\Handgun_USRT_CCTV\PCH6_C1_P4_V1_HB_2_f0056.jpg,640,480,1,114.7,338.7,155.0,385.0
Handgun\Handgun_USRT_CCTV\PCH6_C1_P4_V1_HB_2_f0066.jpg,640,480,1,226.0,326.0,264.0,371.0
Handgun\Handgun_USRT_CCTV\PCH6_C1_P4_V1_HB_2_f0076.jpg,640,480,1,325.0,322.0,361.0,369.0
Handgun\Handgun_USRT_CCTV\PCH6_C1_P4_V1_HB_2_f0087.jpg,640,480,1,416.7,313.7,449.0,358.3
Handgun\Handgun_USRT_CCTV\PCH6_C1_P4_V1_HB_2_f0097.jpg,640,480,1,501.0,309.3,535.0,349.0
Handgun\Handgun_USRT_CCTV\PCH6_C1_P4_V1_HB_2_f0107.jpg,640,480,1,566.0,304.0,600.0,338.0
Handgun\Handgun_USRT_CCTV\PCH6_C1_P4_V1_HB_2_f0118.jpg,640,480,1,612.5,288.0,638.5,327.0
Handgun\Handgun_USRT_CCTV\PCH6_C2_P3_V1_HB_2_f0066.jpg,1920,1080,1,0.0,461.0,47.0,528.0
Handgun\Handgun_USRT_CCTV\PCH6_C2_P3_V1_HB_2_f0091.jpg,1920,1080,1,229.8,503.0,292.0,576.0
Handgun\Handgun_USRT_CCTV\PCH6_C2_P3_V1_HB_2_f0117.jpg,1920,1080,1,428.0,556.0,486.0,628.0
Handgun\Handgun_USRT_CCTV\PCH6_C2_P3_V1_HB_2_f0143.jpg,1920,1080,1,662.3,564.7,716.3,649.0
Handgun\Handgun_USRT_CCTV\PCH6_C2_P3_V1_HB_2_f0168.jpg,1920,1080,1,895.6,593.9,946.3,670.7
Handgun\Handgun_USRT_CCTV\PCH6_C2_P3_V1_HB_2_f0194.jpg,1920,1080,1,1152.8,642.7,1204.7,724.5
Handgun\Handgun_USRT_CCTV\PCH6_C2_P3_V1_HB_2_f0220.jpg,1920,1080,1,1417.3,694.3,1474.3,777.7
Handgun\Handgun_USRT_CCTV\PCH6_C2_P3_V1_HB_2_f0246.jpg,1920,1080,1,1716.0,791.0,1770.0,862.0
Handgun\Handgun_USRT_CCTV\PCH6_C2_P3_V2_HB_2_f0048.jpg,1920,1080,1,0.0,426.0,54.0,492.0
Handgun\Handgun_USRT_CCTV\PCH6_C2_P3_V2_HB_2_f0072.jpg,1920,1080,1,202.8,494.0,251.2,570.8
Handgun\Handgun_USRT_CCTV\PCH6_C2_P3_V2_HB_2_f0097.jpg,1920,1080,1,392.0,529.3,444.5,604.5
Handgun\Handgun_USRT_CCTV\PCH6_C2_P3_V2_HB_2_f0122.jpg,1920,1080,1,614.5,551.0,672.0,638.5
Handgun\Handgun_USRT_CCTV\PCH6_C2_P3_V2_HB_2_f0147.jpg,1920,1080,1,879.0,596.5,937.8,691.0
Handgun\Handgun_USRT_CCTV\PCH6_C2_P3_V2_HB_2_f0172.jpg,1920,1080,1,1145.8,667.8,1198.6,760.0
Handgun\Handgun_USRT_CCTV\PCH6_C2_P3_V2_HB_2_f0197.jpg,1920,1080,1,1397.8,770.4,1456.6,874.8
Handgun\Handgun_USRT_CCTV\PCH6_C2_P3_V2_HB_2_f0222.jpg,1920,1080,1,1856.5,953.5,1918.5,1078.5
Handgun\Handgun_USRT_CCTV\PCH6_C2_P5_V1_HB_1_f0059.jpg,1920,1080,1,1864.5,397.0,1918.5,460.0
Handgun\Handgun_USRT_CCTV\PCH6_C2_P5_V1_HB_1_f0083.jpg,1920,1080,1,1649.0,434.8,1719.6,506.0
Handgun\Handgun_USRT_CCTV\PCH6_C2_P5_V1_HB_1_f0108.jpg,1920,1080,1,1492.7,480.7,1563.0,564.4
Handgun\Handgun_USRT_CCTV\PCH6_C2_P5_V1_HB_1_f0133.jpg,1920,1080,1,1340.2,534.3,1413.7,623.0
Handgun\Handgun_USRT_CCTV\PCH6_C2_P5_V1_HB_1_f0158.jpg,1920,1080,1,1190.9,617.3,1264.1,702.7
Handgun\Handgun_USRT_CCTV\PCH6_C2_P5_V1_HB_1_f0183.jpg,1920,1080,1,984.5,719.0,1059.0,821.5
Handgun\Handgun_USRT_CCTV\PCH6_C2_P5_V1_HB_1_f0208.jpg,1920,1080,1,682.0,839.0,765.0,944.0
Handgun\Handgun_USRT_CCTV\PCH6_C2_P5_V1_HB_1_f0233.jpg,1920,1080,1,337.0,1004.5,414.0,1078.5
Handgun\Handgun_USRT_CCTV\PCH6_C2_P5_V2_HB_1_f0061.jpg,1920,1080,1,1878.5,398.0,1918.5,457.0
Handgun\Handgun_USRT_CCTV\PCH6_C2_P5_V2_HB_1_f0088.jpg,1920,1080,1,1642.0,418.0,1723.0,488.7
Handgun\Handgun_USRT_CCTV\PCH6_C2_P5_V2_HB_1_f0116.jpg,1920,1080,1,1429.8,454.8,1515.8,525.0
Handgun\Handgun_USRT_CCTV\PCH6_C2_P5_V2_HB_1_f0143.jpg,1920,1080,1,1267.0,520.2,1355.7,600.3
Handgun\Handgun_USRT_CCTV\PCH6_C2_P5_V2_HB_1_f0171.jpg,1920,1080,1,1020.9,621.0,1116.1,703.9
Handgun\Handgun_USRT_CCTV\PCH6_C2_P5_V2_HB_1_f0198.jpg,1920,1080,1,790.9,705.3,889.4,793.7
Handgun\Handgun_USRT_CCTV\PCH6_C2_P5_V2_HB_1_f0226.jpg,1920,1080,1,452.4,820.7,558.1,913.3
Handgun\Handgun_USRT_CCTV\PCH6_C2_P5_V2_HB_1_f0254.jpg,1920,1080,1,51.0,998.5,186.0,1078.5
Handgun\Handgun_USRT_CCTV\PCH7_C1_P1_V1_HB_2_f0024.jpg,640,480,1,624.5,265.0,638.5,308.0
Handgun\Handgun_USRT_CCTV\PCH7_C1_P1_V1_HB_2_f0039.jpg,640,480,1,523.3,233.7,544.7,272.7
Handgun\Handgun_USRT_CCTV\PCH7_C1_P1_V1_HB_2_f0055.jpg,640,480,1,429.0,215.0,448.0,246.0
Handgun\Handgun_USRT_CCTV\PCH7_C1_P1_V1_HB_2_f0071.jpg,640,480,1,360.0,191.0,376.0,225.0
Handgun\Handgun_USRT_CCTV\PCH7_C1_P1_V1_HB_2_f0104.jpg,640,480,1,250.7,170.4,269.5,198.4
Handgun\Handgun_USRT_CCTV\PCH7_C1_P1_V1_HB_2_f0120.jpg,640,480,1,204.0,165.0,224.0,193.0
Handgun\Handgun_USRT_CCTV\PCH7_C1_P1_V1_HB_2_f0136.jpg,640,480,1,160.5,155.2,179.0,183.5
Handgun\Handgun_USRT_CCTV\PCH7_C1_P1_V1_HB_2_f0152.jpg,640,480,1,118.0,145.0,130.0,169.0
Handgun\Handgun_USRT_CCTV\PCH7_C1_P2_V1_HB_1_f0054.jpg,640,480,1,128.0,424.0,165.0,477.0
Handgun\Handgun_USRT_CCTV\PCH7_C1_P2_V1_HB_1_f0075.jpg,640,480,1,187.3,356.0,221.8,399.8
Handgun\Handgun_USRT_CCTV\PCH7_C1_P2_V1_HB_1_f0096.jpg,640,480,1,237.0,325.0,266.0,364.0
Handgun\Handgun_USRT_CCTV\PCH7_C1_P2_V1_HB_1_f0118.jpg,640,480,1,255.0,300.4,283.0,331.4
Handgun\Handgun_USRT_CCTV\PCH7_C1_P2_V1_HB_1_f0139.jpg,640,480,1,279.4,281.2,301.8,312.6
Handgun\Handgun_USRT_CCTV\PCH7_C1_P2_V1_HB_1_f0161.jpg,640,480,1,304.4,266.8,326.0,295.2
Handgun\Handgun_USRT_CCTV\PCH7_C1_P2_V1_HB_1_f0182.jpg,640,480,1,328.8,255.2,349.2,280.0
Handgun\Handgun_USRT_CCTV\PCH7_C1_P2_V1_HB_1_f0210.jpg,640,480,1,373.0,249.0,391.0,273.0
Handgun\Handgun_USRT_CCTV\PCH7_C1_P4_V1_HB_2_f0052.jpg,640,480,1,0.0,180.0,36.0,248.0
Handgun\Handgun_USRT_CCTV\PCH7_C1_P4_V1_HB_2_f0061.jpg,640,480,1,104.7,181.7,156.7,243.0
Handgun\Handgun_USRT_CCTV\PCH7_C1_P4_V1_HB_2_f0070.jpg,640,480,1,221.3,175.0,268.7,241.3
Handgun\Handgun_USRT_CCTV\PCH7_C1_P4_V1_HB_2_f0079.jpg,640,480,1,323.0,169.0,361.0,224.0
Handgun\Handgun_USRT_CCTV\PCH7_C1_P4_V1_HB_2_f0089.jpg,640,480,1,434.0,190.0,477.0,245.0
Handgun\Handgun_USRT_CCTV\PCH7_C1_P4_V1_HB_2_f0098.jpg,640,480,1,491.7,184.7,531.7,238.7
Handgun\Handgun_USRT_CCTV\PCH7_C1_P4_V1_HB_2_f0107.jpg,640,480,1,558.8,182.4,592.6,229.0
Handgun\Handgun_USRT_CCTV\PCH7_C1_P4_V1_HB_2_f0117.jpg,640,480,1,618.5,196.0,638.5,240.0
Handgun\Handgun_USRT_CCTV\PCH7_C2_P3_V1_HB_2_f0083.jpg,1920,1080,1,0.0,296.0,48.0,371.0
Handgun\Handgun_USRT_CCTV\PCH7_C2_P3_V1_HB_2_f0108.jpg,1920,1080,1,250.0,360.0,314.0,438.0
Handgun\Handgun_USRT_CCTV\PCH7_C2_P3_V1_HB_2_f0134.jpg,1920,1080,1,447.0,393.0,510.0,476.0
Handgun\Handgun_USRT_CCTV\PCH7_C2_P3_V1_HB_2_f0159.jpg,1920,1080,1,694.5,414.5,755.5,487.0
Handgun\Handgun_USRT_CCTV\PCH7_C2_P3_V1_HB_2_f0185.jpg,1920,1080,1,954.0,427.0,1015.0,506.0
Handgun\Handgun_USRT_CCTV\PCH7_C2_P3_V1_HB_2_f0210.jpg,1920,1080,1,1170.0,469.0,1233.7,552.3
Handgun\Handgun_USRT_CCTV\PCH7_C2_P3_V1_HB_2_f0236.jpg,1920,1080,1,1459.0,527.0,1540.0,614.0
Handgun\Handgun_USRT_CCTV\PCH7_C2_P3_V1_HB_2_f0262.jpg,1920,1080,1,1862.5,592.0,1918.5,690.0
Handgun\Handgun_USRT_CCTV\PCH7_C2_P3_V2_HB_2_f0049.jpg,1920,1080,1,0.0,317.0,46.0,406.0
Handgun\Handgun_USRT_CCTV\PCH7_C2_P3_V2_HB_2_f0072.jpg,1920,1080,1,226.0,409.8,271.0,500.6
Handgun\Handgun_USRT_CCTV\PCH7_C2_P3_V2_HB_2_f0095.jpg,1920,1080,1,403.0,449.3,448.7,546.3
Handgun\Handgun_USRT_CCTV\PCH7_C2_P3_V2_HB_2_f0118.jpg,1920,1080,1,614.5,464.5,660.5,560.0
Handgun\Handgun_USRT_CCTV\PCH7_C2_P3_V2_HB_2_f0142.jpg,1920,1080,1,828.0,513.0,868.1,621.3
Handgun\Handgun_USRT_CCTV\PCH7_C2_P3_V2_HB_2_f0165.jpg,1920,1080,1,1074.2,552.8,1133.6,665.8
Handgun\Handgun_USRT_CCTV\PCH7_C2_P3_V2_HB_2_f0188.jpg,1920,1080,1,1411.0,666.0,1478.0,788.0
Handgun\Handgun_USRT_CCTV\PCH7_C2_P3_V2_HB_2_f0212.jpg,1920,1080,1,1814.5,808.0,1918.5,944.0
Handgun\Handgun_USRT_CCTV\PCH7_C2_P5_V1_HB_2_f0049.jpg,1920,1080,1,0.0,924.5,110.0,1078.5
Handgun\Handgun_USRT_CCTV\PCH7_C2_P5_V1_HB_2_f0078.jpg,1920,1080,1,582.5,688.2,696.8,827.0
Handgun\Handgun_USRT_CCTV\PCH7_C2_P5_V1_HB_2_f0107.jpg,1920,1080,1,929.3,547.3,1019.0,663.0
Handgun\Handgun_USRT_CCTV\PCH7_C2_P5_V1_HB_2_f0136.jpg,1920,1080,1,1165.5,422.7,1237.7,527.2
Handgun\Handgun_USRT_CCTV\PCH7_C2_P5_V1_HB_2_f0165.jpg,1920,1080,1,1398.0,365.0,1463.5,474.0
Handgun\Handgun_USRT_CCTV\PCH7_C2_P5_V1_HB_2_f0194.jpg,1920,1080,1,1553.0,308.0,1625.0,398.0
Handgun\Handgun_USRT_CCTV\PCH7_C2_P5_V1_HB_2_f0223.jpg,1920,1080,1,1690.0,259.3,1750.9,341.9
Handgun\Handgun_USRT_CCTV\PCH7_C2_P5_V1_HB_2_f0252.jpg,1920,1080,1,1874.5,223.0,1918.5,314.0
Handgun\Handgun_USRT_CCTV\PCH7_C2_P5_V2_HB_2_f0049.jpg,1920,1080,1,105.0,953.5,197.0,1078.5
Handgun\Handgun_USRT_CCTV\PCH7_C2_P5_V2_HB_2_f0080.jpg,1920,1080,1,605.3,676.8,684.8,800.7
Handgun\Handgun_USRT_CCTV\PCH7_C2_P5_V2_HB_2_f0112.jpg,1920,1080,1,967.7,552.6,1038.3,663.3
Handgun\Handgun_USRT_CCTV\PCH7_C2_P5_V2_HB_2_f0144.jpg,1920,1080,1,1221.9,459.0,1289.9,551.3
Handgun\Handgun_USRT_CCTV\PCH7_C2_P5_V2_HB_2_f0176.jpg,1920,1080,1,1397.9,358.9,1465.6,453.7
Handgun\Handgun_USRT_CCTV\PCH7_C2_P5_V2_HB_2_f0208.jpg,1920,1080,1,1576.0,315.0,1647.0,401.0
Handgun\Handgun_USRT_CCTV\PCH7_C2_P5_V2_HB_2_f0240.jpg,1920,1080,1,1706.2,286.8,1781.4,361.0
Handgun\Handgun_USRT_CCTV\PCH7_C2_P5_V2_HB_2_f0272.jpg,1920,1080,1,1883.5,234.0,1918.5,302.0
Knife\Knife_First_Clean_Howard\DSC_0001.JPG,1920,1280,2,873.0,651.0,1079.0,758.0
Knife\Knife_First_Clean_Howard\DSC_0002.JPG,1920,1280,2,834.0,665.0,1049.0,811.0
Knife\Knife_First_Clean_Howard\DSC_0003.JPG,1920,1280,2,765.0,747.0,890.0,948.0
Knife\Knife_First_Clean_Howard\DSC_0004.JPG,1920,1280,2,635.0,433.0,751.0,616.0
Knife\Knife_First_Clean_Howard\DSC_0005.JPG,1920,1280,2,885.0,602.0,1116.0,735.0
Knife\Knife_First_Clean_Howard\DSC_0006.JPG,1920,1280,2,905.0,286.0,1008.0,548.0
Knife\Knife_First_Clean_Howard\DSC_0007.JPG,1920,1280,2,1041.0,658.0,1212.0,840.0
Knife\Knife_First_Clean_Howard\DSC_0008.JPG,1920,1280,2,922.0,467.0,977.0,729.0
Knife\Knife_First_Clean_Howard\DSC_0009.JPG,1920,1280,2,982.0,503.0,1148.0,616.0
Knife\Knife_First_Clean_Howard\DSC_0010.JPG,1920,1280,2,1434.0,563.0,1632.0,791.0
Knife\Knife_First_Clean_Howard\DSC_00011.JPG,1920,1281,2,1022.0,672.0,1181.0,748.0
Knife\Knife_First_Clean_Howard\DSC_0011.JPG,1920,1280,2,1066.0,633.0,1322.0,774.0
Knife\Knife_First_Clean_Howard\DSC_0012.JPG,1920,1280,2,866.0,513.0,1174.0,588.0
Knife\Knife_First_Clean_Howard\DSC_0013.JPG,1920,1280,2,803.0,375.0,897.0,621.0
Knife\Knife_First_Clean_Howard\DSC_0014.JPG,1920,1280,2,772.0,822.0,1055.0,951.0
Knife\Knife_First_Clean_Howard\DSC_0015.JPG,1920,1280,2,775.0,637.0,1228.0,793.0
Knife\Knife_First_Clean_Howard\DSC_0016.JPG,1920,1280,2,833.0,642.0,1059.0,741.0
Knife\Knife_First_Clean_Howard\DSC_0017.JPG,1920,1280,2,571.0,720.0,827.0,927.0
Knife\Knife_First_Clean_Howard\DSC_0018.JPG,1920,1280,2,620.0,714.0,811.0,863.0
Knife\Knife_First_Clean_Howard\DSC_0019.JPG,1920,1280,2,1101.0,718.0,1289.0,773.0
Knife\Knife_First_Clean_Howard\DSC_0020.JPG,1920,1280,2,1115.0,769.0,1253.0,838.0
Knife\Knife_First_Clean_Howard\DSC_00021.JPG,1920,1281,2,865.0,722.0,1039.0,826.0
Knife\Knife_First_Clean_Howard\DSC_0021.JPG,1920,1280,2,1102.0,883.0,1270.0,949.0
Knife\Knife_First_Clean_Howard\DSC_0022.JPG,1920,1280,2,951.0,963.0,1116.0,1077.0
Knife\Knife_First_Clean_Howard\DSC_0023.JPG,1920,1280,2,862.0,641.0,1115.0,698.0
Knife\Knife_First_Clean_Howard\DSC_0024.JPG,1920,1280,2,969.0,580.0,1073.0,696.0
Knife\Knife_First_Clean_Howard\DSC_0025.JPG,1920,1280,2,1026.0,448.0,1134.0,563.0
Knife\Knife_First_Clean_Howard\DSC_0026.JPG,1920,1280,2,1034.0,454.0,1181.0,530.0
Knife\Knife_First_Clean_Howard\DSC_0027.JPG,1920,1280,2,993.0,523.0,1177.0,654.0
Knife\Knife_First_Clean_Howard\DSC_0028.JPG,1920,1280,2,1029.0,550.0,1178.0,611.0
Knife\Knife_First_Clean_Howard\DSC_0029.JPG,1920,1280,2,1063.0,608.0,1121.0,803.0
Knife\Knife_First_Clean_Howard\DSC_0030.JPG,1920,1280,2,811.0,726.0,948.0,789.0
Knife\Knife_First_Clean_Howard\DSC_00031.JPG,1920,1281,2,867.0,913.0,937.0,1070.0
Knife\Knife_First_Clean_Howard\DSC_0031.JPG,1920,1280,2,557.0,670.0,719.0,751.0
Knife\Knife_First_Clean_Howard\DSC_0032.JPG,1920,1280,2,529.0,729.0,732.0,813.0
Knife\Knife_First_Clean_Howard\DSC_0033.JPG,1920,1280,2,514.0,732.0,730.0,826.0
Knife\Knife_First_Clean_Howard\DSC_0034.JPG,1920,1280,2,545.0,895.0,757.0,952.0
Knife\Knife_First_Clean_Howard\DSC_0035.JPG,1920,1280,2,673.0,615.0,726.0,834.0
Knife\Knife_First_Clean_Howard\DSC_0036.JPG,1920,1280,2,575.0,828.0,756.0,971.0
Knife\Knife_First_Clean_Howard\DSC_0037.JPG,1920,1280,2,930.0,642.0,1010.0,942.0
Knife\Knife_First_Clean_Howard\DSC_0038.JPG,1920,1280,2,828.0,778.0,890.0,986.0
Knife\Knife_First_Clean_Howard\DSC_0038.JPG,1920,1280,2,1111.0,689.0,1214.0,949.0
Knife\Knife_First_Clean_Howard\DSC_0039.JPG,1920,1280,2,729.0,498.0,1041.0,566.0
Knife\Knife_First_Clean_Howard\DSC_0039.JPG,1920,1280,2,769.0,824.0,841.0,1028.0
Knife\Knife_First_Clean_Howard\DSC_0040.JPG,1920,1280,2,767.0,639.0,1026.0,726.0
Knife\Knife_First_Clean_Howard\DSC_00041.JPG,1920,1281,2,850.0,927.0,985.0,1039.0
Knife\Knife_First_Clean_Howard\DSC_0041.JPG,1920,1280,2,989.0,517.0,1080.0,756.0
Knife\Knife_First_Clean_Howard\DSC_0042.JPG,1920,1280,2,1012.0,758.0,1058.0,967.0
Knife\Knife_First_Clean_Howard\DSC_0043.JPG,1920,1280,2,112.0,870.0,375.0,940.0
Knife\Knife_First_Clean_Howard\DSC_0043.JPG,1920,1280,2,1103.0,869.0,1257.0,976.0
Knife\Knife_First_Clean_Howard\DSC_0044.JPG,1920,1280,2,974.0,567.0,1032.0,862.0
Knife\Knife_First_Clean_Howard\DSC_0044.JPG,1920,1280,2,1100.0,577.0,1150.0,836.0
Knife\Knife_First_Clean_Howard\DSC_0045.JPG,1920,1280,2,960.0,708.0,1040.0,935.0
Knife\Knife_First_Clean_Howard\DSC_0046.JPG,1920,1280,2,943.0,681.0,1061.0,952.0
Knife\Knife_First_Clean_Howard\DSC_0047.JPG,1920,1280,2,949.0,755.0,1019.0,1050.0
Knife\Knife_First_Clean_Howard\DSC_0048.JPG,1920,1280,2,882.0,788.0,959.0,1008.0
Knife\Knife_First_Clean_Howard\DSC_0049.JPG,1920,1280,2,895.0,882.0,959.0,1126.0
Knife\Knife_First_Clean_Howard\DSC_0050.JPG,1920,1280,2,867.0,614.0,1033.0,888.0
Knife\Knife_First_Clean_Howard\DSC_00051.JPG,1920,1281,2,878.0,510.0,934.0,720.0
Knife\Knife_First_Clean_Howard\DSC_0051.JPG,1920,1280,2,807.0,885.0,1004.0,1027.0
Knife\Knife_First_Clean_Howard\DSC_0052.JPG,1920,1280,2,859.0,431.0,1108.0,836.0
Knife\Knife_First_Clean_Howard\DSC_0053.JPG,1920,1280,2,848.0,738.0,1082.0,800.0
Knife\Knife_First_Clean_Howard\DSC_0054.JPG,1920,1280,2,891.0,589.0,1074.0,806.0
Knife\Knife_First_Clean_Howard\DSC_0055.JPG,1920,1280,2,822.0,631.0,1090.0,789.0
Knife\Knife_First_Clean_Howard\DSC_0056.JPG,1920,1280,2,929.0,776.0,1100.0,836.0
Knife\Knife_First_Clean_Howard\DSC_0057.JPG,1920,1280,2,700.0,765.0,953.0,1024.0
Knife\Knife_First_Clean_Howard\DSC_0057.JPG,1920,1280,2,841.0,656.0,1223.0,897.0
Knife\Knife_First_Clean_Howard\DSC_0058.JPG,1920,1280,2,812.0,503.0,1132.0,1025.0
Knife\Knife_First_Clean_Howard\DSC_0059.JPG,1920,1280,2,883.0,731.0,1019.0,872.0
Knife\Knife_First_Clean_Howard\DSC_0060.JPG,1920,1280,2,843.0,819.0,1031.0,896.0
Knife\Knife_First_Clean_Howard\DSC_00061.JPG,1920,1281,2,999.0,587.0,1144.0,647.0
Knife\Knife_First_Clean_Howard\DSC_0061.JPG,1920,1281,2,824.0,578.0,976.0,995.0
Knife\Knife_First_Clean_Howard\DSC_0062.JPG,1920,1280,2,1049.0,667.0,1344.0,764.0
Knife\Knife_First_Clean_Howard\DSC_0063.JPG,1920,1280,2,683.0,968.0,840.0,1188.0
Knife\Knife_First_Clean_Howard\DSC_0064.JPG,1920,1280,2,578.0,1052.0,991.0,1213.0
Knife\Knife_First_Clean_Howard\DSC_0065.JPG,1920,1280,2,690.0,925.0,1028.0,1171.0
Knife\Knife_First_Clean_Howard\DSC_0066.JPG,1920,1280,2,648.0,959.0,868.0,1098.0
Knife\Knife_First_Clean_Howard\DSC_0067.JPG,1920,1280,2,770.0,850.0,830.0,1041.0
Knife\Knife_First_Clean_Howard\DSC_0069.JPG,1920,1281,2,623.0,768.0,710.0,865.0
Knife\Knife_First_Clean_Howard\DSC_0070.JPG,1920,1281,2,885.0,676.0,998.0,961.0
Knife\Knife_First_Clean_Howard\DSC_00071.JPG,1920,1281,2,987.0,663.0,1136.0,759.0
Knife\Knife_First_Clean_Howard\DSC_00081.JPG,1920,1281,2,1008.0,664.0,1168.0,754.0
Knife\Knife_First_Clean_Howard\DSC_00091.JPG,1920,1281,2,964.0,899.0,1118.0,996.0
Knife\Knife_First_Clean_Howard\DSC_00101.JPG,1920,1281,2,1007.0,704.0,1074.0,879.0
Knife\Knife_First_Clean_Howard\DSC_00111.JPG,1920,1281,2,1040.0,672.0,1114.0,880.0
Knife\Knife_First_Clean_Howard\DSC_00121.JPG,1920,1281,2,1005.0,517.0,1081.0,656.0
Knife\Knife_First_Clean_Howard\DSC_00131.JPG,1920,1281,2,895.0,983.0,1035.0,1036.0
Knife\Knife_First_Clean_Howard\DSC_00141.JPG,1920,1281,2,961.0,545.0,1087.0,591.0
Knife\Knife_First_Clean_Howard\DSC_00151.JPG,1920,1281,2,823.0,515.0,933.0,637.0
Knife\Knife_First_Clean_Howard\DSC_00161.JPG,1920,1281,2,874.0,487.0,954.0,696.0
Knife\Knife_First_Clean_Howard\DSC_00171.JPG,1920,1281,2,873.0,516.0,929.0,713.0
Knife\Knife_First_Clean_Howard\DSC_00181.JPG,1920,1281,2,893.0,508.0,975.0,747.0
Knife\Knife_First_Clean_Howard\DSC_00191.JPG,1920,1281,2,915.0,505.0,974.0,697.0
Knife\Knife_First_Clean_Howard\DSC_00201.JPG,1920,1281,2,896.0,511.0,965.0,752.0
Knife\Knife_First_Clean_Howard\DSC_00211.JPG,1920,1281,2,898.0,510.0,970.0,750.0
Knife\Knife_First_Clean_Howard\DSC_00221.JPG,1920,1281,2,900.0,550.0,1020.0,764.0
Knife\Knife_First_Clean_Howard\DSC_00231.JPG,1920,1281,2,897.0,551.0,1024.0,768.0
Knife\Knife_First_Clean_Howard\DSC_00241.JPG,1920,1281,2,864.0,587.0,1068.0,717.0
Knife\Knife_First_Clean_Howard\DSC_00251.JPG,1920,1281,2,863.0,603.0,1075.0,717.0
Knife\Knife_First_Clean_Howard\DSC_00261.JPG,1920,1281,2,861.0,614.0,1081.0,707.0
Knife\Knife_First_Clean_Howard\DSC_00271.JPG,1920,1281,2,867.0,604.0,1090.0,696.0
Knife\Knife_First_Clean_Howard\DSC_00281.JPG,1920,1281,2,873.0,643.0,1106.0,694.0
Knife\Knife_First_Clean_Howard\DSC_00291.JPG,1920,1281,2,867.0,596.0,1086.0,683.0
Knife\Knife_First_Clean_Howard\DSC_00301.JPG,1920,1281,2,1003.0,889.0,1175.0,1003.0
Knife\Knife_First_Clean_Howard\DSC_00311.JPG,1920,1281,2,1002.0,892.0,1173.0,1003.0
Knife\Knife_First_Clean_Howard\DSC_00321.JPG,1920,1281,2,1015.0,743.0,1062.0,955.0
Knife\Knife_First_Clean_Howard\DSC_00331.JPG,1920,1281,2,861.0,417.0,1051.0,538.0
Knife\Knife_First_Clean_Howard\DSC_00341.JPG,1920,1281,2,949.0,315.0,1036.0,466.0
Knife\Knife_First_Clean_Howard\DSC_00351.JPG,1920,1281,2,972.0,308.0,1108.0,403.0
Knife\Knife_First_Clean_Howard\DSC_00361.JPG,1920,1281,2,885.0,362.0,1039.0,390.0
Knife\Knife_First_Clean_Howard\DSC_00371.JPG,1920,1281,2,1201.0,177.0,1299.0,219.0
Knife\Knife_First_Clean_Howard\DSC_00381.JPG,1920,1281,2,1203.0,203.0,1299.0,241.0
Knife\Knife_First_Clean_Howard\DSC_00391.JPG,1920,1281,2,908.0,631.0,951.0,743.0
Knife\Knife_First_Clean_Howard\DSC_00401.JPG,1920,1281,2,862.0,431.0,1045.0,699.0
Knife\Knife_First_Clean_Howard\DSC_00411.JPG,1920,1281,2,845.0,494.0,1053.0,576.0
Knife\Knife_First_Clean_Howard\DSC_00421.JPG,1920,1281,2,913.0,505.0,1089.0,634.0
Knife\Knife_First_Clean_Howard\DSC_00431.JPG,1920,1281,2,922.0,518.0,1084.0,684.0
Knife\Knife_First_Clean_Howard\DSC_00441.JPG,1920,1281,2,862.0,521.0,1087.0,674.0
Knife\Knife_First_Clean_Howard\DSC_00451.JPG,1920,1281,2,734.0,563.0,1157.0,681.0
Knife\Knife_First_Clean_Howard\DSC_00461.JPG,1920,1281,2,919.0,341.0,1008.0,549.0
Knife\Knife_First_Clean_Howard\DSC_00471.JPG,1920,1281,2,888.0,777.0,1003.0,1010.0
Knife\Knife_First_Clean_Howard\DSC_00481.JPG,1920,1281,2,517.0,790.0,830.0,925.0
Knife\Knife_First_Clean_Howard\DSC_00491.JPG,1920,1281,2,528.0,755.0,753.0,818.0
Knife\Knife_First_Clean_Howard\DSC_00501.JPG,1920,1281,2,646.0,519.0,793.0,687.0
Knife\Knife_First_Clean_Howard\DSC_00511.JPG,1920,1281,2,590.0,496.0,662.0,730.0
Knife\Knife_First_Clean_Howard\DSC_00521.JPG,1920,1281,2,545.0,558.0,860.0,660.0
Knife\Knife_First_Clean_Howard\DSC_00531.JPG,1920,1281,2,572.0,611.0,717.0,756.0
Knife\Knife_First_Clean_Howard\DSC_00541.JPG,1920,1281,2,625.0,363.0,740.0,593.0
Knife\Knife_First_Clean_Howard\DSC_00551.JPG,1920,1281,2,641.0,364.0,783.0,628.0
Knife\Knife_First_Clean_Howard\DSC_00561.JPG,1920,1281,2,665.0,412.0,751.0,599.0
Knife\Knife_First_Clean_Howard\DSC_00571.JPG,1920,1281,2,639.0,670.0,719.0,891.0
Knife\Knife_First_Clean_Howard\DSC_00581.JPG,1920,1281,2,649.0,792.0,751.0,1030.0
Knife\Knife_First_Clean_Howard\DSC_00591.JPG,1920,1281,2,637.0,679.0,771.0,999.0
Knife\Knife_First_Clean_Howard\DSC_00601.JPG,1920,1281,2,503.0,821.0,895.0,992.0
Knife\Knife_First_Clean_Howard\DSC_00621.JPG,1920,1281,2,817.0,852.0,977.0,898.0
Knife\Knife_First_Clean_Howard\knife_1.jpg,655,438,2,51.0,108.0,587.0,379.0
Knife\Knife_First_Clean_Howard\knife_2.jpg,439,294,2,1.0,52.0,400.0,263.0
Knife\Knife_First_Clean_Howard\knife_3.jpg,416,286,2,42.0,64.0,314.0,165.0
Knife\Knife_First_Clean_Howard\knife_10.jpg,457,372,2,118.0,7.0,324.0,240.0
Knife\Knife_First_Clean_Howard\knife_12.jpg,744,558,2,78.0,21.0,718.0,547.0
Knife\Knife_First_Clean_Howard\knife_14.jpg,1046,1034,2,176.0,1.0,759.0,1013.0
Knife\Knife_First_Clean_Howard\knife_15.jpg,608,422,2,9.0,218.0,444.0,307.0
Knife\Knife_First_Clean_Howard\knife_21.jpg,163,125,2,72.0,39.0,122.0,61.0
Knife\Knife_First_Clean_Howard\knife_29.jpg,357,277,2,91.0,4.0,305.0,225.0
Knife\Knife_First_Clean_Howard\knife_30.jpg,590,420,2,385.0,175.0,589.0,416.0
Knife\Knife_First_Clean_Howard\knife_33.jpg,590,390,2,36.0,62.0,386.0,240.0
Knife\Knife_First_Clean_Howard\knife_35.jpg,1280,914,2,134.0,46.0,1279.0,830.0
Knife\Knife_First_Clean_Howard\knife_36.jpg,800,533,2,251.0,224.0,779.0,419.0
Knife\Knife_First_Clean_Howard\knife_37.jpg,644,393,2,9.0,111.0,475.0,341.0
Knife\Knife_First_Clean_Howard\knife_42.jpg,577,399,2,137.0,91.0,328.0,389.0
Knife\Knife_First_Clean_Howard\knife_49.jpg,250,196,2,75.0,13.0,114.0,167.0
Knife\Knife_First_Clean_Howard\knife_50.jpg,2000,1500,2,68.0,95.0,1311.0,1061.0
Knife\Knife_First_Clean_Howard\knife_60.jpg,219,165,2,70.0,32.0,135.0,92.0
Knife\Knife_First_Clean_Howard\knife_61.jpg,581,457,2,148.0,127.0,271.0,445.0
Knife\Knife_First_Clean_Howard\knife_62.jpg,451,341,2,90.0,94.0,391.0,244.0
Knife\Knife_First_Clean_Howard\knife_67.jpg,810,517,2,20.0,130.0,582.0,464.0
Knife\Knife_First_Clean_Howard\knife_70.jpg,310,222,2,118.0,43.0,171.0,157.0
Knife\Knife_First_Clean_Howard\knife_72.jpg,361,286,2,67.0,25.0,120.0,285.0
Knife\Knife_First_Clean_Howard\knife_74.jpg,682,422,2,123.0,37.0,491.0,338.0
Knife\Knife_First_Clean_Howard\knife_75.jpg,376,266,2,123.0,91.0,191.0,239.0
Knife\Knife_First_Clean_Howard\knife_76.jpg,492,359,2,8.0,13.0,303.0,252.0
Knife\Knife_First_Clean_Howard\knife_77.jpg,206,150,2,75.0,86.0,175.0,136.0
Knife\Knife_First_Clean_Howard\knife_78.jpg,677,451,2,274.0,154.0,470.0,450.0
Knife\Knife_First_Clean_Howard\knife_79.jpg,582,419,2,193.0,203.0,461.0,313.0
Knife\Knife_First_Clean_Howard\knife_84.jpg,559,463,2,110.0,26.0,319.0,403.0
Knife\Knife_First_Clean_Howard\knife_86.jpg,480,478,2,157.0,6.0,465.0,477.0
Knife\Knife_First_Clean_Howard\knife_87.jpg,309,225,2,33.0,50.0,147.0,185.0
Knife\Knife_First_Clean_Howard\knife_88.jpg,3000,1688,2,1.0,1.0,2217.0,1322.0
Knife\Knife_First_Clean_Howard\knife_90.jpg,1082,816,2,299.0,27.0,432.0,808.0
Knife\Knife_First_Clean_Howard\knife_93.jpg,650,488,2,38.0,91.0,467.0,355.0
Knife\Knife_First_Clean_Howard\knife_96.jpg,601,286,2,1.0,47.0,460.0,236.0
Knife\Knife_First_Clean_Howard\knife_97.jpg,516,290,2,1.0,1.0,398.0,289.0
Knife\Knife_First_Clean_Howard\knife_99.jpg,168,121,2,29.0,8.0,80.0,49.0
Knife\Knife_First_Clean_Howard\knife_101.jpg,660,371,2,195.0,65.0,626.0,370.0
Knife\Knife_First_Clean_Howard\knife_102.jpg,590,400,2,21.0,19.0,579.0,382.0
Knife\Knife_First_Clean_Howard\knife_108.jpg,233,167,2,59.0,33.0,95.0,163.0
Knife\Knife_First_Clean_Howard\knife_108.jpg,233,167,2,110.0,28.0,168.0,140.0
Knife\Knife_First_Clean_Howard\knife_110.jpg,640,360,2,139.0,98.0,624.0,339.0
Knife\Knife_First_Clean_Howard\knife_113.jpg,866,634,2,261.0,216.0,809.0,464.0
Knife\Knife_First_Clean_Howard\knife_114.jpg,2832,2128,2,1.0,692.0,2744.0,1437.0
Knife\Knife_First_Clean_Howard\knife_118.jpg,565,379,2,68.0,143.0,454.0,217.0
Knife\Knife_First_Clean_Howard\knife_119.jpg,572,393,2,90.0,133.0,555.0,282.0
Knife\Knife_First_Clean_Howard\knife_120.jpg,636,481,2,136.0,31.0,321.0,458.0
Knife\Knife_First_Clean_Howard\knife_121.jpg,736,723,2,216.0,151.0,720.0,718.0
Knife\Knife_First_Clean_Howard\knife_123.jpg,584,445,2,136.0,5.0,219.0,439.0
Knife\Knife_First_Clean_Howard\knife_127.jpg,800,525,2,44.0,24.0,632.0,501.0
Knife\Knife_First_Clean_Howard\knife_129.jpg,523,339,2,128.0,99.0,442.0,277.0
Knife\Knife_First_Clean_Howard\knife_130.jpg,395,278,2,64.0,164.0,338.0,247.0
Knife\Knife_First_Clean_Howard\knife_133.jpg,2000,1333,2,768.0,89.0,1402.0,1101.0
Knife\Knife_First_Clean_Howard\knife_135.jpg,640,458,2,33.0,69.0,525.0,446.0
Knife\Knife_First_Clean_Howard\knife_138.jpg,468,323,2,55.0,50.0,414.0,170.0
Knife\Knife_First_Clean_Howard\knife_142.jpg,364,285,2,121.0,15.0,359.0,202.0
Knife\Knife_First_Clean_Howard\knife_144.jpg,617,360,2,1.0,69.0,519.0,282.0
Knife\Knife_First_Clean_Howard\knife_146.jpg,627,457,2,152.0,56.0,265.0,438.0
Knife\Knife_First_Clean_Howard\knife_147.jpg,376,258,2,27.0,42.0,224.0,244.0
Knife\Knife_First_Clean_Howard\knife_149.jpg,350,234,2,99.0,109.0,341.0,176.0
Knife\Knife_First_Clean_Howard\knife_154.jpg,170,119,2,68.0,26.0,118.0,79.0
Knife\Knife_First_Clean_Howard\knife_157.jpg,512,350,2,191.0,78.0,356.0,349.0
Knife\Knife_First_Clean_Howard\knife_162.jpg,294,208,2,7.0,79.0,221.0,124.0
Knife\Knife_First_Clean_Howard\knife_163.jpg,400,346,2,15.0,1.0,365.0,294.0
Knife\Knife_First_Clean_Howard\knife_165.jpg,640,431,2,131.0,5.0,638.0,336.0
Knife\Knife_First_Clean_Howard\knife_166.jpg,479,328,2,69.0,113.0,423.0,227.0
Knife\Knife_First_Clean_Howard\knife_169.jpg,1024,683,2,237.0,269.0,865.0,504.0
Knife\Knife_First_Clean_Howard\knife_184.jpg,482,330,2,194.0,130.0,442.0,277.0
Knife\Knife_First_Clean_Howard\knife_186.jpg,938,696,2,165.0,27.0,599.0,627.0
Knife\Knife_First_Clean_Howard\knife_187.jpg,279,180,2,12.0,7.0,236.0,159.0
Knife\Knife_First_Clean_Howard\knife_188.jpg,598,393,2,44.0,20.0,175.0,301.0
Knife\Knife_First_Clean_Howard\knife_189.jpg,400,291,2,80.0,1.0,207.0,149.0
Knife\Knife_First_Clean_Howard\knife_190.jpg,609,434,2,19.0,71.0,282.0,306.0
Knife\Knife_First_Clean_Howard\knife_191.jpg,640,555,2,37.0,4.0,599.0,554.0
Knife\Knife_First_Clean_Howard\knife_192.jpg,799,600,2,108.0,10.0,769.0,553.0
Knife\Knife_First_Clean_Howard\knife_195.jpg,565,406,2,294.0,63.0,557.0,405.0
Knife\Knife_First_Clean_Howard\knife_196.jpg,558,375,2,64.0,139.0,414.0,234.0
Knife\Knife_First_Clean_Howard\knife_199.jpg,516,290,2,82.0,65.0,515.0,289.0
Knife\Knife_First_Clean_Howard\knife_200.jpg,640,426,2,149.0,120.0,622.0,291.0
Knife\Knife_First_Clean_Howard\knife_206.jpg,428,276,2,40.0,82.0,227.0,195.0
Knife\Knife_First_Clean_Howard\knife_215.jpg,383,256,2,73.0,107.0,361.0,216.0
Knife\Knife_First_Clean_Howard\knife_216.jpg,740,542,2,148.0,170.0,474.0,319.0
Knife\Knife_First_Clean_Howard\knife_217.jpg,237,172,2,58.0,30.0,157.0,112.0
Knife\Knife_First_Clean_Howard\knife_220.jpg,170,131,2,64.0,22.0,89.0,95.0
Knife\Knife_First_Clean_Howard\knife_224.jpg,304,215,2,87.0,35.0,206.0,150.0
Knife\Knife_First_Clean_Howard\knife_225.jpg,1024,768,2,318.0,131.0,1019.0,572.0
Knife\Knife_First_Clean_Howard\knife_226.jpg,1024,719,2,229.0,6.0,747.0,597.0
Knife\Knife_First_Clean_Howard\knife_227.jpg,575,426,2,75.0,42.0,394.0,289.0
Knife\Knife_First_Clean_Howard\knife_231.jpg,375,274,2,156.0,30.0,316.0,194.0
Knife\Knife_First_Clean_Howard\knife_232.jpg,320,227,2,49.0,29.0,213.0,174.0
Knife\Knife_First_Clean_Howard\knife_243.jpg,1224,720,2,13.0,139.0,937.0,604.0
Knife\Knife_First_Clean_Howard\knife_251.jpg,625,582,2,285.0,14.0,604.0,277.0
Knife\Knife_First_Clean_Howard\knife_254.jpg,976,682,2,208.0,283.0,941.0,505.0
Knife\Knife_First_Clean_Howard\knife_275.jpg,620,413,2,236.0,50.0,507.0,187.0
Knife\Knife_First_Clean_Howard\knife_282.jpg,225,173,2,10.0,77.0,129.0,154.0
Knife\Knife_First_Clean_Howard\knife_283.jpg,512,384,2,212.0,10.0,361.0,191.0
Knife\Knife_First_Clean_Howard\knife_284.jpg,400,315,2,18.0,109.0,213.0,306.0
Knife\Knife_First_Clean_Howard\knife_290.jpg,640,480,2,7.0,2.0,400.0,299.0
Knife\Knife_First_Clean_Howard\knife_291.jpg,640,420,2,43.0,269.0,397.0,405.0
Knife\Knife_First_Clean_Howard\knife_291.jpg,640,420,2,4.0,176.0,384.0,316.0
Knife\Knife_First_Clean_Howard\knife_291.jpg,640,420,2,53.0,65.0,364.0,218.0
Knife\Knife_First_Clean_Howard\knife_292.jpg,1024,576,2,235.0,138.0,577.0,360.0
Knife\Knife_First_Clean_Howard\knife_293.jpg,625,469,2,360.0,16.0,569.0,220.0
Knife\Knife_First_Clean_Howard\knife_294.jpg,460,359,2,1.0,146.0,271.0,299.0
Knife\Knife_First_Clean_Howard\knife_295.jpg,1600,972,2,699.0,105.0,1349.0,611.0
Knife\Knife_First_Clean_Howard\knife_304.jpg,300,233,2,3.0,1.0,126.0,100.0
Knife\Knife_First_Clean_Howard\knife_307.jpg,640,480,2,11.0,246.0,291.0,326.0
Knife\Knife_First_Clean_Howard\knife_309.jpg,1920,1440,2,831.0,304.0,1889.0,1018.0
Knife\Knife_First_Clean_Howard\knife_316.jpg,989,512,2,1.0,91.0,475.0,318.0
Knife\Knife_First_Clean_Howard\knife_325.jpg,900,600,2,392.0,250.0,861.0,567.0
Knife\Knife_First_Clean_Howard\knife_327.jpg,225,182,2,30.0,84.0,141.0,147.0
Knife\Knife_First_Clean_Howard\knife_330.jpg,1600,1124,2,491.0,262.0,999.0,787.0
Knife\Knife_First_Clean_Howard\knife_332.jpg,800,525,2,402.0,180.0,739.0,328.0
Knife\Knife_First_Clean_Howard\knife_333.jpg,500,378,2,2.0,164.0,238.0,371.0
Knife\Knife_First_Clean_Howard\knife_334.jpg,900,697,2,1.0,15.0,403.0,333.0
Knife\Knife_First_Clean_Howard\knife_336.jpg,1500,1122,2,19.0,338.0,683.0,762.0
Knife\Knife_First_Clean_Howard\knife_340.jpg,777,536,2,1.0,191.0,425.0,355.0
Knife\Knife_First_Clean_Howard\knife_342.jpg,250,187,2,118.0,69.0,194.0,181.0
Knife\Knife_First_Clean_Howard\knife_343.jpg,640,480,2,24.0,294.0,551.0,459.0
Knife\Knife_First_Clean_Howard\knife_344.jpg,550,412,2,222.0,20.0,548.0,219.0
Knife\Knife_First_Clean_Howard\knife_347.jpg,900,674,2,124.0,246.0,540.0,646.0
Knife\Knife_First_Clean_Howard\knife_348.jpg,754,571,2,311.0,1.0,753.0,263.0
Knife\Knife_First_Clean_Howard\knife_349.jpg,700,500,2,37.0,231.0,324.0,467.0
Knife\Knife_First_Clean_Howard\knife_351.jpg,1498,1004,2,155.0,94.0,982.0,590.0
Knife\Knife_First_Clean_Howard\knife_352.jpg,640,480,2,364.0,31.0,627.0,217.0
Knife\Knife_First_Clean_Howard\knife_355.jpg,1600,1008,2,153.0,169.0,928.0,642.0
Knife\Knife_First_Clean_Howard\knife_358.jpg,864,636,2,28.0,234.0,604.0,607.0
Knife\Knife_First_Clean_Howard\knife_361.jpg,821,550,2,206.0,120.0,525.0,312.0
Knife\Knife_First_Clean_Howard\knife_361.jpg,821,550,2,15.0,10.0,281.0,329.0
Knife\Knife_First_Clean_Howard\knife_363.jpg,1000,724,2,39.0,343.0,529.0,651.0
Knife\Knife_First_Clean_Howard\knife_363.jpg,1000,724,2,503.0,85.0,849.0,290.0
Knife\Knife_First_Clean_Howard\knife_364.jpg,626,384,2,4.0,124.0,431.0,375.0
Knife\Knife_First_Clean_Howard\knife_366.jpg,625,439,2,313.0,170.0,582.0,437.0
Knife\Knife_First_Clean_Howard\knife_367.jpg,1600,1010,2,322.0,51.0,859.0,528.0
Knife\Knife_First_Clean_Howard\knife_368.jpg,250,188,2,4.0,74.0,156.0,178.0
Knife\Knife_First_Clean_Howard\knife_375.jpg,600,437,2,18.0,232.0,289.0,431.0
Knife\Knife_First_Clean_Howard\knife_380.jpg,1500,979,2,19.0,402.0,890.0,769.0
Knife\Knife_First_Clean_Howard\knife_381.jpg,720,552,2,21.0,315.0,382.0,533.0
Knife\Knife_First_Clean_Howard\knife_384.jpg,385,344,2,43.0,145.0,181.0,342.0
Knife\Knife_First_Clean_Howard\knife_385.jpg,640,405,2,3.0,59.0,337.0,192.0
Knife\Knife_First_Clean_Howard\knife_386.jpg,701,467,2,18.0,165.0,102.0,313.0
Knife\Knife_First_Clean_Howard\knife_386.jpg,701,467,2,135.0,115.0,188.0,284.0
Knife\Knife_First_Clean_Howard\knife_386.jpg,701,467,2,233.0,116.0,274.0,270.0
Knife\Knife_First_Clean_Howard\knife_386.jpg,701,467,2,305.0,121.0,343.0,260.0
Knife\Knife_First_Clean_Howard\knife_386.jpg,701,467,2,402.0,52.0,465.0,238.0
Knife\Knife_First_Clean_Howard\knife_386.jpg,701,467,2,487.0,137.0,537.0,271.0
Knife\Knife_First_Clean_Howard\knife_390.jpg,1600,1001,2,247.0,71.0,1036.0,606.0
Knife\Knife_First_Clean_Howard\knife_391.jpg,800,596,2,400.0,215.0,787.0,335.0
Knife\Knife_First_Clean_Howard\knife_403.jpg,776,437,2,26.0,126.0,428.0,263.0
Knife\Knife_First_Clean_Howard\knife_404.jpg,1024,576,2,191.0,134.0,737.0,528.0
Knife\Knife_First_Clean_Howard\knife_405.jpg,411,262,2,10.0,96.0,259.0,160.0
Knife\Knife_First_Clean_Howard\knife_406.jpg,640,480,2,113.0,113.0,377.0,312.0
Knife\Knife_First_Clean_Howard\knife_409.jpg,640,480,2,14.0,194.0,291.0,413.0
Knife\Knife_First_Clean_Howard\knife_411.jpg,500,375,2,24.0,103.0,336.0,364.0
Knife\Knife_First_Clean_Howard\knife_414.jpg,600,398,2,246.0,79.0,555.0,255.0
Knife\Knife_First_Clean_Howard\knife_416.jpg,960,720,2,135.0,317.0,462.0,576.0
Knife\Knife_First_Clean_Howard\knife_419.jpg,864,580,2,28.0,231.0,477.0,552.0
Knife\Knife_First_Clean_Howard\knife_422.jpg,559,364,2,48.0,233.0,365.0,311.0
Knife\Knife_First_Clean_Howard\knife_422.jpg,559,364,2,125.0,171.0,388.0,243.0
Knife\Knife_First_Clean_Howard\knife_422.jpg,559,364,2,241.0,137.0,352.0,172.0
Knife\Knife_First_Clean_Howard\knife_423.jpg,750,524,2,165.0,127.0,749.0,480.0
Knife\Knife_First_Clean_Howard\knife_424.jpg,640,480,2,16.0,276.0,381.0,414.0
Knife\Knife_First_Clean_Howard\knife_425.jpg,800,636,2,1.0,228.0,349.0,635.0
Knife\Knife_First_Clean_Howard\knife_426.jpg,440,270,2,148.0,1.0,269.0,73.0
Knife\Knife_First_Clean_Howard\knife_426.jpg,440,270,2,215.0,46.0,345.0,123.0
Knife\Knife_First_Clean_Howard\knife_426.jpg,440,270,2,289.0,101.0,415.0,189.0
Knife\Knife_First_Clean_Howard\knife_433.jpg,600,448,2,284.0,233.0,571.0,428.0
Knife\Knife_First_Clean_Howard\knife_435.jpg,859,564,2,65.0,254.0,551.0,526.0
Knife\Knife_First_Clean_Howard\knife_437.jpg,640,406,2,257.0,44.0,519.0,227.0
Knife\Knife_First_Clean_Howard\knife_441.jpg,500,375,2,23.0,94.0,145.0,205.0
Knife\Knife_First_Clean_Howard\knife_441.jpg,500,375,2,76.0,128.0,246.0,269.0
Knife\Knife_First_Clean_Howard\knife_441.jpg,500,375,2,162.0,170.0,360.0,337.0
Knife\Knife_First_Clean_Howard\knife_447.jpg,640,480,2,98.0,281.0,356.0,441.0
Knife\Knife_First_Clean_Howard\knife_447.jpg,640,480,2,75.0,204.0,295.0,318.0
Knife\Knife_First_Clean_Howard\knife_447.jpg,640,480,2,51.0,131.0,252.0,235.0
Knife\Knife_First_Clean_Howard\knife_448.jpg,225,219,2,8.0,94.0,117.0,211.0
Knife\Knife_First_Clean_Howard\knife_449.jpg,614,551,2,282.0,173.0,408.0,548.0
Knife\Knife_First_Clean_Howard\knife_450.jpg,357,252,2,13.0,62.0,61.0,243.0
Knife\Knife_First_Clean_Howard\knife_454.jpg,800,553,2,100.0,225.0,496.0,469.0
Knife\Knife_First_Clean_Howard\knife_456.jpg,500,375,2,39.0,162.0,332.0,363.0
Knife\Knife_First_Clean_Howard\knife_458.jpg,1000,748,2,103.0,340.0,555.0,684.0
Knife\Knife_First_Clean_Howard\knife_459.jpg,1000,748,2,82.0,339.0,565.0,713.0
Knife\Knife_First_Clean_Howard\knife_460.jpg,1000,746,2,70.0,284.0,569.0,713.0
Knife\Knife_First_Clean_Howard\knife_462.jpg,800,600,2,379.0,303.0,715.0,583.0
Knife\Knife_First_Clean_Howard\knife_463.jpg,1500,1125,2,561.0,72.0,1471.0,790.0
Knife\Knife_First_Clean_Howard\knife_464.jpg,3264,2448,2,1760.0,406.0,3208.0,1085.0
Knife\Knife_First_Clean_Howard\knife_465.jpg,3264,2448,2,1512.0,324.0,3073.0,1189.0
Knife\Knife_First_Clean_Howard\knife_466.jpg,3264,2448,2,1834.0,228.0,3069.0,1224.0
Knife\Knife_First_Clean_Howard\knife_467.jpg,3264,2448,2,86.0,1015.0,1647.0,2098.0
Knife\Knife_First_Clean_Howard\knife_468.jpg,4000,3000,2,65.0,1184.0,1871.0,2689.0
Knife\Knife_First_Clean_Howard\knife_469.jpg,4000,3000,2,134.0,1131.0,1960.0,2578.0
Knife\Knife_First_Clean_Howard\knife_471.jpg,652,413,2,8.0,131.0,359.0,397.0
Knife\Knife_First_Clean_Howard\knife_472.jpg,990,620,2,11.0,206.0,550.0,567.0
Knife\Knife_First_Clean_Howard\knife_473.jpg,645,472,2,12.0,195.0,299.0,468.0
Knife\Knife_First_Clean_Howard\knife_478.jpg,2000,1334,2,159.0,135.0,975.0,643.0
Knife\Knife_First_Clean_Howard\knife_479.jpg,450,300,2,119.0,44.0,190.0,108.0
Knife\Knife_First_Clean_Howard\knife_480.jpg,863,1300,2,125.0,281.0,669.0,1068.0
Knife\Knife_First_Clean_Howard\knife_481.jpg,900,598,2,259.0,184.0,425.0,541.0
Knife\Knife_First_Clean_Howard\knife_482.jpg,450,300,2,229.0,19.0,344.0,176.0
Knife\Knife_First_Clean_Howard\knife_483.jpg,935,600,2,256.0,106.0,713.0,584.0
Knife\Knife_First_Clean_Howard\knife_484.jpg,800,800,2,344.0,155.0,753.0,674.0
Knife\Knife_First_Clean_Howard\knife_485.jpg,800,800,2,37.0,347.0,136.0,548.0
Knife\Knife_First_Clean_Howard\knife_485.jpg,800,800,2,668.0,361.0,761.0,615.0
Knife\Knife_First_Clean_Howard\knife_486.jpg,236,438,2,88.0,204.0,224.0,430.0
Knife\Knife_First_Clean_Howard\knife_487.jpg,1023,682,2,283.0,112.0,504.0,407.0
Knife\Knife_First_Clean_Howard\knife_488.jpg,1023,680,2,150.0,236.0,900.0,609.0
Knife\Knife_First_Clean_Howard\knife_489.jpg,910,605,2,45.0,202.0,730.0,388.0
Knife\Knife_First_Clean_Howard\knife_490.jpg,893,800,2,275.0,120.0,842.0,765.0
Knife\Knife_First_Clean_Howard\knife_491.jpg,1035,519,2,140.0,102.0,463.0,401.0
Knife\Knife_First_Clean_Howard\knife_491.jpg,1035,519,2,570.0,91.0,891.0,401.0
Knife\Knife_First_Clean_Howard\knife_492.jpg,1040,693,2,361.0,352.0,979.0,591.0
Knife\Knife_First_Clean_Howard\knife_493.jpg,1300,868,2,88.0,292.0,943.0,541.0
Knife\Knife_First_Clean_Howard\knife_494.jpg,450,297,2,198.0,40.0,322.0,292.0
Knife\Knife_First_Clean_Howard\knife_495.jpg,1300,858,2,421.0,193.0,886.0,712.0
Knife\Knife_First_Clean_Howard\knife_496.jpg,450,321,2,22.0,45.0,229.0,139.0
Knife\Knife_First_Clean_Howard\knife_498.jpg,1500,1099,2,672.0,317.0,796.0,882.0
Knife\Knife_First_Clean_Howard\knife_499.jpg,1300,866,2,647.0,161.0,1120.0,583.0
Knife\Knife_First_Clean_Howard\knife_500.jpg,480,320,2,268.0,145.0,425.0,264.0
Knife\Knife_First_Clean_Howard\knife_501.jpg,1023,685,2,324.0,110.0,893.0,607.0
Knife\Knife_First_Clean_Howard\knife_502.jpg,682,1023,2,392.0,533.0,547.0,855.0
Knife\Knife_First_Clean_Howard\knife_502.jpg,682,1023,2,1.0,537.0,168.0,808.0
Knife\Knife_First_Clean_Howard\knife_503.jpg,1300,841,2,36.0,325.0,929.0,690.0
Knife\Knife_First_Clean_Howard\knife_504.jpg,1300,866,2,235.0,163.0,751.0,694.0
Knife\Knife_First_Clean_Howard\knife_505.jpg,734,1024,2,57.0,375.0,231.0,746.0
Knife\Knife_First_Clean_Howard\knife_506.jpg,602,575,2,30.0,94.0,406.0,548.0
Knife\Knife_First_Clean_Howard\knife_507.jpg,800,533,2,254.0,212.0,488.0,333.0
Knife\Knife_First_Clean_Howard\knife_508.jpg,300,447,2,46.0,218.0,260.0,408.0
Knife\Knife_First_Clean_Howard\knife_509.jpg,532,518,2,236.0,64.0,364.0,437.0
Knife\Knife_First_Clean_Howard\knife_510.jpg,531,800,2,154.0,365.0,422.0,647.0
Knife\Knife_First_Clean_Howard\knife_511.jpg,800,533,2,260.0,87.0,466.0,336.0
Knife\Knife_First_Clean_Howard\knife_512.jpg,628,455,2,161.0,40.0,546.0,434.0
Knife\Knife_First_Clean_Howard\knife_513.jpg,270,180,2,9.0,15.0,170.0,137.0
Knife\Knife_First_Clean_Howard\knife_514.jpg,1300,1174,2,494.0,157.0,1282.0,829.0
Knife\Knife_First_Clean_Howard\knife_515.jpg,450,299,2,1.0,154.0,171.0,270.0
Knife\Knife_First_Clean_Howard\knife_516.jpg,1040,693,2,135.0,44.0,548.0,604.0
Knife\Knife_First_Clean_Howard\knife_517.jpg,346,519,2,158.0,45.0,266.0,282.0
Knife\Knife_First_Clean_Howard\knife_518.jpg,975,1300,2,277.0,50.0,533.0,1135.0
Knife\Knife_First_Clean_Howard\knife_519.jpg,1300,865,2,211.0,44.0,1178.0,618.0
Knife\Knife_First_Clean_Howard\knife_520.jpg,1024,928,2,455.0,118.0,1014.0,697.0
Knife\Knife_First_Clean_Howard\knife_521.jpg,270,180,2,164.0,19.0,250.0,149.0
Knife\Knife_First_Clean_Howard\knife_522.jpg,1300,1241,2,68.0,194.0,853.0,1193.0
Knife\Knife_First_Clean_Howard\knife_523.jpg,240,160,2,5.0,19.0,67.0,108.0
Knife\Knife_First_Clean_Howard\knife_524.jpg,1300,870,2,313.0,144.0,1137.0,756.0
Knife\Knife_First_Clean_Howard\knife_525.jpg,450,300,2,164.0,120.0,428.0,222.0
Knife\Knife_First_Clean_Howard\knife_526.jpg,870,1298,2,244.0,328.0,855.0,1120.0
Knife\Knife_First_Clean_Howard\knife_527.jpg,862,1134,2,175.0,176.0,586.0,1103.0
Knife\Knife_First_Clean_Howard\knife_528.jpg,1300,1125,2,191.0,1.0,932.0,841.0
Knife\Knife_First_Clean_Howard\knife_529.jpg,866,1301,2,151.0,751.0,688.0,1198.0
Knife\Knife_First_Clean_Howard\knife_530.jpg,800,533,2,291.0,149.0,457.0,494.0
Knife\Knife_First_Clean_Howard\knife_531.jpg,1300,896,2,34.0,295.0,1069.0,854.0
Knife\Knife_First_Clean_Howard\knife_532.jpg,800,510,2,235.0,48.0,520.0,350.0
Knife\Knife_First_Clean_Howard\knife_533.jpg,1500,992,2,688.0,555.0,1217.0,954.0
Knife\Knife_First_Clean_Howard\knife_534.jpg,450,449,2,243.0,28.0,335.0,273.0
Knife\Knife_First_Clean_Howard\knife_535.jpg,450,413,2,165.0,208.0,275.0,412.0
Knife\Knife_First_Clean_Howard\knife_536.jpg,852,480,2,112.0,41.0,582.0,256.0
Knife\Knife_First_Clean_Howard\knife_537.jpg,640,425,2,109.0,110.0,276.0,382.0
Knife\Knife_First_Clean_Howard\knife_538.jpg,800,533,2,232.0,118.0,506.0,382.0
Knife\Knife_First_Clean_Howard\knife_539.jpg,297,448,2,12.0,85.0,61.0,193.0
Knife\Knife_First_Clean_Howard\knife_540.jpg,450,295,2,103.0,56.0,242.0,154.0
Knife\Knife_First_Clean_Howard\knife_541.jpg,2304,3456,2,168.0,611.0,1591.0,3430.0
Knife\Knife_First_Clean_Howard\knife_542.jpg,1300,901,2,236.0,213.0,795.0,741.0
Knife\Knife_First_Clean_Howard\knife_543.jpg,660,371,2,249.0,177.0,437.0,291.0
Knife\Knife_First_Clean_Howard\knife_544.jpg,1300,865,2,352.0,134.0,1253.0,686.0
Knife\Knife_First_Clean_Howard\knife_545.jpg,1000,666,2,291.0,194.0,851.0,358.0
Knife\Knife_First_Clean_Howard\knife_546.jpg,899,1300,2,511.0,25.0,847.0,833.0
Knife\Knife_First_Clean_Howard\knife_547.jpg,868,1300,2,377.0,391.0,481.0,664.0
Knife\Knife_First_Clean_Howard\knife_548.jpg,450,449,2,189.0,94.0,287.0,435.0
Knife\Knife_First_Clean_Howard\knife_549.jpg,396,398,2,78.0,150.0,235.0,387.0
Knife\Knife_First_Clean_Howard\knife_550.jpg,714,480,2,134.0,170.0,280.0,350.0
Knife\Knife_First_Clean_Howard\knife_551.jpg,450,297,2,99.0,67.0,320.0,240.0
Knife\Knife_First_Clean_Howard\knife_552.jpg,800,533,2,219.0,195.0,429.0,302.0
Knife\Knife_First_Clean_Howard\knife_553.jpg,356,500,2,81.0,109.0,121.0,190.0
Knife\Knife_First_Clean_Howard\knife_554.jpg,500,667,2,143.0,42.0,315.0,465.0
Knife\Knife_First_Clean_Howard\knife_555.jpg,1023,685,2,52.0,110.0,859.0,460.0
Knife\Knife_First_Clean_Howard\knife_556.jpg,600,450,2,134.0,152.0,554.0,388.0
Knife\Knife_First_Clean_Howard\knife_557.jpg,1300,867,2,106.0,236.0,1100.0,663.0
Knife\Knife_First_Clean_Howard\knife_558.jpg,299,449,2,154.0,123.0,247.0,444.0
Knife\Knife_First_Clean_Howard\knife_559.jpg,300,448,2,120.0,152.0,160.0,292.0
Knife\Knife_First_Clean_Howard\knife_560.jpg,640,425,2,143.0,68.0,460.0,363.0
Knife\Knife_First_Clean_Howard\knife_561.jpg,711,430,2,188.0,125.0,435.0,368.0
Knife\Knife_First_Clean_Howard\knife_562.jpg,460,287,2,184.0,100.0,260.0,158.0
Knife\Knife_First_Clean_Howard\knife_563.jpg,2048,1365,2,662.0,242.0,1212.0,1145.0
Knife\Knife_First_Clean_Howard\knife_564.jpg,600,375,2,102.0,116.0,599.0,331.0
Knife\Knife_First_Clean_Howard\knife_565.jpg,683,1024,2,127.0,99.0,603.0,583.0
Knife\Knife_First_Clean_Howard\knife_566.jpg,1300,864,2,549.0,128.0,1023.0,722.0
Knife\Knife_First_Clean_Howard\knife_567.jpg,1500,1238,2,363.0,918.0,1006.0,1203.0
Knife\Knife_First_Clean_Howard\knife_568.jpg,672,410,2,127.0,36.0,402.0,276.0
Knife\Knife_First_Clean_Howard\knife_569.jpg,1152,642,2,26.0,188.0,80.0,395.0
Knife\Knife_First_Clean_Howard\knife_569.jpg,1152,642,2,1081.0,112.0,1151.0,331.0
Knife\Knife_First_Clean_Howard\knife_570.jpg,800,531,2,304.0,178.0,477.0,485.0
Knife\Knife_First_Clean_Howard\knife_571.jpg,300,448,2,21.0,121.0,68.0,283.0
Knife\Knife_First_Clean_Howard\knife_572.jpg,300,447,2,69.0,104.0,212.0,210.0
Knife\Knife_First_Clean_Howard\knife_573.jpg,450,299,2,28.0,32.0,195.0,237.0
Knife\Knife_First_Clean_Howard\knife_574.jpg,550,368,2,193.0,140.0,492.0,261.0
Knife\Knife_First_Clean_Howard\knife_575.jpg,270,180,2,94.0,72.0,229.0,150.0
Knife\Knife_First_Clean_Howard\knife_576.jpg,800,533,2,226.0,184.0,471.0,405.0
Knife\Knife_First_Clean_Howard\knife_577.jpg,560,372,2,15.0,53.0,377.0,265.0
Knife\Knife_First_Clean_Howard\knife_578.jpg,866,1300,2,159.0,131.0,610.0,1010.0
Knife\Knife_First_Clean_Howard\knife_579.jpg,630,451,2,131.0,88.0,502.0,432.0
Knife\Knife_First_Clean_Howard\knife_580.jpg,1000,616,2,78.0,264.0,442.0,533.0
Knife\Knife_First_Clean_Howard\knife_581.jpg,910,609,2,345.0,157.0,834.0,384.0
Knife\Knife_First_Clean_Howard\knife_582.jpg,2592,1728,2,816.0,441.0,2140.0,1665.0
Knife\Knife_First_Clean_Howard\knife_583.jpg,722,410,2,273.0,30.0,548.0,273.0
Knife\Knife_First_Clean_Howard\knife_584.jpg,450,299,2,218.0,33.0,442.0,163.0
Knife\Knife_First_Clean_Howard\knife_585.jpg,1238,862,2,637.0,392.0,1100.0,524.0
Knife\Knife_First_Clean_Howard\knife_586.jpg,1300,1298,2,163.0,122.0,697.0,990.0
Knife\Knife_First_Clean_Howard\knife_587.jpg,450,427,2,40.0,104.0,276.0,378.0
Knife\Knife_First_Clean_Howard\knife_588.jpg,1024,683,2,213.0,56.0,397.0,540.0
Knife\Knife_First_Clean_Howard\knife_589.jpg,450,322,2,65.0,77.0,299.0,272.0
Knife\Knife_First_Clean_Howard\knife_590.jpg,1300,863,2,513.0,285.0,1097.0,700.0
Knife\Knife_First_Clean_Howard\knife_591.jpg,597,398,2,374.0,66.0,596.0,251.0
Knife\Knife_First_Clean_Howard\knife_592.jpg,800,626,2,183.0,233.0,340.0,429.0
Knife\Knife_First_Clean_Howard\knife_593.jpg,400,435,2,112.0,90.0,318.0,232.0
Knife\Knife_First_Clean_Howard\knife_594.jpg,1500,1098,2,351.0,219.0,966.0,982.0
Knife\Knife_First_Clean_Howard\knife_595.jpg,683,1024,2,34.0,267.0,374.0,867.0
Knife\Knife_First_Clean_Howard\knife_596.jpg,240,160,2,18.0,44.0,98.0,131.0
Knife\Knife_First_Clean_Howard\knife_597.jpg,1300,864,2,220.0,88.0,885.0,540.0
Knife\Knife_First_Clean_Howard\knife_598.jpg,863,1300,2,399.0,550.0,692.0,983.0
Knife\Knife_First_Clean_Howard\knife_599.jpg,1000,662,2,361.0,154.0,773.0,530.0
Knife\Knife_First_Clean_Howard\knife_600.jpg,800,579,2,345.0,103.0,799.0,557.0
Knife\Knife_First_Clean_Howard\knife_601.jpg,866,1300,2,237.0,123.0,712.0,1022.0
Knife\Knife_First_Clean_Howard\knife_602.jpg,1300,976,2,88.0,32.0,913.0,790.0
Knife\Knife_First_Clean_Howard\knife_603.jpg,348,519,2,103.0,42.0,239.0,357.0
Knife\Knife_First_Clean_Howard\knife_604.jpg,320,213,2,117.0,98.0,291.0,146.0
Knife\Knife_First_Clean_Howard\knife_605.jpg,1280,720,2,625.0,205.0,796.0,586.0
Knife\Knife_First_Clean_Howard\knife_606.jpg,1280,720,2,622.0,251.0,925.0,403.0
Knife\Knife_First_Clean_Howard\knife_607.jpg,1280,720,2,718.0,173.0,932.0,454.0
Knife\Knife_First_Clean_Howard\knife_608.jpg,1280,720,2,647.0,267.0,955.0,415.0
Knife\Knife_First_Clean_Howard\knife_609.jpg,1280,720,2,140.0,152.0,237.0,401.0
Knife\Knife_First_Clean_Howard\knife_610.jpg,1280,720,2,616.0,244.0,913.0,330.0
Knife\Knife_First_Clean_Howard\knife_613.jpg,1280,720,2,290.0,111.0,422.0,548.0
Knife\Knife_First_Clean_Howard\knife_614.jpg,1280,720,2,636.0,261.0,942.0,401.0
Knife\Knife_First_Clean_Howard\knife_616.jpg,1280,720,2,598.0,178.0,788.0,561.0
Knife\Knife_First_Clean_Howard\knife_617.jpg,1280,720,2,645.0,196.0,790.0,575.0
Knife\Knife_First_Clean_Howard\knife_618.jpg,1280,720,2,560.0,376.0,719.0,668.0
Knife\Knife_First_Clean_Howard\knife_619.jpg,1280,720,2,183.0,265.0,314.0,616.0
Knife\Knife_First_Clean_Howard\knife_619.jpg,1280,720,2,325.0,128.0,580.0,719.0
Knife\Knife_First_Clean_Howard\knife_620.jpg,1280,720,2,634.0,234.0,927.0,423.0
Knife\Knife_First_Clean_Howard\knife_621.jpg,1280,720,2,183.0,262.0,312.0,627.0
Knife\Knife_First_Clean_Howard\knife_621.jpg,1280,720,2,350.0,172.0,621.0,719.0
Knife\Knife_First_Clean_Howard\knife_622.jpg,1280,720,2,612.0,188.0,781.0,539.0
Knife\Knife_First_Clean_Howard\knife_623.jpg,1280,720,2,249.0,345.0,377.0,588.0
Knife\Knife_First_Clean_Howard\knife_623.jpg,1280,720,2,739.0,268.0,855.0,518.0
Knife\Knife_First_Clean_Howard\knife_624.jpg,1280,720,2,597.0,82.0,711.0,489.0
Knife\Knife_First_Clean_Howard\knife_625.jpg,1280,720,2,787.0,155.0,890.0,475.0
Knife\Knife_First_Clean_Howard\knife_626.jpg,1280,720,2,166.0,137.0,436.0,582.0
Knife\Knife_First_Clean_Howard\knife_626.jpg,1280,720,2,565.0,238.0,687.0,642.0
Knife\Knife_First_Clean_Howard\knife_627.jpg,1280,720,2,614.0,171.0,800.0,562.0
Knife\Knife_First_Clean_Howard\knife_628.jpg,1280,720,2,195.0,272.0,315.0,605.0
Knife\Knife_First_Clean_Howard\knife_628.jpg,1280,720,2,334.0,148.0,563.0,719.0
Knife\Knife_First_Clean_Howard\knife_629.jpg,1280,720,2,192.0,135.0,443.0,609.0
Knife\Knife_First_Clean_Howard\knife_629.jpg,1280,720,2,590.0,35.0,793.0,607.0
Knife\Knife_First_Clean_Howard\knife_630.jpg,1280,720,2,615.0,172.0,798.0,529.0
Knife\Knife_First_Clean_Howard\knife_631.jpg,1280,720,2,688.0,228.0,802.0,575.0
Knife\Knife_First_Clean_Howard\knife_632.jpg,1280,720,2,648.0,233.0,942.0,431.0
Knife\Knife_First_Clean_Howard\knife_633.jpg,1280,720,2,200.0,259.0,315.0,627.0
Knife\Knife_First_Clean_Howard\knife_633.jpg,1280,720,2,354.0,87.0,625.0,719.0
Knife\Knife_First_Clean_Howard\knife_635.jpg,1280,720,2,228.0,259.0,353.0,565.0
Knife\Knife_First_Clean_Howard\knife_637.jpg,1280,720,2,253.0,148.0,400.0,553.0
Knife\Knife_First_Clean_Howard\knife_638.jpg,1280,720,2,673.0,93.0,831.0,268.0
Knife\Knife_First_Clean_Howard\knife_639.jpg,1280,720,2,277.0,120.0,1133.0,480.0
Knife\Knife_First_Clean_Howard\knife_641.jpg,1280,720,2,572.0,299.0,900.0,405.0
Knife\Knife_First_Clean_Howard\knife_643.jpg,1280,720,2,669.0,222.0,951.0,417.0
Knife\Knife_First_Clean_Howard\knife_644.jpg,1280,720,2,723.0,135.0,881.0,545.0
Knife\Knife_First_Clean_Howard\knife_645.jpg,1280,720,2,598.0,179.0,788.0,564.0
Knife\Knife_First_Clean_Howard\knife_646.jpg,1280,720,2,759.0,159.0,886.0,479.0
Knife\Knife_First_Clean_Howard\knife_648.jpg,1280,720,2,165.0,90.0,282.0,387.0
Knife\Knife_First_Clean_Howard\knife_649.jpg,1280,720,2,632.0,199.0,790.0,568.0
Knife\Knife_First_Clean_Howard\knife_650.jpg,1280,720,2,697.0,166.0,828.0,570.0
Knife\Knife_First_Clean_Howard\knife_651.jpg,1280,720,2,620.0,257.0,938.0,383.0
Knife\Knife_First_Clean_Howard\knife_652.jpg,1280,720,2,323.0,96.0,401.0,460.0
Knife\Knife_First_Clean_Howard\knife_653.jpg,1280,720,2,625.0,200.0,792.0,568.0
Knife\Knife_First_Clean_Howard\knife_654.jpg,1280,720,2,588.0,173.0,779.0,551.0
Knife\Knife_First_Clean_Howard\knife_655.jpg,1280,720,2,108.0,222.0,212.0,435.0
Knife\Knife_First_Clean_Howard\knife_656.jpg,1280,720,2,625.0,253.0,939.0,401.0
Knife\Knife_First_Clean_Howard\knife_657.jpg,1280,720,2,189.0,246.0,310.0,612.0
Knife\Knife_First_Clean_Howard\knife_657.jpg,1280,720,2,332.0,77.0,615.0,719.0
Knife\Knife_First_Clean_Howard\knife_659.jpg,1280,720,2,186.0,132.0,401.0,584.0
Knife\Knife_First_Clean_Howard\knife_659.jpg,1280,720,2,572.0,268.0,683.0,639.0
Knife\Knife_First_Clean_Howard\knife_660.jpg,1280,720,2,226.0,234.0,1177.0,416.0
Knife\Knife_First_Clean_Howard\knife_661.jpg,1280,720,2,300.0,249.0,1217.0,422.0
Knife\Knife_First_Clean_Howard\knife_662.jpg,1280,720,2,608.0,193.0,781.0,553.0
Knife\Knife_First_Clean_Howard\knife_663.jpg,1280,720,2,594.0,248.0,900.0,342.0
Knife\Knife_First_Clean_Howard\knife_664.jpg,1280,720,2,444.0,305.0,656.0,719.0
Knife\Knife_First_Clean_Howard\knife_665.jpg,1280,720,2,612.0,190.0,784.0,570.0
Knife\Knife_First_Clean_Howard\knife_666.jpg,1280,720,2,456.0,272.0,672.0,719.0
Knife\Knife_First_Clean_Howard\knife_667.jpg,1280,720,2,747.0,177.0,839.0,510.0
Knife\Knife_First_Clean_Howard\knife_668.jpg,1280,720,2,178.0,98.0,425.0,585.0
Knife\Knife_First_Clean_Howard\knife_668.jpg,1280,720,2,526.0,98.0,686.0,643.0
Knife\Knife_First_Clean_Howard\knife_671.jpg,1280,720,2,605.0,190.0,788.0,565.0
Knife\Knife_First_Clean_Howard\knife_672.jpg,1280,720,2,229.0,322.0,351.0,550.0
Knife\Knife_First_Clean_Howard\knife_673.jpg,1280,720,2,570.0,267.0,909.0,362.0
Knife\Knife_First_Clean_Howard\knife_674.jpg,1280,720,2,710.0,166.0,861.0,592.0
Knife\Knife_First_Clean_Howard\knife_675.jpg,1280,720,2,640.0,233.0,933.0,432.0
Knife\Knife_First_Clean_Howard\knife_676.jpg,1280,720,2,592.0,260.0,919.0,340.0
Knife\Knife_First_Clean_Howard\knife_678.jpg,1280,720,2,196.0,168.0,276.0,329.0
Knife\Knife_First_Clean_Howard\knife_679.jpg,1280,720,2,190.0,243.0,301.0,606.0
Knife\Knife_First_Clean_Howard\knife_679.jpg,1280,720,2,327.0,162.0,614.0,719.0
Knife\Knife_First_Clean_Howard\knife_681.jpg,1280,720,2,600.0,85.0,708.0,484.0
Knife\Knife_First_Clean_Howard\knife_684.jpg,1280,720,2,747.0,165.0,870.0,457.0
Knife\Knife_First_Clean_Howard\knife_686.jpg,1280,720,2,192.0,279.0,311.0,609.0
Knife\Knife_First_Clean_Howard\knife_686.jpg,1280,720,2,388.0,90.0,612.0,719.0
Knife\Knife_First_Clean_Howard\knife_687.jpg,1280,720,2,604.0,84.0,712.0,487.0
Knife\Knife_First_Clean_Howard\knife_688.jpg,1280,720,2,210.0,116.0,429.0,581.0
Knife\Knife_First_Clean_Howard\knife_688.jpg,1280,720,2,522.0,117.0,705.0,628.0
Knife\Knife_First_Clean_Howard\knife_689.jpg,1280,720,2,169.0,82.0,279.0,315.0
Knife\Knife_First_Clean_Howard\knife_690.jpg,1280,720,2,583.0,240.0,911.0,348.0
Knife\Knife_First_Clean_Howard\knife_691.jpg,1280,720,2,281.0,74.0,400.0,450.0
Knife\Knife_First_Clean_Howard\knife_692.jpg,1280,720,2,499.0,200.0,834.0,465.0
Knife\Knife_First_Clean_Howard\knife_695.jpg,1280,720,2,684.0,216.0,876.0,360.0
Knife\Knife_First_Clean_Howard\knife_696.jpg,1280,720,2,272.0,78.0,405.0,481.0
Knife\Knife_First_Clean_Howard\knife_702.jpg,1280,720,2,589.0,244.0,904.0,389.0
Knife\Knife_First_Clean_Howard\knife_703.jpg,1280,720,2,608.0,262.0,940.0,366.0
Knife\Knife_First_Clean_Howard\knife_705.jpg,1280,720,2,588.0,243.0,904.0,334.0
Knife\Knife_First_Clean_Howard\knife_707.jpg,1280,720,2,676.0,238.0,959.0,417.0
Knife\Knife_First_Clean_Howard\knife_708.jpg,1280,720,2,583.0,241.0,895.0,339.0
Knife\Knife_First_Clean_Howard\knife_709.jpg,1280,720,2,294.0,276.0,684.0,719.0
Knife\Knife_First_Clean_Howard\knife_711.jpg,1280,720,2,608.0,183.0,779.0,554.0
Knife\Knife_First_Clean_Howard\knife_712.jpg,1280,720,2,551.0,396.0,690.0,659.0
Knife\Knife_First_Clean_Howard\knife_714.jpg,1280,720,2,566.0,421.0,690.0,645.0
Knife\Knife_First_Clean_Howard\knife_715.jpg,1280,720,2,595.0,181.0,786.0,544.0
Knife\Knife_First_Clean_Howard\knife_716.jpg,1280,720,2,260.0,338.0,379.0,548.0
Knife\Knife_First_Clean_Howard\knife_717.jpg,1280,720,2,649.0,231.0,949.0,406.0
Knife\Knife_First_Clean_Howard\knife_722.jpg,1280,720,2,600.0,243.0,903.0,416.0
Knife\Knife_First_Clean_Howard\knife_723.jpg,1280,720,2,170.0,85.0,276.0,342.0
Knife\Knife_First_Clean_Howard\knife_724.jpg,1280,720,2,739.0,128.0,897.0,487.0
Knife\Knife_First_Clean_Howard\knife_725.jpg,1280,720,2,738.0,179.0,914.0,460.0
Knife\Knife_First_Clean_Howard\knife_727.jpg,1280,720,2,283.0,243.0,449.0,592.0
Knife\Knife_First_Clean_Howard\knife_727.jpg,1280,720,2,564.0,278.0,693.0,637.0
Knife\Knife_First_Clean_Howard\knife_728.jpg,1280,720,2,248.0,348.0,378.0,531.0
Knife\Knife_First_Clean_Howard\knife_728.jpg,1280,720,2,706.0,133.0,840.0,364.0
Knife\Knife_First_Clean_Howard\knife_729.jpg,1280,720,2,603.0,182.0,772.0,490.0
Knife\Knife_First_Clean_Howard\knife_730.jpg,1280,720,2,619.0,184.0,786.0,503.0
Knife\Knife_First_Clean_Howard\knife_732.jpg,1280,720,2,610.0,184.0,775.0,494.0
Knife\Knife_First_Clean_Howard\knife_733.jpg,1280,720,2,716.0,164.0,870.0,389.0
Knife\Knife_First_Clean_Howard\knife_734.jpg,1280,720,2,179.0,237.0,308.0,615.0
Knife\Knife_First_Clean_Howard\knife_734.jpg,1280,720,2,405.0,105.0,645.0,666.0
Knife\Knife_First_Clean_Howard\knife_736.jpg,1280,720,2,594.0,85.0,709.0,467.0
Knife\Knife_First_Clean_Howard\knife_737.jpg,1280,720,2,715.0,154.0,853.0,570.0
Knife\Knife_First_Clean_Howard\knife_739.jpg,1280,720,2,592.0,228.0,795.0,538.0
Knife\Knife_First_Clean_Howard\knife_740.jpg,1280,720,2,593.0,173.0,776.0,506.0
Knife\Knife_First_Clean_Howard\knife_745.jpg,1280,720,2,162.0,94.0,272.0,353.0
Knife\Knife_First_Clean_Howard\knife_747.jpg,1280,720,2,625.0,182.0,798.0,514.0
Knife\Knife_First_Clean_Howard\knife_748.jpg,1280,720,2,610.0,88.0,720.0,467.0
Knife\Knife_First_Clean_Howard\knife_749.jpg,1280,720,2,622.0,211.0,806.0,539.0
Knife\Knife_First_Clean_Howard\knife_750.jpg,1280,720,2,710.0,164.0,854.0,578.0
Knife\Knife_First_Clean_Howard\knife_752.jpg,1280,720,2,294.0,146.0,893.0,490.0
Knife\Knife_First_Clean_Howard\knife_753.jpg,1280,720,2,284.0,132.0,890.0,504.0
Knife\Knife_First_Clean_Howard\knife_756.jpg,1280,720,2,715.0,161.0,873.0,535.0
Knife\Knife_First_Clean_Howard\knife_758.jpg,1280,720,2,564.0,243.0,787.0,514.0
Knife\Knife_First_Clean_Howard\knife_759.jpg,1280,720,2,687.0,164.0,939.0,417.0
Knife\Knife_First_Clean_Howard\knife_760.jpg,1280,720,2,599.0,83.0,716.0,462.0
Knife\Knife_First_Clean_Howard\knife_762.jpg,1280,720,2,595.0,175.0,777.0,516.0
Knife\Knife_First_Clean_Howard\knife_769.jpg,1280,720,2,254.0,227.0,390.0,568.0
Knife\Knife_First_Clean_Howard\knife_770.jpg,1280,720,2,120.0,68.0,248.0,288.0
Knife\Knife_First_Clean_Howard\knife_771.jpg,1280,720,2,745.0,161.0,878.0,426.0
Knife\Knife_First_Clean_Howard\knife_772.jpg,1280,720,2,601.0,246.0,916.0,426.0
Knife\Knife_First_Clean_Howard\knife_775.jpg,1280,720,2,740.0,125.0,911.0,472.0
Knife\Knife_First_Clean_Howard\knife_777.jpg,1280,720,2,576.0,201.0,887.0,350.0
Knife\Knife_First_Clean_Howard\knife_778.jpg,1280,720,2,751.0,162.0,877.0,422.0
Knife\Knife_First_Clean_Howard\knife_782.jpg,1280,720,2,599.0,88.0,719.0,490.0
Knife\Knife_First_Clean_Howard\knife_786.jpg,1280,720,2,700.0,212.0,858.0,614.0
Knife\Knife_First_Clean_Howard\knife_796.jpg,1280,720,2,642.0,261.0,778.0,562.0
Knife\Knife_First_Clean_Howard\knife_802.jpg,1280,720,2,611.0,249.0,905.0,405.0
Knife\Knife_First_Clean_Howard\knife_804.jpg,1280,720,2,664.0,253.0,975.0,411.0
Knife\Knife_First_Clean_Howard\knife_805.jpg,1280,720,2,622.0,188.0,779.0,525.0
Knife\Knife_First_Clean_Howard\knife_806.jpg,1280,720,2,175.0,386.0,268.0,617.0
Knife\Knife_First_Clean_Howard\knife_807.jpg,1280,720,2,207.0,571.0,353.0,719.0
Knife\Knife_First_Clean_Howard\knife_808.jpg,1280,720,2,195.0,379.0,317.0,599.0
Knife\Knife_First_Clean_Howard\knife_809.jpg,1280,720,2,235.0,371.0,355.0,574.0
Knife\Knife_First_Clean_Howard\knife_810.jpg,1280,720,2,208.0,571.0,348.0,719.0
Knife\Knife_First_Clean_Howard\knife_811.jpg,1280,720,2,298.0,334.0,418.0,541.0
Knife\Knife_First_Clean_Howard\knife_812.jpg,1280,720,2,153.0,449.0,293.0,662.0
Knife\Knife_First_Clean_Howard\knife_813.jpg,1280,720,2,215.0,242.0,357.0,482.0
Knife\Knife_First_Clean_Howard\knife_814.jpg,1280,720,2,172.0,384.0,322.0,572.0
Knife\Knife_First_Clean_Howard\knife_815.jpg,1280,720,2,108.0,561.0,254.0,719.0
Knife\Knife_First_Clean_Howard\knife_816.jpg,1280,720,2,208.0,392.0,332.0,624.0
Knife\Knife_First_Clean_Howard\knife_817.jpg,1280,720,2,168.0,597.0,333.0,719.0
Knife\Knife_First_Clean_Howard\knife_818.jpg,1280,720,2,218.0,401.0,340.0,609.0
Knife\Knife_First_Clean_Howard\knife_819.jpg,1280,720,2,315.0,537.0,578.0,689.0
Knife\Knife_First_Clean_Howard\knife_820.jpg,1280,720,2,173.0,597.0,343.0,719.0
Knife\Knife_First_Clean_Howard\knife_821.jpg,1280,720,2,123.0,554.0,263.0,719.0
Knife\Knife_First_Clean_Howard\knife_822.jpg,1280,720,2,202.0,416.0,327.0,624.0
Knife\Knife_First_Clean_Howard\knife_823.jpg,1280,720,2,118.0,551.0,267.0,719.0
Knife\Knife_First_Clean_Howard\knife_824.jpg,1280,720,2,285.0,296.0,397.0,501.0
Knife\Knife_First_Clean_Howard\knife_825.jpg,1280,720,2,203.0,364.0,322.0,581.0
Knife\Knife_First_Clean_Howard\knife_826.jpg,1280,720,2,278.0,531.0,558.0,621.0
Knife\Knife_First_Clean_Howard\knife_827.jpg,1280,720,2,115.0,549.0,257.0,719.0
Knife\Knife_First_Clean_Howard\knife_828.jpg,1280,720,2,225.0,512.0,580.0,646.0
Knife\Knife_First_Clean_Howard\knife_829.jpg,1280,720,2,182.0,401.0,328.0,637.0
Knife\Knife_First_Clean_Howard\knife_830.jpg,1280,720,2,257.0,416.0,400.0,667.0
Knife\Knife_First_Clean_Howard\knife_831.jpg,1280,720,2,170.0,392.0,312.0,596.0
Knife\Knife_First_Clean_Howard\knife_832.jpg,1280,720,2,165.0,382.0,328.0,581.0
Knife\Knife_First_Clean_Howard\knife_833.jpg,1280,720,2,183.0,447.0,317.0,644.0
Knife\Knife_First_Clean_Howard\knife_834.jpg,1280,720,2,259.0,472.0,492.0,586.0
Knife\Knife_First_Clean_Howard\knife_835.jpg,1280,720,2,127.0,561.0,258.0,719.0
Knife\Knife_First_Clean_Howard\knife_836.jpg,1280,720,2,112.0,552.0,267.0,719.0
Knife\Knife_First_Clean_Howard\knife_837.jpg,1280,720,2,112.0,561.0,252.0,719.0
Knife\Knife_First_Clean_Howard\knife_838.jpg,1280,720,2,213.0,582.0,349.0,719.0
Knife\Knife_First_Clean_Howard\knife_839.jpg,1280,720,2,284.0,337.0,422.0,536.0
Knife\Knife_First_Clean_Howard\knife_840.jpg,1280,720,2,117.0,557.0,265.0,719.0
Knife\Knife_First_Clean_Howard\knife_841.jpg,1280,720,2,169.0,264.0,337.0,482.0
Knife\Knife_First_Clean_Howard\knife_842.jpg,1280,720,2,255.0,231.0,395.0,479.0
Knife\Knife_First_Clean_Howard\knife_843.jpg,1280,720,2,262.0,322.0,422.0,541.0
Knife\Knife_First_Clean_Howard\knife_844.jpg,1280,720,2,295.0,286.0,440.0,507.0
Knife\Knife_First_Clean_Howard\knife_845.jpg,1280,720,2,192.0,384.0,329.0,601.0
Knife\Knife_First_Clean_Howard\knife_846.jpg,1280,720,2,112.0,562.0,252.0,719.0
Knife\Knife_First_Clean_Howard\knife_847.jpg,1280,720,2,124.0,564.0,268.0,719.0
Knife\Knife_First_Clean_Howard\knife_848.jpg,1280,720,2,192.0,397.0,312.0,609.0
Knife\Knife_First_Clean_Howard\knife_849.jpg,1280,720,2,205.0,569.0,344.0,719.0
Knife\Knife_First_Clean_Howard\knife_850.jpg,1280,720,2,212.0,402.0,334.0,596.0
Knife\Knife_First_Clean_Howard\knife_851.jpg,1280,720,2,185.0,382.0,324.0,537.0
Knife\Knife_First_Clean_Howard\knife_852.jpg,1280,720,2,264.0,301.0,372.0,482.0
Knife\Knife_First_Clean_Howard\knife_853.jpg,1280,720,2,202.0,389.0,320.0,597.0
Knife\Knife_First_Clean_Howard\knife_854.jpg,1280,720,2,164.0,412.0,300.0,564.0
Knife\Knife_First_Clean_Howard\knife_855.jpg,1280,720,2,138.0,516.0,257.0,719.0
Knife\Knife_First_Clean_Howard\knife_856.jpg,1280,720,2,110.0,554.0,251.0,719.0
Knife\Knife_First_Clean_Howard\knife_857.jpg,1280,720,2,281.0,406.0,402.0,591.0
Knife\Knife_First_Clean_Howard\knife_858.jpg,1280,720,2,255.0,256.0,379.0,476.0
Knife\Knife_First_Clean_Howard\knife_859.jpg,1280,720,2,115.0,546.0,256.0,719.0
Knife\Knife_First_Clean_Howard\knife_860.jpg,1280,720,2,29.0,542.0,260.0,706.0
Knife\Knife_First_Clean_Howard\knife_861.jpg,1280,720,2,140.0,254.0,314.0,447.0
Knife\Knife_First_Clean_Howard\knife_862.jpg,1280,720,2,237.0,351.0,362.0,551.0
Knife\Knife_First_Clean_Howard\knife_863.jpg,1280,720,2,262.0,477.0,502.0,581.0
Knife\Knife_First_Clean_Howard\knife_864.jpg,1280,720,2,132.0,552.0,256.0,719.0
Knife\Knife_First_Clean_Howard\knife_865.jpg,1280,720,2,210.0,387.0,337.0,617.0
Knife\Knife_First_Clean_Howard\knife_866.jpg,1280,720,2,215.0,411.0,332.0,611.0
Knife\Knife_First_Clean_Howard\knife_867.jpg,1280,720,2,199.0,404.0,319.0,606.0
Knife\Knife_First_Clean_Howard\knife_868.jpg,1280,720,2,202.0,306.0,344.0,527.0
Knife\Knife_First_Clean_Howard\knife_869.jpg,1280,720,2,109.0,556.0,259.0,719.0
Knife\Knife_First_Clean_Howard\knife_870.jpg,1280,720,2,217.0,329.0,339.0,531.0
Knife\Knife_First_Clean_Howard\knife_871.jpg,1280,720,2,125.0,549.0,248.0,719.0
Knife\Knife_First_Clean_Howard\knife_872.jpg,1280,720,2,302.0,324.0,430.0,559.0
Knife\Knife_First_Clean_Howard\knife_873.jpg,1280,720,2,180.0,454.0,302.0,689.0
Knife\Knife_First_Clean_Howard\knife_874.jpg,1280,720,2,99.0,532.0,258.0,719.0
Knife\Knife_First_Clean_Howard\knife_875.jpg,1280,720,2,29.0,512.0,236.0,719.0
Knife\Knife_First_Clean_Howard\knife_876.jpg,1280,720,2,180.0,366.0,335.0,609.0
Knife\Knife_First_Clean_Howard\knife_877.jpg,1280,720,2,210.0,334.0,359.0,557.0
Knife\Knife_First_Clean_Howard\knife_878.jpg,1280,720,2,157.0,552.0,310.0,719.0
Knife\Knife_First_Clean_Howard\knife_880.jpg,1280,720,2,135.0,434.0,282.0,624.0
Knife\Knife_First_Clean_Howard\knife_881.jpg,1280,720,2,243.0,327.0,373.0,554.0
Knife\Knife_First_Clean_Howard\knife_882.jpg,1280,720,2,184.0,439.0,327.0,624.0
Knife\Knife_First_Clean_Howard\knife_883.jpg,1280,720,2,112.0,559.0,264.0,719.0
Knife\Knife_First_Clean_Howard\knife_884.jpg,1280,720,2,135.0,566.0,266.0,719.0
Knife\Knife_First_Clean_Howard\knife_885.jpg,1280,720,2,197.0,379.0,334.0,616.0
Knife\Knife_First_Clean_Howard\knife_886.jpg,1280,720,2,129.0,441.0,277.0,636.0
Knife\Knife_First_Clean_Howard\knife_887.jpg,1280,720,2,152.0,319.0,319.0,551.0
Knife\Knife_First_Clean_Howard\knife_890.jpg,1280,720,2,255.0,341.0,377.0,606.0
Knife\Knife_First_Clean_Howard\knife_891.jpg,1280,720,2,119.0,547.0,268.0,719.0
Knife\Knife_First_Clean_Howard\knife_892.jpg,1280,720,2,129.0,566.0,264.0,719.0
Knife\Knife_First_Clean_Howard\knife_893.jpg,1280,720,2,214.0,362.0,357.0,582.0
Knife\Knife_First_Clean_Howard\knife_895.jpg,1280,720,2,217.0,367.0,350.0,592.0
Knife\Knife_First_Clean_Howard\knife_896.jpg,1280,720,2,202.0,386.0,327.0,612.0
Knife\Knife_First_Clean_Howard\knife_897.jpg,1280,720,2,130.0,566.0,270.0,719.0
Knife\Knife_First_Clean_Howard\knife_898.jpg,1280,720,2,172.0,371.0,322.0,584.0
Knife\Knife_First_Clean_Howard\knife_899.jpg,1280,720,2,105.0,562.0,258.0,719.0
Knife\Knife_First_Clean_Howard\knife_900.jpg,1280,720,2,321.0,405.0,417.0,569.0
Knife\Knife_First_Clean_Howard\knife_901.jpg,1280,720,2,212.0,567.0,347.0,719.0
Knife\Knife_First_Clean_Howard\knife_902.jpg,1280,720,2,130.0,396.0,280.0,601.0
Knife\Knife_First_Clean_Howard\knife_903.jpg,1280,720,2,169.0,362.0,315.0,566.0
Knife\Knife_First_Clean_Howard\knife_904.jpg,1280,720,2,157.0,456.0,277.0,632.0
Knife\Knife_First_Clean_Howard\knife_905.jpg,1280,720,2,114.0,546.0,238.0,719.0
Knife\Knife_First_Clean_Howard\knife_906.jpg,1280,720,2,150.0,392.0,305.0,582.0
Knife\Knife_First_Clean_Howard\knife_907.jpg,1280,720,2,314.0,411.0,439.0,602.0
Knife\Knife_First_Clean_Howard\knife_908.jpg,1280,720,2,229.0,236.0,367.0,454.0
Knife\Knife_First_Clean_Howard\knife_909.jpg,1280,720,2,122.0,561.0,253.0,719.0
Knife\Knife_First_Clean_Howard\knife_910.jpg,1280,720,2,119.0,557.0,259.0,719.0
Knife\Knife_First_Clean_Howard\knife_911.jpg,1280,720,2,117.0,554.0,253.0,719.0
Knife\Knife_First_Clean_Howard\knife_912.jpg,1280,720,2,221.0,566.0,345.0,719.0
Knife\Knife_First_Clean_Howard\knife_913.jpg,1280,720,2,199.0,389.0,337.0,621.0
Knife\Knife_First_Clean_Howard\knife_914.jpg,1280,720,2,144.0,446.0,284.0,626.0
Knife\Knife_First_Clean_Howard\knife_915.jpg,1280,720,2,162.0,546.0,282.0,719.0
Knife\Knife_First_Clean_Howard\knife_916.jpg,1280,720,2,120.0,502.0,250.0,719.0
Knife\Knife_First_Clean_Howard\knife_917.jpg,1280,720,2,225.0,279.0,379.0,482.0
Knife\Knife_First_Clean_Howard\knife_918.jpg,1280,720,2,223.0,576.0,345.0,719.0
Knife\Knife_First_Clean_Howard\knife_919.jpg,1280,720,2,114.0,552.0,247.0,719.0
Knife\Knife_First_Clean_Howard\knife_920.jpg,1280,720,2,312.0,402.0,435.0,579.0
Knife\Knife_First_Clean_Howard\knife_921.jpg,1280,720,2,152.0,421.0,287.0,587.0
Knife\Knife_First_Clean_Howard\knife_922.jpg,1280,720,2,126.0,482.0,269.0,719.0
Knife\Knife_First_Clean_Howard\knife_923.jpg,1280,720,2,177.0,379.0,314.0,612.0
Knife\Knife_First_Clean_Howard\knife_925.jpg,1280,720,2,172.0,467.0,297.0,647.0
Knife\Knife_First_Clean_Howard\knife_926.jpg,1280,720,2,109.0,547.0,253.0,719.0
Knife\Knife_First_Clean_Howard\knife_927.jpg,1280,720,2,179.0,421.0,329.0,632.0
Knife\Knife_First_Clean_Howard\knife_928.jpg,1280,720,2,274.0,417.0,399.0,664.0
Knife\Knife_First_Clean_Howard\knife_929.jpg,1280,720,2,120.0,542.0,257.0,719.0
Knife\Knife_First_Clean_Howard\knife_930.jpg,1280,720,2,194.0,396.0,317.0,629.0
Knife\Knife_First_Clean_Howard\knife_931.jpg,1280,720,2,212.0,579.0,344.0,719.0
Knife\Knife_First_Clean_Howard\knife_932.jpg,1280,720,2,210.0,286.0,342.0,516.0
Knife\Knife_First_Clean_Howard\knife_933.jpg,1280,720,2,186.0,592.0,327.0,719.0
Knife\Knife_First_Clean_Howard\knife_934.jpg,1280,720,2,159.0,372.0,317.0,574.0
Knife\Knife_First_Clean_Howard\knife_935.jpg,1280,720,2,195.0,389.0,327.0,597.0
Knife\Knife_First_Clean_Howard\knife_936.jpg,1280,720,2,120.0,566.0,279.0,719.0
Knife\Knife_First_Clean_Howard\knife_937.jpg,1280,720,2,109.0,549.0,263.0,719.0
Knife\Knife_First_Clean_Howard\knife_939.jpg,1280,720,2,192.0,412.0,324.0,602.0
Knife\Knife_First_Clean_Howard\knife_940.jpg,1280,720,2,109.0,551.0,258.0,719.0
Knife\Knife_First_Clean_Howard\knife_941.jpg,1280,720,2,307.0,282.0,440.0,539.0
Knife\Knife_First_Clean_Howard\knife_942.jpg,1280,720,2,247.0,316.0,377.0,562.0
Knife\Knife_First_Clean_Howard\knife_943.jpg,1280,720,2,144.0,362.0,314.0,584.0
Knife\Knife_First_Clean_Howard\knife_944.jpg,1280,720,2,115.0,556.0,271.0,719.0
Knife\Knife_First_Clean_Howard\knife_945.jpg,1280,720,2,154.0,409.0,302.0,597.0
Knife\Knife_First_Clean_Howard\knife_946.jpg,1280,720,2,130.0,547.0,263.0,719.0
Knife\Knife_First_Clean_Howard\knife_947.jpg,1280,720,2,155.0,474.0,287.0,637.0
Knife\Knife_First_Clean_Howard\knife_948.jpg,1280,720,2,299.0,324.0,435.0,526.0
Knife\Knife_First_Clean_Howard\knife_949.jpg,1280,720,2,112.0,562.0,272.0,719.0
Knife\Knife_First_Clean_Howard\knife_950.jpg,1280,720,2,302.0,407.0,450.0,602.0
Knife\Knife_First_Clean_Howard\knife_951.jpg,1280,720,2,300.0,389.0,434.0,562.0
Knife\Knife_First_Clean_Howard\knife_952.jpg,1280,720,2,255.0,276.0,392.0,492.0
Knife\Knife_First_Clean_Howard\knife_953.jpg,1280,720,2,309.0,416.0,445.0,589.0
Knife\Knife_First_Clean_Howard\knife_954.jpg,1280,720,2,115.0,547.0,248.0,719.0
Knife\Knife_First_Clean_Howard\knife_955.jpg,1280,720,2,215.0,361.0,345.0,596.0
Knife\Knife_First_Clean_Howard\knife_956.jpg,1280,720,2,117.0,539.0,261.0,719.0
Knife\Knife_First_Clean_Howard\knife_957.jpg,1280,720,2,115.0,547.0,252.0,719.0
Knife\Knife_First_Clean_Howard\knife_958.jpg,1280,720,2,155.0,364.0,305.0,589.0
Knife\Knife_First_Clean_Howard\knife_961.jpg,1280,720,2,287.0,316.0,405.0,519.0
Knife\Knife_First_Clean_Howard\knife_963.jpg,1280,720,2,155.0,566.0,292.0,719.0
Knife\Knife_First_Clean_Howard\knife_965.jpg,1280,720,2,217.0,326.0,350.0,549.0
Knife\Knife_First_Clean_Howard\knife_966.jpg,1280,720,2,310.0,398.0,449.0,589.0
Knife\Knife_First_Clean_Howard\knife_969.jpg,1280,720,2,169.0,396.0,299.0,611.0
Knife\Knife_First_Clean_Howard\knife_970.jpg,1280,720,2,304.0,542.0,572.0,661.0
Knife\Knife_First_Clean_Howard\knife_971.jpg,1280,720,2,127.0,554.0,259.0,719.0
Knife\Knife_First_Clean_Howard\knife_972.jpg,1280,720,2,152.0,477.0,279.0,631.0
Knife\Knife_First_Clean_Howard\knife_973.jpg,1280,720,2,142.0,384.0,324.0,586.0
Knife\Knife_First_Clean_Howard\knife_974.jpg,1280,720,2,124.0,554.0,260.0,719.0
Knife\Knife_First_Clean_Howard\knife_975.jpg,1280,720,2,109.0,542.0,266.0,719.0
Knife\Knife_First_Clean_Howard\knife_976.jpg,1280,720,2,289.0,417.0,407.0,672.0
Knife\Knife_First_Clean_Howard\knife_977.jpg,1280,720,2,297.0,326.0,432.0,567.0
Knife\Knife_First_Clean_Howard\knife_978.jpg,1280,720,2,170.0,409.0,312.0,642.0
Knife\Knife_First_Clean_Howard\knife_979.jpg,1280,720,2,270.0,346.0,409.0,517.0
Knife\Knife_First_Clean_Howard\knife_980.jpg,1280,720,2,267.0,224.0,387.0,459.0
Knife\Knife_First_Clean_Howard\knife_981.jpg,1280,720,2,204.0,571.0,347.0,719.0
Knife\Knife_First_Clean_Howard\knife_982.jpg,1280,720,2,142.0,412.0,289.0,587.0
Knife\Knife_First_Clean_Howard\knife_983.jpg,1280,720,2,285.0,319.0,434.0,529.0
Knife\Knife_First_Clean_Howard\knife_984.jpg,1280,720,2,107.0,554.0,257.0,719.0
Knife\Knife_First_Clean_Howard\knife_985.jpg,1280,720,2,129.0,561.0,265.0,719.0
Knife\Knife_First_Clean_Howard\knife_986.jpg,1280,720,2,285.0,349.0,427.0,542.0
Knife\Knife_First_Clean_Howard\knife_988.jpg,1280,720,2,72.0,537.0,255.0,697.0
Knife\Knife_First_Clean_Howard\knife_989.jpg,1280,720,2,119.0,562.0,258.0,719.0
Knife\Knife_First_Clean_Howard\knife_990.jpg,1280,720,2,145.0,456.0,279.0,627.0
Knife\Knife_First_Clean_Howard\knife_991.jpg,1280,720,2,315.0,406.0,435.0,582.0
Knife\Knife_First_Clean_Howard\knife_992.jpg,1280,720,2,202.0,572.0,347.0,719.0
Knife\Knife_First_Clean_Howard\knife_994.jpg,1280,720,2,194.0,566.0,349.0,719.0
Knife\Knife_First_Clean_Howard\knife_995.jpg,1280,720,2,219.0,357.0,374.0,557.0
Knife\Knife_First_Clean_Howard\knife_996.jpg,1280,720,2,194.0,419.0,324.0,639.0
Knife\Knife_First_Clean_Howard\knife_998.jpg,1280,720,2,147.0,574.0,324.0,719.0
Knife\Knife_First_Clean_Howard\knife_1000.jpg,1280,720,2,223.0,396.0,318.0,586.0
Knife\Knife_First_Clean_Howard\knife_1001.jpg,1280,720,2,138.0,569.0,263.0,719.0
Knife\Knife_First_Clean_Howard\knife_1003.jpg,1280,720,2,260.0,229.0,355.0,417.0
Knife\Knife_First_Clean_Howard\knife_1006.jpg,1280,720,2,169.0,589.0,308.0,719.0
Knife\Knife_First_Clean_Howard\knife_1008.jpg,1280,720,2,222.0,402.0,320.0,609.0
Knife\Knife_First_Clean_Howard\knife_1011.jpg,1280,720,2,299.0,327.0,430.0,511.0
Knife\Knife_First_Clean_Howard\knife_1012.jpg,1280,720,2,285.0,291.0,437.0,501.0
Knife\Knife_First_Clean_Howard\knife_1014.jpg,1280,720,2,302.0,349.0,418.0,554.0
Knife\Knife_First_Clean_Howard\knife_1015.jpg,1280,720,2,90.0,547.0,228.0,719.0
Knife\Knife_First_Clean_Howard\knife_1016.jpg,1280,720,2,235.0,566.0,362.0,719.0
Knife\Knife_First_Clean_Howard\knife_1017.jpg,1280,720,2,919.0,279.0,1023.0,544.0
Knife\Knife_First_Clean_Howard\knife_1018.jpg,1280,720,2,605.0,394.0,687.0,541.0
Knife\Knife_First_Clean_Howard\knife_1019.jpg,1280,720,2,448.0,492.0,554.0,664.0
Knife\Knife_First_Clean_Howard\knife_1020.jpg,1280,720,2,530.0,135.0,988.0,458.0
Knife\Knife_First_Clean_Howard\knife_1021.jpg,1280,720,2,544.0,191.0,623.0,313.0
Knife\Knife_First_Clean_Howard\knife_1022.jpg,1280,720,2,544.0,274.0,713.0,385.0
Knife\Knife_First_Clean_Howard\knife_1023.jpg,1280,720,2,201.0,38.0,530.0,507.0
Knife\Knife_First_Clean_Howard\knife_1024.jpg,1280,720,2,1.0,261.0,632.0,549.0
Knife\Knife_First_Clean_Howard\knife_1025.jpg,1280,720,2,829.0,288.0,958.0,516.0
Knife\Knife_First_Clean_Howard\knife_1026.jpg,1280,720,2,434.0,265.0,1036.0,445.0
Knife\Knife_First_Clean_Howard\knife_1027.jpg,1280,720,2,138.0,186.0,749.0,538.0
Knife\Knife_First_Clean_Howard\knife_1028.jpg,1280,720,2,607.0,400.0,690.0,541.0
Knife\Knife_First_Clean_Howard\knife_1029.jpg,1280,720,2,546.0,150.0,661.0,246.0
Knife\Knife_First_Clean_Howard\knife_1030.jpg,1280,720,2,457.0,263.0,539.0,471.0
Knife\Knife_First_Clean_Howard\knife_1031.jpg,1280,720,2,489.0,415.0,751.0,537.0
Knife\Knife_First_Clean_Howard\knife_1032.jpg,1280,720,2,202.0,21.0,639.0,621.0
Knife\Knife_First_Clean_Howard\knife_1033.jpg,1280,720,2,453.0,563.0,667.0,625.0
Knife\Knife_First_Clean_Howard\knife_1034.jpg,1280,720,2,199.0,33.0,747.0,533.0
Knife\Knife_First_Clean_Howard\knife_1035.jpg,1280,720,2,177.0,387.0,473.0,557.0
Knife\Knife_First_Clean_Howard\knife_1036.jpg,1280,720,2,562.0,163.0,723.0,257.0
Knife\Knife_First_Clean_Howard\knife_1037.jpg,1280,720,2,369.0,343.0,642.0,685.0
Knife\Knife_First_Clean_Howard\knife_1038.jpg,1280,720,2,661.0,25.0,1063.0,141.0
Knife\Knife_First_Clean_Howard\knife_1039.jpg,1280,720,2,1030.0,277.0,1247.0,382.0
Knife\Knife_First_Clean_Howard\knife_1040.jpg,1280,720,2,142.0,498.0,463.0,681.0
Knife\Knife_First_Clean_Howard\knife_1041.jpg,1280,720,2,458.0,467.0,762.0,654.0
Knife\Knife_First_Clean_Howard\knife_1042.jpg,1280,720,2,225.0,481.0,371.0,577.0
Knife\Knife_First_Clean_Howard\knife_1043.jpg,1280,720,2,158.0,398.0,1243.0,697.0
Knife\Knife_First_Clean_Howard\knife_1044.jpg,1280,720,2,250.0,109.0,855.0,513.0
Knife\Knife_First_Clean_Howard\knife_1045.jpg,1280,720,2,361.0,325.0,637.0,636.0
Knife\Knife_First_Clean_Howard\knife_1046.jpg,1280,720,2,919.0,275.0,1013.0,515.0
Knife\Knife_First_Clean_Howard\knife_1047.jpg,1280,720,2,111.0,43.0,446.0,585.0
Knife\Knife_First_Clean_Howard\knife_1048.jpg,1280,720,2,581.0,258.0,743.0,403.0
Knife\Knife_First_Clean_Howard\knife_1049.jpg,1280,720,2,425.0,550.0,683.0,654.0
Knife\Knife_First_Clean_Howard\knife_1050.jpg,1280,720,2,586.0,417.0,844.0,543.0
Knife\Knife_First_Clean_Howard\knife_1051.jpg,1280,720,2,423.0,250.0,643.0,467.0
Knife\Knife_First_Clean_Howard\knife_1052.jpg,1280,720,2,955.0,278.0,1055.0,523.0
Knife\Knife_First_Clean_Howard\knife_1053.jpg,1280,720,2,654.0,66.0,1087.0,533.0
Knife\Knife_First_Clean_Howard\knife_1054.jpg,1280,720,2,586.0,345.0,949.0,564.0
Knife\Knife_First_Clean_Howard\knife_1055.jpg,1280,720,2,195.0,107.0,677.0,577.0
Knife\Knife_First_Clean_Howard\knife_1056.jpg,1280,720,2,595.0,417.0,678.0,542.0
Knife\Knife_First_Clean_Howard\knife_1057.jpg,1280,720,2,501.0,65.0,765.0,243.0
Knife\Knife_First_Clean_Howard\knife_1058.jpg,1280,720,2,483.0,229.0,669.0,418.0
Knife\Knife_First_Clean_Howard\knife_1059.jpg,1280,720,2,162.0,147.0,607.0,518.0
Knife\Knife_First_Clean_Howard\knife_1060.jpg,1280,720,2,459.0,297.0,905.0,471.0
Knife\Knife_First_Clean_Howard\knife_1061.jpg,1280,720,2,623.0,403.0,763.0,567.0
Knife\Knife_First_Clean_Howard\knife_1062.jpg,1280,720,2,551.0,169.0,669.0,251.0
Knife\Knife_First_Clean_Howard\knife_1063.jpg,1280,720,2,462.0,135.0,661.0,403.0
Knife\Knife_First_Clean_Howard\knife_1064.jpg,1280,720,2,458.0,271.0,566.0,463.0
Knife\Knife_First_Clean_Howard\knife_1065.jpg,1280,720,2,289.0,81.0,885.0,527.0
Knife\Knife_First_Clean_Howard\knife_1066.jpg,1280,720,2,83.0,1.0,395.0,531.0
Knife\Knife_First_Clean_Howard\knife_1067.jpg,1280,720,2,265.0,59.0,577.0,482.0
Knife\Knife_First_Clean_Howard\knife_1068.jpg,1280,720,2,55.0,55.0,443.0,415.0
Knife\Knife_First_Clean_Howard\knife_1069.jpg,1280,720,2,386.0,329.0,652.0,658.0
Knife\Knife_First_Clean_Howard\knife_1070.jpg,1280,720,2,322.0,343.0,559.0,613.0
Knife\Knife_First_Clean_Howard\knife_1071.jpg,1280,720,2,421.0,210.0,570.0,520.0
Knife\Knife_First_Clean_Howard\knife_1072.jpg,1280,720,2,285.0,1.0,697.0,670.0
Knife\Knife_First_Clean_Howard\knife_1073.jpg,1280,720,2,263.0,210.0,747.0,506.0
Knife\Knife_First_Clean_Howard\knife_1074.jpg,1280,720,2,389.0,301.0,654.0,571.0
Knife\Knife_First_Clean_Howard\knife_1075.jpg,1280,720,2,103.0,482.0,373.0,681.0
Knife\Knife_First_Clean_Howard\knife_1076.jpg,1280,720,2,334.0,511.0,449.0,709.0
Knife\Knife_First_Clean_Howard\knife_1077.jpg,1280,720,2,86.0,59.0,474.0,427.0
Knife\Knife_First_Clean_Howard\knife_1078.jpg,1280,720,2,197.0,365.0,1195.0,667.0
Knife\Knife_First_Clean_Howard\knife_1079.jpg,1280,720,2,562.0,321.0,802.0,551.0
Knife\Knife_First_Clean_Howard\knife_1080.jpg,1280,720,2,17.0,1.0,403.0,509.0
Knife\Knife_First_Clean_Howard\knife_1081.jpg,1280,720,2,1.0,1.0,321.0,599.0
Knife\Knife_First_Clean_Howard\knife_1082.jpg,1280,720,2,1.0,49.0,441.0,531.0
Knife\Knife_First_Clean_Howard\knife_1083.jpg,1280,720,2,865.0,315.0,957.0,543.0
Knife\Knife_First_Clean_Howard\knife_1084.jpg,1280,720,2,325.0,233.0,502.0,571.0
Knife\Knife_First_Clean_Howard\knife_1085.jpg,1280,720,2,326.0,333.0,1202.0,616.0
Knife\Knife_First_Clean_Howard\knife_1086.jpg,1280,720,2,245.0,151.0,707.0,542.0
Knife\Knife_First_Clean_Howard\knife_1087.jpg,1280,720,2,26.0,183.0,581.0,553.0
Knife\Knife_First_Clean_Howard\knife_1088.jpg,1280,720,2,606.0,215.0,714.0,401.0
Knife\Knife_First_Clean_Howard\knife_1089.jpg,1280,720,2,739.0,13.0,1174.0,554.0
Knife\Knife_First_Clean_Howard\knife_1090.jpg,1280,720,2,497.0,359.0,578.0,582.0
Knife\Knife_First_Clean_Howard\knife_1091.jpg,1280,720,2,177.0,197.0,734.0,514.0
Knife\Knife_First_Clean_Howard\knife_1092.jpg,1280,720,2,243.0,127.0,639.0,453.0
Knife\Knife_First_Clean_Howard\knife_1093.jpg,1280,720,2,513.0,281.0,585.0,405.0
Knife\Knife_First_Clean_Howard\knife_1094.jpg,1280,720,2,717.0,43.0,1134.0,203.0
Knife\Knife_First_Clean_Howard\knife_1095.jpg,1280,720,2,93.0,31.0,438.0,594.0
Knife\Knife_First_Clean_Howard\knife_1096.jpg,1280,720,2,209.0,159.0,649.0,518.0
Knife\Knife_First_Clean_Howard\knife_1097.jpg,1280,720,2,202.0,386.0,1110.0,655.0
Knife\Knife_First_Clean_Howard\knife_1098.jpg,1280,720,2,217.0,36.0,471.0,507.0
Knife\Knife_First_Clean_Howard\knife_1099.jpg,1280,720,2,693.0,383.0,786.0,654.0
Knife\Knife_First_Clean_Howard\knife_1100.jpg,1280,720,2,441.0,197.0,650.0,473.0
Knife\Knife_First_Clean_Howard\knife_1101.jpg,1280,720,2,111.0,9.0,489.0,555.0
Knife\Knife_First_Clean_Howard\knife_1102.jpg,1280,720,2,607.0,198.0,727.0,413.0
Knife\Knife_First_Clean_Howard\knife_1103.jpg,1280,720,2,581.0,223.0,1142.0,645.0
Knife\Knife_First_Clean_Howard\knife_1104.jpg,1280,720,2,578.0,151.0,735.0,229.0
Knife\Knife_First_Clean_Howard\knife_1105.jpg,1280,720,2,1.0,61.0,546.0,719.0
Knife\Knife_First_Clean_Howard\knife_1106.jpg,1280,720,2,545.0,398.0,825.0,530.0
Knife\Knife_First_Clean_Howard\knife_1107.jpg,1280,720,2,358.0,141.0,759.0,478.0
Knife\Knife_First_Clean_Howard\knife_1108.jpg,1280,720,2,610.0,405.0,861.0,603.0
Knife\Knife_First_Clean_Howard\knife_1109.jpg,1280,720,2,75.0,73.0,493.0,434.0
Knife\Knife_First_Clean_Howard\knife_1110.jpg,1280,720,2,335.0,339.0,612.0,637.0
Knife\Knife_First_Clean_Howard\knife_1111.jpg,1280,720,2,1033.0,263.0,1231.0,371.0
Knife\Knife_First_Clean_Howard\knife_1112.jpg,1280,720,2,397.0,430.0,613.0,557.0
Knife\Knife_First_Clean_Howard\knife_1113.jpg,1280,720,2,557.0,263.0,661.0,373.0
Knife\Knife_First_Clean_Howard\knife_1114.jpg,1280,720,2,1.0,33.0,413.0,487.0
Knife\Knife_First_Clean_Howard\knife_1115.jpg,1280,720,2,213.0,407.0,1180.0,719.0
Knife\Knife_First_Clean_Howard\knife_1116.jpg,1280,720,2,419.0,490.0,510.0,630.0
Knife\Knife_First_Clean_Howard\knife_1117.jpg,1280,720,2,323.0,218.0,490.0,478.0
Knife\Knife_First_Clean_Howard\knife_1118.jpg,1280,720,2,208.0,1.0,509.0,491.0
Knife\Knife_First_Clean_Howard\knife_1119.jpg,1280,720,2,618.0,226.0,757.0,450.0
Knife\Knife_First_Clean_Howard\knife_1120.jpg,1280,720,2,214.0,89.0,765.0,517.0
Knife\Knife_First_Clean_Howard\knife_1121.jpg,1280,720,2,418.0,410.0,663.0,493.0
Knife\Knife_First_Clean_Howard\knife_1122.jpg,1280,720,2,169.0,1.0,585.0,530.0
Knife\Knife_First_Clean_Howard\knife_1123.jpg,1280,720,2,394.0,350.0,575.0,501.0
Knife\Knife_First_Clean_Howard\knife_1124.jpg,1280,720,2,555.0,169.0,638.0,277.0
Knife\Knife_First_Clean_Howard\knife_1125.jpg,1280,720,2,267.0,85.0,634.0,450.0
Knife\Knife_First_Clean_Howard\knife_1126.jpg,1280,720,2,559.0,138.0,1001.0,430.0
Knife\Knife_First_Clean_Howard\knife_1127.jpg,1280,720,2,447.0,290.0,1023.0,443.0
Knife\Knife_First_Clean_Howard\knife_1128.jpg,1280,720,2,586.0,425.0,795.0,547.0
Knife\Knife_First_Clean_Howard\knife_1129.jpg,1280,720,2,917.0,369.0,1082.0,481.0
Knife\Knife_First_Clean_Howard\knife_1130.jpg,1280,720,2,85.0,53.0,471.0,433.0
Knife\Knife_First_Clean_Howard\knife_1131.jpg,1280,720,2,93.0,130.0,567.0,538.0
Knife\Knife_First_Clean_Howard\knife_1132.jpg,1280,720,2,398.0,361.0,1071.0,703.0
Knife\Knife_First_Clean_Howard\knife_1133.jpg,1280,720,2,118.0,185.0,603.0,566.0
Knife\Knife_First_Clean_Howard\knife_1134.jpg,1280,720,2,895.0,294.0,977.0,515.0
Knife\Knife_First_Clean_Howard\knife_1135.jpg,1280,720,2,185.0,174.0,650.0,523.0
Knife\Knife_First_Clean_Howard\knife_1136.jpg,1280,720,2,73.0,242.0,654.0,590.0
Knife\Knife_First_Clean_Howard\knife_1137.jpg,1280,720,2,157.0,37.0,485.0,625.0
Knife\Knife_First_Clean_Howard\knife_1138.jpg,1280,720,2,503.0,210.0,773.0,421.0
Knife\Knife_First_Clean_Howard\knife_1139.jpg,1280,720,2,879.0,308.0,957.0,517.0
Knife\Knife_First_Clean_Howard\knife_1140.jpg,1280,720,2,939.0,294.0,1041.0,531.0
Knife\Knife_First_Clean_Howard\knife_1141.jpg,1280,720,2,202.0,82.0,526.0,458.0
Knife\Knife_First_Clean_Howard\knife_1142.jpg,1280,720,2,553.0,369.0,825.0,643.0
Knife\Knife_First_Clean_Howard\knife_1143.jpg,1280,720,2,917.0,283.0,1001.0,515.0
Knife\Knife_First_Clean_Howard\knife_1144.jpg,1280,720,2,509.0,427.0,733.0,623.0
Knife\Knife_First_Clean_Howard\knife_1145.jpg,1280,720,2,449.0,413.0,747.0,633.0
Knife\Knife_First_Clean_Howard\knife_1146.jpg,1280,720,2,443.0,330.0,587.0,573.0
Knife\Knife_First_Clean_Howard\knife_1147.jpg,1280,720,2,230.0,127.0,726.0,581.0
Knife\Knife_First_Clean_Howard\knife_1148.jpg,1280,720,2,950.0,277.0,1034.0,503.0
Knife\Knife_First_Clean_Howard\knife_1149.jpg,1280,720,2,763.0,555.0,899.0,693.0
Knife\Knife_First_Clean_Howard\knife_1150.jpg,1280,720,2,98.0,183.0,701.0,506.0
Knife\Knife_First_Clean_Howard\knife_1151.jpg,1280,720,2,271.0,353.0,1205.0,617.0
Knife\Knife_First_Clean_Howard\knife_1152.jpg,1280,720,2,405.0,358.0,638.0,655.0
Knife\Knife_First_Clean_Howard\knife_1153.jpg,1280,720,2,566.0,450.0,788.0,547.0
Knife\Knife_First_Clean_Howard\knife_1154.jpg,1280,720,2,762.0,526.0,902.0,686.0
Knife\Knife_First_Clean_Howard\knife_1155.jpg,1280,720,2,915.0,271.0,1002.0,501.0
Knife\Knife_First_Clean_Howard\knife_1156.jpg,1280,720,2,909.0,290.0,1007.0,506.0
Knife\Knife_First_Clean_Howard\knife_1157.jpg,1280,720,2,583.0,149.0,751.0,238.0
Knife\Knife_First_Clean_Howard\knife_1158.jpg,1280,720,2,810.0,23.0,1131.0,142.0
Knife\Knife_First_Clean_Howard\knife_1159.jpg,1280,720,2,343.0,255.0,738.0,435.0
Knife\Knife_First_Clean_Howard\knife_1160.jpg,1280,720,2,342.0,360.0,512.0,487.0
Knife\Knife_First_Clean_Howard\knife_1161.jpg,1280,720,2,306.0,181.0,540.0,423.0
Knife\Knife_First_Clean_Howard\knife_1162.jpg,1280,720,2,850.0,176.0,1058.0,491.0
Knife\Knife_First_Clean_Howard\knife_1162.jpg,1280,720,2,716.0,211.0,820.0,438.0
Knife\Knife_First_Clean_Howard\knife_1162.jpg,1280,720,2,585.0,166.0,700.0,428.0
Knife\Knife_First_Clean_Howard\knife_1163.jpg,1280,720,2,336.0,230.0,462.0,396.0
Knife\Knife_First_Clean_Howard\knife_1164.jpg,1280,720,2,700.0,266.0,909.0,357.0
Knife\Knife_First_Clean_Howard\knife_1165.jpg,1280,720,2,386.0,504.0,643.0,610.0
Knife\Knife_First_Clean_Howard\knife_1166.jpg,1280,720,2,273.0,263.0,425.0,440.0
Knife\Knife_First_Clean_Howard\knife_1167.jpg,1280,720,2,742.0,468.0,821.0,633.0
Knife\Knife_First_Clean_Howard\knife_1168.jpg,1280,720,2,490.0,466.0,603.0,566.0
Knife\Knife_First_Clean_Howard\knife_1169.jpg,1280,720,2,398.0,266.0,575.0,403.0
Knife\Knife_First_Clean_Howard\knife_1170.jpg,1280,720,2,393.0,474.0,670.0,623.0
Knife\Knife_First_Clean_Howard\knife_1171.jpg,1280,720,2,462.0,457.0,648.0,526.0
Knife\Knife_First_Clean_Howard\knife_1172.jpg,1280,720,2,630.0,310.0,818.0,437.0
Knife\Knife_First_Clean_Howard\knife_1173.jpg,1280,720,2,410.0,268.0,753.0,361.0
Knife\Knife_First_Clean_Howard\knife_1174.jpg,1280,720,2,622.0,260.0,710.0,424.0
Knife\Knife_First_Clean_Howard\knife_1174.jpg,1280,720,2,725.0,314.0,866.0,466.0
Knife\Knife_First_Clean_Howard\knife_1175.jpg,1280,720,2,573.0,321.0,670.0,447.0
Knife\Knife_First_Clean_Howard\knife_1176.jpg,1280,720,2,480.0,424.0,585.0,536.0
Knife\Knife_First_Clean_Howard\knife_1177.jpg,1280,720,2,603.0,508.0,765.0,596.0
Knife\Knife_First_Clean_Howard\knife_1178.jpg,1280,720,2,629.0,328.0,725.0,476.0
Knife\Knife_First_Clean_Howard\knife_1178.jpg,1280,720,2,742.0,311.0,835.0,477.0
Knife\Knife_First_Clean_Howard\knife_1179.jpg,1280,720,2,256.0,231.0,442.0,430.0
Knife\Knife_First_Clean_Howard\knife_1180.jpg,1280,720,2,598.0,328.0,728.0,430.0
Knife\Knife_First_Clean_Howard\knife_1181.jpg,1280,720,2,629.0,78.0,828.0,296.0
Knife\Knife_First_Clean_Howard\knife_1182.jpg,1280,720,2,826.0,343.0,960.0,493.0
Knife\Knife_First_Clean_Howard\knife_1183.jpg,1280,720,2,589.0,316.0,675.0,473.0
Knife\Knife_First_Clean_Howard\knife_1184.jpg,1280,720,2,265.0,251.0,455.0,404.0
Knife\Knife_First_Clean_Howard\knife_1185.jpg,1280,720,2,612.0,250.0,709.0,431.0
Knife\Knife_First_Clean_Howard\knife_1186.jpg,1280,720,2,326.0,227.0,443.0,427.0
Knife\Knife_First_Clean_Howard\knife_1187.jpg,1280,720,2,618.0,337.0,729.0,426.0
Knife\Knife_First_Clean_Howard\knife_1188.jpg,1280,720,2,678.0,193.0,855.0,350.0
Knife\Knife_First_Clean_Howard\knife_1189.jpg,1280,720,2,265.0,243.0,442.0,413.0
Knife\Knife_First_Clean_Howard\knife_1190.jpg,1280,720,2,249.0,283.0,429.0,430.0
Knife\Knife_First_Clean_Howard\knife_1191.jpg,1280,720,2,432.0,538.0,659.0,666.0
Knife\Knife_First_Clean_Howard\knife_1192.jpg,1280,720,2,619.0,364.0,838.0,464.0
Knife\Knife_First_Clean_Howard\knife_1193.jpg,1280,720,2,285.0,363.0,548.0,488.0
Knife\Knife_First_Clean_Howard\knife_1194.jpg,1280,720,2,612.0,267.0,1103.0,456.0
Knife\Knife_First_Clean_Howard\knife_1195.jpg,1280,720,2,326.0,366.0,568.0,461.0
Knife\Knife_First_Clean_Howard\knife_1196.jpg,1280,720,2,653.0,294.0,798.0,467.0
Knife\Knife_First_Clean_Howard\knife_1197.jpg,1280,720,2,382.0,267.0,620.0,397.0
Knife\Knife_First_Clean_Howard\knife_1198.jpg,1280,720,2,595.0,327.0,736.0,430.0
Knife\Knife_First_Clean_Howard\knife_1199.jpg,1280,720,2,376.0,302.0,597.0,417.0
Knife\Knife_First_Clean_Howard\knife_1200.jpg,1280,720,2,572.0,474.0,705.0,566.0
Knife\Knife_First_Clean_Howard\knife_1201.jpg,1280,720,2,435.0,574.0,625.0,700.0
Knife\Knife_First_Clean_Howard\knife_1202.jpg,1280,720,2,599.0,506.0,769.0,606.0
Knife\Knife_First_Clean_Howard\knife_1203.jpg,1280,720,2,618.0,274.0,695.0,451.0
Knife\Knife_First_Clean_Howard\knife_1204.jpg,1280,720,2,812.0,334.0,943.0,491.0
Knife\Knife_First_Clean_Howard\knife_1205.jpg,1280,720,2,443.0,527.0,673.0,667.0
Knife\Knife_First_Clean_Howard\knife_1206.jpg,1280,720,2,552.0,141.0,693.0,338.0
Knife\Knife_First_Clean_Howard\knife_1207.jpg,1280,720,2,738.0,433.0,818.0,634.0
Knife\Knife_First_Clean_Howard\knife_1208.jpg,1280,720,2,278.0,357.0,546.0,484.0
Knife\Knife_First_Clean_Howard\knife_1209.jpg,1280,720,2,605.0,141.0,716.0,378.0
Knife\Knife_First_Clean_Howard\knife_1210.jpg,1280,720,2,438.0,521.0,623.0,661.0
Knife\Knife_First_Clean_Howard\knife_1211.jpg,1280,720,2,502.0,328.0,625.0,506.0
Knife\Knife_First_Clean_Howard\knife_1212.jpg,1280,720,2,562.0,447.0,712.0,530.0
Knife\Knife_First_Clean_Howard\knife_1213.jpg,1280,720,2,725.0,204.0,829.0,441.0
Knife\Knife_First_Clean_Howard\knife_1214.jpg,1280,720,2,580.0,467.0,732.0,613.0
Knife\Knife_First_Clean_Howard\knife_1215.jpg,1280,720,2,686.0,251.0,839.0,463.0
Knife\Knife_First_Clean_Howard\knife_1216.jpg,1280,720,2,878.0,131.0,1093.0,548.0
Knife\Knife_First_Clean_Howard\knife_1216.jpg,1280,720,2,720.0,218.0,810.0,406.0
Knife\Knife_First_Clean_Howard\knife_1216.jpg,1280,720,2,592.0,166.0,700.0,406.0
Knife\Knife_First_Clean_Howard\knife_1217.jpg,1280,720,2,609.0,273.0,702.0,450.0
Knife\Knife_First_Clean_Howard\knife_1217.jpg,1280,720,2,722.0,329.0,861.0,484.0
Knife\Knife_First_Clean_Howard\knife_1218.jpg,1280,720,2,623.0,321.0,718.0,463.0
Knife\Knife_First_Clean_Howard\knife_1218.jpg,1280,720,2,732.0,337.0,838.0,500.0
Knife\Knife_First_Clean_Howard\knife_1219.jpg,1280,720,2,945.0,161.0,1023.0,354.0
Knife\Knife_First_Clean_Howard\knife_1220.jpg,1280,720,2,458.0,503.0,649.0,680.0
Knife\Knife_First_Clean_Howard\knife_1221.jpg,1280,720,2,558.0,108.0,689.0,381.0
Knife\Knife_First_Clean_Howard\knife_1222.jpg,1280,720,2,632.0,307.0,829.0,467.0
Knife\Knife_First_Clean_Howard\knife_1223.jpg,1280,720,2,489.0,221.0,618.0,443.0
Knife\Knife_First_Clean_Howard\knife_1224.jpg,1280,720,2,756.0,293.0,920.0,430.0
Knife\Knife_First_Clean_Howard\knife_1225.jpg,1280,720,2,708.0,364.0,914.0,464.0
Knife\Knife_First_Clean_Howard\knife_1226.jpg,1280,720,2,623.0,346.0,775.0,457.0
Knife\Knife_First_Clean_Howard\knife_1227.jpg,1280,720,2,720.0,203.0,849.0,386.0
Knife\Knife_First_Clean_Howard\knife_1228.jpg,1280,720,2,502.0,507.0,698.0,580.0
Knife\Knife_First_Clean_Howard\knife_1229.jpg,1280,720,2,698.0,266.0,890.0,366.0
Knife\Knife_First_Clean_Howard\knife_1230.jpg,1280,720,2,928.0,150.0,999.0,311.0
Knife\Knife_First_Clean_Howard\knife_1231.jpg,1280,720,2,600.0,333.0,732.0,420.0
Knife\Knife_First_Clean_Howard\knife_1232.jpg,1280,720,2,455.0,428.0,578.0,541.0
Knife\Knife_First_Clean_Howard\knife_1233.jpg,1280,720,2,758.0,323.0,919.0,451.0
Knife\Knife_First_Clean_Howard\knife_1234.jpg,1280,720,2,466.0,443.0,598.0,563.0
Knife\Knife_First_Clean_Howard\knife_1235.jpg,1280,720,2,650.0,248.0,866.0,363.0
Knife\Knife_First_Clean_Howard\knife_1236.jpg,1280,720,2,380.0,214.0,568.0,551.0
Knife\Knife_First_Clean_Howard\knife_1236.jpg,1280,720,2,605.0,167.0,723.0,423.0
Knife\Knife_First_Clean_Howard\knife_1236.jpg,1280,720,2,743.0,217.0,836.0,428.0
Knife\Knife_First_Clean_Howard\knife_1237.jpg,1280,720,2,646.0,373.0,892.0,511.0
Knife\Knife_First_Clean_Howard\knife_1238.jpg,1280,720,2,740.0,425.0,832.0,631.0
Knife\Knife_First_Clean_Howard\knife_1239.jpg,1280,720,2,722.0,184.0,863.0,323.0
Knife\Knife_First_Clean_Howard\knife_1240.jpg,1280,720,2,245.0,371.0,425.0,463.0
Knife\Knife_First_Clean_Howard\knife_1241.jpg,1280,720,2,182.0,527.0,465.0,611.0
Knife\Knife_First_Clean_Howard\knife_1242.jpg,1280,720,2,630.0,320.0,720.0,463.0
Knife\Knife_First_Clean_Howard\knife_1242.jpg,1280,720,2,730.0,320.0,845.0,480.0
Knife\Knife_First_Clean_Howard\knife_1243.jpg,1280,720,2,602.0,264.0,1089.0,467.0
Knife\Knife_First_Clean_Howard\knife_1244.jpg,1280,720,2,568.0,463.0,732.0,537.0
Knife\Knife_First_Clean_Howard\knife_1245.jpg,1280,720,2,636.0,296.0,768.0,476.0
Knife\Knife_First_Clean_Howard\knife_1246.jpg,1280,720,2,642.0,298.0,765.0,480.0
Knife\Knife_First_Clean_Howard\knife_1247.jpg,1280,720,2,365.0,416.0,442.0,500.0
Knife\Knife_First_Clean_Howard\knife_1247.jpg,1280,720,2,470.0,207.0,566.0,383.0
Knife\Knife_First_Clean_Howard\knife_1248.jpg,1280,720,2,688.0,204.0,899.0,344.0
Knife\Knife_First_Clean_Howard\knife_1249.jpg,1280,720,2,646.0,351.0,728.0,464.0
Knife\Knife_First_Clean_Howard\knife_1249.jpg,1280,720,2,760.0,347.0,849.0,503.0
Knife\Knife_First_Clean_Howard\knife_1250.jpg,1280,720,2,628.0,466.0,750.0,560.0
Knife\Knife_First_Clean_Howard\knife_1251.jpg,1280,720,2,305.0,240.0,448.0,390.0
Knife\Knife_First_Clean_Howard\knife_1252.jpg,1280,720,2,558.0,313.0,688.0,451.0
Knife\Knife_First_Clean_Howard\knife_1253.jpg,1280,720,2,620.0,287.0,703.0,444.0
Knife\Knife_First_Clean_Howard\knife_1254.jpg,1280,720,2,953.0,198.0,1045.0,356.0
Knife\Knife_First_Clean_Howard\knife_1255.jpg,1280,720,2,685.0,260.0,868.0,386.0
Knife\Knife_First_Clean_Howard\knife_1256.jpg,1280,720,2,699.0,253.0,896.0,358.0
Knife\Knife_First_Clean_Howard\knife_1257.jpg,1280,720,2,653.0,311.0,799.0,468.0
Knife\Knife_First_Clean_Howard\knife_1258.jpg,1280,720,2,362.0,293.0,469.0,413.0
Knife\Knife_First_Clean_Howard\knife_1259.jpg,1280,720,2,339.0,326.0,525.0,468.0
Knife\Knife_First_Clean_Howard\knife_1260.jpg,1280,720,2,363.0,244.0,522.0,420.0
Knife\Knife_First_Clean_Howard\knife_1261.jpg,1280,720,2,369.0,381.0,545.0,470.0
Knife\Knife_First_Clean_Howard\knife_1262.jpg,1280,720,2,463.0,461.0,585.0,574.0
Knife\Knife_First_Clean_Howard\knife_1263.jpg,1280,720,2,502.0,453.0,613.0,557.0
Knife\Knife_First_Clean_Howard\knife_1264.jpg,1280,720,2,896.0,187.0,1030.0,340.0
Knife\Knife_First_Clean_Howard\knife_1265.jpg,1280,720,2,699.0,281.0,832.0,453.0
Knife\Knife_First_Clean_Howard\knife_1266.jpg,1280,720,2,366.0,463.0,575.0,570.0
Knife\Knife_First_Clean_Howard\knife_1267.jpg,1280,720,2,588.0,253.0,699.0,444.0
Knife\Knife_First_Clean_Howard\knife_1268.jpg,1280,720,2,684.0,225.0,767.0,395.0
Knife\Knife_First_Clean_Howard\knife_1269.jpg,1280,720,2,541.0,228.0,684.0,309.0
Knife\Knife_First_Clean_Howard\knife_1270.jpg,1280,720,2,669.0,115.0,747.0,294.0
Knife\Knife_First_Clean_Howard\knife_1271.jpg,1280,720,2,575.0,188.0,700.0,373.0
Knife\Knife_First_Clean_Howard\knife_1272.jpg,1280,720,2,617.0,121.0,668.0,288.0
Knife\Knife_First_Clean_Howard\knife_1272.jpg,1280,720,2,678.0,236.0,757.0,416.0
Knife\Knife_First_Clean_Howard\knife_1273.jpg,1280,720,2,221.0,250.0,389.0,385.0
Knife\Knife_First_Clean_Howard\knife_1274.jpg,1280,720,2,341.0,430.0,444.0,571.0
Knife\Knife_First_Clean_Howard\knife_1275.jpg,1280,720,2,569.0,165.0,671.0,297.0
Knife\Knife_First_Clean_Howard\knife_1275.jpg,1280,720,2,699.0,318.0,771.0,452.0
Knife\Knife_First_Clean_Howard\knife_1276.jpg,1280,720,2,380.0,403.0,489.0,555.0
Knife\Knife_First_Clean_Howard\knife_1277.jpg,1280,720,2,903.0,98.0,1018.0,242.0
Knife\Knife_First_Clean_Howard\knife_1278.jpg,1280,720,2,372.0,73.0,512.0,168.0
Knife\Knife_First_Clean_Howard\knife_1279.jpg,1280,720,2,972.0,276.0,1047.0,427.0
Knife\Knife_First_Clean_Howard\knife_1280.jpg,1280,720,2,547.0,171.0,720.0,319.0
Knife\Knife_First_Clean_Howard\knife_1281.jpg,1280,720,2,408.0,336.0,487.0,413.0
Knife\Knife_First_Clean_Howard\knife_1282.jpg,1280,720,2,657.0,200.0,765.0,353.0
Knife\Knife_First_Clean_Howard\knife_1283.jpg,1280,720,2,329.0,582.0,495.0,653.0
Knife\Knife_First_Clean_Howard\knife_1284.jpg,1280,720,2,472.0,276.0,541.0,391.0
Knife\Knife_First_Clean_Howard\knife_1285.jpg,1280,720,2,511.0,253.0,612.0,427.0
Knife\Knife_First_Clean_Howard\knife_1286.jpg,1280,720,2,684.0,146.0,747.0,349.0
Knife\Knife_First_Clean_Howard\knife_1287.jpg,1280,720,2,930.0,125.0,1036.0,265.0
Knife\Knife_First_Clean_Howard\knife_1288.jpg,1280,720,2,505.0,295.0,623.0,436.0
Knife\Knife_First_Clean_Howard\knife_1289.jpg,1280,720,2,475.0,142.0,584.0,373.0
Knife\Knife_First_Clean_Howard\knife_1290.jpg,1280,720,2,459.0,246.0,539.0,401.0
Knife\Knife_First_Clean_Howard\knife_1291.jpg,1280,720,2,647.0,288.0,792.0,427.0
Knife\Knife_First_Clean_Howard\knife_1292.jpg,1280,720,2,908.0,242.0,977.0,403.0
Knife\Knife_First_Clean_Howard\knife_1293.jpg,1280,720,2,633.0,127.0,697.0,273.0
Knife\Knife_First_Clean_Howard\knife_1293.jpg,1280,720,2,712.0,147.0,780.0,361.0
Knife\Knife_First_Clean_Howard\knife_1294.jpg,1280,720,2,923.0,292.0,990.0,449.0
Knife\Knife_First_Clean_Howard\knife_1295.jpg,1280,720,2,590.0,203.0,727.0,333.0
Knife\Knife_First_Clean_Howard\knife_1296.jpg,1280,720,2,605.0,268.0,829.0,333.0
Knife\Knife_First_Clean_Howard\knife_1297.jpg,1280,720,2,384.0,427.0,511.0,555.0
Knife\Knife_First_Clean_Howard\knife_1298.jpg,1280,720,2,700.0,186.0,909.0,271.0
Knife\Knife_First_Clean_Howard\knife_1299.jpg,1280,720,2,493.0,216.0,557.0,347.0
Knife\Knife_First_Clean_Howard\knife_1300.jpg,1280,720,2,430.0,428.0,518.0,580.0
Knife\Knife_First_Clean_Howard\knife_1301.jpg,1280,720,2,968.0,176.0,1051.0,316.0
Knife\Knife_First_Clean_Howard\knife_1302.jpg,1280,720,2,460.0,167.0,535.0,388.0
Knife\Knife_First_Clean_Howard\knife_1303.jpg,1280,720,2,424.0,201.0,603.0,365.0
Knife\Knife_First_Clean_Howard\knife_1304.jpg,1280,720,2,351.0,253.0,477.0,397.0
Knife\Knife_First_Clean_Howard\knife_1305.jpg,1280,720,2,274.0,397.0,409.0,516.0
Knife\Knife_First_Clean_Howard\knife_1306.jpg,1280,720,2,695.0,244.0,811.0,413.0
Knife\Knife_First_Clean_Howard\knife_1307.jpg,1280,720,2,615.0,155.0,754.0,340.0
Knife\Knife_First_Clean_Howard\knife_1308.jpg,1280,720,2,472.0,339.0,639.0,444.0
Knife\Knife_First_Clean_Howard\knife_1309.jpg,1280,720,2,511.0,198.0,597.0,395.0
Knife\Knife_First_Clean_Howard\knife_1310.jpg,1280,720,2,515.0,288.0,618.0,431.0
Knife\Knife_First_Clean_Howard\knife_1311.jpg,1280,720,2,399.0,194.0,638.0,282.0
Knife\Knife_First_Clean_Howard\knife_1312.jpg,1280,720,2,493.0,264.0,611.0,409.0
Knife\Knife_First_Clean_Howard\knife_1313.jpg,1280,720,2,657.0,349.0,864.0,447.0
Knife\Knife_First_Clean_Howard\knife_1314.jpg,1280,720,2,623.0,207.0,744.0,370.0
Knife\Knife_First_Clean_Howard\knife_1315.jpg,1280,720,2,912.0,198.0,1003.0,358.0
Knife\Knife_First_Clean_Howard\knife_1316.jpg,1280,720,2,80.0,427.0,241.0,488.0
Knife\Knife_First_Clean_Howard\knife_1317.jpg,1280,720,2,844.0,264.0,915.0,427.0
Knife\Knife_First_Clean_Howard\knife_1318.jpg,1280,720,2,508.0,394.0,715.0,507.0
Knife\Knife_First_Clean_Howard\knife_1319.jpg,1280,720,2,608.0,374.0,687.0,536.0
Knife\Knife_First_Clean_Howard\knife_1320.jpg,1280,720,2,486.0,204.0,608.0,415.0
Knife\Knife_First_Clean_Howard\knife_1321.jpg,1280,720,2,611.0,128.0,692.0,288.0
Knife\Knife_First_Clean_Howard\knife_1321.jpg,1280,720,2,692.0,86.0,735.0,309.0
Knife\Knife_First_Clean_Howard\knife_1322.jpg,1280,720,2,615.0,304.0,690.0,447.0
Knife\Knife_First_Clean_Howard\knife_1323.jpg,1280,720,2,309.0,489.0,396.0,646.0
Knife\Knife_First_Clean_Howard\knife_1324.jpg,1280,720,2,695.0,495.0,871.0,615.0
Knife\Knife_First_Clean_Howard\knife_1325.jpg,1280,720,2,186.0,255.0,318.0,385.0
Knife\Knife_First_Clean_Howard\knife_1326.jpg,1280,720,2,778.0,330.0,847.0,498.0
Knife\Knife_First_Clean_Howard\knife_1327.jpg,1280,720,2,812.0,321.0,880.0,495.0
Knife\Knife_First_Clean_Howard\knife_1328.jpg,1280,720,2,672.0,146.0,756.0,312.0
Knife\Knife_First_Clean_Howard\knife_1329.jpg,1280,720,2,421.0,95.0,571.0,267.0
Knife\Knife_First_Clean_Howard\knife_1330.jpg,1280,720,2,414.0,344.0,583.0,436.0
Knife\Knife_First_Clean_Howard\knife_1331.jpg,1280,720,2,697.0,143.0,775.0,337.0
Knife\Knife_First_Clean_Howard\knife_1332.jpg,1280,720,2,668.0,300.0,735.0,421.0
Knife\Knife_First_Clean_Howard\knife_1333.jpg,1280,720,2,697.0,195.0,765.0,382.0
Knife\Knife_First_Clean_Howard\knife_1334.jpg,1280,720,2,484.0,159.0,565.0,376.0
Knife\Knife_First_Clean_Howard\knife_1335.jpg,1280,720,2,699.0,206.0,792.0,368.0
Knife\Knife_First_Clean_Howard\knife_1336.jpg,1280,720,2,523.0,364.0,596.0,544.0
Knife\Knife_First_Clean_Howard\knife_1337.jpg,1280,720,2,369.0,249.0,527.0,337.0
Knife\Knife_First_Clean_Howard\knife_1338.jpg,1280,720,2,560.0,386.0,699.0,492.0
Knife\Knife_First_Clean_Howard\knife_1339.jpg,1280,720,2,647.0,344.0,730.0,521.0
Knife\Knife_First_Clean_Howard\knife_1340.jpg,1280,720,2,671.0,309.0,833.0,477.0
Knife\Knife_First_Clean_Howard\knife_1341.jpg,1280,720,2,492.0,192.0,593.0,392.0
Knife\Knife_First_Clean_Howard\knife_1342.jpg,1280,720,2,605.0,136.0,681.0,306.0
Knife\Knife_First_Clean_Howard\knife_1342.jpg,1280,720,2,730.0,261.0,790.0,431.0
Knife\Knife_First_Clean_Howard\knife_1343.jpg,1280,720,2,496.0,262.0,663.0,376.0
Knife\Knife_First_Clean_Howard\knife_1344.jpg,1280,720,2,306.0,453.0,427.0,594.0
Knife\Knife_First_Clean_Howard\knife_1345.jpg,1280,720,2,480.0,328.0,547.0,449.0
Knife\Knife_First_Clean_Howard\knife_1346.jpg,1280,720,2,238.0,440.0,341.0,615.0
Knife\Knife_First_Clean_Howard\knife_1347.jpg,1280,720,2,414.0,415.0,577.0,506.0
Knife\Knife_First_Clean_Howard\knife_1348.jpg,1280,720,2,465.0,398.0,568.0,559.0
Knife\Knife_First_Clean_Howard\knife_1349.jpg,1280,720,2,429.0,118.0,500.0,321.0
Knife\Knife_First_Clean_Howard\knife_1350.jpg,1280,720,2,486.0,203.0,692.0,322.0
Knife\Knife_First_Clean_Howard\online1.jpg,1000,667,2,188.0,148.0,477.0,591.0
Knife\Knife_First_Clean_Howard\online2.jpg,670,447,2,151.0,125.0,428.0,441.0
Knife\Knife_First_Clean_Howard\online3.jpg,1920,1080,2,536.0,458.0,1227.0,740.0
Knife\Knife_First_Clean_Howard\online4.jpg,800,533,2,206.0,141.0,603.0,441.0
Knife\Knife_First_Clean_Howard\online5.jpg,800,533,2,205.0,92.0,591.0,450.0
Knife\Knife_First_Clean_Howard\sharpenKnife000.jpg,1280,720,2,682.0,555.0,1025.0,668.0
Knife\Knife_First_Clean_Howard\sharpenKnife002.jpg,1280,720,2,696.0,575.0,1042.0,671.0
Knife\Knife_First_Clean_Howard\sharpenKnife004.jpg,1280,720,2,694.0,565.0,1049.0,671.0
Knife\Knife_First_Clean_Howard\sharpenKnife006.jpg,1280,720,2,696.0,565.0,1050.0,674.0
Knife\Knife_First_Clean_Howard\sharpenKnife027.jpg,1280,720,2,737.0,520.0,1086.0,617.0
Knife\Knife_First_Clean_Howard\sharpenKnife028.jpg,1280,720,2,640.0,438.0,926.0,530.0
Knife\Knife_First_Clean_Howard\sharpenKnife030.jpg,1280,720,2,649.0,446.0,914.0,538.0
Knife\Knife_First_Clean_Howard\sharpenKnife032.jpg,1280,720,2,645.0,455.0,919.0,535.0
Knife\Knife_First_Clean_Howard\sharpenKnife035.jpg,1280,720,2,643.0,465.0,933.0,541.0
Knife\Knife_First_Clean_Howard\sharpenKnife039.jpg,1280,720,2,472.0,542.0,774.0,643.0
Knife\Knife_First_Clean_Howard\sharpenKnife041.jpg,1280,720,2,472.0,533.0,778.0,628.0
Knife\Knife_First_Clean_Howard\sharpenKnife043.jpg,1280,720,2,464.0,525.0,765.0,621.0
Knife\Knife_First_Clean_Howard\sharpenKnife046.jpg,1280,720,2,434.0,552.0,736.0,631.0
Knife\Knife_First_Clean_Howard\sharpenKnife048.jpg,1280,720,2,416.0,533.0,720.0,627.0
Knife\Knife_First_Clean_Howard\sharpenKnife057.jpg,1280,720,2,409.0,506.0,714.0,601.0
Knife\Knife_First_Clean_Howard\sharpenKnife089.jpg,1280,720,2,679.0,446.0,952.0,539.0
Knife\Knife_First_Clean_Howard\sharpenKnife091.jpg,1280,720,2,681.0,460.0,936.0,556.0
Knife\Knife_First_Clean_Howard\sharpenKnife096.jpg,1280,720,2,677.0,461.0,957.0,561.0
Knife\Knife_First_Clean_Howard\sharpenKnife099.jpg,1280,720,2,513.0,150.0,819.0,353.0
Knife\Knife_First_Clean_Howard\sharpenKnife099.jpg,1280,720,2,246.0,121.0,407.0,356.0
Knife\Knife_First_Clean_Howard\sharpenKnife100.jpg,1280,720,2,194.0,107.0,391.0,367.0
Knife\Knife_First_Clean_Howard\sharpenKnife100.jpg,1280,720,2,501.0,131.0,841.0,365.0
Knife\Knife_First_Clean_Howard\sharpenKnife101.jpg,1280,720,2,149.0,103.0,364.0,390.0
Knife\Knife_First_Clean_Howard\sharpenKnife101.jpg,1280,720,2,489.0,126.0,867.0,378.0
Knife\Knife_First_Clean_Howard\sharpenKnife102.jpg,1280,720,2,77.0,96.0,344.0,422.0
Knife\Knife_First_Clean_Howard\sharpenKnife102.jpg,1280,720,2,461.0,117.0,903.0,412.0
Knife\Knife_First_Clean_Howard\sharpenKnife109.jpg,1280,720,2,195.0,336.0,1183.0,521.0
Knife\Knife_First_Clean_Howard\sharpenKnife110.jpg,1280,720,2,187.0,357.0,1173.0,524.0
Knife\Knife_First_Clean_Howard\sharpenKnife111.jpg,1280,720,2,186.0,322.0,1171.0,493.0
Knife\Knife_First_Clean_Howard\sharpenKnife129.jpg,1280,720,2,277.0,169.0,1109.0,531.0
Knife\Knife_First_Clean_Howard\sharpenKnife159.jpg,1280,720,2,536.0,351.0,778.0,425.0
Knife\Knife_First_Clean_Howard\sharpenKnife161.jpg,1280,720,2,558.0,355.0,806.0,434.0
Knife\Knife_First_Clean_Howard\sharpenKnife163.jpg,1280,720,2,576.0,364.0,829.0,447.0
Knife\Knife_First_Clean_Howard\sharpenKnife180.jpg,1280,720,2,612.0,435.0,830.0,537.0
Knife\Knife_First_Clean_Howard\sharpenKnife182.jpg,1280,720,2,610.0,436.0,824.0,530.0
Knife\Knife_First_Clean_Howard\sharpenKnife193.jpg,1280,720,2,620.0,388.0,866.0,484.0
Knife\Knife_First_Clean_Howard\sharpenKnife194.jpg,1280,720,2,623.0,369.0,861.0,475.0
Knife\Knife_First_Clean_Howard\sharpenKnife200.jpg,1280,720,2,584.0,425.0,721.0,500.0
Knife\Knife_First_Clean_Howard\sharpenKnife202.jpg,1280,720,2,575.0,440.0,728.0,511.0
Knife\Knife_First_Clean_Howard\sharpenKnife211.jpg,1280,720,2,571.0,448.0,733.0,497.0
Knife\Knife_First_Clean_Howard\sharpenKnife226.jpg,1280,720,2,421.0,514.0,530.0,586.0
Knife\Knife_First_Clean_Howard\sharpenKnife227.jpg,1280,720,2,414.0,505.0,533.0,582.0
Knife\Knife_First_Clean_Howard\sharpenKnife242.jpg,1280,720,2,495.0,522.0,651.0,566.0
Knife\Knife_First_Clean_Howard\sharpenKnife248.jpg,1280,720,2,510.0,509.0,654.0,551.0
Knife\Knife_First_Clean_Howard\sharpenKnife254.jpg,1280,720,2,511.0,412.0,665.0,503.0
Knife\Knife_First_Clean_Howard\sharpenKnife261.jpg,1280,720,2,494.0,484.0,600.0,557.0
Knife\Knife_First_Clean_Howard\sharpenKnife272.jpg,1280,720,2,512.0,547.0,672.0,642.0
Knife\Knife_First_Clean_Howard\sharpenKnife297.jpg,1280,720,2,327.0,121.0,1042.0,333.0
Knife\Knife_First_Clean_Howard\sharpenKnife298.jpg,1280,720,2,350.0,170.0,1095.0,370.0
Knife\Knife_First_Clean_Howard\sharpenKnife299.jpg,1280,720,2,412.0,244.0,1200.0,436.0
Knife\Knife_First_Clean_Howard\sharpenKnife300.jpg,1280,720,2,557.0,171.0,1279.0,541.0
Knife\Knife_First_Clean_Howard\sharpenKnife301.jpg,1280,720,2,670.0,166.0,1279.0,534.0
Knife\Knife_First_Clean_Howard\sharpenKnife303.jpg,1280,720,2,400.0,133.0,1182.0,379.0
