ImageID,Source,LabelName,Confidence,XMin,XMax,YMin,YMax,IsOccluded,IsTruncated,IsGroupOf,IsDepiction,IsInside,XClick1X,XClick2X,XClick3X,XClick4X,XClick1Y,XClick2Y,XClick3Y,XClick4Y
0005451344f10814,xclick,/m/04ctx,1,0.02625,0.89625,0.105,0.888333,0,0,0,0,0,0.02625,0.176875,0.89625,0.7475,0.6525,0.888333,0.14,0.105
0027b445b545ae1c,xclick,/m/04ctx,1,0.167187,0.865625,0.033573,0.863309,0,0,0,0,0,0.365625,0.167187,0.864062,0.865625,0.033573,0.304556,0.863309,0.844125
00329773aa14e3ad,xclick,/m/04ctx,1,0.141602,0.920898,0.178385,0.816406,0,0,0,0,0,0.441406,0.920898,0.141602,0.191406,0.178385,0.347656,0.723958,0.816406
00459f3bf70283d3,xclick,/m/04ctx,1,0.021875,0.97375,0.301667,0.516667,0,0,0,0,0,0.021875,0.74375,0.97375,0.921875,0.355,0.301667,0.449167,0.516667
00459f3bf70283d3,xclick,/m/04ctx,1,0.188125,0.836875,0.568333,0.716667,0,0,0,0,0,0.188125,0.530625,0.836875,0.539375,0.605833,0.568333,0.671667,0.716667
00459f3bf70283d3,xclick,/m/058qzx,1,0.02,0.9775,0.296667,0.511667,0,0,0,0,0,0.930625,0.9775,0.02,0.579375,0.511667,0.395,0.353333,0.296667
00459f3bf70283d3,xclick,/m/058qzx,1,0.185625,0.82875,0.570833,0.706667,0,0,0,0,0,0.503125,0.52625,0.185625,0.82875,0.570833,0.706667,0.601667,0.67
0045a7e07dd4fa0e,xclick,/m/0gxl3,1,0.65625,0.8175,0.437807,0.509487,1,0,0,0,0,0.65625,0.665,0.8175,0.74875,0.468025,0.437807,0.45116,0.509487
004eb6ca27183afe,xclick,/m/0gxl3,1,0.64,0.790625,0.549719,0.653846,1,0,0,0,0,0.64,0.790625,0.6575,0.695,0.580675,0.636023,0.549719,0.653846
0065a51ab60e59fe,xclick,/m/0gxl3,1,0.1325,0.776875,0.117701,0.813869,1,0,0,0,0,0.2875,0.776875,0.263125,0.1325,0.813869,0.254562,0.117701,0.739051
0065a9f1ac8ca2b4,xclick,/m/0gxl3,1,0.125,0.67375,0.221388,0.511257,1,0,0,0,0,0.67375,0.358125,0.125,0.404375,0.28424,0.221388,0.375235,0.511257
0065a9f1ac8ca2b4,xclick,/m/0gxl3,1,0.806875,0.956875,0.397749,0.445591,1,0,0,0,0,0.956875,0.8875,0.875,0.806875,0.409006,0.445591,0.397749,0.443715
006fb86aed487201,xclick,/m/0gxl3,1,0.06625,0.359375,0.206767,0.850564,1,0,0,0,0,0.300625,0.359375,0.301875,0.06625,0.206767,0.234023,0.850564,0.773496
00d1e939c70f17f0,xclick,/m/0gxl3,1,0.0,0.800781,0.007342,0.572687,1,1,0,0,0,0.499023,0.800781,0.102539,0.0,0.007342,0.140969,0.572687,0.453744
00e57fff9d65a8a2,xclick,/m/04ctx,1,0.025941,0.42092,0.308125,0.95875,1,0,0,0,0,0.09205,0.025941,0.42092,0.373222,0.308125,0.3575,0.95875,0.956875
00e71dd7bd07a35d,xclick,/m/04ctx,1,0.60625,0.871094,0.329412,0.788235,1,0,0,0,0,0.860156,0.871094,0.650781,0.60625,0.329412,0.367059,0.788235,0.737647
00e71dd7bd07a35d,xclick,/m/058qzx,1,0.497656,0.871875,0.330588,0.944706,1,0,0,0,0,0.85625,0.871875,0.497656,0.510938,0.330588,0.401176,0.907059,0.944706
010dce7cb9251d5e,xclick,/m/04ctx,1,0.526875,0.828125,0.434334,0.841463,1,0,0,0,0,0.533125,0.526875,0.815,0.828125,0.434334,0.638837,0.841463,0.832083
010dce7cb9251d5e,xclick,/m/058qzx,1,0.525625,0.825625,0.429644,0.841463,1,0,0,0,0,0.535,0.525625,0.825625,0.781875,0.429644,0.650094,0.816135,0.841463
010fc688dbee9670,xclick,/m/04ctx,1,0.580625,0.999375,0.399167,0.999167,1,1,0,0,0,0.58875,0.999375,0.98625,0.580625,0.399167,0.891667,0.999167,0.4825
010fc688dbee9670,xclick,/m/058qzx,1,0.580625,0.999375,0.410833,0.999167,1,1,0,0,0,0.59375,0.580625,0.999375,0.98375,0.410833,0.445,0.895833,0.999167
010fc688dbee9670,xclick,/m/058qzx,1,0.584375,0.999375,0.409167,0.996667,1,1,0,0,0,0.59625,0.584375,0.999375,0.98375,0.409167,0.455833,0.901667,0.996667
012dcd050f403cd9,xclick,/m/0gxl3,1,0.28625,0.6625,0.389306,0.747655,0,0,0,1,0,0.530625,0.6625,0.628125,0.28625,0.747655,0.493433,0.389306,0.500938
013bc45321bef9c3,xclick,/m/04ctx,1,0.0625,0.835417,0.115625,0.68125,0,0,0,0,0,0.0625,0.160417,0.835417,0.7875,0.64375,0.68125,0.210938,0.115625
013bc45321bef9c3,xclick,/m/04ctx,1,0.194792,0.927083,0.275,0.796875,0,0,0,0,0,0.194792,0.927083,0.867708,0.28125,0.757812,0.309375,0.275,0.796875
013bc45321bef9c3,xclick,/m/04ctx,1,0.354167,0.902083,0.445312,0.828125,0,0,0,0,0,0.852083,0.354167,0.427083,0.902083,0.445312,0.809375,0.828125,0.515625
013bc45321bef9c3,xclick,/m/058qzx,1,0.058333,0.840625,0.11875,0.682813,0,0,0,0,0,0.776042,0.155208,0.058333,0.840625,0.11875,0.682813,0.646875,0.215625
013bc45321bef9c3,xclick,/m/058qzx,1,0.194792,0.923958,0.273438,0.789062,0,0,0,0,0,0.891667,0.923958,0.289583,0.194792,0.273438,0.304688,0.789062,0.753125
013bc45321bef9c3,xclick,/m/058qzx,1,0.353125,0.894792,0.44375,0.835938,0,0,0,0,0,0.410417,0.353125,0.85625,0.894792,0.835938,0.807813,0.44375,0.50625
0148c4e77ea54960,xclick,/m/0gxl3,1,0.0475,0.94,0.085821,0.935634,0,0,0,0,0,0.095625,0.0475,0.73,0.94,0.085821,0.20056,0.935634,0.81903
015cd5353344d722,xclick,/m/0gxl3,1,0.441589,0.721963,0.60625,0.65,1,0,0,0,0,0.441589,0.721963,0.672897,0.528037,0.632812,0.628125,0.60625,0.65
016f96522808c092,xclick,/m/0gxl3,1,0.1325,0.999375,0.029167,0.776667,0,0,0,0,0,0.1325,0.999375,0.830625,0.819375,0.27,0.65,0.776667,0.029167
0174388f19e14c32,xclick,/m/04ctx,1,0.090625,0.532812,0.01875,0.601562,0,0,0,0,0,0.164062,0.090625,0.526563,0.532812,0.601562,0.525,0.01875,0.023438
0174388f19e14c32,xclick,/m/04ctx,1,0.304688,0.692187,0.039062,0.704687,0,0,0,0,0,0.678125,0.304688,0.692187,0.401562,0.039062,0.634375,0.089063,0.704687
01782b33668edf82,xclick,/m/0gxl3,1,0.339375,0.4725,0.43621,0.617261,1,0,0,0,0,0.463125,0.4725,0.339375,0.348125,0.43621,0.443715,0.60788,0.617261
017c8de936318a81,xclick,/m/0gxl3,1,0.078125,0.8,0.145455,0.521212,0,0,0,0,0,0.214062,0.142187,0.078125,0.8,0.145455,0.521212,0.513131,0.175758
017c8de936318a81,xclick,/m/0gxl3,1,0.13125,0.85625,0.527273,0.907071,0,0,0,0,0,0.265625,0.13125,0.159375,0.85625,0.527273,0.884848,0.907071,0.545455
01a6ef2ebff837d3,xclick,/m/04ctx,1,0.031875,0.966875,0.090062,0.90528,0,0,0,0,0,0.031875,0.159375,0.889375,0.966875,0.838509,0.90528,0.090062,0.22205
01cf8125a27d477b,xclick,/m/04ctx,1,0.086601,0.300654,0.122549,0.924837,1,0,0,0,0,0.300654,0.086601,0.171569,0.122549,0.898693,0.214052,0.122549,0.924837
01cf8125a27d477b,xclick,/m/04ctx,1,0.388889,0.612745,0.143791,0.856209,1,0,0,0,0,0.612745,0.388889,0.473856,0.421569,0.833333,0.238562,0.143791,0.856209
01cf8125a27d477b,xclick,/m/04ctx,1,0.722222,0.933007,0.112745,0.908497,1,0,0,0,0,0.722222,0.821895,0.933007,0.787582,0.202614,0.112745,0.887255,0.908497
01fdd21ac29706bc,xclick,/m/04ctx,1,0.100586,0.800781,0.03776,0.925781,0,0,0,0,0,0.100586,0.194336,0.800781,0.589844,0.80599,0.925781,0.667969,0.03776
02026c76bde7e6ea,xclick,/m/0gxl3,1,0.106209,0.566993,0.318627,0.526144,0,0,0,1,0,0.318627,0.106209,0.24183,0.566993,0.318627,0.47549,0.526144,0.447712
0232e0688844b729,xclick,/m/04ctx,1,0.064375,0.916875,0.392484,0.743215,0,0,0,0,0,0.064375,0.26375,0.916875,0.873125,0.488518,0.392484,0.667015,0.743215
0244f25e476ff7ba,xclick,/m/04ctx,1,0.0,0.998366,0.761438,0.998366,0,1,0,0,0,0.004902,0.0,0.704248,0.998366,0.761438,0.80719,0.998366,0.962418
0244f25e476ff7ba,xclick,/m/058qzx,1,0.0,0.965686,0.75,0.998366,0,1,0,0,0,0.00817,0.0,0.965686,0.795752,0.75,0.802288,0.998366,0.998366
02617d55d41e90a1,xclick,/m/04ctx,1,0.28125,0.999375,0.005833,0.32,0,1,0,0,0,0.28125,0.999375,0.999375,0.41875,0.02,0.32,0.146667,0.005833
02617d55d41e90a1,xclick,/m/058qzx,1,0.2775,0.999375,0.0,0.341667,0,1,0,0,0,0.4325,0.2775,0.995,0.999375,0.0,0.015833,0.136667,0.341667
027c5d8272d87b32,xclick,/m/0gxl3,1,0.182617,0.635742,0.295573,0.667969,0,0,0,0,0,0.22168,0.182617,0.280273,0.635742,0.667969,0.397135,0.295573,0.395833
028d68c9bfcbc360,xclick,/m/04ctx,1,0.061667,0.956667,0.329861,0.638889,0,0,0,0,0,0.610833,0.061667,0.956667,0.620833,0.329861,0.625,0.447917,0.638889
029bb6e673425f20,xclick,/m/04ctx,1,0.049375,0.999375,0.32,0.663333,0,1,0,0,0,0.66875,0.999375,0.12375,0.049375,0.32,0.514167,0.663333,0.649167
02a80c4e24674f53,xclick,/m/04ctx,1,0.399375,0.845,0.306754,0.515009,0,0,0,0,0,0.399375,0.43125,0.845,0.836875,0.329268,0.306754,0.505629,0.515009
02c3f9f98c94ee0f,xclick,/m/04ctx,1,0.017708,0.955208,0.294444,0.581481,0,0,0,0,0,0.017708,0.889583,0.955208,0.616667,0.516667,0.581481,0.47963,0.294444
02c3f9f98c94ee0f,xclick,/m/04ctx,1,0.01875,0.951042,0.290741,0.57963,0,0,0,0,0,0.01875,0.891667,0.60625,0.951042,0.511111,0.57963,0.290741,0.477778
02ccde225a936a96,xclick,/m/0gxl3,1,0.01634,0.323529,0.243464,0.656863,1,0,0,0,0,0.194444,0.323529,0.01634,0.081699,0.243464,0.522876,0.550654,0.656863
02ccde225a936a96,xclick,/m/0gxl3,1,0.204248,0.535948,0.271242,0.736928,0,0,0,0,0,0.377451,0.259804,0.204248,0.535948,0.271242,0.736928,0.622549,0.598039
02ccde225a936a96,xclick,/m/0gxl3,1,0.470588,0.781046,0.315359,0.769608,0,0,0,0,0,0.588235,0.470588,0.558824,0.781046,0.315359,0.665033,0.769608,0.632353
02ccde225a936a96,xclick,/m/0gxl3,1,0.647059,0.998366,0.346405,0.861111,0,0,0,0,0,0.79902,0.728758,0.998366,0.647059,0.346405,0.861111,0.720588,0.727124
02d97c9c74818c14,xclick,/m/04ctx,1,0.05,0.66,0.335,0.89625,0,0,0,0,0,0.186667,0.05,0.550833,0.66,0.335,0.364375,0.89625,0.825
02d97c9c74818c14,xclick,/m/058qzx,1,0.050833,0.67,0.3275,0.886875,0,0,0,0,0,0.189167,0.5475,0.67,0.050833,0.3275,0.886875,0.81875,0.36125
02ea4f631efee116,xclick,/m/04ctx,1,0.0625,0.885742,0.205729,0.890625,0,0,0,0,0,0.06543,0.0625,0.828125,0.885742,0.205729,0.210938,0.890625,0.802083
02eff940ae3f0189,xclick,/m/0gxl3,1,0.0,0.980625,0.114167,0.995,1,1,0,0,0,0.0,0.980625,0.149375,0.665625,0.329167,0.425,0.114167,0.995
0304ad7f7fe22b23,xclick,/m/04ctx,1,0.24,0.454286,0.125714,0.945714,0,0,0,0,0,0.394286,0.454286,0.347143,0.24,0.945714,0.895714,0.125714,0.688571
0315e60e498caa4c,xclick,/m/04ctx,1,0.02625,0.505,0.0,0.405004,1,1,0,0,0,0.02625,0.446875,0.505,0.10625,0.003127,0.405004,0.353401,0.0
0320662d45d55cdf,xclick,/m/04ctx,1,0.470625,0.9125,0.145,0.600625,0,0,0,0,0,0.470625,0.47375,0.878125,0.9125,0.148125,0.145,0.600625,0.568125
0320662d45d55cdf,xclick,/m/058qzx,1,0.474375,0.913125,0.140625,0.5925,0,0,0,0,0,0.478125,0.86875,0.913125,0.474375,0.140625,0.5925,0.565625,0.159375
032d284c9e52a9fa,xclick,/m/04ctx,1,0.2025,0.860625,0.013333,0.143333,0,0,0,0,0,0.860625,0.841875,0.2025,0.470625,0.1325,0.143333,0.063333,0.013333
032d284c9e52a9fa,xclick,/m/058qzx,1,0.196875,0.8625,0.006667,0.1475,0,0,0,0,0,0.4725,0.8625,0.196875,0.778125,0.006667,0.13,0.05,0.1475
03576a6eb56fa4a6,xclick,/m/04ctx,1,0.0,0.968125,0.035647,0.999062,0,1,0,0,0,0.9425,0.0,0.968125,0.143125,0.035647,0.658537,0.198874,0.999062
03576a6eb56fa4a6,xclick,/m/058qzx,1,0.0,0.94375,0.042214,0.999062,0,1,0,0,0,0.081875,0.0,0.94375,0.94375,0.999062,0.67636,0.042214,0.042214
03576a6eb56fa4a6,xclick,/m/058qzx,1,0.0,0.951875,0.042214,0.999062,0,1,0,0,0,0.945,0.951875,0.065,0.0,0.042214,0.045966,0.999062,0.668856
036cced2d11ec245,xclick,/m/0gxl3,1,0.274306,0.517361,0.255208,0.576389,1,0,0,0,0,0.493056,0.517361,0.387731,0.274306,0.255208,0.322917,0.576389,0.364583
039f27ac12c793bb,xclick,/m/0gxl3,1,0.619375,0.716875,0.435272,0.586304,1,0,0,0,0,0.619375,0.716875,0.64375,0.631875,0.586304,0.464353,0.435272,0.582552
03a76011de8d470a,activemil,/m/04ctx,1,0.332083,0.643527,0.26125,0.781875,1,0,0,0,0,-1.0,-1.0,-1.0,-1.0,-1.0,-1.0,-1.0,-1.0
03d51a7823b79dfc,xclick,/m/04ctx,1,0.409375,0.816406,0.129167,0.405208,0,0,0,0,0,0.409375,0.411719,0.795312,0.816406,0.146875,0.129167,0.405208,0.365625
03d51a7823b79dfc,xclick,/m/058qzx,1,0.410156,0.816406,0.125,0.397917,0,0,0,0,0,0.416406,0.410156,0.816406,0.789844,0.125,0.142708,0.363542,0.397917
03e4bb9a4c3685b7,xclick,/m/04ctx,1,0.04,0.959375,0.241796,0.647668,0,0,0,0,0,0.92875,0.959375,0.04625,0.04,0.647668,0.450777,0.241796,0.252159
03e4bb9a4c3685b7,xclick,/m/058qzx,1,0.040625,0.958125,0.241796,0.659758,0,0,0,0,0,0.916875,0.92625,0.958125,0.040625,0.659758,0.329879,0.471503,0.241796
03f58d4588cfbc81,xclick,/m/04ctx,1,0.022514,0.142589,0.0,0.19,0,1,0,0,0,0.070356,0.022514,0.142589,0.117261,0.0,0.000625,0.19,0.0
03f58d4588cfbc81,xclick,/m/04ctx,1,0.040338,0.204503,0.1525,0.854375,0,0,0,0,0,0.166041,0.040338,0.204503,0.114447,0.1525,0.84625,0.396875,0.854375
03f58d4588cfbc81,xclick,/m/04ctx,1,0.181051,0.257974,0.0,0.094375,0,1,0,0,0,0.181051,0.229831,0.247655,0.257974,0.0,0.094375,0.0,0.051875
03f58d4588cfbc81,xclick,/m/04ctx,1,0.242964,0.368668,0.075625,0.866875,0,0,0,0,0,0.275797,0.242964,0.368668,0.242964,0.075625,0.4325,0.448125,0.866875
03f58d4588cfbc81,xclick,/m/04ctx,1,0.319887,0.383677,0.0,0.084375,0,1,0,0,0,0.319887,0.360225,0.370544,0.383677,0.0,0.084375,0.0,0.05
03f58d4588cfbc81,xclick,/m/04ctx,1,0.376173,0.530019,0.089375,0.875,0,0,0,0,0,0.424953,0.398687,0.530019,0.376173,0.089375,0.453125,0.32875,0.875
03f58d4588cfbc81,xclick,/m/04ctx,1,0.578799,0.688555,0.140625,0.881875,0,0,0,0,0,0.617261,0.578799,0.688555,0.606942,0.140625,0.495625,0.5025,0.881875
03f58d4588cfbc81,xclick,/m/04ctx,1,0.739212,0.871482,0.15,0.884375,0,0,0,0,0,0.820826,0.739212,0.831144,0.871482,0.15,0.88125,0.884375,0.359375
03f58d4588cfbc81,xclick,/m/04ctx,1,0.771107,0.863039,0.0,0.131875,0,1,0,0,0,0.771107,0.791745,0.827392,0.863039,0.0,0.089375,0.131875,0.000625
03f58d4588cfbc81,xclick,/m/04ctx,1,0.939963,0.999062,0.0,0.12375,0,1,0,0,0,0.939963,0.945591,0.991557,0.999062,0.0,0.061875,0.12375,0.075625
03f58d4588cfbc81,xclick,/m/04ctx,1,0.945591,0.999062,0.2125,0.8925,0,1,0,0,0,0.963415,0.945591,0.999062,0.999062,0.2125,0.499375,0.574375,0.8925
03f6288f49430b0c,xclick,/m/04ctx,1,0.0,0.489062,0.1625,0.998438,0,1,0,0,0,0.171875,0.0,0.489062,0.098437,0.1625,0.676562,0.998438,0.998438
03f6288f49430b0c,xclick,/m/058qzx,1,0.007812,0.471875,0.165625,0.998438,1,1,0,0,0,0.16875,0.007812,0.139063,0.471875,0.165625,0.8875,0.998438,0.939063
0413d1bfeb05ba12,xclick,/m/04ctx,1,0.02,0.999375,0.0,0.969925,0,1,0,0,0,0.02,0.205625,0.999375,0.933125,0.931391,0.969925,0.234023,0.0
0413d1bfeb05ba12,xclick,/m/058qzx,1,0.02,0.999375,0.0,0.981203,0,1,0,0,0,0.02,0.141875,0.921875,0.999375,0.93515,0.981203,0.0,0.266917
04453c7b2a60dc3d,xclick,/m/04ctx,1,0.08625,0.915625,0.331667,0.5975,0,0,0,0,0,0.915625,0.794375,0.08625,0.15625,0.536667,0.5975,0.446667,0.331667
04453c7b2a60dc3d,xclick,/m/058qzx,1,0.081875,0.920625,0.329167,0.595,0,0,0,0,0,0.150625,0.081875,0.920625,0.7875,0.329167,0.441667,0.534167,0.595
044b569c3ba18575,xclick,/m/0gxl3,1,0.225,0.73125,0.456667,0.933333,0,0,0,0,0,0.670625,0.73125,0.240625,0.225,0.933333,0.5875,0.456667,0.568333
047130dfa480f390,xclick,/m/04ctx,1,0.065833,0.936667,0.164444,0.953333,0,0,0,0,0,0.065833,0.066667,0.879167,0.936667,0.18,0.164444,0.953333,0.855556
0488fd6b207f203a,activemil,/m/0gxl3,1,0.071295,0.893996,0.268125,0.9375,-1,-1,-1,-1,-1,-1.0,-1.0,-1.0,-1.0,-1.0,-1.0,-1.0,-1.0
048cb4cff077fd42,xclick,/m/0gxl3,1,0.143797,0.357143,0.535625,0.623125,1,0,0,0,0,0.297932,0.143797,0.321429,0.357143,0.623125,0.565,0.535625,0.554375
04d1941693ead454,xclick,/m/0gxl3,1,0.408125,0.60875,0.227955,0.713884,1,0,0,0,0,0.408125,0.44,0.60875,0.52125,0.34803,0.227955,0.315197,0.713884
04d6206483f835e6,xclick,/m/0gxl3,1,0.0,0.88,0.0,0.999167,0,1,0,0,0,0.0,0.0225,0.88,0.25375,0.3675,0.999167,0.001667,0.0
051ed63d53944b48,xclick,/m/0gxl3,1,0.0,0.20125,0.376173,0.559099,1,1,0,0,0,0.1875,0.20125,0.051875,0.0,0.559099,0.5394,0.376173,0.453096
051ed63d53944b48,xclick,/m/0gxl3,1,0.199375,0.589375,0.341463,0.630394,0,0,0,0,0,0.386875,0.56875,0.589375,0.199375,0.341463,0.630394,0.595685,0.537523
051ed63d53944b48,xclick,/m/0gxl3,1,0.4075,0.6825,0.0,0.28424,1,1,0,0,0,0.52,0.515,0.4075,0.6825,0.0,0.28424,0.087242,0.0
051ed63d53944b48,xclick,/m/0gxl3,1,0.521875,0.96,0.634146,0.999062,1,1,0,0,0,0.521875,0.89875,0.96,0.65625,0.768293,0.999062,0.993433,0.634146
0545729b8c3f31cf,xclick,/m/04ctx,1,0.028125,0.97875,0.301205,0.843373,0,0,0,0,0,0.028125,0.97875,0.9275,0.555625,0.301205,0.532129,0.811245,0.843373
05464a22589cd60d,xclick,/m/04ctx,1,0.044355,0.947581,0.115226,0.790123,0,0,0,0,0,0.044355,0.115927,0.947581,0.947581,0.279835,0.115226,0.779835,0.790123
054867d71726756e,xclick,/m/04ctx,1,0.0,0.65625,0.291406,0.582812,0,1,0,0,0,0.65625,0.636719,0.052734,0.0,0.303906,0.291406,0.582812,0.548438
054867d71726756e,xclick,/m/058qzx,1,0.003906,0.672852,0.286719,0.580469,0,0,0,0,0,0.640625,0.672852,0.003906,0.046875,0.286719,0.307812,0.55625,0.580469
05582daf6814b091,xclick,/m/04ctx,1,0.309375,0.999375,0.5125,0.8225,0,1,0,0,0,0.309375,0.365625,0.999375,0.97125,0.808333,0.8225,0.645833,0.5125
0560936240ced314,xclick,/m/04ctx,1,0.309375,0.999375,0.153333,0.420833,0,1,0,0,0,0.309375,0.74125,0.999375,0.428125,0.170833,0.420833,0.3925,0.153333
0560936240ced314,xclick,/m/058qzx,1,0.3075,0.999375,0.154167,0.420833,0,1,0,0,0,0.42875,0.3075,0.999375,0.735,0.154167,0.175,0.3675,0.420833
0560ebb954bb8a81,xclick,/m/04ctx,1,0.46,0.6625,0.411667,0.67,1,0,0,0,0,0.46,0.4625,0.6625,0.6525,0.66,0.67,0.424167,0.411667
0560ebb954bb8a81,xclick,/m/058qzx,1,0.46125,0.66375,0.4075,0.658333,1,0,0,0,0,0.653125,0.66375,0.46125,0.46375,0.4075,0.428333,0.658333,0.634167
058dd78ea5867506,xclick,/m/0gxl3,1,0.083008,0.418945,0.387665,0.584435,1,0,0,0,0,0.387695,0.418945,0.359375,0.083008,0.387665,0.556535,0.584435,0.424376
05a0dd0133e1c360,xclick,/m/0gxl3,1,0.139257,0.880637,0.078616,0.904088,0,0,0,0,0,0.189655,0.139257,0.880637,0.668435,0.078616,0.216981,0.185535,0.904088
05cee6e5f0497086,xclick,/m/0gxl3,1,0.0,0.999165,0.0775,0.993125,1,1,0,0,0,0.0,0.0,0.93985,0.999165,0.0775,0.4,0.993125,0.919375
05cee6e5f0497086,xclick,/m/0gxl3,1,0.0,0.999165,0.0875,0.999375,1,1,0,0,0,0.0,0.0,0.955723,0.999165,0.0875,0.2225,0.999375,0.834375
05ef9906a404669b,xclick,/m/04ctx,1,0.04375,0.999375,0.41016,0.714017,0,1,0,0,0,0.04375,0.279375,0.999375,0.999375,0.622766,0.714017,0.545626,0.41016
05fa17455bde44bc,xclick,/m/0gxl3,1,0.0,0.924375,0.0,0.999167,0,1,0,0,0,0.0,0.0875,0.755625,0.924375,0.1475,0.0,0.999167,0.5425
0602cd5998096480,xclick,/m/0gxl3,1,0.291875,0.41875,0.374412,0.543744,1,0,0,0,0,0.315,0.41875,0.37,0.291875,0.374412,0.438382,0.543744,0.401693
065c7e3482399cfb,xclick,/m/0gxl3,1,0.0,0.998366,0.300654,0.998366,0,1,0,0,0,0.0,0.79902,0.998366,0.934641,0.583333,0.300654,0.866013,0.998366
066c17210ae80c4a,activemil,/m/04ctx,1,0.018125,0.960625,0.246704,0.527307,-1,-1,-1,-1,-1,-1.0,-1.0,-1.0,-1.0,-1.0,-1.0,-1.0,-1.0
0678842cb5745a0b,xclick,/m/0gxl3,1,0.029412,0.325163,0.351307,0.856209,0,1,0,0,0,0.28268,0.325163,0.039216,0.029412,0.351307,0.400327,0.856209,0.841503
0678842cb5745a0b,xclick,/m/0gxl3,1,0.419935,0.645425,0.380719,0.76634,0,0,0,0,0,0.509804,0.419935,0.465686,0.645425,0.380719,0.542484,0.76634,0.534314
0678842cb5745a0b,xclick,/m/0gxl3,1,0.630719,0.964052,0.418301,0.854575,0,1,0,0,0,0.764706,0.964052,0.630719,0.962418,0.418301,0.776144,0.777778,0.854575
068fb4b25469c4d0,xclick,/m/0gxl3,1,0.0,0.119792,0.466797,0.515625,0,1,0,0,0,0.092448,0.119792,0.0,0.059896,0.466797,0.482422,0.495117,0.515625
068fb4b25469c4d0,xclick,/m/0gxl3,1,0.0,0.164062,0.708008,0.831055,0,1,0,0,0,0.096354,0.0,0.101562,0.164062,0.708008,0.746094,0.831055,0.820312
068fb4b25469c4d0,xclick,/m/0gxl3,1,0.0,0.286458,0.59375,0.719727,0,1,0,0,0,0.191406,0.0,0.21875,0.286458,0.59375,0.617188,0.719727,0.710938
068fb4b25469c4d0,xclick,/m/0gxl3,1,0.0,0.307292,0.285156,0.413086,0,1,0,0,0,0.032552,0.0,0.02474,0.307292,0.285156,0.3125,0.413086,0.30957
068fb4b25469c4d0,xclick,/m/0gxl3,1,0.0,0.415365,0.0,0.144531,0,1,0,0,0,0.027344,0.0,0.415365,0.369792,0.0,0.005859,0.134766,0.144531
068fb4b25469c4d0,xclick,/m/0gxl3,1,0.039062,0.450521,0.15332,0.295898,0,0,0,0,0,0.057292,0.039062,0.450521,0.420573,0.15332,0.164062,0.283203,0.295898
068fb4b25469c4d0,xclick,/m/0gxl3,1,0.117188,0.513021,0.837891,0.963867,0,0,0,0,0,0.442708,0.117188,0.473958,0.513021,0.837891,0.863281,0.963867,0.948242
068fb4b25469c4d0,xclick,/m/0gxl3,1,0.145833,0.47526,0.37207,0.489258,0,0,0,0,0,0.230469,0.47526,0.145833,0.203125,0.37207,0.390625,0.484375,0.489258
068fb4b25469c4d0,xclick,/m/0gxl3,1,0.166667,0.55599,0.518555,0.648438,0,0,0,0,0,0.191406,0.166667,0.55599,0.533854,0.518555,0.536133,0.641602,0.648438
068fb4b25469c4d0,xclick,/m/0gxl3,1,0.182292,0.576823,0.740234,0.865234,0,0,0,0,0,0.503906,0.182292,0.510417,0.576823,0.740234,0.773438,0.865234,0.853516
068fb4b25469c4d0,xclick,/m/0gxl3,1,0.295573,0.683594,0.65918,0.773438,0,0,0,0,0,0.614583,0.683594,0.641927,0.295573,0.65918,0.761719,0.773438,0.679688
068fb4b25469c4d0,xclick,/m/0gxl3,1,0.330729,0.669271,0.463867,0.586914,0,0,0,0,0,0.358073,0.330729,0.669271,0.660156,0.463867,0.46875,0.466797,0.586914
068fb4b25469c4d0,xclick,/m/0gxl3,1,0.371094,0.761719,0.157227,0.274414,0,0,0,0,0,0.403646,0.371094,0.761719,0.755208,0.157227,0.172852,0.274414,0.274414
068fb4b25469c4d0,xclick,/m/0gxl3,1,0.496094,0.877604,0.34375,0.513672,0,0,0,0,0,0.510417,0.496094,0.877604,0.80599,0.34375,0.352539,0.46875,0.513672
068fb4b25469c4d0,xclick,/m/0gxl3,1,0.522135,0.877604,0.0,0.087891,0,1,0,0,0,0.731771,0.877604,0.522135,0.563802,0.0,0.000977,0.074219,0.087891
068fb4b25469c4d0,xclick,/m/0gxl3,1,0.671875,0.955729,0.663086,0.804688,1,1,0,0,0,0.914062,0.955729,0.671875,0.925781,0.663086,0.735352,0.683594,0.804688
068fb4b25469c4d0,xclick,/m/0gxl3,1,0.695312,0.955729,0.108398,0.233398,0,0,0,0,0,0.716146,0.695312,0.923177,0.955729,0.108398,0.12207,0.233398,0.208984
068fb4b25469c4d0,xclick,/m/0gxl3,1,0.78776,0.921875,0.520508,0.589844,0,0,0,0,0,0.833333,0.921875,0.78776,0.830729,0.520508,0.53418,0.555664,0.589844
068fb4b25469c4d0,xclick,/m/0gxl3,1,0.863281,0.998698,0.295898,0.376953,0,1,0,0,0,0.942708,0.998698,0.863281,0.902344,0.295898,0.321289,0.368164,0.376953
068fb4b25469c4d0,xclick,/m/0gxl3,1,0.914062,0.998698,0.061523,0.119141,0,1,0,0,0,0.925781,0.914062,0.983073,0.998698,0.061523,0.074219,0.119141,0.103516
06cbcde12cc2f58f,xclick,/m/04ctx,1,0.89,0.999375,0.43621,0.999062,0,1,0,0,0,0.985,0.999375,0.89,0.935,0.999062,0.747655,0.5,0.43621
06e79c13400643e2,xclick,/m/04ctx,1,0.610625,0.9175,0.325351,0.739059,1,0,0,0,0,0.610625,0.6225,0.9175,0.91625,0.71346,0.739059,0.325351,0.330306
06f860c6e7b5559f,xclick,/m/0gxl3,1,0.43625,0.970625,0.198333,0.7975,0,0,0,0,0,0.546875,0.43625,0.544375,0.970625,0.7975,0.351667,0.198333,0.3125
0714ba87e14391c7,xclick,/m/04ctx,1,0.177298,0.453096,0.195625,0.8675,0,0,0,0,0,0.312383,0.453096,0.389306,0.177298,0.195625,0.28625,0.8675,0.43375
077baa4e85a2ece1,xclick,/m/0gxl3,1,0.4575,0.575,0.256121,0.414313,1,0,0,0,0,0.4575,0.5475,0.575,0.48125,0.3371,0.256121,0.314501,0.414313
078137c87ab2c4d0,xclick,/m/0gxl3,1,0.02125,0.906875,0.088512,0.963277,0,0,0,0,0,0.808125,0.906875,0.864375,0.02125,0.088512,0.874765,0.963277,0.165725
078fb48c94eb245c,xclick,/m/04ctx,1,0.040625,0.95875,0.181139,0.824463,0,0,0,0,0,0.040625,0.168125,0.95875,0.896875,0.781513,0.824463,0.217554,0.181139
07b2eeede5b0c02d,xclick,/m/04ctx,1,0.115625,0.903125,0.244591,0.824083,0,0,0,0,0,0.139375,0.115625,0.903125,0.25375,0.824083,0.785513,0.442145,0.244591
085040b844c2aa92,activemil,/m/0gxl3,1,0.070625,0.976875,0.151125,0.855305,-1,-1,-1,-1,-1,-1.0,-1.0,-1.0,-1.0,-1.0,-1.0,-1.0,-1.0
088af1925dd38378,xclick,/m/04ctx,1,0.8275,0.999375,0.095685,0.445591,0,1,0,0,0,0.8275,0.848125,0.998125,0.999375,0.095685,0.198874,0.445591,0.364916
088af1925dd38378,xclick,/m/058qzx,1,0.820625,0.999375,0.093809,0.430582,0,1,0,0,0,0.82875,0.820625,0.99875,0.999375,0.093809,0.111632,0.430582,0.388368
08d7adec77778b7a,xclick,/m/04ctx,1,0.09668,0.911133,0.195312,0.867188,0,0,0,0,0,0.09668,0.911133,0.859375,0.328125,0.195312,0.683594,0.867188,0.404948
08d7adec77778b7a,xclick,/m/058qzx,1,0.091797,0.913086,0.1875,0.871094,0,0,0,0,0,0.107422,0.091797,0.861328,0.913086,0.1875,0.197917,0.871094,0.71875
08d7adec77778b7a,xclick,/m/058qzx,1,0.095703,0.919922,0.190104,0.869792,0,0,0,0,0,0.095703,0.095703,0.861328,0.919922,0.190104,0.190104,0.869792,0.71875
08e1d5e8f4d2cb9e,xclick,/m/04ctx,1,0.1625,0.78,0.056667,0.959167,0,0,0,0,0,0.71,0.78,0.215,0.1625,0.056667,0.734167,0.959167,0.886667
08ec9988804c49bd,xclick,/m/0gxl3,1,0.110625,0.7725,0.085,0.665833,0,0,0,0,0,0.110625,0.7725,0.285,0.2825,0.5925,0.2325,0.085,0.665833
09061212bc38d3c7,xclick,/m/04ctx,1,0.096,0.978,0.009785,0.794521,0,1,0,0,0,0.096,0.104,0.978,0.922,0.790607,0.794521,0.080235,0.009785
090897e8ebc8adf5,xclick,/m/0gxl3,1,0.051875,0.943125,0.078778,0.900322,0,0,0,0,0,0.051875,0.70375,0.943125,0.61375,0.278135,0.078778,0.343248,0.900322
0917b43e798cbd64,xclick,/m/0gxl3,1,0.0,0.99875,0.073333,0.838333,0,1,0,0,0,0.9,0.99875,0.2525,0.0,0.838333,0.625,0.073333,0.356667
09383bdb52bfc8be,xclick,/m/0gxl3,1,0.09625,0.25125,0.413923,0.510818,1,0,0,0,0,0.1475,0.2375,0.09625,0.25125,0.510818,0.413923,0.443086,0.462841
095097022580c38a,xclick,/m/04ctx,1,0.0625,0.950195,0.131772,0.929722,0,0,0,0,0,0.0625,0.067383,0.910156,0.950195,0.165447,0.131772,0.929722,0.827233
095dcc6f1d086172,xclick,/m/04ctx,1,0.0225,0.981875,0.041276,0.963415,0,0,0,0,0,0.070625,0.0225,0.94375,0.981875,0.041276,0.142589,0.963415,0.937148
095dcc6f1d086172,xclick,/m/058qzx,1,0.025,0.98375,0.038462,0.969043,0,0,0,0,0,0.07875,0.025,0.98375,0.89625,0.038462,0.153846,0.939962,0.969043
0970162c4b382ea0,xclick,/m/04ctx,1,0.246875,0.6575,0.16318,0.942259,0,0,0,0,0,0.293125,0.246875,0.5775,0.6575,0.16318,0.232636,0.942259,0.867782
0970162c4b382ea0,xclick,/m/04ctx,1,0.299375,0.7575,0.078661,0.849372,0,0,0,0,0,0.335625,0.299375,0.7575,0.67,0.078661,0.16318,0.768201,0.849372
0977e7e687bafb92,xclick,/m/0gxl3,1,0.73125,0.99875,0.572233,0.947467,1,1,0,0,0,0.81875,0.99875,0.79875,0.73125,0.572233,0.739212,0.947467,0.863039
0977e7e687bafb92,xclick,/m/0gxl3,1,0.755,0.99875,0.566604,0.774859,1,0,0,0,0,0.825,0.755,0.875,0.99875,0.566604,0.626642,0.774859,0.726079
09898b1c695f74f7,xclick,/m/0gxl3,1,0.494375,0.655,0.297778,0.49,1,0,0,1,0,0.494375,0.655,0.636875,0.60875,0.332222,0.334444,0.297778,0.49
09898b1c695f74f7,xclick,/m/0gxl3,1,0.620625,0.778125,0.362222,0.565556,1,0,0,1,0,0.620625,0.765,0.778125,0.723125,0.421111,0.362222,0.407778,0.565556
09b4b3d0008c9191,xclick,/m/04ctx,1,0.432458,0.927767,0.251875,0.75375,0,0,0,0,0,0.450281,0.432458,0.868668,0.927767,0.251875,0.255625,0.75375,0.729375
0a01bacf8d0664b9,xclick,/m/0gxl3,1,0.104375,0.999375,0.295833,0.999167,0,1,0,0,0,0.275,0.104375,0.999375,0.71375,0.295833,0.4975,0.583333,0.999167
0a16050e1925341c,activemil,/m/0gxl3,1,0.03625,0.9775,0.335,0.743333,-1,-1,-1,-1,-1,-1.0,-1.0,-1.0,-1.0,-1.0,-1.0,-1.0,-1.0
0a4579d3deb36479,xclick,/m/0gxl3,1,0.496875,0.593125,0.329317,0.453815,1,0,0,0,0,0.496875,0.593125,0.508125,0.5625,0.380522,0.399598,0.453815,0.329317
0a46f9b3afe642f2,xclick,/m/0gxl3,1,0.075625,0.966875,0.324578,0.930582,0,0,0,0,0,0.075625,0.966875,0.595625,0.191875,0.404315,0.580675,0.930582,0.324578
0a7183bbd46641d7,xclick,/m/04ctx,1,0.72125,0.8225,0.180346,0.99892,0,1,0,0,0,0.753125,0.72125,0.8225,0.796875,0.180346,0.519438,0.728942,0.99892
0a7183bbd46641d7,xclick,/m/058qzx,1,0.733125,0.823125,0.171706,0.99892,0,1,0,0,0,0.75,0.778125,0.733125,0.823125,0.171706,0.99892,0.823974,0.788337
0a74aa802283e060,xclick,/m/0gxl3,1,0.515625,0.583125,0.338649,0.515009,1,0,0,0,0,0.56125,0.515625,0.55625,0.583125,0.338649,0.380863,0.515009,0.421201
0a7dd973336999df,xclick,/m/04ctx,1,0.451562,0.925,0.0625,0.657812,1,0,0,0,0,0.451562,0.457813,0.86875,0.925,0.064062,0.0625,0.657812,0.6125
0a82da55ed950074,xclick,/m/04ctx,1,0.215625,0.999375,0.295005,0.739868,0,1,0,0,0,0.215625,0.244375,0.999375,0.9975,0.341188,0.295005,0.621112,0.739868
0a82da55ed950074,xclick,/m/058qzx,1,0.223125,0.999375,0.294062,0.746466,0,1,0,0,0,0.245,0.223125,0.999375,0.993125,0.294062,0.350613,0.647502,0.746466
0b019f09f1189536,xclick,/m/0gxl3,1,0.19875,0.791875,0.2475,0.776667,0,0,0,0,0,0.19875,0.664375,0.791875,0.25125,0.31,0.776667,0.420833,0.2475
0b1219fded94d150,xclick,/m/0gxl3,1,0.113125,0.863125,0.076151,0.291213,0,0,0,1,0,0.66625,0.863125,0.836875,0.113125,0.076151,0.186611,0.291213,0.158996
0b1219fded94d150,xclick,/m/0gxl3,1,0.27,0.72375,0.441004,0.676987,0,0,0,1,0,0.41875,0.27,0.72375,0.483125,0.441004,0.525523,0.616736,0.676987
0b1219fded94d150,xclick,/m/0gxl3,1,0.434375,0.824375,0.276151,0.502929,0,0,0,1,0,0.7125,0.434375,0.824375,0.77,0.276151,0.331381,0.367364,0.502929
0b1219fded94d150,xclick,/m/0gxl3,1,0.5325,0.749375,0.644351,0.847699,0,0,0,1,0,0.691875,0.749375,0.71125,0.5325,0.644351,0.816736,0.847699,0.785774
0b9238b5cf124731,xclick,/m/0gxl3,1,0.036875,0.9975,0.041276,0.976548,0,0,0,0,0,0.036875,0.1875,0.9975,0.921875,0.180113,0.041276,0.802064,0.976548
0bd63662e7cd0810,xclick,/m/0gxl3,1,0.234043,0.381459,0.311198,0.494792,1,0,0,0,0,0.329787,0.234043,0.381459,0.334347,0.311198,0.333333,0.480469,0.494792
0c6986ed7b68928c,xclick,/m/04ctx,1,0.1125,0.78375,0.064728,0.918387,0,0,0,0,0,0.1125,0.78375,0.71875,0.353125,0.064728,0.837711,0.918387,0.528143
0c6986ed7b68928c,xclick,/m/058qzx,1,0.1125,0.7825,0.055347,0.930582,0,0,0,0,0,0.1575,0.1125,0.715625,0.7825,0.055347,0.069418,0.930582,0.842402
0c73b72d82c32b12,xclick,/m/04ctx,1,0.135742,0.855469,0.136719,0.847656,0,0,0,0,0,0.135742,0.379883,0.855469,0.477539,0.751302,0.847656,0.597656,0.136719
0caad617044daefb,xclick,/m/0gxl3,1,0.456875,0.588125,0.352552,0.541588,1,0,0,0,0,0.456875,0.588125,0.57375,0.48625,0.429112,0.385633,0.352552,0.541588
0cc3124a3238341f,xclick,/m/04ctx,1,0.096663,0.906789,0.144068,0.735593,0,0,0,0,0,0.096663,0.203682,0.906789,0.842348,0.686441,0.735593,0.242373,0.144068
0cc98323ed2e4fc5,xclick,/m/0gxl3,1,0.10625,0.850625,0.12806,0.943503,0,0,0,0,0,0.10625,0.77,0.850625,0.7675,0.235405,0.12806,0.817326,0.943503
0d25f1cf15f5b3b4,xclick,/m/0gxl3,1,0.104667,0.304,0.106667,0.696889,1,0,0,0,0,0.139333,0.304,0.195333,0.104667,0.106667,0.517333,0.696889,0.130667
0d3778d01cc38bb9,xclick,/m/04ctx,1,0.071875,0.621875,0.681733,0.771186,0,0,0,0,0,0.221875,0.071875,0.395625,0.621875,0.681733,0.730697,0.771186,0.70904
0d3778d01cc38bb9,xclick,/m/04ctx,1,0.083125,0.749375,0.545198,0.645951,0,0,0,0,0,0.083125,0.48,0.749375,0.394375,0.583804,0.545198,0.561205,0.645951
0d3778d01cc38bb9,xclick,/m/04ctx,1,0.11625,0.905625,0.404896,0.545198,0,0,0,0,0,0.11625,0.394375,0.905625,0.455625,0.43597,0.404896,0.449153,0.545198
0d3778d01cc38bb9,xclick,/m/058qzx,1,0.07125,0.616875,0.678908,0.768362,0,0,0,0,0,0.336875,0.616875,0.399375,0.07125,0.678908,0.704331,0.768362,0.722222
0d3778d01cc38bb9,xclick,/m/058qzx,1,0.0725,0.62,0.678908,0.758945,0,0,0,0,0,0.33125,0.62,0.38625,0.0725,0.678908,0.706215,0.758945,0.715631
0d3778d01cc38bb9,xclick,/m/058qzx,1,0.081875,0.7425,0.546139,0.632768,0,0,0,0,0,0.41625,0.389375,0.081875,0.7425,0.546139,0.632768,0.599812,0.567797
0d3778d01cc38bb9,xclick,/m/058qzx,1,0.083125,0.748125,0.542373,0.638418,0,0,0,0,0,0.650625,0.748125,0.3825,0.083125,0.542373,0.565913,0.638418,0.580979
0d3778d01cc38bb9,xclick,/m/058qzx,1,0.12,0.906875,0.403013,0.538606,0,0,0,0,0,0.13,0.12,0.906875,0.454375,0.403013,0.445386,0.443503,0.538606
0d3f3f4e0634026b,xclick,/m/0gxl3,1,0.066875,0.94875,0.11234,0.938723,0,0,0,0,0,0.824375,0.94875,0.3,0.066875,0.938723,0.36,0.11234,0.330213
0d3f3f4e0634026b,xclick,/m/0gxl3,1,0.068125,0.94875,0.108085,0.935319,0,0,0,0,0,0.823125,0.94875,0.8625,0.068125,0.935319,0.354894,0.108085,0.230638
0d4986b545f98b96,xclick,/m/04ctx,1,0.0,0.43125,0.221388,0.666041,1,1,0,0,0,0.026875,0.0,0.419375,0.43125,0.666041,0.618199,0.221388,0.223265
0d4986b545f98b96,xclick,/m/04ctx,1,0.0,0.88125,0.207317,0.760788,1,0,0,0,0,0.825,0.0,0.030625,0.88125,0.207317,0.73546,0.760788,0.260788
0d7f4abd8b3cb643,xclick,/m/04ctx,1,0.033125,0.978125,0.022514,0.969043,0,0,0,0,0,0.973125,0.978125,0.123125,0.033125,0.022514,0.030019,0.969043,0.915572
0d7f4abd8b3cb643,xclick,/m/058qzx,1,0.0275,0.97875,0.02439,0.974672,0,0,0,0,0,0.97875,0.97875,0.12,0.0275,0.02439,0.02439,0.974672,0.903377
0d98fcdd5e425cf9,xclick,/m/04ctx,1,0.083984,0.908203,0.082031,0.945312,0,0,0,0,0,0.084961,0.083984,0.810547,0.908203,0.119792,0.082031,0.945312,0.845052
0d98fcdd5e425cf9,xclick,/m/058qzx,1,0.085938,0.911133,0.080729,0.940104,0,0,0,0,0,0.085938,0.085938,0.853516,0.911133,0.080729,0.080729,0.940104,0.847656
0dca85a81d729ddb,xclick,/m/04ctx,1,0.05875,0.92,0.313333,0.635,1,0,0,0,0,0.05875,0.4475,0.92,0.44125,0.493333,0.635,0.476667,0.313333
0e0334cfa09a4637,xclick,/m/04ctx,1,0.0,0.865,0.07,0.51375,0,1,0,0,0,0.0,0.0,0.849375,0.865,0.07,0.2075,0.51375,0.495
0e0334cfa09a4637,xclick,/m/058qzx,1,0.0,0.860625,0.060625,0.52125,0,1,0,0,0,0.001875,0.0,0.860625,0.838125,0.060625,0.12375,0.499375,0.52125
0e048a4f911279f4,xclick,/m/04ctx,1,0.285625,0.889375,0.3841,0.579916,1,0,0,0,0,0.285625,0.30625,0.889375,0.7325,0.528033,0.579916,0.458577,0.3841
0e42733e2e82b4a2,xclick,/m/0gxl3,1,0.170625,0.70375,0.015833,0.999167,0,1,0,0,0,0.243125,0.170625,0.70375,0.35,0.015833,0.119167,0.481667,0.999167
0e7d5f8b921d4fd2,xclick,/m/04ctx,1,0.149414,0.942383,0.316406,0.966146,0,0,0,0,0,0.149414,0.942383,0.907227,0.459961,0.316406,0.785156,0.966146,0.606771
0e8a5a9efc693cf5,xclick,/m/04ctx,1,0.3675,0.909375,0.310671,0.827022,1,0,0,0,0,0.909375,0.89375,0.3675,0.475,0.327883,0.310671,0.581756,0.827022
0ea1255bbe3ddb30,xclick,/m/0gxl3,1,0.09875,0.885625,0.070435,0.933043,0,0,0,0,0,0.09875,0.15,0.84875,0.885625,0.854783,0.933043,0.070435,0.148696
0ea79ece19320efe,xclick,/m/0gxl3,1,0.0,0.998889,0.0,0.998333,0,1,0,0,0,0.0,0.361111,0.998889,0.514444,0.296667,0.0,0.36,0.998333
0eb9e572cf930fc7,xclick,/m/04ctx,1,0.849375,0.9725,0.279167,0.768333,0,0,0,0,0,0.849375,0.87125,0.9725,0.953125,0.279167,0.476667,0.6925,0.768333
0eb9e572cf930fc7,xclick,/m/058qzx,1,0.844375,0.970625,0.275833,0.758333,0,0,0,0,0,0.851875,0.935625,0.970625,0.844375,0.2775,0.758333,0.7275,0.275833
0ebc51aea0d8fcb4,xclick,/m/0gxl3,1,0.0,0.999023,0.102865,0.998698,0,1,0,0,0,0.0,0.066406,0.999023,0.757812,0.927083,0.998698,0.460938,0.102865
0ec2cd87cca025c5,activemil,/m/0gxl3,1,0.163375,0.877917,0.1725,0.77125,-1,-1,-1,-1,-1,-1.0,-1.0,-1.0,-1.0,-1.0,-1.0,-1.0,-1.0
0ef93fea82e59b65,xclick,/m/0gxl3,1,0.300625,0.726875,0.2225,0.453333,1,0,0,1,0,0.44,0.726875,0.420625,0.300625,0.2225,0.448333,0.453333,0.325833
0f1a5125f801251b,xclick,/m/04ctx,1,0.176758,0.874023,0.184896,0.858073,0,0,0,0,0,0.259766,0.176758,0.243164,0.874023,0.184896,0.782552,0.858073,0.703125
0f22eaf0d420239f,xclick,/m/0gxl3,1,0.10125,0.894375,0.110169,0.963277,0,0,0,0,0,0.2425,0.894375,0.771875,0.10125,0.110169,0.343691,0.963277,0.291902
0f313ae45126e3dc,xclick,/m/0gxl3,1,0.048437,0.4875,0.2375,0.779688,1,0,0,0,0,0.315625,0.4875,0.048437,0.128125,0.779688,0.590625,0.329688,0.2375
0f50833cd8bcbee6,xclick,/m/04ctx,1,0.010742,0.916992,0.515152,0.77904,1,0,0,0,0,0.116211,0.010742,0.707031,0.916992,0.515152,0.646465,0.77904,0.684343
0f50833cd8bcbee6,xclick,/m/04ctx,1,0.251953,0.773438,0.325758,0.448232,0,0,0,0,0,0.341797,0.251953,0.678711,0.773438,0.325758,0.385101,0.448232,0.39899
0f9cde9b86c937f5,xclick,/m/0gxl3,1,0.135625,0.73875,0.436667,0.800833,0,0,0,0,0,0.73875,0.669375,0.61625,0.135625,0.495833,0.436667,0.800833,0.5375
0faa94bec638caab,xclick,/m/04ctx,1,0.50375,0.999375,0.23546,0.660413,1,1,0,0,0,0.50875,0.50375,0.999375,0.999375,0.23546,0.237336,0.660413,0.638837
0faa94bec638caab,xclick,/m/058qzx,1,0.5,0.999375,0.22045,0.663227,1,1,0,0,0,0.50625,0.5,0.999375,0.995625,0.22045,0.247655,0.636023,0.663227
0fd074fdd8166f9b,xclick,/m/0gxl3,1,0.103125,0.96875,0.3175,0.858333,0,0,0,1,0,0.80875,0.96875,0.89875,0.103125,0.3175,0.850833,0.858333,0.443333
0febb7276ea9fe5f,xclick,/m/0gxl3,1,0.65625,0.926875,0.318949,0.668856,1,0,0,0,0,0.86625,0.926875,0.81125,0.65625,0.318949,0.434334,0.668856,0.488743
101caa9aa5457a4f,xclick,/m/04ctx,1,0.199375,0.83375,0.267355,0.80863,0,0,0,0,0,0.415625,0.199375,0.26125,0.83375,0.80863,0.580675,0.267355,0.625704
106e029772d694a7,xclick,/m/0gxl3,1,0.08625,0.931875,0.143527,0.878049,0,0,0,0,0,0.931875,0.30875,0.08625,0.128125,0.227955,0.143527,0.85272,0.878049
10901307d78e4e62,xclick,/m/0gxl3,1,0.68625,0.82875,0.456848,0.574109,1,0,0,0,0,0.72375,0.68625,0.785,0.82875,0.456848,0.502814,0.574109,0.484053
10acbbd6db8862cf,xclick,/m/0gxl3,1,0.294922,0.701172,0.345052,0.786458,0,0,0,0,0,0.294922,0.436523,0.701172,0.670898,0.467448,0.786458,0.407552,0.345052
10bb17fe71f55a0c,xclick,/m/0gxl3,1,0.11,0.91875,0.206573,0.805634,0,0,0,1,0,0.6675,0.91875,0.73375,0.11,0.206573,0.679812,0.805634,0.448826
10bcc2ecfd75244a,xclick,/m/04ctx,1,0.620625,0.999375,0.187913,0.999056,0,1,0,0,0,0.620625,0.625625,0.995625,0.999375,0.197356,0.187913,0.999056,0.901794
10bcc2ecfd75244a,xclick,/m/058qzx,1,0.625,0.999375,0.19169,0.997167,0,1,0,0,0,0.6325,0.625,0.98875,0.999375,0.19169,0.19169,0.997167,0.862134
10fdc831420b8968,xclick,/m/0gxl3,1,0.154375,0.935625,0.229539,0.817498,0,0,0,0,0,0.34875,0.154375,0.935625,0.305,0.817498,0.468485,0.464722,0.229539
114eac58d70e8c7c,xclick,/m/0gxl3,1,0.397222,0.6,0.422917,0.66875,1,0,0,0,0,0.495833,0.6,0.397222,0.522222,0.422917,0.648958,0.620833,0.66875
11beeac9eb9414af,xclick,/m/04ctx,1,0.0,0.8125,0.495313,0.929688,0,1,0,0,0,0.0,0.0,0.798438,0.8125,0.495313,0.521875,0.929688,0.91875
11beeac9eb9414af,xclick,/m/058qzx,1,0.0,0.809375,0.503125,0.925,0,1,0,0,0,0.0,0.0,0.809375,0.809375,0.503125,0.514062,0.925,0.925
11c25413a421009c,xclick,/m/04ctx,1,0.196875,0.714375,0.261551,0.771452,1,0,0,0,0,0.26875,0.196875,0.714375,0.66125,0.261551,0.411716,0.702145,0.771452
121d407874aac6c5,xclick,/m/0gxl3,1,0.013072,0.993464,0.001634,0.99183,0,1,0,0,0,0.160131,0.013072,0.830065,0.993464,0.001634,0.346405,0.99183,0.888889
126fecdb21e1b1d7,activemil,/m/04ctx,1,0.519375,1.0,0.331667,0.9025,-1,-1,-1,-1,-1,-1.0,-1.0,-1.0,-1.0,-1.0,-1.0,-1.0,-1.0
126fecdb21e1b1d7,xclick,/m/04ctx,1,0.005,0.999375,0.0,0.999167,0,1,0,0,0,0.005,0.20625,0.999375,0.868125,0.9925,0.999167,0.639167,0.0
12ba53bad2db1856,xclick,/m/0gxl3,1,0.711719,0.999219,0.0,0.257344,1,1,0,0,0,0.711719,0.750781,0.925781,0.999219,0.195065,0.257344,0.0,0.117509
12fedab289e3d3f6,xclick,/m/04ctx,1,0.08,0.963125,0.107658,0.812431,0,0,0,0,0,0.08,0.285625,0.963125,0.906875,0.763596,0.812431,0.247503,0.107658
1302153ecbf53853,xclick,/m/0gxl3,1,0.053922,0.99183,0.163399,0.586601,0,0,0,1,0,0.053922,0.075163,0.99183,0.978758,0.222222,0.163399,0.581699,0.586601
13119f25914af63c,xclick,/m/0gxl3,1,0.01125,0.98625,0.092871,0.994371,0,1,0,0,0,0.43875,0.98625,0.381875,0.01125,0.994371,0.272983,0.092871,0.391182
131a31401b071bda,xclick,/m/04ctx,1,0.465625,0.999375,0.013112,0.863636,0,1,0,0,0,0.465625,0.471875,0.956875,0.999375,0.027098,0.013112,0.863636,0.750874
131a31401b071bda,xclick,/m/058qzx,1,0.463125,0.999375,0.003497,0.865385,0,1,0,0,0,0.463125,0.954375,0.999375,0.463125,0.005245,0.865385,0.766608,0.003497
138730f1ee2999fb,xclick,/m/04ctx,1,0.2475,0.920625,0.31,0.74,1,0,0,0,0,0.258125,0.2475,0.905625,0.920625,0.31,0.33,0.74,0.738125
138730f1ee2999fb,xclick,/m/058qzx,1,0.24,0.918125,0.301875,0.7425,1,0,0,0,0,0.25375,0.24,0.918125,0.879375,0.301875,0.349375,0.731875,0.7425
1388d78ddce18ce5,xclick,/m/04ctx,1,0.049438,0.893258,0.111953,0.424242,0,0,0,1,0,0.860674,0.893258,0.11236,0.049438,0.111953,0.125421,0.424242,0.396465
13ae3631d64788f7,xclick,/m/0gxl3,1,0.039062,0.84375,0.1625,0.895833,0,0,0,1,0,0.039062,0.653125,0.84375,0.645312,0.4625,0.1625,0.710417,0.895833
13cef2ee3c4e0973,xclick,/m/0gxl3,1,0.105663,0.709254,0.26,0.564375,1,0,0,1,0,0.462017,0.709254,0.631906,0.105663,0.564375,0.396875,0.26,0.36125
13cef2ee3c4e0973,xclick,/m/0gxl3,1,0.220994,0.80732,0.414375,0.9275,1,0,0,1,0,0.80732,0.641575,0.220994,0.279006,0.4975,0.414375,0.863125,0.9275
13cef2ee3c4e0973,xclick,/m/0gxl3,1,0.311464,0.698204,0.126875,0.335625,1,0,0,1,0,0.337707,0.311464,0.664365,0.698204,0.126875,0.178125,0.335625,0.215625
13f2fec0dbf286c1,xclick,/m/04ctx,1,0.058594,0.90918,0.063802,0.919271,0,0,0,0,0,0.058594,0.148438,0.90918,0.90332,0.770833,0.919271,0.08724,0.063802
13fbb53617d018de,xclick,/m/0gxl3,1,0.7075,0.925625,0.150833,0.646667,1,0,0,0,0,0.896875,0.925625,0.7075,0.793125,0.150833,0.1875,0.435,0.646667
14c8c84d0892ce6f,xclick,/m/04ctx,1,0.034375,0.875,0.175833,0.824167,0,0,0,0,0,0.8375,0.875,0.040625,0.034375,0.175833,0.220833,0.824167,0.8125
14c8c84d0892ce6f,xclick,/m/058qzx,1,0.026875,0.875625,0.176667,0.83,0,0,0,0,0,0.8325,0.875625,0.026875,0.035625,0.176667,0.21,0.809167,0.83
14ed72ff841b8402,xclick,/m/0gxl3,1,0.0,0.79125,0.137899,0.782364,0,1,0,0,0,0.18,0.79125,0.035625,0.0,0.137899,0.650094,0.782364,0.639775
150fc39014d4dda4,xclick,/m/0gxl3,1,0.106875,0.796875,0.215,0.92,0,0,0,1,0,0.106875,0.26375,0.796875,0.55,0.306667,0.215,0.486667,0.92
151c7597b15bb428,xclick,/m/0gxl3,1,0.64125,0.820625,0.368668,0.502814,1,0,0,0,0,0.64125,0.80625,0.820625,0.738125,0.447467,0.368668,0.393058,0.502814
15408390ae83e385,xclick,/m/04ctx,1,0.010667,0.757333,0.090154,0.314353,1,0,0,0,0,0.010667,0.753333,0.539333,0.757333,0.201661,0.090154,0.314353,0.236062
15408390ae83e385,xclick,/m/04ctx,1,0.538,0.938,0.513642,0.65599,1,0,0,0,0,0.538,0.924667,0.938,0.572,0.606168,0.513642,0.578885,0.65599
1562c292a7db4dd3,xclick,/m/04ctx,1,0.1375,0.883333,0.398438,0.8125,0,0,0,0,0,0.1375,0.883333,0.851042,0.182292,0.398438,0.75,0.8125,0.504687
15668e3075e27fb9,xclick,/m/0gxl3,1,0.30875,0.675625,0.32,0.681667,0,0,0,0,0,0.450625,0.675625,0.363125,0.30875,0.681667,0.355,0.32,0.416667
15ae6310fb427bba,xclick,/m/04ctx,1,0.024375,0.995625,0.67636,0.856473,0,0,0,0,0,0.445625,0.024375,0.995625,0.9425,0.67636,0.737336,0.822702,0.856473
15ae6310fb427bba,xclick,/m/04ctx,1,0.089375,0.87875,0.383677,0.530019,0,0,0,0,0,0.089375,0.675,0.87875,0.525,0.443715,0.383677,0.499062,0.530019
15ae6310fb427bba,xclick,/m/04ctx,1,0.16375,0.799375,0.164165,0.291745,0,0,0,0,0,0.58375,0.16375,0.799375,0.538125,0.164165,0.227955,0.222326,0.291745
15ae6310fb427bba,xclick,/m/04ctx,1,0.903125,0.999375,0.422139,0.49531,0,1,0,0,0,0.903125,0.999375,0.999375,0.958125,0.439962,0.422139,0.49531,0.489681
15ae6310fb427bba,xclick,/m/04ctx,1,0.910625,0.999375,0.193246,0.262664,0,1,0,0,0,0.910625,0.996875,0.999375,0.964375,0.195122,0.193246,0.262664,0.257036
15b1f000dfae5658,xclick,/m/04ctx,1,0.023125,0.999375,0.090056,0.813321,0,1,0,0,0,0.023125,0.0325,0.999375,0.93,0.79925,0.813321,0.213884,0.090056
15c01407665866e0,xclick,/m/0gxl3,1,0.201875,0.806875,0.270245,0.764595,0,0,0,0,0,0.201875,0.806875,0.764375,0.251875,0.324859,0.299435,0.764595,0.270245
15c84af90d8f2aba,xclick,/m/0gxl3,1,0.360465,0.700258,0.209302,0.643411,1,0,0,0,0,0.360465,0.700258,0.668605,0.538114,0.504845,0.290698,0.209302,0.643411
15dc624c3700d181,xclick,/m/04ctx,1,0.034375,0.999375,0.468333,0.875,0,1,0,0,0,0.89625,0.034375,0.140625,0.999375,0.468333,0.823333,0.875,0.516667
15dc624c3700d181,xclick,/m/058qzx,1,0.040625,0.999375,0.470833,0.8875,0,0,0,0,0,0.0975,0.040625,0.999375,0.895625,0.8875,0.855,0.511667,0.470833
15fb1be9c6b15a67,xclick,/m/0gxl3,1,0.009375,0.935625,0.047842,0.869606,0,0,0,0,0,0.073125,0.009375,0.736875,0.935625,0.869606,0.725141,0.047842,0.712008
15fb63fd27ac1dbc,xclick,/m/04ctx,1,0.035833,0.999167,0.036173,0.96266,0,1,0,0,0,0.909167,0.035833,0.228333,0.999167,0.036173,0.96266,0.878646,0.11902
16106736b2149cea,xclick,/m/0gxl3,1,0.058594,0.972656,0.070522,0.971791,0,0,0,1,0,0.058594,0.737305,0.972656,0.844727,0.187588,0.070522,0.346968,0.971791
1619b12e2ae2822a,xclick,/m/0gxl3,1,0.095,0.95375,0.1775,0.8825,0,0,0,1,0,0.095,0.460625,0.95375,0.156875,0.398333,0.1775,0.3325,0.8825
162ed8cf6fa49de2,xclick,/m/0gxl3,1,0.00125,0.858125,0.305,0.880833,0,1,0,0,0,0.00125,0.858125,0.820625,0.09875,0.818333,0.3725,0.305,0.880833
16b2ada0c198aee8,xclick,/m/0gxl3,1,0.282292,0.796875,0.115278,0.630556,0,0,0,0,0,0.796875,0.282292,0.66875,0.417708,0.177778,0.230556,0.115278,0.630556
1744b5e5417c34d5,xclick,/m/04ctx,1,0.0,0.999375,0.0,0.999062,0,1,1,0,0,0.688125,0.0,0.999375,0.395625,0.0,0.515009,0.453096,0.999062
1744b5e5417c34d5,xclick,/m/058qzx,1,0.0,0.999375,0.0,0.999062,0,1,1,0,0,0.153125,0.68625,0.999375,0.0,0.999062,0.0,0.245779,0.636023
17aae2f3b198f94c,xclick,/m/04ctx,1,0.478125,0.999375,0.625,0.874167,0,1,0,0,0,0.478125,0.48875,0.998125,0.999375,0.6375,0.625,0.874167,0.824167
17aae2f3b198f94c,xclick,/m/058qzx,1,0.4775,0.999375,0.618333,0.863333,1,1,0,0,0,0.495625,0.4775,0.999375,0.999375,0.618333,0.630833,0.775833,0.863333
17aec9329f538b94,xclick,/m/04ctx,1,0.04625,0.50125,0.182413,0.913003,0,0,0,0,0,0.495625,0.50125,0.08875,0.04625,0.182413,0.192703,0.913003,0.85594
17aec9329f538b94,xclick,/m/058qzx,1,0.044375,0.50375,0.182413,0.898971,0,0,0,0,0,0.495,0.50375,0.044375,0.088125,0.182413,0.189897,0.848457,0.898971
17b410a70cff3291,xclick,/m/0gxl3,1,0.0775,0.876875,0.1629,0.923729,0,0,0,0,0,0.815,0.876875,0.80875,0.0775,0.1629,0.800377,0.923729,0.263653
1813c03c2454ce80,xclick,/m/0gxl3,1,0.288281,0.732813,0.222743,0.907386,0,0,0,0,0,0.7125,0.732813,0.296094,0.288281,0.222743,0.297773,0.907386,0.898007
1813c03c2454ce80,xclick,/m/0gxl3,1,0.867969,0.999219,0.452521,0.803048,0,1,0,0,0,0.999219,0.907813,0.867969,0.998437,0.452521,0.803048,0.616647,0.576788
1824cc6dd3f7ce7c,xclick,/m/0gxl3,1,0.255625,0.634375,0.484167,0.724167,0,0,0,0,0,0.255625,0.34625,0.634375,0.33875,0.666667,0.724167,0.553333,0.484167
18568e2f76b30793,xclick,/m/04ctx,1,0.088125,0.963125,0.0,0.999066,0,1,0,0,0,0.088125,0.128125,0.963125,0.713125,0.0,0.0,0.997199,0.999066
185f36fb3f044a00,xclick,/m/04ctx,1,0.353125,0.609375,0.0,0.999062,0,1,0,0,0,0.4775,0.353125,0.609375,0.553125,0.0,0.999062,0.743902,0.999062
185f36fb3f044a00,xclick,/m/058qzx,1,0.37625,0.613125,0.0,0.999062,0,1,0,0,0,0.5025,0.37625,0.613125,0.398125,0.0,0.690432,0.727017,0.999062
187f16fd56c13fbe,xclick,/m/04ctx,1,0.1075,0.589375,0.40024,0.942308,0,0,0,0,0,0.540625,0.1075,0.22125,0.589375,0.40024,0.503606,0.942308,0.524038
189207aff552d468,xclick,/m/0gxl3,1,0.021875,0.969375,0.052114,0.947886,0,0,0,0,0,0.021875,0.805625,0.969375,0.850625,0.149459,0.052114,0.296952,0.947886
18aee0943958c9fc,xclick,/m/0gxl3,1,0.132812,0.878125,0.333981,0.823301,0,0,0,0,0,0.189062,0.132812,0.878125,0.332813,0.823301,0.768932,0.38835,0.333981
18b93a784baa2aed,xclick,/m/04ctx,1,0.20125,0.999375,0.050833,0.699167,0,0,0,0,0,0.20125,0.20125,0.94875,0.999375,0.089167,0.050833,0.699167,0.650833
18b93a784baa2aed,xclick,/m/058qzx,1,0.185625,0.999375,0.0575,0.711667,0,0,0,0,0,0.999375,0.931875,0.185625,0.185625,0.6375,0.711667,0.0575,0.0575
18ecd241b66559dc,xclick,/m/0gxl3,1,0.0,0.699375,0.0,0.370833,0,1,0,0,0,0.41125,0.0,0.0,0.699375,0.0,0.210833,0.370833,0.000833
18ecd241b66559dc,xclick,/m/0gxl3,1,0.204375,0.853125,0.2825,0.991667,0,0,0,0,0,0.204375,0.853125,0.660625,0.761875,0.4075,0.436667,0.991667,0.2825
1909fcdcdc54d91e,xclick,/m/04ctx,1,0.0125,0.999375,0.0,0.999062,0,1,0,0,0,0.909375,0.0125,0.215,0.999375,0.0,0.711069,0.999062,0.466229
1911d1921cbab06b,xclick,/m/0gxl3,1,0.605,0.6825,0.570356,0.677298,0,0,0,1,0,0.605,0.6825,0.663125,0.6125,0.611632,0.657598,0.677298,0.570356
194058054f8ca190,xclick,/m/0gxl3,1,0.431875,0.539375,0.335156,0.483594,1,0,0,0,0,0.431875,0.539375,0.53125,0.449375,0.403906,0.352344,0.335156,0.483594
19495295c52c9a34,xclick,/m/04ctx,1,0.100586,0.868164,0.083333,0.957031,0,0,0,0,0,0.100586,0.868164,0.816406,0.319336,0.083333,0.832031,0.957031,0.401042
197aaf18b6f41f51,xclick,/m/0gxl3,1,0.715625,0.88375,0.342427,0.454374,1,0,0,0,0,0.8275,0.88375,0.7275,0.715625,0.454374,0.367827,0.342427,0.382879
198bbd2796390596,xclick,/m/0gxl3,1,0.253906,0.854492,0.139323,0.869792,0,0,0,0,0,0.253906,0.854492,0.550781,0.354492,0.782552,0.390625,0.139323,0.869792
198e7e92d504d88d,xclick,/m/04ctx,1,0.16625,0.905625,0.018762,0.967167,0,0,0,0,0,0.821875,0.905625,0.16625,0.16625,0.967167,0.841463,0.018762,0.070356
198e7e92d504d88d,xclick,/m/058qzx,1,0.16375,0.908125,0.014071,0.969043,0,0,0,0,0,0.825625,0.908125,0.16375,0.170625,0.969043,0.841463,0.092871,0.014071
19afe37c931299da,xclick,/m/04ctx,1,0.156875,0.796875,0.266801,0.733871,1,0,0,0,0,0.196875,0.156875,0.796875,0.7125,0.266801,0.299059,0.663306,0.733871
1a39af306d900ace,xclick,/m/04ctx,1,0.096875,0.999375,0.221705,0.941085,1,1,0,0,0,0.15375,0.096875,0.999375,0.609375,0.221705,0.499225,0.663566,0.941085
1a7544cff439c995,xclick,/m/0gxl3,1,0.253906,0.789844,0.255208,0.642708,1,0,0,0,0,0.253906,0.789844,0.750781,0.357812,0.642708,0.278125,0.255208,0.636458
1a771ed89dcc8d24,xclick,/m/0gxl3,1,0.0,0.498125,0.663866,0.960784,0,0,0,0,0,0.431875,0.498125,0.0,0.0,0.663866,0.755369,0.960784,0.847806
1a771ed89dcc8d24,xclick,/m/0gxl3,1,0.0025,0.500625,0.660131,0.944911,0,1,0,0,0,0.431875,0.500625,0.01,0.0025,0.660131,0.767507,0.944911,0.886088
1a771ed89dcc8d24,xclick,/m/0gxl3,1,0.138125,0.83625,0.344538,0.807656,0,0,0,0,0,0.76625,0.83625,0.67125,0.138125,0.344538,0.759104,0.807656,0.47619
1aa8044a5a9ebd79,xclick,/m/04ctx,1,0.25,0.803125,0.109375,0.973437,0,0,0,0,0,0.290625,0.25,0.778125,0.803125,0.973437,0.907813,0.109375,0.201563
1aa8044a5a9ebd79,xclick,/m/058qzx,1,0.248437,0.804688,0.1125,0.95625,0,0,0,0,0,0.779687,0.3125,0.248437,0.804688,0.1125,0.95625,0.903125,0.18125
1ab8e7de21729223,xclick,/m/04ctx,1,0.1425,0.6575,0.178771,0.756425,1,0,0,0,0,0.1425,0.18875,0.6575,0.624375,0.751955,0.756425,0.204469,0.178771
1ab8e7de21729223,xclick,/m/058qzx,1,0.136875,0.66375,0.173184,0.757542,1,0,0,0,0,0.183125,0.136875,0.62,0.66375,0.757542,0.732961,0.173184,0.227933
1afb3b80d86b08cf,xclick,/m/04ctx,1,0.05125,0.999375,0.0,0.954034,0,1,0,0,0,0.05125,0.198125,0.999375,0.98625,0.91182,0.954034,0.32364,0.0
1afb3b80d86b08cf,xclick,/m/058qzx,1,0.049375,0.999375,0.0,0.95591,0,1,0,0,0,0.961875,0.999375,0.21125,0.049375,0.0,0.073171,0.95591,0.905253
1b4bf12441f7e67c,xclick,/m/04ctx,1,0.068125,0.9625,0.233333,0.999167,0,1,0,0,0,0.068125,0.081875,0.9625,0.48125,0.236667,0.233333,0.546667,0.999167
1b57aca7a53902c5,xclick,/m/04ctx,1,0.0,0.960938,0.064611,0.998532,0,1,0,0,0,0.0,0.004883,0.960938,0.960938,0.782673,0.998532,0.064611,0.073421
1b57aca7a53902c5,xclick,/m/058qzx,1,0.0,0.963867,0.073421,0.998532,0,1,0,0,0,0.0,0.963867,0.24707,0.0,0.706314,0.073421,0.998532,0.976505
1b5a6814bb670148,xclick,/m/04ctx,1,0.03875,0.999375,0.250833,0.694167,0,1,0,0,0,0.03875,0.900625,0.999375,0.991875,0.395833,0.694167,0.49,0.250833
1bc58d11556cd6b4,xclick,/m/04ctx,1,0.004902,0.998366,0.158497,0.629085,0,1,0,0,0,0.995098,0.998366,0.078431,0.004902,0.629085,0.552288,0.158497,0.178105
1bc58d11556cd6b4,xclick,/m/058qzx,1,0.013072,0.998366,0.147059,0.624183,0,1,0,0,0,0.998366,0.998366,0.013072,0.081699,0.493464,0.624183,0.168301,0.147059
1c188f4dcc358b44,xclick,/m/04ctx,1,0.0075,0.3925,0.63,0.7025,0,0,0,0,0,0.0075,0.2125,0.3925,0.355,0.6375,0.63,0.690833,0.7025
1c188f4dcc358b44,xclick,/m/04ctx,1,0.01125,0.40125,0.554167,0.63,0,0,0,0,0,0.01125,0.3925,0.40125,0.1625,0.581667,0.554167,0.63,0.6075
1c188f4dcc358b44,xclick,/m/04ctx,1,0.021875,0.380625,0.704167,0.754167,0,0,0,0,0,0.021875,0.28375,0.380625,0.179375,0.740833,0.704167,0.744167,0.754167
1c188f4dcc358b44,xclick,/m/04ctx,1,0.021875,0.39125,0.771667,0.835,0,0,0,0,0,0.021875,0.28625,0.39125,0.15875,0.775,0.771667,0.835,0.83
1c188f4dcc358b44,xclick,/m/04ctx,1,0.09375,0.951875,0.466667,0.565,0,0,0,0,0,0.09375,0.94875,0.951875,0.44625,0.508333,0.466667,0.554167,0.565
1c188f4dcc358b44,xclick,/m/04ctx,1,0.3925,0.999375,0.616667,0.726667,0,0,0,0,0,0.3925,0.9875,0.999375,0.731875,0.6525,0.616667,0.709167,0.726667
1c188f4dcc358b44,xclick,/m/04ctx,1,0.438125,0.87875,0.735833,0.8125,0,0,0,0,0,0.475625,0.438125,0.85625,0.87875,0.735833,0.735833,0.8125,0.770833
1c3d3f267efd67b8,xclick,/m/0gxl3,1,0.0,0.999375,0.124183,0.999066,0,1,0,1,0,0.0,0.7125,0.999375,0.616875,0.830065,0.999066,0.957049,0.124183
1c409bb08b96723c,xclick,/m/04ctx,1,0.0,0.816875,0.108333,0.66,0,1,0,0,0,0.80375,0.816875,0.011875,0.0,0.66,0.6525,0.108333,0.174167
1c409bb08b96723c,xclick,/m/058qzx,1,0.0,0.82,0.104167,0.675833,0,1,0,0,0,0.0175,0.0,0.82,0.771875,0.104167,0.211667,0.645,0.675833
1c599c9c4959e24b,xclick,/m/0gxl3,1,0.13375,0.999375,0.1075,0.999167,1,1,0,0,0,0.13375,0.21875,0.999375,0.968125,0.414167,0.1075,0.724167,0.999167
1c60c3a3bbddc658,xclick,/m/04ctx,1,0.027344,0.983398,0.080729,0.908854,0,0,0,0,0,0.930664,0.983398,0.145508,0.027344,0.080729,0.1875,0.908854,0.86849
1c7365887d7cbea7,xclick,/m/0gxl3,1,0.231875,0.73875,0.189167,0.736667,1,0,0,0,0,0.646875,0.231875,0.63375,0.73875,0.189167,0.2275,0.736667,0.561667
1cbe73f1b39d14a8,xclick,/m/04ctx,1,0.205625,0.6175,0.201667,0.79,0,0,0,0,0,0.209375,0.205625,0.5825,0.6175,0.201667,0.201667,0.79,0.7275
1cbe73f1b39d14a8,xclick,/m/058qzx,1,0.196875,0.618125,0.190833,0.785,0,0,0,0,0,0.581875,0.618125,0.20375,0.196875,0.785,0.719167,0.190833,0.218333
1cdb986cd69f46f5,xclick,/m/0gxl3,1,0.12875,0.881875,0.19141,0.92437,0,0,0,0,0,0.8525,0.18625,0.12875,0.881875,0.92437,0.19141,0.267974,0.412698
1d14a26471a4e193,xclick,/m/0gxl3,1,0.47875,0.64,0.313996,0.413343,1,0,0,0,0,0.59375,0.64,0.56,0.47875,0.313996,0.335025,0.413343,0.346628
1d1919da0cd1c638,xclick,/m/04ctx,1,0.01,0.93625,0.67,0.7925,0,0,0,0,0,0.37875,0.93625,0.113125,0.01,0.67,0.75375,0.7925,0.748125
1d1919da0cd1c638,xclick,/m/04ctx,1,0.0175,0.58625,0.299375,0.373125,0,0,0,0,0,0.0175,0.046875,0.58625,0.219375,0.336875,0.299375,0.33375,0.373125
1d1919da0cd1c638,xclick,/m/04ctx,1,0.034375,0.979375,0.526875,0.6275,0,0,0,0,0,0.8975,0.034375,0.933125,0.979375,0.526875,0.6,0.6275,0.585
1d1919da0cd1c638,xclick,/m/04ctx,1,0.116875,0.87,0.40875,0.499375,0,0,0,0,0,0.508125,0.116875,0.87,0.8275,0.40875,0.45125,0.438125,0.499375
1d1919da0cd1c638,xclick,/m/04ctx,1,0.21375,0.9825,0.205625,0.289375,0,0,0,0,0,0.21375,0.9825,0.933125,0.6275,0.205625,0.234375,0.289375,0.289375
1d1919da0cd1c638,xclick,/m/058qzx,1,0.0125,0.93625,0.670625,0.795625,0,0,0,0,0,0.364375,0.0125,0.38125,0.93625,0.670625,0.75125,0.795625,0.7475
1d1919da0cd1c638,xclick,/m/058qzx,1,0.015625,0.584375,0.3,0.371875,0,0,0,0,0,0.048125,0.015625,0.16625,0.584375,0.3,0.34125,0.371875,0.3325
1d1919da0cd1c638,xclick,/m/058qzx,1,0.03625,0.96875,0.5325,0.623125,0,0,0,0,0,0.605,0.96875,0.928125,0.03625,0.5325,0.571875,0.623125,0.6075
1d1919da0cd1c638,xclick,/m/058qzx,1,0.11625,0.87,0.41125,0.49625,0,0,0,0,0,0.5025,0.87,0.82375,0.11625,0.41125,0.44875,0.49625,0.4625
1d1919da0cd1c638,xclick,/m/058qzx,1,0.22125,0.9825,0.198125,0.3,0,0,0,0,0,0.620625,0.22125,0.9825,0.928125,0.198125,0.20875,0.25125,0.3
1d3e180659dbeaab,xclick,/m/04ctx,1,0.22125,0.929375,0.335217,0.635593,0,0,0,0,0,0.22375,0.22125,0.9125,0.929375,0.335217,0.346516,0.635593,0.527307
1d6c5b47ac435d2d,xclick,/m/0gxl3,1,0.11,0.89,0.148148,0.8125,1,0,0,0,0,0.167143,0.89,0.267143,0.11,0.148148,0.277778,0.8125,0.763889
1d9d6fa0c2ac65fa,xclick,/m/04ctx,1,0.205,0.503333,0.075625,0.91625,0,0,0,0,0,0.328333,0.205,0.503333,0.250833,0.075625,0.81875,0.345625,0.91625
1d9d6fa0c2ac65fa,xclick,/m/04ctx,1,0.535,0.694167,0.061875,0.915,0,0,0,0,0,0.61,0.535,0.61,0.694167,0.915,0.85375,0.061875,0.860625
1daece485e537a45,xclick,/m/04ctx,1,0.036152,0.95481,0.397603,0.606754,0,0,0,0,0,0.036152,0.231762,0.95481,0.919303,0.490196,0.397603,0.525054,0.606754
1daece485e537a45,xclick,/m/04ctx,1,0.555842,0.894125,0.641612,0.836601,1,0,0,0,0,0.830213,0.555842,0.894125,0.876695,0.641612,0.763617,0.744009,0.836601
1db3abae5f8b29d7,xclick,/m/0gxl3,1,0.165039,0.964844,0.189012,0.940484,0,0,0,0,0,0.292969,0.165039,0.964844,0.460938,0.189012,0.265533,0.633748,0.940484
1db3abae5f8b29d7,xclick,/m/0gxl3,1,0.583008,0.999023,0.181818,0.534336,0,1,0,0,0,0.666992,0.583008,0.999023,0.999023,0.181818,0.301504,0.534336,0.485939
1e28cf9e0bcf227b,xclick,/m/0gxl3,1,0.07125,0.92,0.144167,0.83,0,0,0,1,0,0.833125,0.92,0.670625,0.07125,0.83,0.339167,0.144167,0.2775
1e32255b85e73687,xclick,/m/04ctx,1,0.149414,0.912109,0.138021,0.908854,0,0,0,0,0,0.905273,0.912109,0.19043,0.149414,0.138021,0.145833,0.908854,0.860677
1e325c47de2bbc31,xclick,/m/0gxl3,1,0.086875,0.999375,0.058333,0.500833,1,1,0,0,0,0.999375,0.53125,0.086875,0.676875,0.240833,0.058333,0.224167,0.500833
1e35b9b3d040665a,xclick,/m/0gxl3,1,0.10125,0.999375,0.215,0.728333,0,1,0,0,0,0.10125,0.999375,0.825625,0.225,0.516667,0.330833,0.215,0.728333
1e4657e2a8511d04,xclick,/m/0gxl3,1,0.09625,0.89875,0.305085,0.932203,0,0,0,1,0,0.588125,0.89875,0.09625,0.24,0.305085,0.53484,0.797552,0.932203
1e613301d86781b6,xclick,/m/0gxl3,1,0.5075,0.831875,0.3375,0.659167,1,0,0,1,0,0.5425,0.5075,0.781875,0.831875,0.3375,0.406667,0.659167,0.426667
1ededbc86092a178,xclick,/m/0gxl3,1,0.050625,0.868125,0.258333,0.981667,0,0,0,1,0,0.050625,0.790625,0.868125,0.8025,0.299167,0.258333,0.955833,0.981667
1f2242d1b203377c,xclick,/m/0gxl3,1,0.479812,0.820657,0.5375,0.68125,1,0,0,0,0,0.8,0.820657,0.538967,0.479812,0.5375,0.585625,0.68125,0.64375
1f40e8e5f6a5a51a,xclick,/m/0gxl3,1,0.467773,0.55957,0.417889,0.806452,1,0,0,0,0,0.511719,0.467773,0.55957,0.516602,0.417889,0.568915,0.549853,0.806452
1f40e8e5f6a5a51a,xclick,/m/0gxl3,1,0.470703,0.554688,0.414956,0.803519,1,0,0,0,0,0.470703,0.514648,0.554688,0.510742,0.56305,0.414956,0.56305,0.803519
1f6b0d76f10c6e5a,xclick,/m/0gxl3,1,0.011438,0.900327,0.003268,0.986928,1,1,0,1,0,0.137255,0.011438,0.506536,0.900327,0.986928,0.880719,0.003268,0.95098
1f7a2a945931be36,xclick,/m/04ctx,1,0.121422,0.246792,0.083984,0.875,0,0,0,0,0,0.212241,0.121422,0.246792,0.189536,0.083984,0.581055,0.525391,0.875
1f7a2a945931be36,xclick,/m/04ctx,1,0.316881,0.441264,0.178711,0.881836,0,0,0,0,0,0.385982,0.316881,0.441264,0.388944,0.178711,0.579102,0.527344,0.881836
1f7a2a945931be36,xclick,/m/04ctx,1,0.478776,0.608095,0.265625,0.870117,0,0,0,0,0,0.555775,0.478776,0.608095,0.544916,0.265625,0.583984,0.523438,0.870117
1f7a2a945931be36,xclick,/m/04ctx,1,0.660415,0.775913,0.277344,0.868164,0,0,0,0,0,0.730503,0.660415,0.775913,0.721619,0.277344,0.581055,0.650391,0.868164
1f7a2a945931be36,xclick,/m/04ctx,1,0.825271,0.903258,0.40918,0.78125,0,0,0,0,0,0.86772,0.825271,0.871668,0.903258,0.40918,0.75293,0.78125,0.584961
1f8044ec515fcf82,xclick,/m/0gxl3,1,0.045,0.891875,0.239171,0.815443,0,0,0,0,0,0.045,0.09125,0.891875,0.753125,0.322034,0.239171,0.392655,0.815443
1fbe6eb891fbd28a,xclick,/m/04ctx,1,0.171509,0.847235,0.321875,0.41875,0,0,0,0,0,0.847235,0.482662,0.171509,0.63074,0.37125,0.41875,0.360625,0.321875
1fd4aa24eae1fa53,xclick,/m/04ctx,1,0.0,0.633333,0.309375,0.6375,0,1,0,0,0,0.606944,0.633333,0.041667,0.0,0.309375,0.330208,0.6375,0.585417
1fd9c41bbb5403b3,xclick,/m/0gxl3,1,0.0,0.999375,0.013133,0.999062,0,1,0,0,0,0.0,0.80125,0.96875,0.999375,0.389306,0.013133,0.999062,0.949343
1ff3de2ac2590f7f,xclick,/m/04ctx,1,0.02,0.951875,0.368333,0.6575,0,0,0,0,0,0.02,0.076875,0.951875,0.80375,0.635,0.6575,0.429167,0.368333
2026123fa11b1885,xclick,/m/0gxl3,1,0.218667,0.754667,0.307,0.614,0,0,0,1,0,0.608,0.754667,0.664,0.218667,0.614,0.395,0.307,0.453
2090ed2cec0836b6,activemil,/m/04ctx,1,0.210625,0.78,0.394712,0.70916,1,0,0,0,0,-1.0,-1.0,-1.0,-1.0,-1.0,-1.0,-1.0,-1.0
20cad448a5dcc2e9,xclick,/m/04ctx,1,0.0,0.981875,0.027871,0.90524,1,0,0,1,0,0.0,0.033125,0.981875,0.976875,0.84058,0.90524,0.036789,0.027871
20cbcfbdc10e1b52,xclick,/m/04ctx,1,0.051758,0.999023,0.0,0.951613,0,1,0,0,0,0.875977,0.051758,0.285156,0.999023,0.0,0.923754,0.951613,0.241935
20cbcfbdc10e1b52,xclick,/m/058qzx,1,0.042969,0.999023,0.0,0.956012,0,1,0,0,0,0.042969,0.229492,0.899414,0.999023,0.917889,0.956012,0.0,0.195015
2102ced9cbcb69f4,xclick,/m/04ctx,1,0.194336,0.331055,0.233073,0.723958,1,0,0,0,0,0.311523,0.307617,0.194336,0.331055,0.233073,0.697917,0.723958,0.27474
2102ced9cbcb69f4,xclick,/m/04ctx,1,0.602539,0.859375,0.08724,0.665365,1,0,0,0,0,0.638672,0.859375,0.748047,0.602539,0.08724,0.660156,0.665365,0.19401
218dafb82779b0b4,xclick,/m/04ctx,1,0.0,0.999375,0.632277,0.896831,0,1,0,0,0,0.1175,0.0,0.3975,0.999375,0.632277,0.764923,0.896831,0.747237
218dafb82779b0b4,xclick,/m/04ctx,1,0.0775,0.881875,0.0,0.509948,0,1,0,0,0,0.764375,0.881875,0.224375,0.0775,0.0,0.286662,0.509948,0.271186
21b1208bdfbbe594,xclick,/m/04ctx,1,0.029191,0.58799,0.22625,0.46375,0,0,0,0,0,0.029191,0.567139,0.58799,0.052544,0.425625,0.22625,0.280625,0.46375
21b1208bdfbbe594,xclick,/m/04ctx,1,0.093411,0.311927,0.065625,0.19,0,0,0,0,0,0.093411,0.255213,0.311927,0.29608,0.13375,0.065625,0.173125,0.19
21b1208bdfbbe594,xclick,/m/04ctx,1,0.18015,0.622185,0.41875,0.58125,0,0,0,0,0,0.18015,0.355296,0.622185,0.603837,0.58125,0.41875,0.5575,0.579375
21b1208bdfbbe594,xclick,/m/04ctx,1,0.18432,0.774812,0.871875,0.965625,0,0,0,0,0,0.774812,0.532944,0.18432,0.47623,0.914375,0.871875,0.92625,0.965625
21b1208bdfbbe594,xclick,/m/04ctx,1,0.186822,0.779817,0.73875,0.82875,0,0,0,0,0,0.522102,0.186822,0.779817,0.40367,0.73875,0.7675,0.82875,0.806875
21b1208bdfbbe594,xclick,/m/04ctx,1,0.222686,0.698916,0.62625,0.695625,0,0,0,0,0,0.457882,0.698916,0.676397,0.222686,0.62625,0.656875,0.695625,0.656875
21b1208bdfbbe594,xclick,/m/04ctx,1,0.330275,0.515429,0.055,0.18,0,0,0,0,0,0.405338,0.330275,0.515429,0.348624,0.055,0.14375,0.154375,0.18
21b1208bdfbbe594,xclick,/m/04ctx,1,0.681401,0.923269,0.54875,0.74875,0,0,0,0,0,0.777314,0.681401,0.923269,0.848207,0.54875,0.596875,0.675,0.74875
21f6fbe4a5cf1adc,xclick,/m/04ctx,1,0.089844,0.950195,0.11849,0.932292,0,0,0,0,0,0.09668,0.089844,0.540039,0.950195,0.11849,0.132812,0.932292,0.691406
21f7e1050ce8e7e2,xclick,/m/0gxl3,1,0.170625,0.985,0.047977,0.722484,0,0,0,0,0,0.170625,0.73875,0.985,0.759375,0.177799,0.047977,0.604892,0.722484
2200e01ce00cc4ca,xclick,/m/0gxl3,1,0.1425,0.81875,0.019666,0.923304,0,0,0,0,0,0.1425,0.539375,0.81875,0.744375,0.499508,0.019666,0.6765,0.923304
22abe70144e4c86f,xclick,/m/04ctx,1,0.0,0.92375,0.152908,0.614447,0,1,0,0,0,0.0,0.795625,0.92375,0.005,0.456848,0.152908,0.304878,0.614447
22abe70144e4c86f,xclick,/m/04ctx,1,0.0,0.999375,0.43621,0.893996,0,1,0,0,0,0.93625,0.999375,0.00875,0.0,0.43621,0.458724,0.893996,0.797373
22abe70144e4c86f,xclick,/m/058qzx,1,0.0,0.918125,0.155722,0.611632,0,1,0,0,0,0.00625,0.0,0.7875,0.918125,0.611632,0.454034,0.155722,0.30394
22abe70144e4c86f,xclick,/m/058qzx,1,0.0,0.998125,0.439024,0.898687,0,1,0,0,0,0.998125,0.0,0.996875,0.008125,0.452158,0.775797,0.439024,0.898687
22c45935db1999b3,xclick,/m/04ctx,1,0.233398,0.865234,0.117188,0.886719,0,0,0,0,0,0.554688,0.233398,0.865234,0.310547,0.117188,0.604167,0.604167,0.886719
23196738ebc046f3,xclick,/m/04ctx,1,0.38125,0.596875,0.024811,0.994606,0,0,0,0,0,0.432812,0.38125,0.45,0.596875,0.024811,0.985976,0.994606,0.599784
23196738ebc046f3,xclick,/m/058qzx,1,0.35625,0.596875,0.028047,0.995685,0,0,0,0,0,0.423438,0.428125,0.35625,0.596875,0.028047,0.995685,0.623517,0.588997
2328c84c61cca21e,xclick,/m/04ctx,1,0.07375,0.861875,0.106667,0.339167,0,0,0,0,0,0.07375,0.378125,0.861875,0.49125,0.186667,0.339167,0.175833,0.106667
236ae9eb063c209d,xclick,/m/04ctx,1,0.1025,0.9825,0.681818,0.929091,0,0,0,0,0,0.1025,0.549375,0.9825,0.7425,0.747273,0.929091,0.842727,0.681818
238dfc6965c98a79,xclick,/m/04ctx,1,0.294375,0.535625,0.56297,0.99906,0,1,0,0,0,0.31625,0.535625,0.5125,0.294375,0.56297,0.99906,0.99906,0.62594
238dfc6965c98a79,xclick,/m/058qzx,1,0.288125,0.52875,0.56297,0.99906,0,1,0,0,0,0.309375,0.288125,0.52875,0.5275,0.56297,0.615602,0.99906,0.99906
23b57b3011e62954,xclick,/m/04ctx,1,0.064375,0.9325,0.1425,0.88,1,0,0,0,0,0.9325,0.064375,0.493125,0.144375,0.1425,0.7925,0.650833,0.88
24238ce76f91c525,xclick,/m/04ctx,1,0.26125,0.748125,0.245467,0.686192,0,0,0,0,0,0.67875,0.26125,0.33375,0.748125,0.245467,0.578103,0.686192,0.311018
243949b9909ae9d9,xclick,/m/04ctx,1,0.0,0.06375,0.560677,0.892756,0,1,0,0,0,0.0,0.06375,0.005,0.0,0.560677,0.88523,0.892756,0.80809
243949b9909ae9d9,xclick,/m/04ctx,1,0.07,0.2025,0.108184,0.892756,0,0,0,0,0,0.095625,0.1525,0.2025,0.07,0.108184,0.892756,0.863594,0.167451
243949b9909ae9d9,xclick,/m/04ctx,1,0.16875,0.336875,0.113829,0.900282,0,0,0,0,0,0.336875,0.16875,0.27625,0.2025,0.892756,0.158043,0.900282,0.113829
243949b9909ae9d9,xclick,/m/04ctx,1,0.340625,0.445625,0.105362,0.817498,0,0,0,0,0,0.340625,0.3625,0.445625,0.4075,0.152399,0.105362,0.815616,0.817498
243949b9909ae9d9,xclick,/m/04ctx,1,0.450625,0.588125,0.07714,0.936971,0,0,0,0,0,0.450625,0.588125,0.489375,0.536875,0.121355,0.936971,0.07714,0.923801
243949b9909ae9d9,xclick,/m/04ctx,1,0.554375,0.651875,0.080903,0.830668,0,0,0,0,0,0.58375,0.554375,0.651875,0.599375,0.080903,0.138288,0.823142,0.830668
243949b9909ae9d9,xclick,/m/04ctx,1,0.654375,0.785,0.097836,0.749765,0,0,0,0,0,0.715,0.654375,0.785,0.711875,0.097836,0.128881,0.749765,0.742239
243949b9909ae9d9,xclick,/m/04ctx,1,0.790625,0.97375,0.082785,0.799624,0,0,0,0,0,0.801875,0.97375,0.86875,0.790625,0.082785,0.271872,0.799624,0.749765
244b06e5f1fe9527,xclick,/m/0gxl3,1,0.029375,0.91375,0.147834,0.875706,0,0,0,0,0,0.029375,0.90875,0.91375,0.065625,0.217514,0.875706,0.731638,0.147834
2470d43321ae2e5d,xclick,/m/0gxl3,1,0.25875,0.566875,0.043333,0.65,0,0,0,0,0,0.301875,0.25875,0.566875,0.52125,0.043333,0.2025,0.168333,0.65
2470d43321ae2e5d,xclick,/m/0gxl3,1,0.570625,0.816875,0.045,0.615,0,0,0,0,0,0.651875,0.816875,0.570625,0.595,0.045,0.114167,0.574167,0.615
249b76b2a71aba91,xclick,/m/0gxl3,1,0.056667,0.866667,0.05,0.8575,0,0,0,1,0,0.121667,0.056667,0.751667,0.866667,0.8575,0.79,0.05,0.3475
24ac575fd69efd44,xclick,/m/0gxl3,1,0.348125,0.9175,0.29875,0.65875,0,0,0,1,0,0.348125,0.796875,0.9175,0.778125,0.35625,0.29875,0.63,0.65875
24c73572fe4e6dac,xclick,/m/04ctx,1,0.0,0.999375,0.012218,0.99906,0,1,0,0,0,0.838125,0.999375,0.19125,0.0,0.012218,0.18985,0.99906,0.861842
24e933e136a16790,xclick,/m/0gxl3,1,0.026367,0.972656,0.111979,0.891927,0,0,0,0,0,0.026367,0.972656,0.633789,0.103516,0.789062,0.424479,0.111979,0.891927
24e996f07812e7c7,xclick,/m/0gxl3,1,0.233813,0.919065,0.034557,0.952484,0,0,0,0,0,0.505396,0.233813,0.854317,0.919065,0.952484,0.611231,0.034557,0.103672
252c97859df86a42,xclick,/m/04ctx,1,0.0025,0.333125,0.0,0.590395,1,1,0,0,0,0.10375,0.333125,0.27375,0.0025,0.0,0.583804,0.590395,0.088512
253a686b8565937a,xclick,/m/04ctx,1,0.4775,0.999375,0.523333,0.850833,0,1,0,0,0,0.89875,0.999375,0.54625,0.4775,0.523333,0.623333,0.850833,0.849167
253a686b8565937a,xclick,/m/058qzx,1,0.47125,0.999375,0.518333,0.850833,0,1,0,0,0,0.895,0.47125,0.9825,0.999375,0.518333,0.850833,0.660833,0.535833
258b3e4d056eddcd,xclick,/m/04ctx,1,0.025625,0.999375,0.0,0.989662,0,1,0,0,0,0.025625,0.155625,0.999375,0.988125,0.741541,0.989662,0.255639,0.0
25ad6cce9a706a5d,xclick,/m/04ctx,1,0.095,0.979375,0.406667,0.864167,0,0,0,0,0,0.095,0.9325,0.979375,0.496875,0.805,0.864167,0.770833,0.406667
25bf59064babc45d,xclick,/m/0gxl3,1,0.0,0.999375,0.07564,0.998888,0,1,0,0,0,0.39625,0.999375,0.91875,0.0,0.07564,0.468298,0.998888,0.320356
25d8f73f45e45c08,xclick,/m/04ctx,1,0.15125,0.903125,0.21975,0.782337,0,0,0,0,0,0.15125,0.188125,0.903125,0.89875,0.315021,0.21975,0.773992,0.782337
26281ba127e953b1,xclick,/m/04ctx,1,0.076875,0.98625,0.656396,0.950514,0,0,0,0,0,0.98625,0.400625,0.076875,0.11375,0.656396,0.928105,0.86648,0.950514
26281ba127e953b1,xclick,/m/04ctx,1,0.089375,0.903125,0.443511,0.711485,0,0,0,0,0,0.903125,0.393125,0.089375,0.135625,0.443511,0.671335,0.631186,0.711485
26281ba127e953b1,xclick,/m/04ctx,1,0.1025,0.795625,0.253968,0.470588,0,0,0,0,0,0.795625,0.1025,0.155,0.395625,0.297852,0.405229,0.470588,0.253968
26281ba127e953b1,xclick,/m/04ctx,1,0.135,0.78375,0.070028,0.266106,0,0,0,0,0,0.405,0.78375,0.173125,0.135,0.070028,0.123249,0.266106,0.202614
26456807f28f54db,xclick,/m/04ctx,1,0.137931,0.912069,0.268229,0.84375,0,0,0,0,0,0.137931,0.255172,0.792241,0.912069,0.822917,0.84375,0.268229,0.391927
265e0ed8c7e03cb8,xclick,/m/0gxl3,1,0.0675,0.916875,0.006667,0.9675,0,0,0,0,0,0.081875,0.0675,0.916875,0.6525,0.006667,0.035,0.670833,0.9675
26655bce4d862c51,xclick,/m/04ctx,1,0.005,0.999375,0.1875,0.735,1,0,1,0,0,0.300625,0.005,0.999375,0.55,0.1875,0.616667,0.6375,0.735
26655bce4d862c51,xclick,/m/04ctx,1,0.031875,0.17375,0.189167,0.700833,1,0,0,0,0,0.140625,0.031875,0.17375,0.12,0.189167,0.611667,0.683333,0.700833
26655bce4d862c51,xclick,/m/04ctx,1,0.031875,0.865,0.689167,0.895833,1,0,0,0,0,0.031875,0.2375,0.865,0.325,0.771667,0.689167,0.77,0.895833
26655bce4d862c51,xclick,/m/04ctx,1,0.184375,0.385625,0.185833,0.683333,1,0,0,0,0,0.268125,0.184375,0.385625,0.300625,0.185833,0.5925,0.611667,0.683333
26655bce4d862c51,xclick,/m/04ctx,1,0.36,0.515,0.174167,0.2925,0,0,0,0,0,0.376875,0.36,0.493125,0.515,0.174167,0.2275,0.2925,0.25
26655bce4d862c51,xclick,/m/04ctx,1,0.378125,0.526875,0.273333,0.685,1,0,0,0,0,0.3925,0.378125,0.526875,0.4425,0.273333,0.663333,0.645833,0.685
26655bce4d862c51,xclick,/m/04ctx,1,0.460625,0.63375,0.230833,0.723333,1,0,0,0,0,0.55125,0.460625,0.63375,0.55625,0.230833,0.631667,0.659167,0.723333
26655bce4d862c51,xclick,/m/04ctx,1,0.615625,0.731875,0.2375,0.725,1,0,0,0,0,0.620625,0.615625,0.70875,0.731875,0.2375,0.7125,0.725,0.5925
26655bce4d862c51,xclick,/m/04ctx,1,0.70875,0.915625,0.229167,0.7125,1,0,0,0,0,0.70875,0.75125,0.915625,0.848125,0.229167,0.7125,0.554167,0.705833
26655bce4d862c51,xclick,/m/04ctx,1,0.793125,0.999375,0.228333,0.718333,1,1,0,0,0,0.8075,0.793125,0.9025,0.999375,0.228333,0.243333,0.718333,0.600833
266a1ed2789eec8c,xclick,/m/0gxl3,1,0.099167,0.861667,0.226667,0.865556,0,0,0,0,0,0.099167,0.365,0.861667,0.803333,0.314444,0.226667,0.792222,0.865556
26abec4b12fd393d,xclick,/m/0gxl3,1,0.084375,0.905625,0.045966,0.999062,1,1,0,0,0,0.084375,0.195625,0.706875,0.905625,0.619137,0.999062,0.045966,0.075047
26f50b38c60ea2d9,xclick,/m/0gxl3,1,0.14625,0.999375,0.0,0.999056,1,1,0,0,0,0.14625,0.999375,0.918125,0.6475,0.526912,0.509915,0.0,0.999056
270fe3cf8a833f17,xclick,/m/04ctx,1,0.115625,0.9075,0.047842,0.895872,1,0,0,0,0,0.115625,0.13375,0.9075,0.806875,0.890244,0.895872,0.146341,0.047842
27208ca555cd0e19,xclick,/m/04ctx,1,0.39974,0.966146,0.0,0.53418,0,1,0,0,0,0.790365,0.39974,0.438802,0.966146,0.0,0.499023,0.53418,0.017578
27522becac5dd5f9,activemil,/m/04ctx,1,0.16875,0.33,0.293273,0.798942,-1,-1,-1,-1,-1,-1.0,-1.0,-1.0,-1.0,-1.0,-1.0,-1.0,-1.0
27522becac5dd5f9,xclick,/m/04ctx,1,0.689375,0.815,0.281935,0.86319,0,0,0,0,0,0.689375,0.760625,0.815,0.750625,0.452003,0.86319,0.505669,0.281935
2754c72cd608a775,xclick,/m/04ctx,1,0.2375,0.35625,0.016667,0.915625,1,0,0,1,0,0.250781,0.2375,0.35625,0.319531,0.016667,0.225,0.855208,0.915625
27650b5617c13714,xclick,/m/0gxl3,1,0.10375,0.26625,0.415761,0.519928,1,0,0,0,0,0.246875,0.26625,0.199375,0.10375,0.415761,0.428442,0.519928,0.452899
27a61fc9bf374a0d,xclick,/m/0gxl3,1,0.723125,0.998125,0.19137,0.506567,1,0,0,0,0,0.780625,0.723125,0.984375,0.998125,0.506567,0.295497,0.19137,0.214822
27bd3b0dbc8db152,xclick,/m/04ctx,1,0.520625,0.999375,0.0,0.999062,0,1,0,0,0,0.520625,0.950625,0.999375,0.60375,0.0,0.999062,0.78424,0.0
27bd3b0dbc8db152,xclick,/m/058qzx,1,0.516875,0.999375,0.0,0.999062,0,1,0,0,0,0.651875,0.516875,0.999375,0.96125,0.0,0.005629,0.71576,0.999062
27e513ef99325936,xclick,/m/04ctx,1,0.085625,0.894375,0.0,0.978333,0,0,0,0,0,0.085625,0.150625,0.88625,0.894375,0.0775,0.0,0.978333,0.965
2817e094d626ceb1,xclick,/m/04ctx,1,0.649375,0.999375,0.574375,0.999375,0,1,0,1,0,0.649375,0.95375,0.999375,0.999375,0.574375,0.999375,0.998125,0.998125
2821256df3efd008,xclick,/m/0gxl3,1,0.054688,0.967188,0.025,0.827083,0,0,0,1,0,0.601562,0.967188,0.767188,0.054688,0.025,0.602083,0.827083,0.6625
28247d5c8eac3688,xclick,/m/0gxl3,1,0.304243,0.602082,0.0875,0.476875,1,0,0,0,0,0.339472,0.304243,0.422738,0.602082,0.0875,0.103125,0.476875,0.41875
28261a1e2606450d,xclick,/m/04ctx,1,0.065833,0.931667,0.187778,0.922222,0,0,0,0,0,0.385,0.931667,0.120833,0.065833,0.187778,0.21,0.922222,0.826667
283e4b3cb359ca1b,xclick,/m/04ctx,1,0.0,0.959167,0.059776,0.982565,0,1,0,0,0,0.9575,0.959167,0.013333,0.0,0.059776,0.072229,0.982565,0.726027
2882a63941f66846,xclick,/m/04ctx,1,0.005,0.77625,0.0,0.055347,0,1,0,0,0,0.005,0.081875,0.599375,0.77625,0.000938,0.055347,0.055347,0.0
2882a63941f66846,xclick,/m/04ctx,1,0.096875,0.87625,0.500938,0.925891,0,0,0,0,0,0.11125,0.87625,0.553125,0.096875,0.500938,0.620075,0.925891,0.553471
2882a63941f66846,xclick,/m/04ctx,1,0.116875,0.9175,0.157598,0.394934,0,0,0,0,0,0.27375,0.116875,0.7375,0.9175,0.157598,0.272045,0.394934,0.161351
2882a63941f66846,xclick,/m/04ctx,1,0.234375,0.9225,0.399625,0.698874,0,0,0,0,0,0.234375,0.9225,0.83125,0.435625,0.407129,0.399625,0.575985,0.698874
2882a63941f66846,xclick,/m/04ctx,1,0.27375,0.541875,0.059099,0.275797,1,0,0,0,0,0.286875,0.541875,0.541875,0.27375,0.059099,0.239212,0.275797,0.074109
2888503469d8da09,xclick,/m/0gxl3,1,0.010625,0.929375,0.165,0.773333,0,0,0,0,0,0.010625,0.929375,0.438125,0.0925,0.6675,0.388333,0.165,0.773333
2890c9074520a1ff,xclick,/m/04ctx,1,0.402052,0.612873,0.755618,0.941011,0,0,0,0,0,0.409515,0.402052,0.599813,0.612873,0.941011,0.919944,0.755618,0.766854
28a0006dfc36df70,xclick,/m/04ctx,1,0.210625,0.500625,0.02439,0.478424,0,0,0,0,0,0.210625,0.215625,0.500625,0.469375,0.472795,0.478424,0.070356,0.02439
28a0006dfc36df70,xclick,/m/04ctx,1,0.291875,0.56875,0.097561,0.608818,0,0,0,0,0,0.525,0.291875,0.4675,0.56875,0.097561,0.608818,0.35272,0.164165
28a0006dfc36df70,xclick,/m/04ctx,1,0.355,0.653125,0.224203,0.793621,0,0,0,0,0,0.615,0.355,0.539375,0.653125,0.224203,0.793621,0.502814,0.297373
28a0006dfc36df70,xclick,/m/04ctx,1,0.446875,0.745625,0.354597,0.999062,0,1,0,0,0,0.701875,0.446875,0.745625,0.635,0.354597,0.999062,0.422139,0.674484
28a0006dfc36df70,xclick,/m/058qzx,1,0.2125,0.504375,0.029081,0.476548,0,0,0,0,0,0.2125,0.2125,0.47125,0.504375,0.476548,0.476548,0.029081,0.076923
28a0006dfc36df70,xclick,/m/058qzx,1,0.289375,0.563125,0.101313,0.613508,0,0,0,0,0,0.289375,0.289375,0.53,0.563125,0.613508,0.613508,0.101313,0.148218
28a0006dfc36df70,xclick,/m/058qzx,1,0.348125,0.650625,0.228893,0.798311,0,0,0,0,0,0.615625,0.348125,0.348125,0.650625,0.228893,0.798311,0.798311,0.271107
28a0006dfc36df70,xclick,/m/058qzx,1,0.440625,0.743125,0.34803,0.994371,0,0,0,0,0,0.743125,0.70625,0.440625,0.46,0.408068,0.34803,0.994371,0.991557
28e5560c249f350c,xclick,/m/04ctx,1,0.0,0.425625,0.35272,0.928705,0,1,0,0,0,0.419375,0.425625,0.0,0.0,0.35272,0.368668,0.928705,0.849906
28e5560c249f350c,xclick,/m/04ctx,1,0.228125,0.651875,0.045028,0.233583,0,0,0,0,0,0.228125,0.443125,0.651875,0.443125,0.045028,0.118199,0.233583,0.202627
28e5560c249f350c,xclick,/m/058qzx,1,0.0,0.425625,0.349906,0.924015,0,1,0,0,0,0.4225,0.0,0.001875,0.425625,0.349906,0.87242,0.924015,0.369606
290edf989b093a69,xclick,/m/04ctx,1,0.0,0.357843,0.065359,0.797386,1,1,0,0,0,0.001634,0.0,0.236928,0.357843,0.065359,0.287582,0.797386,0.728758
297d3a3139bddcd6,xclick,/m/0gxl3,1,0.1175,0.5,0.054795,0.506849,1,0,0,0,0,0.1175,0.155,0.5,0.4875,0.164384,0.054795,0.445205,0.506849
298f1997ac26b871,xclick,/m/04ctx,1,0.246732,0.390523,0.150327,0.328431,1,0,0,0,0,0.246732,0.279412,0.390523,0.383987,0.321895,0.328431,0.169935,0.150327
29c1d14a3247cdd7,xclick,/m/04ctx,1,0.0,0.9875,0.41,0.689167,0,1,0,0,0,0.05,0.0,0.9875,0.528125,0.41,0.466667,0.544167,0.689167
29fa41f99d82779f,xclick,/m/0gxl3,1,0.203125,0.61875,0.566667,0.7975,0,0,0,0,0,0.203125,0.61875,0.336875,0.275625,0.764167,0.645,0.566667,0.7975
29ff174232c8cd67,xclick,/m/0gxl3,1,0.096875,0.967188,0.287565,0.84456,0,0,0,0,0,0.264062,0.967188,0.096875,0.103125,0.287565,0.323834,0.839378,0.84456
2a20064ed8d158af,xclick,/m/0gxl3,1,0.0,0.139375,0.067542,0.559099,0,1,0,0,0,0.01375,0.0,0.06,0.139375,0.067542,0.119137,0.559099,0.516886
2a20064ed8d158af,xclick,/m/0gxl3,1,0.254375,0.78375,0.029081,0.520638,1,0,0,0,0,0.27125,0.254375,0.78375,0.72375,0.029081,0.080675,0.421201,0.520638
2a6e824fd24b738e,xclick,/m/04ctx,1,0.116875,0.935,0.075833,0.910833,1,0,0,0,0,0.176875,0.116875,0.935,0.734375,0.075833,0.16,0.778333,0.910833
2a9ca7bbcb1fd6bf,xclick,/m/0gxl3,1,0.585,0.72125,0.205441,0.318949,1,0,0,0,0,0.69,0.72125,0.701875,0.585,0.205441,0.228893,0.318949,0.245779
2ada1d573ecf3c85,xclick,/m/0gxl3,1,0.559375,0.999375,0.055833,0.596667,0,1,0,0,0,0.721875,0.559375,0.80625,0.999375,0.596667,0.464167,0.055833,0.215833
2ada1d573ecf3c85,xclick,/m/0gxl3,1,0.795625,0.999375,0.479167,0.811667,1,1,0,0,0,0.999375,0.999375,0.860625,0.795625,0.479167,0.658333,0.811667,0.541667
2af4c82fdcb00157,xclick,/m/04ctx,1,0.2075,0.233125,0.345833,0.511667,1,0,0,0,0,0.2075,0.2075,0.233125,0.233125,0.345833,0.42,0.4525,0.511667
2af4c82fdcb00157,xclick,/m/04ctx,1,0.435,0.5925,0.0,0.216667,1,1,0,0,0,0.435,0.5575,0.5925,0.456875,0.175833,0.0,0.0,0.216667
2af4c82fdcb00157,xclick,/m/04ctx,1,0.531875,0.963125,0.280833,0.573333,1,0,0,0,0,0.935,0.531875,0.566875,0.963125,0.280833,0.5475,0.573333,0.315
2af4c82fdcb00157,xclick,/m/058qzx,1,0.200625,0.236875,0.35,0.520833,1,0,0,0,0,0.2125,0.200625,0.236875,0.228125,0.35,0.370833,0.511667,0.520833
2af4c82fdcb00157,xclick,/m/058qzx,1,0.431875,0.59,0.0,0.201667,0,1,0,0,0,0.565,0.59,0.455625,0.431875,0.0,0.000833,0.201667,0.1775
2af4c82fdcb00157,xclick,/m/058qzx,1,0.534375,0.961875,0.279167,0.565,0,0,0,0,0,0.945,0.961875,0.55875,0.534375,0.279167,0.301667,0.565,0.553333
2c01749bcbaae357,xclick,/m/04ctx,1,0.025625,0.985,0.017857,0.968045,0,0,0,0,0,0.025625,0.146875,0.985,0.93625,0.93985,0.968045,0.056391,0.017857
2c1292266c93ae16,xclick,/m/04ctx,1,0.21,0.754375,0.41651,0.513133,0,0,0,0,0,0.21,0.62,0.754375,0.62,0.474672,0.41651,0.468105,0.513133
2c5a20af91db266e,xclick,/m/0gxl3,1,0.0,0.965,0.083333,0.908333,0,1,0,0,0,0.0,0.4225,0.965,0.80125,0.190833,0.083333,0.606667,0.908333
2c80267c7eec618c,xclick,/m/04ctx,1,0.319375,0.828125,0.440833,0.53,0,0,0,0,0,0.319375,0.701875,0.828125,0.705625,0.493333,0.440833,0.486667,0.53
2d4f358260ec7591,xclick,/m/04ctx,1,0.383125,0.930625,0.0,0.999167,1,1,0,0,0,0.383125,0.39,0.88375,0.930625,0.004167,0.0,0.999167,0.999167
2d784da35913eceb,xclick,/m/04ctx,1,0.1225,0.849375,0.055,0.301667,0,0,0,0,0,0.1225,0.5525,0.5475,0.849375,0.180833,0.055,0.301667,0.203333
2d784da35913eceb,xclick,/m/04ctx,1,0.17125,0.8575,0.525,0.721667,0,0,0,0,0,0.17125,0.55375,0.55375,0.8575,0.583333,0.525,0.721667,0.63
2d784da35913eceb,xclick,/m/04ctx,1,0.17125,0.86,0.750833,0.949167,0,0,0,0,0,0.17125,0.555,0.555,0.86,0.804167,0.750833,0.949167,0.860833
2d784da35913eceb,xclick,/m/04ctx,1,0.233125,0.845,0.3825,0.510833,0,0,0,0,0,0.233125,0.57625,0.41875,0.845,0.424167,0.510833,0.3825,0.405
2d79a4ecba6394ce,xclick,/m/04ctx,1,0.02625,0.980625,0.0775,0.9575,0,0,0,0,0,0.02625,0.103125,0.980625,0.925625,0.2125,0.0775,0.938333,0.9575
2d85cdd3785bc51a,xclick,/m/0gxl3,1,0.0275,0.999375,0.156863,0.999066,1,1,0,0,0,0.123125,0.0275,0.999375,0.733125,0.999066,0.966387,0.408964,0.156863
2d9f071d5f10fce2,xclick,/m/04ctx,1,0.185625,0.72625,0.43621,0.542214,0,0,0,0,0,0.185625,0.5925,0.72625,0.595,0.496248,0.43621,0.492495,0.542214
2e04af0134f9884d,xclick,/m/0gxl3,1,0.041875,0.895625,0.195833,0.703333,0,0,0,0,0,0.041875,0.895625,0.396875,0.171875,0.669167,0.284167,0.195833,0.703333
2e519b93d66374a4,xclick,/m/0gxl3,1,0.136719,0.956055,0.022135,0.925781,0,0,0,0,0,0.136719,0.567383,0.956055,0.212891,0.710938,0.022135,0.229167,0.925781
2ee5fcbf74884ad2,xclick,/m/0gxl3,1,0.106875,0.23625,0.110798,0.348357,1,0,0,0,0,0.225625,0.23625,0.106875,0.171875,0.110798,0.117371,0.17277,0.348357
2ee5fcbf74884ad2,xclick,/m/0gxl3,1,0.424375,0.803125,0.275117,0.513615,1,0,0,0,0,0.424375,0.803125,0.455625,0.794375,0.455399,0.302347,0.513615,0.275117
2efbf33dd703c8c6,xclick,/m/0gxl3,1,0.05625,0.889375,0.088333,0.889167,0,0,0,1,0,0.1675,0.05625,0.8675,0.889375,0.889167,0.6925,0.088333,0.141667
2f04ddbb2583fbff,xclick,/m/0gxl3,1,0.215625,0.85,0.264078,0.792233,0,0,0,0,0,0.215625,0.85,0.820312,0.276562,0.43301,0.316505,0.264078,0.792233
2f6225fe07abd355,xclick,/m/04ctx,1,0.10463,0.557407,0.185185,0.580556,0,0,0,0,0,0.557407,0.525926,0.10463,0.107407,0.214815,0.185185,0.578704,0.580556
2f6225fe07abd355,xclick,/m/04ctx,1,0.592593,0.772222,0.034259,0.791667,0,0,0,0,0,0.734259,0.592593,0.772222,0.689815,0.034259,0.518519,0.383333,0.791667
2fa7253fca490bad,xclick,/m/0gxl3,1,0.0,0.999023,0.06901,0.998698,0,1,0,0,0,0.0,0.676758,0.999023,0.008789,0.64974,0.06901,0.390625,0.998698
2fe503a4b44b18c2,xclick,/m/0gxl3,1,0.02375,0.9825,0.130108,0.908257,0,0,0,0,0,0.02375,0.856875,0.9825,0.755,0.482068,0.130108,0.762302,0.908257
2ff0335f2478dba9,xclick,/m/0gxl3,1,0.69,0.8625,0.346154,0.530019,1,0,0,0,0,0.69,0.8625,0.855,0.7375,0.391182,0.371482,0.346154,0.530019
3024fc486c71e07f,xclick,/m/04ctx,1,0.0,0.963125,0.049719,0.908068,0,1,0,0,0,0.001875,0.0,0.834375,0.963125,0.908068,0.685741,0.049719,0.157598
3024fc486c71e07f,xclick,/m/058qzx,1,0.0,0.9675,0.050657,0.909006,0,1,0,0,0,0.820625,0.0,0.9675,0.000625,0.050657,0.670732,0.149156,0.909006
3041eefbd104ff42,xclick,/m/04ctx,1,0.009333,0.934667,0.242,0.727,0,0,0,0,0,0.018,0.009333,0.91,0.934667,0.242,0.251,0.727,0.635
3041eefbd104ff42,xclick,/m/04ctx,1,0.228667,0.980667,0.103,0.492,0,0,0,0,0,0.262,0.956667,0.228667,0.980667,0.103,0.492,0.23,0.376
3041eefbd104ff42,xclick,/m/04ctx,1,0.277333,0.857333,0.561,0.869,0,0,0,0,0,0.857333,0.277333,0.328667,0.839333,0.771,0.58,0.561,0.869
3041eefbd104ff42,xclick,/m/058qzx,1,0.012667,0.936667,0.252,0.735,0,0,0,0,0,0.012667,0.012667,0.936667,0.914,0.252,0.252,0.638,0.735
3041eefbd104ff42,xclick,/m/058qzx,1,0.227333,0.983333,0.099,0.5,0,0,0,0,0,0.262,0.227333,0.983333,0.956,0.099,0.244,0.382,0.5
3041eefbd104ff42,xclick,/m/058qzx,1,0.278667,0.864,0.561,0.869,0,0,0,0,0,0.34,0.278667,0.840667,0.864,0.561,0.573,0.869,0.773
305842e27406f1f5,xclick,/m/0gxl3,1,0.176875,0.863125,0.0625,0.639167,1,0,0,1,0,0.176875,0.863125,0.786875,0.57625,0.165,0.485,0.639167,0.0625
30cad59a9bce844a,xclick,/m/04ctx,1,0.0625,0.999375,0.0,0.999058,0,1,0,0,0,0.89,0.0625,0.199375,0.999375,0.0,0.69209,0.999058,0.40113
30d097e22c8b6908,xclick,/m/04ctx,1,0.028125,0.949375,0.062852,0.959662,0,0,0,0,0,0.1325,0.028125,0.93125,0.949375,0.062852,0.15197,0.959662,0.950281
3119728b03762af8,activemil,/m/04ctx,1,0.2375,0.9125,0.298311,0.569418,-1,-1,-1,-1,-1,-1.0,-1.0,-1.0,-1.0,-1.0,-1.0,-1.0,-1.0
3119728b03762af8,xclick,/m/04ctx,1,0.0,0.999375,0.0,0.999062,0,1,1,0,0,0.639375,0.0,0.7675,0.999375,0.0,0.859287,0.999062,0.85272
3119728b03762af8,xclick,/m/04ctx,1,0.069375,0.305,0.062852,0.553471,0,0,0,0,0,0.069375,0.080625,0.305,0.2775,0.551595,0.553471,0.099437,0.062852
3122ebb9cb449fa9,xclick,/m/0gxl3,1,0.168,0.889333,0.055833,0.248333,1,0,0,1,0,0.168,0.498667,0.889333,0.832,0.1725,0.055833,0.201667,0.248333
31b12c2ba850b805,xclick,/m/04ctx,1,0.088806,0.803627,0.401878,0.742723,0,0,0,0,0,0.088806,0.130081,0.803627,0.766104,0.682629,0.742723,0.415962,0.401878
31b12c2ba850b805,xclick,/m/058qzx,1,0.094434,0.811132,0.404695,0.732394,0,0,0,0,0,0.131957,0.094434,0.811132,0.780488,0.732394,0.6723,0.415023,0.404695
31bf860d486776c4,xclick,/m/04ctx,1,0.0,0.999375,0.444131,0.837559,0,1,0,0,0,0.288931,0.999375,0.280175,0.0,0.444131,0.694836,0.837559,0.680751
31d349060096551b,xclick,/m/04ctx,1,0.014375,0.98,0.580882,0.866176,0,0,0,0,0,0.97375,0.98,0.495625,0.014375,0.866176,0.820588,0.580882,0.723529
31d349060096551b,xclick,/m/04ctx,1,0.088125,0.948125,0.426471,0.586765,0,0,0,0,0,0.088125,0.68625,0.948125,0.506875,0.535294,0.426471,0.567647,0.586765
31d349060096551b,xclick,/m/04ctx,1,0.16875,0.82,0.272059,0.4,0,0,0,0,0,0.16875,0.52125,0.82,0.501875,0.369118,0.272059,0.360294,0.4
31d349060096551b,xclick,/m/04ctx,1,0.250625,0.749375,0.173529,0.311765,0,0,0,0,0,0.250625,0.495625,0.749375,0.425,0.285294,0.173529,0.233824,0.311765
31d349060096551b,xclick,/m/04ctx,1,0.835,0.999375,0.197059,0.282353,0,1,0,0,0,0.835,0.999375,0.999375,0.906875,0.239706,0.197059,0.282353,0.279412
31d349060096551b,xclick,/m/04ctx,1,0.843125,0.999375,0.294118,0.405882,0,1,0,0,0,0.843125,0.999375,0.999375,0.94125,0.357353,0.294118,0.405882,0.402941
31d349060096551b,xclick,/m/04ctx,1,0.97875,0.999375,0.455882,0.498529,0,1,0,0,0,0.97875,0.999375,0.999375,0.99125,0.469118,0.455882,0.498529,0.486765
31d90d7c50ac0ee3,xclick,/m/0gxl3,1,0.221429,0.861429,0.139059,0.862986,1,0,0,0,0,0.221429,0.277143,0.861429,0.378571,0.286299,0.139059,0.321063,0.862986
3220f0fa4d7ec2e4,xclick,/m/0gxl3,1,0.060625,0.93,0.2725,0.65,0,0,0,0,0,0.8025,0.93,0.595625,0.060625,0.65,0.519167,0.2725,0.51
3226c3c4000d8e99,xclick,/m/04ctx,1,0.076172,0.927734,0.035156,0.877604,0,0,0,0,0,0.076172,0.371094,0.927734,0.457031,0.736979,0.877604,0.658854,0.035156
32273104bdd318a6,xclick,/m/0gxl3,1,0.027517,0.971232,0.017719,0.819491,1,0,0,0,0,0.971232,0.629143,0.851157,0.027517,0.54485,0.017719,0.819491,0.599114
3244c797f1b257d6,activemil,/m/04ctx,1,0.0,1.0,0.4625,0.660417,-1,-1,-1,-1,-1,-1.0,-1.0,-1.0,-1.0,-1.0,-1.0,-1.0,-1.0
3246f45d40c90ff6,xclick,/m/04ctx,1,0.0125,0.98875,0.018846,0.989399,0,0,0,0,0,0.125625,0.0125,0.98875,0.88625,0.018846,0.163722,0.931684,0.989399
3290a592c43416ed,xclick,/m/04ctx,1,0.033125,0.970625,0.115152,0.965657,0,0,0,0,0,0.969375,0.970625,0.076875,0.033125,0.115152,0.117172,0.965657,0.808081
3290a592c43416ed,xclick,/m/04ctx,1,0.15125,0.71625,0.047475,0.548485,0,0,0,0,0,0.15125,0.6275,0.71625,0.188125,0.474747,0.062626,0.047475,0.548485
33047af96d05a37f,xclick,/m/0gxl3,1,0.060625,0.986875,0.153846,0.638837,1,0,0,0,0,0.545,0.986875,0.261875,0.060625,0.153846,0.380863,0.638837,0.415572
33604dafadffce22,xclick,/m/0gxl3,1,0.0,0.999375,0.0,0.999179,0,1,0,0,0,0.0,0.265625,0.999375,0.833125,0.448276,0.0,0.868637,0.999179
33d3294103709f61,xclick,/m/0gxl3,1,0.175,0.743333,0.0825,0.89625,0,0,0,0,0,0.175,0.5675,0.743333,0.675,0.5375,0.0825,0.76125,0.89625
33d3294103709f61,xclick,/m/0gxl3,1,0.6025,0.991667,0.52875,0.99875,1,1,0,0,0,0.724167,0.6025,0.6875,0.991667,0.52875,0.9875,0.99875,0.99875
3456915a383c848c,xclick,/m/04ctx,1,0.030625,0.999375,0.244472,0.734644,0,1,0,0,0,0.030625,0.926875,0.999375,0.945,0.492629,0.734644,0.605651,0.244472
34826bfe72a31684,xclick,/m/0gxl3,1,0.0,0.956875,0.110548,0.998986,0,1,0,0,0,0.0,0.6125,0.956875,0.55875,0.390467,0.110548,0.731237,0.998986
355676fe0c2eda42,xclick,/m/0gxl3,1,0.125,0.90625,0.15534,0.866019,0,0,0,0,0,0.125,0.90625,0.446875,0.232813,0.714563,0.390291,0.15534,0.866019
35773cb9330a3376,xclick,/m/04ctx,1,0.07,0.957,0.238938,0.792035,1,0,0,0,0,0.07,0.192,0.957,0.915,0.674779,0.792035,0.422566,0.238938
35f182d22be421bd,xclick,/m/04ctx,1,0.034535,0.845345,0.18375,0.43875,1,0,0,0,0,0.034535,0.18018,0.845345,0.786036,0.41875,0.43875,0.228125,0.18375
35f182d22be421bd,xclick,/m/04ctx,1,0.154655,0.887387,0.31,0.48375,0,0,0,0,0,0.841592,0.154655,0.493243,0.887387,0.31,0.48375,0.476875,0.331875
35f984599ce49b97,xclick,/m/04ctx,1,0.01125,0.973125,0.034774,0.982143,0,0,0,0,0,0.971875,0.973125,0.06375,0.01125,0.034774,0.046992,0.982143,0.885338
36029c7ef9400237,xclick,/m/04ctx,1,0.073242,0.90625,0.145833,0.959635,0,0,0,0,0,0.073242,0.083008,0.56543,0.90625,0.15625,0.145833,0.959635,0.682292
3632ed446a133656,xclick,/m/0gxl3,1,0.081667,0.91,0.187778,0.955556,0,0,0,0,0,0.081667,0.91,0.405,0.211667,0.812222,0.273333,0.187778,0.955556
3712c71e4673cee9,xclick,/m/04ctx,1,0.0,0.998438,0.0,0.998438,0,1,0,0,0,0.904687,0.998438,0.0,0.120313,0.0,0.234375,0.570312,0.998438
3712c71e4673cee9,xclick,/m/058qzx,1,0.0,0.998438,0.0,0.984375,0,1,0,0,0,0.8625,0.0,0.998438,0.134375,0.0,0.553125,0.25625,0.984375
3725b748f0139e04,xclick,/m/0gxl3,1,0.035,0.93125,0.150833,0.880833,0,0,0,0,0,0.035,0.93125,0.244375,0.15375,0.705,0.324167,0.150833,0.880833
373e7d66419b11b3,xclick,/m/0gxl3,1,0.0,0.999023,0.052972,0.998708,0,1,0,0,0,0.0,0.999023,0.224609,0.120117,0.99354,0.48062,0.052972,0.998708
37b761dd52df2858,xclick,/m/04ctx,1,0.028125,0.985,0.017857,0.958647,0,0,0,0,0,0.028125,0.1525,0.985,0.9025,0.93985,0.958647,0.104323,0.017857
37d2923e1d9f5044,xclick,/m/0gxl3,1,0.039375,0.931875,0.060264,0.952919,0,0,0,0,0,0.039375,0.931875,0.69875,0.815,0.169492,0.801318,0.952919,0.060264
380e66a1bb92e2aa,xclick,/m/04ctx,1,0.006667,0.84,0.164524,0.982005,0,0,0,0,0,0.33,0.006667,0.096667,0.84,0.164524,0.190231,0.982005,0.696658
380e66a1bb92e2aa,xclick,/m/04ctx,1,0.733333,0.981667,0.020566,0.647815,0,0,0,0,0,0.9,0.733333,0.981667,0.82,0.020566,0.043702,0.506427,0.647815
38182275598f49b7,xclick,/m/0gxl3,1,0.0575,0.925625,0.066237,0.943882,0,0,0,0,0,0.0575,0.925625,0.789375,0.09875,0.152714,0.321987,0.943882,0.066237
3820af22afaa632b,xclick,/m/0gxl3,1,0.116875,0.955625,0.2375,0.911667,1,0,0,0,0,0.116875,0.955625,0.93875,0.764375,0.396667,0.8075,0.911667,0.2375
3868599781102a4e,xclick,/m/0gxl3,1,0.01875,0.995,0.073333,0.961667,0,0,0,0,0,0.01875,0.995,0.58,0.1625,0.775,0.258333,0.073333,0.961667
386f7887405c6796,xclick,/m/0gxl3,1,0.10625,0.921875,0.227545,0.811377,0,0,0,0,0,0.371875,0.921875,0.217188,0.10625,0.227545,0.320359,0.811377,0.781437
38da33454b8a9c20,xclick,/m/04ctx,1,0.087891,0.936523,0.14974,0.928385,0,0,0,0,0,0.087891,0.094727,0.936523,0.882812,0.188802,0.14974,0.779948,0.928385
38e1a9719f3f42c7,xclick,/m/04ctx,1,0.095703,0.910156,0.109375,0.910156,0,0,0,0,0,0.095703,0.907227,0.910156,0.160156,0.21224,0.910156,0.901042,0.109375
38fa395b8837b69f,xclick,/m/04ctx,1,0.06375,0.999375,0.036194,0.781799,0,1,0,0,0,0.06375,0.86625,0.999375,0.815,0.516029,0.781799,0.541882,0.036194
3958c3bd9e632077,xclick,/m/0gxl3,1,0.419375,0.615,0.271107,0.806754,1,0,0,0,0,0.47375,0.419375,0.615,0.539375,0.271107,0.487805,0.454972,0.806754
396e9db834ebc06a,xclick,/m/0gxl3,1,0.12,0.486875,0.554167,0.993333,0,0,0,0,0,0.450625,0.486875,0.185625,0.12,0.554167,0.644167,0.993333,0.694167
397f4a5089877d9f,xclick,/m/04ctx,1,0.11875,0.82,0.571667,0.813333,0,0,0,0,0,0.11875,0.50125,0.82,0.49,0.698333,0.813333,0.671667,0.571667
39b348ac5d1d99b8,xclick,/m/04ctx,1,0.09375,0.912109,0.104167,0.921875,0,0,0,0,0,0.09375,0.157227,0.912109,0.904297,0.81901,0.921875,0.109375,0.104167
39ca9b377b4d48ee,xclick,/m/0gxl3,1,0.208125,0.76875,0.24812,0.761905,1,0,0,0,0,0.208125,0.21875,0.76875,0.7675,0.754386,0.761905,0.24812,0.279031
39ccffd04703cfcf,xclick,/m/04ctx,1,0.0,0.95125,0.171875,0.77875,0,1,0,0,0,0.0,0.0,0.9025,0.95125,0.77875,0.6975,0.171875,0.22125
39ccffd04703cfcf,xclick,/m/058qzx,1,0.0,0.946875,0.174375,0.764375,0,1,0,0,0,0.0,0.946875,0.89625,0.001875,0.705,0.203125,0.174375,0.764375
39ee5f7b412c4e0b,xclick,/m/04ctx,1,0.139062,0.839063,0.245312,0.929688,1,0,0,0,0,0.139062,0.407813,0.839063,0.795312,0.245312,0.559375,0.875,0.929688
39f7f6bd71435d88,xclick,/m/04ctx,1,0.0,0.373125,0.576667,0.999167,0,1,0,0,0,0.373125,0.0,0.108125,0.3675,0.576667,0.955833,0.999167,0.595833
39f7f6bd71435d88,xclick,/m/04ctx,1,0.62375,0.961875,0.0,0.240833,0,1,0,0,0,0.86625,0.62375,0.811875,0.961875,0.0,0.240833,0.155,0.0
39f7f6bd71435d88,xclick,/m/058qzx,1,0.0,0.36625,0.570833,0.999167,0,1,0,0,0,0.05375,0.0,0.36625,0.36625,0.999167,0.963333,0.570833,0.570833
39f7f6bd71435d88,xclick,/m/058qzx,1,0.625625,0.94125,0.0,0.238333,0,1,0,0,0,0.90625,0.94125,0.625625,0.625625,0.0,0.0025,0.238333,0.238333
3a0215e1a7798c7f,xclick,/m/04ctx,1,0.0625,0.879375,0.3075,0.7875,0,0,0,0,0,0.0625,0.075625,0.879375,0.84375,0.334167,0.3075,0.724167,0.7875
3a10baa46d3f0c54,xclick,/m/04ctx,1,0.054375,0.905625,0.245536,0.889881,0,0,0,0,0,0.054375,0.90125,0.905625,0.13625,0.68006,0.245536,0.25744,0.889881
3afade0f14091716,xclick,/m/0gxl3,1,0.024375,0.15,0.608574,0.688723,1,0,0,0,0,0.15,0.03625,0.024375,0.09125,0.643989,0.608574,0.623486,0.688723
3afade0f14091716,xclick,/m/0gxl3,1,0.124375,0.285,0.266542,0.370923,1,0,0,0,0,0.1375,0.124375,0.20375,0.285,0.266542,0.287046,0.370923,0.325256
3afade0f14091716,xclick,/m/0gxl3,1,0.14875,0.285,0.470643,0.55452,1,0,0,0,0,0.161875,0.14875,0.213125,0.285,0.470643,0.485555,0.55452,0.508854
3afade0f14091716,xclick,/m/0gxl3,1,0.263125,0.44125,0.132339,0.250699,1,0,0,0,0,0.35375,0.44125,0.280625,0.263125,0.250699,0.201305,0.132339,0.155638
3b193a57faa3f2f7,xclick,/m/04ctx,1,0.0,0.904375,0.074167,0.881667,0,1,0,0,0,0.0,0.150625,0.904375,0.893125,0.614167,0.881667,0.094167,0.074167
3b270cc1ce21648c,xclick,/m/04ctx,1,0.041992,0.948242,0.268229,0.50651,0,0,0,0,0,0.849609,0.041992,0.948242,0.495117,0.268229,0.391927,0.386719,0.50651
3b270cc1ce21648c,xclick,/m/04ctx,1,0.057617,0.967773,0.519531,0.751302,0,0,0,0,0,0.057617,0.898438,0.864258,0.967773,0.610677,0.751302,0.519531,0.686198
3b9cb8e5369e3d52,xclick,/m/04ctx,1,0.01125,0.9875,0.226667,0.864167,1,0,0,0,0,0.01125,0.9525,0.9875,0.159375,0.84,0.226667,0.325,0.864167
3bd65faf4be2675e,xclick,/m/04ctx,1,0.1975,0.91125,0.179167,0.923333,0,0,0,0,0,0.1975,0.254375,0.91125,0.84375,0.820833,0.923333,0.193333,0.179167
3befdba4a9b2bab8,xclick,/m/04ctx,1,0.785156,0.999023,0.17554,0.48777,1,1,0,0,0,0.999023,0.785156,0.833008,0.999023,0.17554,0.483453,0.48777,0.277698
3befdba4a9b2bab8,xclick,/m/058qzx,1,0.795898,0.999023,0.164029,0.505036,1,1,0,0,0,0.999023,0.795898,0.999023,0.807617,0.164029,0.489209,0.286331,0.505036
3bff3d769a4799b0,xclick,/m/04ctx,1,0.0,0.524929,0.16625,0.219375,1,1,0,0,0,0.524929,0.427093,0.0,0.249294,0.18,0.16625,0.175,0.219375
3bff3d769a4799b0,xclick,/m/04ctx,1,0.290687,0.519285,0.185,0.741875,0,0,0,0,0,0.473189,0.519285,0.342427,0.290687,0.185,0.341875,0.741875,0.680625
3bff3d769a4799b0,xclick,/m/04ctx,1,0.458137,0.606773,0.245,0.746875,0,0,0,0,0,0.555974,0.458137,0.606773,0.483537,0.245,0.725,0.26375,0.746875
3bff3d769a4799b0,xclick,/m/04ctx,1,0.593603,0.752587,0.21625,0.554375,0,0,0,0,0,0.647225,0.593603,0.678269,0.752587,0.21625,0.236875,0.554375,0.520625
3c4e8066dbe0dd34,xclick,/m/04ctx,1,0.00375,0.88875,0.31,0.608333,0,0,0,0,0,0.00375,0.3675,0.88875,0.8275,0.551667,0.608333,0.333333,0.31
3c90faf9178db934,xclick,/m/04ctx,1,0.0,0.10566,0.397701,0.885057,0,1,0,0,0,0.081132,0.0,0.10566,0.022642,0.397701,0.767816,0.427586,0.885057
3c90faf9178db934,xclick,/m/04ctx,1,0.064151,0.132075,0.4,0.83908,0,0,0,0,0,0.132075,0.064151,0.128302,0.086792,0.4,0.827586,0.648276,0.83908
3c90faf9178db934,xclick,/m/04ctx,1,0.132075,0.220755,0.328736,0.891954,0,0,0,0,0,0.220755,0.132075,0.211321,0.143396,0.328736,0.813793,0.68046,0.891954
3c90faf9178db934,xclick,/m/04ctx,1,0.243396,0.279245,0.462069,0.871264,0,0,0,0,0,0.264151,0.243396,0.279245,0.256604,0.462069,0.74023,0.678161,0.871264
3c90faf9178db934,xclick,/m/04ctx,1,0.30566,0.362264,0.418391,0.88046,0,0,0,0,0,0.35283,0.30566,0.362264,0.311321,0.418391,0.662069,0.650575,0.88046
3c90faf9178db934,xclick,/m/04ctx,1,0.366038,0.428302,0.36092,0.933333,0,0,0,0,0,0.39434,0.366038,0.428302,0.386792,0.36092,0.816092,0.701149,0.933333
3c90faf9178db934,xclick,/m/04ctx,1,0.449057,0.520755,0.37931,0.908046,0,0,0,0,0,0.490566,0.449057,0.520755,0.479245,0.37931,0.891954,0.675862,0.908046
3c90faf9178db934,xclick,/m/04ctx,1,0.592453,0.639623,0.37931,0.912644,0,0,0,0,0,0.622642,0.592453,0.639623,0.611321,0.37931,0.696552,0.650575,0.912644
3c90faf9178db934,xclick,/m/04ctx,1,0.641509,0.69434,0.374713,0.928736,0,0,0,0,0,0.664151,0.641509,0.69434,0.671698,0.374713,0.714943,0.673563,0.928736
3c90faf9178db934,xclick,/m/04ctx,1,0.713208,0.773585,0.381609,0.905747,0,0,0,0,0,0.745283,0.713208,0.773585,0.728302,0.381609,0.721839,0.687356,0.905747
3c90faf9178db934,xclick,/m/04ctx,1,0.771698,0.818868,0.250575,0.933333,0,0,0,0,0,0.771698,0.790566,0.818868,0.816981,0.250575,0.703448,0.696552,0.933333
3c90faf9178db934,xclick,/m/04ctx,1,0.837736,0.896226,0.462069,0.910345,0,0,0,0,0,0.85283,0.837736,0.896226,0.869811,0.462069,0.714943,0.68046,0.910345
3c90faf9178db934,xclick,/m/04ctx,1,0.909434,0.971698,0.441379,0.928736,0,0,0,0,0,0.909434,0.916981,0.928302,0.971698,0.441379,0.912644,0.928736,0.685057
3c90faf9178db934,xclick,/m/058qzx,1,0.0,0.516981,0.324138,0.928736,0,1,1,0,0,0.220755,0.381132,0.516981,0.0,0.324138,0.928736,0.666667,0.813793
3c90faf9178db934,xclick,/m/058qzx,1,0.586792,0.969811,0.250575,0.942529,0,0,1,0,0,0.771698,0.807547,0.969811,0.586792,0.250575,0.942529,0.673563,0.903448
3ccb9466d096b6b0,xclick,/m/04ctx,1,0.099609,0.891602,0.096354,0.955729,0,0,0,0,0,0.891602,0.099609,0.539062,0.103516,0.096354,0.950521,0.15625,0.955729
3d01415dc2912724,xclick,/m/0gxl3,1,0.45625,0.99875,0.058333,0.623333,1,1,0,0,0,0.561875,0.45625,0.914375,0.99875,0.623333,0.458333,0.058333,0.135833
3d01d99a7b24bf11,xclick,/m/04ctx,1,0.160156,0.842773,0.06383,0.462766,0,0,0,0,0,0.160156,0.723633,0.842773,0.262695,0.231383,0.462766,0.321809,0.06383
3d62d16299028c97,activemil,/m/058qzx,1,0.140156,0.37931,0.388125,0.84375,0,0,0,0,0,-1.0,-1.0,-1.0,-1.0,-1.0,-1.0,-1.0,-1.0
3d62d16299028c97,xclick,/m/04ctx,1,0.131257,0.401557,0.36625,0.853125,0,0,0,0,0,0.131257,0.201335,0.401557,0.394883,0.43125,0.36625,0.81,0.853125
3d6f95241e759de8,xclick,/m/04ctx,1,0.437302,0.925397,0.013333,0.683333,1,0,0,0,0,0.445238,0.437302,0.925397,0.907937,0.013333,0.065556,0.618889,0.683333
3d6f95241e759de8,xclick,/m/058qzx,1,0.433333,0.922222,0.017778,0.693333,1,0,0,0,0,0.443651,0.433333,0.922222,0.905556,0.017778,0.032222,0.606667,0.693333
3de5b301739f4180,activemil,/m/04ctx,1,0.112305,0.887695,0.209635,0.842448,0,0,0,0,0,-1.0,-1.0,-1.0,-1.0,-1.0,-1.0,-1.0,-1.0
3dfdd9586b7fc05e,xclick,/m/04ctx,1,0.228893,0.690432,0.12625,0.916875,0,0,0,0,0,0.675422,0.690432,0.300188,0.228893,0.12625,0.133125,0.916875,0.8775
3dfdd9586b7fc05e,xclick,/m/058qzx,1,0.231707,0.694184,0.113125,0.915625,0,0,0,0,0,0.681051,0.311445,0.231707,0.694184,0.113125,0.915625,0.87625,0.13375
3e11244a67a684c6,xclick,/m/04ctx,1,0.084375,0.865,0.131875,0.424375,0,0,0,0,0,0.084375,0.383125,0.865,0.26,0.23125,0.131875,0.27375,0.424375
3e11244a67a684c6,xclick,/m/04ctx,1,0.085625,0.871875,0.13375,0.4175,0,0,0,0,0,0.085625,0.3675,0.871875,0.26375,0.23125,0.13375,0.270625,0.4175
3e11244a67a684c6,xclick,/m/04ctx,1,0.34875,0.87,0.340625,0.45125,1,0,0,0,0,0.34875,0.680625,0.87,0.585,0.4175,0.340625,0.4125,0.45125
3e11244a67a684c6,xclick,/m/04ctx,1,0.3525,0.865,0.340625,0.45,0,0,0,0,0,0.64625,0.3525,0.865,0.596875,0.340625,0.4175,0.41375,0.45
3e7a9329ba00857c,xclick,/m/0gxl3,1,0.080625,0.9325,0.086766,0.934268,0,0,0,0,0,0.8375,0.9325,0.143125,0.080625,0.934268,0.297108,0.086766,0.162138
3e7f0964bc53226b,xclick,/m/0gxl3,1,0.0075,0.964375,0.146754,0.891816,0,0,0,1,0,0.964375,0.208125,0.110625,0.0075,0.270931,0.146754,0.891816,0.761994
3e86f494071c0584,xclick,/m/0gxl3,1,0.063125,0.64875,0.364167,0.85,0,0,0,0,0,0.250625,0.063125,0.11625,0.64875,0.364167,0.425833,0.85,0.380833
3ed73e841f8aa182,xclick,/m/04ctx,1,0.06125,0.650625,0.17636,0.753283,1,0,0,0,0,0.265,0.06125,0.646875,0.650625,0.17636,0.326454,0.753283,0.67636
3ef29341c5e4bbf0,xclick,/m/0gxl3,1,0.0,0.999375,0.0,0.716698,1,1,0,0,0,0.560625,0.999375,0.42875,0.0,0.0,0.355535,0.716698,0.034709
3f0b170dc0c7f807,xclick,/m/04ctx,1,0.09082,0.929688,0.113281,0.925781,0,0,0,0,0,0.09082,0.137695,0.832031,0.929688,0.127604,0.113281,0.925781,0.820312
3f9a39859c8be644,xclick,/m/04ctx,1,0.055,0.973125,0.381679,0.764631,0,0,0,0,0,0.753125,0.973125,0.9475,0.055,0.381679,0.712468,0.764631,0.544529
3fd54e855924dca1,xclick,/m/04ctx,1,0.12,0.890625,0.394167,0.590833,0,0,0,0,0,0.13625,0.12,0.890625,0.485,0.394167,0.52,0.53,0.590833
401da6cdaf41f93f,xclick,/m/0gxl3,1,0.123125,0.91,0.193246,0.939963,0,0,0,0,0,0.80375,0.123125,0.71,0.91,0.193246,0.272045,0.939963,0.814259
4089a15321ddc99f,xclick,/m/0gxl3,1,0.01875,0.903125,0.152542,0.937853,0,0,0,0,0,0.8375,0.903125,0.603125,0.01875,0.937853,0.748588,0.152542,0.222222
40a333ec2ac8ac5a,xclick,/m/04ctx,1,0.305,0.894375,0.437656,0.738155,1,0,0,0,0,0.87125,0.894375,0.39125,0.305,0.437656,0.487531,0.738155,0.697007
40a333ec2ac8ac5a,xclick,/m/058qzx,1,0.308125,0.89375,0.430175,0.734414,1,0,0,0,0,0.88,0.3675,0.308125,0.89375,0.430175,0.734414,0.704489,0.487531
40a54c8641a34cbb,xclick,/m/04ctx,1,0.013125,0.97,0.154485,0.887043,0,0,0,0,0,0.013125,0.1625,0.97,0.63625,0.813953,0.887043,0.416944,0.154485
4154dfaba8d55151,xclick,/m/04ctx,1,0.050654,0.831699,0.098039,0.601307,0,0,0,0,0,0.831699,0.050654,0.124183,0.821895,0.098039,0.55719,0.601307,0.163399
4154dfaba8d55151,xclick,/m/058qzx,1,0.04902,0.830065,0.094771,0.630719,0,0,0,0,0,0.820261,0.830065,0.04902,0.129085,0.094771,0.119281,0.565359,0.630719
41acfd673130de92,xclick,/m/0gxl3,1,0.09125,0.793125,0.176667,0.988333,0,0,0,1,0,0.09125,0.693125,0.793125,0.730625,0.279167,0.176667,0.810833,0.988333
41cf6d3b7ac31d2c,xclick,/m/0gxl3,1,0.194375,0.689375,0.305419,0.62069,1,0,0,0,0,0.6275,0.689375,0.385625,0.194375,0.305419,0.450246,0.62069,0.457143
41dda28d26a3ae66,xclick,/m/0gxl3,1,0.0,0.999375,0.065666,0.999062,1,1,0,0,0,0.8,0.999375,0.80375,0.0,0.999062,0.996248,0.065666,0.415572
41e6a07c59e6c884,activemil,/m/04ctx,1,0.059375,0.339375,0.248593,0.679174,1,0,0,0,0,-1.0,-1.0,-1.0,-1.0,-1.0,-1.0,-1.0,-1.0
41f903a400efbd40,xclick,/m/04ctx,1,0.091797,0.908203,0.177083,0.886719,0,0,0,0,0,0.799805,0.908203,0.094727,0.091797,0.886719,0.763021,0.177083,0.184896
42149398785aca38,xclick,/m/0gxl3,1,0.588125,0.706875,0.341463,0.451219,1,0,0,0,0,0.699375,0.706875,0.66625,0.588125,0.341463,0.368668,0.451219,0.410882
423fd9a859db2edc,xclick,/m/04ctx,1,0.0,0.965625,0.089286,0.99906,0,1,0,0,0,0.09125,0.0,0.961875,0.965625,0.99906,0.801692,0.089286,0.096805
424d601d91f3e7ae,xclick,/m/04ctx,1,0.145833,0.369792,0.630859,0.823242,1,0,0,0,0,0.354167,0.145833,0.190104,0.369792,0.630859,0.802734,0.823242,0.658203
424d601d91f3e7ae,xclick,/m/058qzx,1,0.148438,0.360677,0.630859,0.828125,1,0,0,0,0,0.348958,0.148438,0.182292,0.360677,0.630859,0.796875,0.828125,0.666016
4275b8e4a57f855c,xclick,/m/0gxl3,1,0.3125,0.999375,0.049486,0.999066,0,1,0,1,0,0.998125,0.999375,0.905625,0.3125,0.049486,0.129785,0.999066,0.499533
4276d09fe05ba02c,xclick,/m/04ctx,1,0.043125,0.9125,0.666041,0.886492,0,0,0,0,0,0.759375,0.9125,0.5225,0.043125,0.666041,0.747655,0.886492,0.839587
42d9666ced76d61f,xclick,/m/04ctx,1,0.064375,0.793125,0.002814,0.857411,1,0,0,0,0,0.064375,0.1325,0.774375,0.793125,0.076923,0.002814,0.857411,0.762664
43497d4fa4bc31b8,xclick,/m/04ctx,1,0.226042,0.901042,0.371875,0.857813,0,0,0,0,0,0.901042,0.9,0.272917,0.226042,0.371875,0.384375,0.857813,0.815625
43695b4ada8686a2,xclick,/m/04ctx,1,0.026875,0.971875,0.063333,0.999167,0,1,0,0,0,0.026875,0.028125,0.894375,0.971875,0.115,0.063333,0.999167,0.9075
438673effcadbb1f,xclick,/m/04ctx,1,0.030625,0.971875,0.029135,0.978383,0,0,0,0,0,0.030625,0.10875,0.971875,0.970625,0.923872,0.978383,0.029135,0.036654
438673effcadbb1f,xclick,/m/058qzx,1,0.029375,0.973125,0.033835,0.979323,0,0,0,0,0,0.973125,0.973125,0.1125,0.029375,0.033835,0.033835,0.979323,0.921992
43f1106f06f5882f,xclick,/m/0gxl3,1,0.313125,0.434375,0.379925,0.518762,1,0,0,0,0,0.323125,0.313125,0.34125,0.434375,0.518762,0.476548,0.379925,0.414634
445db6615a0bf8ed,xclick,/m/04ctx,1,0.044375,0.973125,0.034774,0.945489,0,0,0,0,0,0.044375,0.074375,0.973125,0.885625,0.933271,0.945489,0.182331,0.034774
4485d4f8f43bd046,xclick,/m/04ctx,1,0.164948,0.554827,0.0,0.954375,1,1,0,0,0,0.197751,0.164948,0.480787,0.554827,0.954375,0.90125,0.0,0.0125
44dab5d4679a43e2,xclick,/m/04ctx,1,0.218914,0.628722,0.77625,0.946875,0,0,0,0,0,0.254816,0.218914,0.613835,0.628722,0.77625,0.793125,0.946875,0.941875
44dab5d4679a43e2,xclick,/m/058qzx,1,0.223292,0.60683,0.776875,0.935625,0,0,0,0,0,0.259194,0.223292,0.60683,0.60683,0.776875,0.795625,0.935625,0.935625
44ed0cec1150506c,xclick,/m/04ctx,1,0.0,0.894375,0.0,0.925,0,1,0,0,0,0.008125,0.0,0.789375,0.894375,0.0,0.2625,0.925,0.775833
45c2169b2fa939bd,xclick,/m/0gxl3,1,0.092188,0.865625,0.196117,0.757282,0,0,0,0,0,0.092188,0.478125,0.865625,0.779687,0.539806,0.196117,0.629126,0.757282
45eb6666d924e287,xclick,/m/0gxl3,1,0.065625,0.34875,0.394934,0.738274,1,0,0,0,0,0.065625,0.34875,0.30375,0.121875,0.628518,0.528143,0.394934,0.738274
462b9a5bc48da32e,xclick,/m/0gxl3,1,0.066,0.837,0.08096,0.635682,1,0,0,0,0,0.52,0.837,0.066,0.182,0.08096,0.245877,0.475262,0.635682
462ec3c1ba81e669,xclick,/m/0gxl3,1,0.13625,0.413125,0.164165,0.462477,0,0,0,0,0,0.13625,0.413125,0.151875,0.22125,0.260788,0.201689,0.164165,0.462477
462ec3c1ba81e669,xclick,/m/0gxl3,1,0.1675,0.446875,0.555347,0.888368,0,0,0,0,0,0.189375,0.1675,0.446875,0.3825,0.555347,0.586304,0.69606,0.888368
462ec3c1ba81e669,xclick,/m/0gxl3,1,0.335,0.666875,0.342402,0.769231,0,0,0,0,0,0.345625,0.335,0.666875,0.546875,0.342402,0.434334,0.474672,0.769231
462ec3c1ba81e669,xclick,/m/0gxl3,1,0.465,0.919375,0.150094,0.642589,0,0,0,0,0,0.493125,0.465,0.919375,0.804375,0.150094,0.19606,0.334897,0.642589
465c6cbf119a1449,xclick,/m/0gxl3,1,0.488415,0.780352,0.515,0.6375,1,0,0,1,0,0.643188,0.562558,0.488415,0.780352,0.515,0.6375,0.591875,0.611875
469d7de51ae887f1,xclick,/m/0gxl3,1,0.45625,0.886875,0.421898,0.99854,0,1,0,0,0,0.518125,0.45625,0.878125,0.886875,0.99854,0.928467,0.421898,0.436496
469d7de51ae887f1,xclick,/m/0gxl3,1,0.518125,0.775625,0.0,0.509489,1,1,0,0,0,0.5525,0.775625,0.618125,0.518125,0.0,0.170803,0.509489,0.0
469d7de51ae887f1,xclick,/m/0gxl3,1,0.65,0.769375,0.691971,0.994161,0,1,0,0,0,0.75125,0.769375,0.65,0.690625,0.691971,0.740146,0.865693,0.994161
469d7de51ae887f1,xclick,/m/0gxl3,1,0.6525,0.9125,0.272993,0.915328,1,0,0,0,0,0.6525,0.9125,0.890625,0.6525,0.272993,0.855474,0.915328,0.275912
469d7de51ae887f1,xclick,/m/0gxl3,1,0.736875,0.9025,0.062774,0.40146,0,0,0,0,0,0.8475,0.9025,0.736875,0.875625,0.062774,0.327007,0.290511,0.40146
46a24f830d69d8ca,xclick,/m/04ctx,1,0.255625,0.810625,0.046706,0.983319,0,0,0,0,0,0.485,0.810625,0.275,0.255625,0.046706,0.547123,0.983319,0.957465
46db2f2bd6a859bd,xclick,/m/0gxl3,1,0.463918,0.789128,0.2875,0.591875,1,0,0,0,0,0.720712,0.789128,0.658857,0.463918,0.591875,0.536875,0.2875,0.47875
46e85892aa8551e5,xclick,/m/04ctx,1,0.039062,0.927734,0.117188,0.919271,0,0,0,0,0,0.039062,0.073242,0.927734,0.916992,0.904948,0.919271,0.11849,0.117188
4701318903cb7ef1,xclick,/m/0gxl3,1,0.12375,0.715,0.043845,0.984823,0,0,0,0,0,0.14,0.12375,0.66125,0.715,0.984823,0.969646,0.043845,0.107926
4711147942ad71fb,xclick,/m/04ctx,1,0.08125,0.910625,0.119137,0.901501,1,0,0,0,0,0.08125,0.08625,0.863125,0.910625,0.136023,0.119137,0.901501,0.818949
4723e2f16f2c4d24,xclick,/m/04ctx,1,0.122577,0.856785,0.316432,0.960563,0,0,0,0,0,0.816135,0.122577,0.245779,0.856785,0.316432,0.922066,0.960563,0.426291
4743412c50a6c407,xclick,/m/04ctx,1,0.053711,0.987305,0.136015,0.913793,0,1,0,0,0,0.053711,0.983398,0.987305,0.388672,0.697318,0.913793,0.747126,0.136015
475b5ed8e6515e20,xclick,/m/04ctx,1,0.109477,0.815359,0.439542,0.918301,0,0,0,0,0,0.785948,0.815359,0.155229,0.109477,0.439542,0.449346,0.918301,0.885621
475b5ed8e6515e20,xclick,/m/058qzx,1,0.116013,0.812092,0.44281,0.919935,0,0,0,0,0,0.116013,0.808824,0.812092,0.163399,0.875817,0.44281,0.457516,0.919935
47db2dd6cca8211d,xclick,/m/0gxl3,1,0.083902,0.94439,0.102731,0.773732,0,0,0,0,0,0.083902,0.674146,0.94439,0.767805,0.494148,0.102731,0.644993,0.773732
47f05c205381415e,xclick,/m/04ctx,1,0.0625,0.998438,0.123438,0.959375,1,1,0,0,0,0.0625,0.078125,0.998438,0.928125,0.954688,0.959375,0.189062,0.123438
480e280ace4be358,xclick,/m/0gxl3,1,0.691875,0.854375,0.382739,0.488743,1,0,0,0,0,0.854375,0.706875,0.691875,0.794375,0.409944,0.382739,0.423077,0.488743
48cebc6ee03cb471,xclick,/m/04ctx,1,0.041468,0.937458,0.040351,0.80614,0,0,0,0,0,0.898029,0.937458,0.109449,0.041468,0.80614,0.79386,0.040351,0.140351
48f2b380da1b4327,xclick,/m/04ctx,1,0.035625,0.7675,0.111111,0.3258,0,0,0,0,0,0.035625,0.7675,0.725,0.325,0.230697,0.111111,0.171375,0.3258
48f2b380da1b4327,xclick,/m/058qzx,1,0.036875,0.766875,0.097928,0.318267,0,0,0,0,0,0.725,0.766875,0.325,0.036875,0.097928,0.117702,0.318267,0.246704
4982e2cd5da92d84,xclick,/m/04ctx,1,0.036667,0.961667,0.0,0.913125,0,1,0,0,0,0.036667,0.090833,0.961667,0.748333,0.0175,0.0,0.879375,0.913125
4990afe366f1471f,xclick,/m/0gxl3,1,0.03125,0.954375,0.136667,0.863333,0,0,0,0,0,0.03125,0.954375,0.9375,0.139375,0.709167,0.1975,0.136667,0.863333
49b1fd053c5bfa17,xclick,/m/0gxl3,1,0.3475,0.480625,0.452158,0.727017,1,0,0,0,0,0.4525,0.480625,0.44,0.3475,0.452158,0.523452,0.727017,0.509381
4a580434f0a7f1f4,xclick,/m/0gxl3,1,0.0875,0.67125,0.27,0.720833,0,0,0,0,0,0.0875,0.67125,0.42625,0.236875,0.329167,0.4475,0.720833,0.27
4a5fa06eaab99647,xclick,/m/04ctx,1,0.143125,0.395625,0.564728,0.683865,1,0,0,0,0,0.2075,0.143125,0.30625,0.395625,0.564728,0.579737,0.683865,0.645403
4aaf0f68c7695031,xclick,/m/0gxl3,1,0.130719,0.380719,0.102941,0.379085,1,0,0,0,0,0.297386,0.330065,0.380719,0.130719,0.379085,0.102941,0.124183,0.326797
4ac103cc863345ce,xclick,/m/0gxl3,1,0.374619,0.75736,0.13697,0.967273,0,0,0,1,0,0.449746,0.75736,0.581726,0.374619,0.13697,0.511515,0.967273,0.208485
4ac26e20bdbcf262,activemil,/m/04ctx,1,0.234375,0.863281,0.236979,0.669271,1,0,0,0,0,-1.0,-1.0,-1.0,-1.0,-1.0,-1.0,-1.0,-1.0
4afc380e9a907351,xclick,/m/04ctx,1,0.104492,0.890625,0.075521,0.96875,0,0,0,0,0,0.104492,0.118164,0.728516,0.890625,0.167969,0.075521,0.96875,0.851562
4afc380e9a907351,xclick,/m/058qzx,1,0.106445,0.887695,0.070312,0.973958,0,0,0,0,0,0.116211,0.106445,0.887695,0.729492,0.070312,0.117188,0.848958,0.973958
4b516fd79ab03702,xclick,/m/0gxl3,1,0.0,0.761875,0.049906,0.999058,0,1,0,0,0,0.556875,0.761875,0.42125,0.0,0.049906,0.555556,0.999058,0.783427
4bb610bdf1f2f770,xclick,/m/04ctx,1,0.485185,0.628704,0.319444,0.981481,0,0,0,0,0,0.594444,0.485185,0.574074,0.628704,0.319444,0.668519,0.981481,0.60463
4c361533bba3cc71,xclick,/m/0gxl3,1,0.21875,0.484375,0.43621,0.999062,1,1,0,0,0,0.340625,0.484375,0.343125,0.21875,0.43621,0.54878,0.999062,0.645403
4c51a3a15ebf1b30,xclick,/m/0gxl3,1,0.064375,0.9375,0.08723,0.914568,0,0,0,0,0,0.064375,0.69375,0.9375,0.855,0.156475,0.08723,0.296763,0.914568
4c5c545531c123b6,activemil,/m/04ctx,1,0.0025,0.281875,0.148636,0.288805,1,1,0,0,0,-1.0,-1.0,-1.0,-1.0,-1.0,-1.0,-1.0,-1.0
4c5c545531c123b6,xclick,/m/04ctx,1,0.0,0.26625,0.046096,0.159925,1,1,0,0,0,0.0,0.09875,0.26625,0.129375,0.075259,0.046096,0.105362,0.159925
4c5c545531c123b6,xclick,/m/04ctx,1,0.0,0.301875,0.44873,0.568203,1,1,0,0,0,0.181875,0.0,0.301875,0.20875,0.44873,0.491063,0.514581,0.568203
4c5c545531c123b6,xclick,/m/04ctx,1,0.0,0.3075,0.597366,0.70555,1,1,0,0,0,0.0,0.179375,0.3075,0.165,0.65381,0.597366,0.622766,0.70555
4c5c545531c123b6,xclick,/m/04ctx,1,0.0,0.30875,0.742239,0.861712,1,1,0,0,0,0.0,0.1025,0.30875,0.21,0.815616,0.742239,0.792098,0.861712
4c5c545531c123b6,xclick,/m/04ctx,1,0.00125,0.265,0.331138,0.420508,1,1,0,0,0,0.00125,0.250625,0.265,0.005,0.331138,0.339605,0.420508,0.406397
4c5c545531c123b6,xclick,/m/04ctx,1,0.355,0.68125,0.799624,0.923801,1,1,0,0,0,0.355,0.36125,0.68125,0.61375,0.850423,0.799624,0.848542,0.923801
4c5c545531c123b6,xclick,/m/04ctx,1,0.399375,0.748125,0.0,0.044214,1,1,0,0,0,0.399375,0.555625,0.690625,0.748125,0.0,0.044214,0.034807,0.005644
4c5c545531c123b6,xclick,/m/04ctx,1,0.401875,0.7325,0.468485,0.595484,1,1,0,0,0,0.401875,0.595625,0.7325,0.609375,0.536218,0.468485,0.529633,0.595484
4c5c545531c123b6,xclick,/m/04ctx,1,0.4075,0.72875,0.301035,0.426152,1,1,0,0,0,0.4075,0.57875,0.72875,0.57375,0.383819,0.301035,0.381938,0.426152
4c5c545531c123b6,xclick,/m/04ctx,1,0.41375,0.740625,0.121355,0.229539,1,1,0,0,0,0.41375,0.58375,0.740625,0.63125,0.161806,0.121355,0.167451,0.229539
4c5c545531c123b6,xclick,/m/04ctx,1,0.744375,0.999375,0.105362,0.242709,1,1,0,0,0,0.744375,0.88375,0.999375,0.960625,0.182502,0.105362,0.178739,0.242709
4c5c545531c123b6,xclick,/m/04ctx,1,0.775,0.999375,0.268109,0.352775,1,1,0,0,0,0.775,0.93125,0.999375,0.966875,0.329257,0.268109,0.319849,0.352775
4c5c545531c123b6,xclick,/m/04ctx,1,0.77625,0.999375,0.391345,0.4873,1,1,0,0,0,0.77625,0.865625,0.999375,0.98125,0.452493,0.391345,0.450611,0.4873
4c5c545531c123b6,xclick,/m/04ctx,1,0.82375,0.999375,0.529633,0.599247,1,1,0,0,0,0.82375,0.959375,0.999375,0.97875,0.587959,0.529633,0.562559,0.599247
4c5c545531c123b6,xclick,/m/04ctx,1,0.825,0.999375,0.648166,0.761054,1,1,0,0,0,0.825,0.83625,0.999375,0.998125,0.676388,0.648166,0.699906,0.761054
4c748aabec55feea,xclick,/m/0gxl3,1,0.0,0.999023,0.111979,0.998698,0,1,0,0,0,0.0,0.999023,0.962891,0.376953,0.488281,0.24349,0.111979,0.998698
4d0ee6635e290993,xclick,/m/04ctx,1,0.064453,0.951172,0.095052,0.941406,0,0,0,0,0,0.072266,0.064453,0.881836,0.951172,0.095052,0.173177,0.941406,0.789062
4d0ee6635e290993,xclick,/m/058qzx,1,0.061523,0.953125,0.092448,0.940104,0,0,0,0,0,0.870117,0.074219,0.061523,0.953125,0.940104,0.092448,0.175781,0.795573
4d8aaa5bae81e482,xclick,/m/04ctx,1,0.18,0.8625,0.116667,0.965556,0,0,0,0,0,0.376667,0.18,0.286667,0.8625,0.116667,0.866667,0.965556,0.562222
4d965e6fb5cd5c5d,xclick,/m/0gxl3,1,0.086913,0.932068,0.125191,0.931298,0,0,0,0,0,0.086913,0.932068,0.771229,0.856144,0.235115,0.29771,0.931298,0.125191
4dca4b80c56023bd,xclick,/m/04ctx,1,0.498125,0.845625,0.793621,0.868668,1,0,0,0,0,0.845625,0.650625,0.498125,0.641875,0.801126,0.868668,0.85272,0.793621
4dd26746d0761b54,xclick,/m/04ctx,1,0.0,0.998366,0.256536,0.495098,0,1,0,0,0,0.0,0.998366,0.604575,0.0,0.256536,0.300654,0.495098,0.410131
4dd26746d0761b54,xclick,/m/058qzx,1,0.0,0.998366,0.251634,0.509804,0,1,0,0,0,0.006536,0.0,0.998366,0.616013,0.251634,0.370915,0.380719,0.509804
4dea139b941b5405,xclick,/m/0gxl3,1,0.042004,0.9042,0.02,0.4975,0,0,0,0,0,0.042004,0.833456,0.9042,0.663228,0.089375,0.02,0.438125,0.4975
4dea139b941b5405,xclick,/m/0gxl3,1,0.111275,0.949153,0.4875,0.98125,0,0,0,0,0,0.187915,0.111275,0.737657,0.949153,0.4875,0.6275,0.98125,0.61875
4ee8f992f381263c,xclick,/m/04ctx,1,0.450625,0.999375,0.209497,0.999069,0,1,0,0,0,0.450625,0.996875,0.77375,0.999375,0.209497,0.775605,0.999069,0.999069
4ee8f992f381263c,xclick,/m/058qzx,1,0.450625,0.999375,0.218808,0.999069,0,1,0,0,0,0.450625,0.450625,0.775,0.999375,0.218808,0.218808,0.999069,0.791434
4efbc057c4d0857e,xclick,/m/0gxl3,1,0.05375,0.969375,0.151667,0.658333,0,0,0,0,0,0.45,0.05375,0.183125,0.969375,0.151667,0.285,0.658333,0.384167
4efbc057c4d0857e,xclick,/m/0gxl3,1,0.458125,0.93875,0.513333,0.845833,0,0,0,0,0,0.549375,0.93875,0.5625,0.458125,0.513333,0.580833,0.845833,0.61
4efbc057c4d0857e,xclick,/m/0gxl3,1,0.689375,0.8675,0.690833,0.844167,0,0,0,0,0,0.699375,0.689375,0.735625,0.8675,0.690833,0.71,0.844167,0.706667
4f086e27609e0e8f,xclick,/m/0gxl3,1,0.250625,0.565625,0.295,0.695,0,1,0,1,0,0.45875,0.565625,0.526875,0.250625,0.295,0.4625,0.695,0.355
4f086e27609e0e8f,xclick,/m/0gxl3,1,0.633125,0.999375,0.283333,0.744167,0,1,0,1,0,0.89625,0.633125,0.965,0.999375,0.283333,0.346667,0.744167,0.465833
4f20fbef4ba835c8,xclick,/m/04ctx,1,0.044375,0.965625,0.350564,0.970865,0,0,0,0,0,0.965625,0.044375,0.093125,0.9425,0.350564,0.845865,0.970865,0.43797
4f30dc4b8e2a583d,xclick,/m/0gxl3,1,0.014375,0.96375,0.089828,0.891678,0,0,0,0,0,0.014375,0.905,0.96375,0.830625,0.23646,0.089828,0.200793,0.891678
4f5462043ce89254,xclick,/m/0gxl3,1,0.43,0.481667,0.45614,0.541353,1,0,0,0,0,0.43,0.481667,0.435833,0.440833,0.533835,0.47995,0.45614,0.541353
4fbfc3718b593a48,xclick,/m/0gxl3,1,0.219444,0.951389,0.13375,0.91625,0,0,0,0,0,0.863889,0.951389,0.219444,0.283333,0.91625,0.8925,0.169375,0.13375
4fd4db4a5a0ab631,xclick,/m/04ctx,1,0.019375,0.999375,0.0,0.969925,0,1,0,0,0,0.16625,0.019375,0.863125,0.999375,0.969925,0.594925,0.0,0.203947
4ff2b306db9846ba,xclick,/m/0gxl3,1,0.224375,0.81625,0.022514,0.518762,0,0,0,0,0,0.224375,0.268125,0.7475,0.81625,0.170732,0.022514,0.518762,0.491557
5006f6ce40142eea,xclick,/m/0gxl3,1,0.184375,0.85625,0.271845,0.798058,0,0,0,0,0,0.3625,0.85625,0.314063,0.184375,0.798058,0.304854,0.271845,0.737864
504da6fe12aaadcd,xclick,/m/0gxl3,1,0.066667,0.601852,0.212403,0.553488,0,0,0,1,0,0.183333,0.601852,0.131481,0.066667,0.212403,0.251163,0.553488,0.522481
5062b5fd0df2031e,xclick,/m/0gxl3,1,0.079032,0.927419,0.209951,0.694175,0,0,0,1,0,0.821774,0.927419,0.550806,0.079032,0.694175,0.569175,0.209951,0.575243
50df4f4bf7d955af,xclick,/m/0gxl3,1,0.04625,0.94875,0.303201,0.804143,0,0,0,0,0,0.04625,0.08625,0.94875,0.836875,0.357815,0.303201,0.706215,0.804143
50e25d96b56c7cc8,xclick,/m/04ctx,1,0.039375,0.56875,0.11,0.845,0,0,0,0,0,0.079375,0.039375,0.56875,0.549375,0.11,0.2575,0.845,0.84
50e25d96b56c7cc8,xclick,/m/04ctx,1,0.649375,0.985,0.03375,0.445,0,0,0,0,0,0.649375,0.655625,0.985,0.71125,0.435,0.445,0.27625,0.03375
50e25d96b56c7cc8,xclick,/m/04ctx,1,0.67875,0.948125,0.665,0.97,0,0,0,0,0,0.82625,0.67875,0.948125,0.753125,0.665,0.8275,0.68875,0.97
5113bec2aa5c2d5e,xclick,/m/0gxl3,1,0.0,0.888889,0.10125,0.6,0,1,0,0,0,0.0,0.58216,0.888889,0.719875,0.42,0.10125,0.485,0.6
5135d8df4f255cbf,xclick,/m/0gxl3,1,0.0,0.999219,0.0,0.902083,0,1,0,0,0,0.0,0.585938,0.999219,0.001563,0.732292,0.0,0.55625,0.902083
51f5c07107b6f55b,xclick,/m/0gxl3,1,0.038125,0.96625,0.27,0.833333,0,0,0,1,0,0.038125,0.96625,0.856875,0.921875,0.375833,0.383333,0.833333,0.27
521fd1deca0d722b,xclick,/m/0gxl3,1,0.106004,0.791745,0.44625,0.783125,0,0,0,0,0,0.106004,0.791745,0.15197,0.312383,0.71875,0.64375,0.783125,0.44625
529cfd88d99a8e71,xclick,/m/0gxl3,1,0.1725,0.793333,0.18625,0.76625,0,0,0,1,0,0.1725,0.793333,0.2475,0.7075,0.215,0.414375,0.18625,0.76625
52ae66ffb02e7d49,xclick,/m/0gxl3,1,0.5225,0.655,0.196998,0.327392,1,0,0,0,0,0.5225,0.655,0.550625,0.64375,0.242026,0.211069,0.327392,0.196998
530a1b8559339136,xclick,/m/04ctx,1,0.20625,0.64,0.635,0.986667,0,0,0,0,0,0.395,0.64,0.2825,0.20625,0.635,0.726667,0.986667,0.935
530a1b8559339136,xclick,/m/04ctx,1,0.215,0.61375,0.3,0.62,0,0,0,0,0,0.37375,0.61375,0.2725,0.215,0.3,0.356667,0.62,0.583333
530a1b8559339136,xclick,/m/04ctx,1,0.2425,0.59375,0.001667,0.291667,0,0,0,0,0,0.3875,0.59375,0.3475,0.2425,0.001667,0.033333,0.265,0.291667
530a1b8559339136,xclick,/m/04ctx,1,0.45375,0.79375,0.091667,0.395,0,0,0,0,0,0.57375,0.79375,0.52875,0.45375,0.091667,0.138333,0.35,0.395
530a1b8559339136,xclick,/m/04ctx,1,0.4675,0.84875,0.383333,0.713333,0,0,0,0,0,0.60875,0.4675,0.5325,0.84875,0.383333,0.691667,0.713333,0.433333
532e3395d3ea0e20,xclick,/m/0gxl3,1,0.035,0.9725,0.234167,0.839167,0,0,0,0,0,0.0925,0.035,0.58875,0.9725,0.839167,0.750833,0.234167,0.4975
533be4390625307f,xclick,/m/04ctx,1,0.045625,0.510625,0.189394,0.816288,0,0,0,0,0,0.045625,0.069375,0.505625,0.510625,0.765152,0.816288,0.189394,0.200758
533be4390625307f,xclick,/m/058qzx,1,0.043125,0.511875,0.193182,0.82197,0,0,0,0,0,0.0725,0.043125,0.511875,0.511875,0.82197,0.751894,0.193182,0.193182
5367a0e0fa21750e,xclick,/m/0gxl3,1,0.063947,0.909592,0.117021,0.953901,0,0,0,0,0,0.818082,0.909592,0.739802,0.063947,0.117021,0.283688,0.953901,0.210993
53712b781c43c82f,xclick,/m/04ctx,1,0.0075,0.9875,0.167778,0.96,0,0,0,0,0,0.919375,0.9875,0.14875,0.0075,0.167778,0.238889,0.96,0.886667
53a292e5ce272b09,xclick,/m/04ctx,1,0.2075,0.3625,0.271667,0.999167,0,1,0,0,0,0.2075,0.3625,0.254375,0.254375,0.996667,0.271667,0.999167,0.999167
53a292e5ce272b09,xclick,/m/058qzx,1,0.2075,0.365,0.27,0.998333,0,1,0,0,0,0.360625,0.23375,0.2075,0.365,0.27,0.998333,0.995,0.279167
543e74fc3dfed7c7,xclick,/m/04ctx,1,0.0,0.935625,0.0,0.999167,0,1,0,0,0,0.0,0.159375,0.935625,0.8575,0.885,0.999167,0.074167,0.0
543e74fc3dfed7c7,xclick,/m/058qzx,1,0.0,0.933125,0.0,0.996667,1,1,0,0,0,0.868125,0.0,0.933125,0.0725,0.0,0.899167,0.075833,0.996667
54687f638bd8bae1,xclick,/m/0gxl3,1,0.062542,0.867518,0.103815,0.913931,0,0,0,0,0,0.062542,0.169469,0.867518,0.690652,0.220053,0.103815,0.715173,0.913931
54f7e19aad75a24a,xclick,/m/04ctx,1,0.214375,0.999375,0.230769,0.923077,0,1,0,0,0,0.2275,0.214375,0.94375,0.999375,0.230769,0.244841,0.923077,0.886492
54f7e19aad75a24a,xclick,/m/058qzx,1,0.20625,0.96875,0.224203,0.907129,0,0,0,0,0,0.2375,0.20625,0.96875,0.9325,0.224203,0.236398,0.856473,0.907129
551d5ba233940364,xclick,/m/04ctx,1,0.025,0.970625,0.025376,0.954887,0,0,0,0,0,0.025,0.1,0.970625,0.9025,0.93515,0.954887,0.171053,0.025376
552a5bf12ceb4609,xclick,/m/04ctx,1,0.081667,0.93,0.201111,0.896667,0,0,0,0,0,0.081667,0.93,0.871667,0.440833,0.201111,0.756667,0.896667,0.503333
558c89e602f59d58,xclick,/m/04ctx,1,0.473125,0.85,0.0,0.587448,0,1,0,0,0,0.781875,0.85,0.49375,0.473125,0.0,0.0,0.587448,0.569874
56776de02ec8f8cd,xclick,/m/04ctx,1,0.041992,0.982422,0.174479,0.860677,0,0,0,0,0,0.511719,0.041992,0.198242,0.982422,0.174479,0.768229,0.860677,0.257812
56776de02ec8f8cd,xclick,/m/058qzx,1,0.045898,0.981445,0.175781,0.835938,0,0,0,0,0,0.506836,0.981445,0.126953,0.045898,0.175781,0.25651,0.835938,0.766927
56a8a328cdccfa32,xclick,/m/04ctx,1,0.230625,0.36375,0.0,0.674484,0,1,0,0,0,0.25625,0.36375,0.350625,0.230625,0.0,0.474672,0.674484,0.031895
56a8a328cdccfa32,xclick,/m/04ctx,1,0.339375,0.505625,0.008443,0.731707,0,0,0,0,0,0.343125,0.339375,0.505625,0.490625,0.008443,0.11257,0.58349,0.731707
56a8a328cdccfa32,xclick,/m/04ctx,1,0.486875,0.654375,0.091932,0.856473,0,0,0,0,0,0.486875,0.61125,0.654375,0.545625,0.091932,0.722326,0.856473,0.121951
56a8a328cdccfa32,xclick,/m/04ctx,1,0.623125,0.83,0.17167,0.981238,0,0,0,0,0,0.623125,0.633125,0.83,0.8175,0.206379,0.17167,0.944653,0.981238
57020678eb8b1cfc,xclick,/m/04ctx,1,0.120312,0.971875,0.383333,0.577083,0,0,0,0,0,0.120312,0.307812,0.971875,0.16875,0.427083,0.383333,0.472917,0.577083
571f3917948e231f,xclick,/m/0gxl3,1,0.450625,0.660625,0.593809,0.836773,1,0,0,0,0,0.606875,0.660625,0.450625,0.554375,0.593809,0.738274,0.805816,0.836773
571f3917948e231f,xclick,/m/0gxl3,1,0.651875,0.915625,0.5,0.826454,1,0,0,0,0,0.851875,0.915625,0.855625,0.651875,0.5,0.786116,0.826454,0.782364
57889567831b68c0,xclick,/m/0gxl3,1,0.0075,0.945,0.21,0.941667,1,0,0,0,0,0.105625,0.945,0.08375,0.0075,0.21,0.399167,0.941667,0.836667
57a9c9cf38969ec9,xclick,/m/04ctx,1,0.12125,0.91125,0.201493,0.783582,1,0,0,0,0,0.12125,0.1475,0.90375,0.91125,0.753731,0.783582,0.201493,0.210821
57a9c9cf38969ec9,xclick,/m/04ctx,1,0.12125,0.91375,0.195896,0.783582,1,0,0,0,0,0.91125,0.91375,0.1525,0.12125,0.195896,0.208955,0.783582,0.761194
57a9c9cf38969ec9,xclick,/m/058qzx,1,0.11875,0.91375,0.195896,0.794776,1,0,0,0,0,0.11875,0.15125,0.91375,0.91375,0.748134,0.794776,0.195896,0.195896
57dad5e6f6e2051d,xclick,/m/04ctx,1,0.070312,0.901367,0.203125,0.898438,0,0,0,0,0,0.070312,0.076172,0.850586,0.901367,0.216146,0.203125,0.898438,0.740885
57f95c97ca51ed17,xclick,/m/0gxl3,1,0.44125,0.981875,0.12,0.731667,0,0,0,0,0,0.981875,0.464375,0.44125,0.545,0.256667,0.12,0.345,0.731667
57ffec2ff58f0e69,xclick,/m/04ctx,1,0.030625,0.976875,0.017857,0.964286,0,0,0,0,0,0.91,0.976875,0.113125,0.030625,0.017857,0.201128,0.964286,0.953008
585a787b124e9c1e,xclick,/m/0gxl3,1,0.0,0.999375,0.100493,0.999015,0,1,0,0,0,0.999375,0.06,0.0,0.0,0.479803,0.999015,0.28867,0.100493
588aff70ac2fe2c5,xclick,/m/0gxl3,1,0.219375,0.888125,0.048735,0.991565,0,0,0,0,0,0.265625,0.219375,0.888125,0.85,0.048735,0.146204,0.901593,0.991565
588dd9de5dd7aca1,xclick,/m/04ctx,1,0.0925,0.3625,0.060251,0.306276,0,0,0,0,0,0.3625,0.196875,0.0925,0.265,0.060251,0.168201,0.306276,0.192469
588dd9de5dd7aca1,xclick,/m/04ctx,1,0.09625,0.594375,0.330544,0.823431,0,0,0,0,0,0.555625,0.3175,0.09625,0.594375,0.330544,0.501255,0.823431,0.366527
588dd9de5dd7aca1,xclick,/m/04ctx,1,0.26625,0.680625,0.392469,0.856067,0,0,0,0,0,0.5875,0.26625,0.41,0.680625,0.392469,0.856067,0.752301,0.428452
588dd9de5dd7aca1,xclick,/m/04ctx,1,0.390625,0.765,0.449372,0.928033,0,0,0,0,0,0.694375,0.765,0.390625,0.40875,0.449372,0.516318,0.928033,0.92636
588dd9de5dd7aca1,xclick,/m/04ctx,1,0.49625,0.8825,0.486192,0.964854,0,0,0,0,0,0.49625,0.503125,0.8825,0.868125,0.964854,0.964854,0.513808,0.486192
58ef48346d1a0cb3,xclick,/m/0gxl3,1,0.025391,0.951172,0.184896,0.955729,0,0,0,0,0,0.84082,0.951172,0.731445,0.025391,0.184896,0.791667,0.955729,0.326823
59027a480205419a,xclick,/m/0gxl3,1,0.25375,0.946875,0.254221,0.999062,1,1,0,0,0,0.7025,0.946875,0.781875,0.25375,0.254221,0.820826,0.999062,0.538462
593a7d791233a9ba,xclick,/m/0gxl3,1,0.108125,0.7875,0.296667,0.77,1,0,0,1,0,0.123125,0.108125,0.7875,0.704375,0.296667,0.356667,0.620833,0.77
5969ac13c797d33a,xclick,/m/04ctx,1,0.120312,0.453125,0.196875,0.746875,0,0,0,0,0,0.417187,0.120312,0.15,0.453125,0.196875,0.648438,0.746875,0.226562
5969ac13c797d33a,xclick,/m/04ctx,1,0.509375,0.664062,0.1375,0.825,0,0,0,0,0,0.601562,0.509375,0.664062,0.648438,0.1375,0.576562,0.43125,0.825
59ec133b602ae0f2,xclick,/m/04ctx,1,0.03625,0.883125,0.17375,0.851875,0,0,0,0,0,0.815,0.883125,0.49875,0.03625,0.851875,0.7025,0.17375,0.506875
59fda95dafe79d72,xclick,/m/04ctx,1,0.0475,0.966875,0.049719,0.923077,0,0,0,0,0,0.896875,0.966875,0.1025,0.0475,0.049719,0.122889,0.923077,0.91182
5a2974d792a69b5e,xclick,/m/0gxl3,1,0.026563,0.253125,0.746094,0.960938,0,0,0,0,0,0.2375,0.253125,0.054688,0.026563,0.746094,0.765625,0.960938,0.943359
5a2974d792a69b5e,xclick,/m/0gxl3,1,0.498437,0.84375,0.744141,0.998047,0,1,0,0,0,0.83125,0.84375,0.542188,0.498437,0.744141,0.769531,0.998047,0.988281
5a3fe708b78018f2,xclick,/m/0gxl3,1,0.678667,0.982667,0.216433,0.43487,1,0,0,0,0,0.678667,0.926667,0.982667,0.817333,0.316633,0.216433,0.316633,0.43487
5a6a131333a3641c,xclick,/m/0gxl3,1,0.4,0.999375,0.135387,0.711485,0,1,0,0,0,0.95375,0.994375,0.999375,0.4,0.711485,0.135387,0.215686,0.277311
5a9abb203fc76a39,xclick,/m/0gxl3,1,0.0125,0.99875,0.025105,0.91841,0,1,0,0,0,0.08625,0.0125,0.67,0.99875,0.91841,0.719665,0.025105,0.230126
5abd9b34bf53fae3,xclick,/m/04ctx,1,0.021875,0.98,0.337514,0.480046,1,0,0,0,0,0.021875,0.98,0.505625,0.499375,0.428734,0.480046,0.337514,0.442417
5abec6609b72bc64,xclick,/m/0gxl3,1,0.0,0.221667,0.136296,0.281481,0,1,0,0,0,0.185833,0.221667,0.015,0.0,0.136296,0.194074,0.281481,0.21037
5abec6609b72bc64,xclick,/m/0gxl3,1,0.178333,0.7825,0.303704,0.8,0,0,0,0,0,0.178333,0.7825,0.328333,0.1925,0.791111,0.346667,0.303704,0.8
5abec6609b72bc64,xclick,/m/0gxl3,1,0.88,0.999167,0.601481,0.933333,0,1,0,0,0,0.999167,0.88,0.9475,0.999167,0.601481,0.899259,0.933333,0.779259
5adb80224628efdd,xclick,/m/04ctx,1,0.169167,0.856667,0.137778,0.902222,0,0,0,0,0,0.500833,0.856667,0.665833,0.169167,0.137778,0.798889,0.902222,0.521111
5aebde1a43c1ea04,xclick,/m/0gxl3,1,0.151875,0.871875,0.239963,0.753501,0,0,0,0,0,0.151875,0.713125,0.871875,0.6525,0.368814,0.239963,0.673203,0.753501
5b1d8ab5af3b0967,xclick,/m/04ctx,1,0.0625,0.999023,0.0,0.944282,0,1,0,0,0,0.0625,0.259766,0.999023,0.901367,0.894428,0.944282,0.348974,0.0
5b2a1b57d2e6e57d,xclick,/m/0gxl3,1,0.0,0.981875,0.2475,0.86,0,1,0,0,0,0.0,0.981875,0.415,0.104375,0.8125,0.319167,0.2475,0.86
5bc0e450b2e93f6a,xclick,/m/0gxl3,1,0.398438,0.910937,0.352083,0.777083,0,0,0,0,0,0.398438,0.910937,0.89375,0.546875,0.49375,0.429167,0.352083,0.777083
5bcfa8439ce56dae,xclick,/m/0gxl3,1,0.0,0.863125,0.160833,0.999167,0,1,0,0,0,0.0,0.52125,0.863125,0.4225,0.455833,0.999167,0.256667,0.160833
5bd15d61f6d6e0f3,xclick,/m/04ctx,1,0.110694,0.909944,0.274178,0.642254,0,0,0,0,0,0.110694,0.572233,0.909944,0.884303,0.460094,0.642254,0.285446,0.274178
5c0b36aef2e9764d,xclick,/m/04ctx,1,0.145833,0.895833,0.07875,0.999375,0,1,0,0,0,0.2975,0.145833,0.685,0.895833,0.07875,0.180625,0.999375,0.993125
5c26bb539ec3846b,xclick,/m/0gxl3,1,0.0,0.999375,0.0,0.998888,0,1,0,0,0,0.0,0.30125,0.999375,0.305,0.261402,0.0,0.174638,0.998888
5c556a24ef9786de,xclick,/m/0gxl3,1,0.115625,0.93625,0.09887,0.910546,0,0,0,0,0,0.115625,0.159375,0.93625,0.845625,0.200565,0.09887,0.855932,0.910546
5c670607866c28af,xclick,/m/04ctx,1,0.125,0.927734,0.164062,0.933594,0,0,0,0,0,0.125,0.125977,0.868164,0.927734,0.164062,0.173177,0.933594,0.858073
5c835863c688d857,xclick,/m/0gxl3,1,0.03125,0.889375,0.298311,0.926829,0,0,0,0,0,0.03125,0.568125,0.636875,0.889375,0.747655,0.926829,0.298311,0.390244
5c9595d1c443aed5,xclick,/m/04ctx,1,0.0,0.803125,0.152235,0.48324,0,0,0,0,0,0.0,0.017708,0.803125,0.792708,0.432961,0.48324,0.159218,0.152235
5c9595d1c443aed5,xclick,/m/04ctx,1,0.05,0.923958,0.294693,0.604749,0,0,0,0,0,0.05,0.923958,0.842708,0.142708,0.534916,0.294693,0.421788,0.604749
5d24572a419d7d0e,xclick,/m/0gxl3,1,0.255625,0.9975,0.263602,0.985929,1,0,0,0,0,0.255625,0.908125,0.9975,0.541875,0.423077,0.985929,0.428705,0.263602
5d24572a419d7d0e,xclick,/m/0gxl3,1,0.256875,0.731875,0.260788,0.499062,1,0,0,0,0,0.29,0.256875,0.531875,0.731875,0.499062,0.427767,0.260788,0.412758
5d554a16ae005891,xclick,/m/04ctx,1,0.075625,0.823125,0.015,0.765,0,0,0,0,0,0.075625,0.146875,0.823125,0.821875,0.079167,0.015,0.756667,0.765
5dbab75479b0bbc0,xclick,/m/04ctx,1,0.155229,0.820261,0.522876,0.94281,0,0,0,0,0,0.155229,0.166667,0.820261,0.818627,0.926471,0.94281,0.522876,0.529412
5dbab75479b0bbc0,xclick,/m/058qzx,1,0.147059,0.821895,0.517974,0.94281,0,0,0,0,0,0.803922,0.821895,0.176471,0.147059,0.517974,0.534314,0.94281,0.910131
5dbf40a876f2dbe4,xclick,/m/0gxl3,1,0.09375,0.916875,0.090833,0.94,0,0,0,0,0,0.1675,0.09375,0.881875,0.916875,0.090833,0.195833,0.94,0.759167
5e0012151b49a3d6,xclick,/m/04ctx,1,0.213333,0.999333,0.504,0.668,1,1,0,0,0,0.213333,0.220667,0.999333,0.999333,0.524,0.504,0.639,0.668
5e11a43dbc9867af,xclick,/m/04ctx,1,0.123611,0.927778,0.066667,0.922917,0,0,0,0,0,0.123611,0.927778,0.852778,0.186111,0.066667,0.842708,0.922917,0.222917
5e39af2bfb78fae1,xclick,/m/04ctx,1,0.01625,0.114375,0.0,0.2825,0,1,0,0,0,0.01625,0.0975,0.114375,0.095,0.0,0.2825,0.216667,0.008333
5e73af09a5d007da,xclick,/m/0gxl3,1,0.505,0.876875,0.329257,0.539981,1,0,0,0,0,0.70875,0.876875,0.80125,0.505,0.539981,0.412041,0.329257,0.398871
5e930fba78d319f3,xclick,/m/04ctx,1,0.28125,0.645,0.180833,0.8125,0,0,0,0,0,0.28125,0.308125,0.645,0.64,0.2225,0.180833,0.806667,0.8125
5eb26e0abfa86059,xclick,/m/04ctx,1,0.388125,0.59125,0.466667,0.805833,0,0,0,0,0,0.59125,0.388125,0.413125,0.59125,0.466667,0.781667,0.805833,0.476667
5eb26e0abfa86059,xclick,/m/04ctx,1,0.4375,0.63,0.478333,0.823333,1,0,0,0,0,0.62375,0.4375,0.460625,0.63,0.478333,0.785,0.823333,0.4925
5f0032ffdec1d188,xclick,/m/04ctx,1,0.0,0.632666,0.150625,0.331875,0,1,0,0,0,0.0,0.632666,0.618899,0.003129,0.27375,0.150625,0.200625,0.331875
5f0032ffdec1d188,xclick,/m/04ctx,1,0.761577,0.999374,0.741875,0.893125,0,1,0,0,0,0.761577,0.793492,0.999374,0.999374,0.88125,0.893125,0.823125,0.741875
5f0032ffdec1d188,xclick,/m/058qzx,1,0.0,0.62766,0.171875,0.3325,0,1,0,0,0,0.595119,0.62766,0.016896,0.0,0.171875,0.180625,0.3325,0.288125
5f0032ffdec1d188,xclick,/m/058qzx,1,0.753442,0.999374,0.73375,0.88875,0,1,0,0,0,0.99562,0.753442,0.999374,0.819775,0.73375,0.881875,0.811875,0.88875
5f373981ff0c6356,xclick,/m/0gxl3,1,0.05,0.943333,0.1825,0.94375,1,0,0,0,0,0.05,0.853333,0.943333,0.313333,0.4075,0.1825,0.33,0.94375
5f3f9825f1b8242c,xclick,/m/0gxl3,1,0.114286,0.895714,0.150463,0.81713,1,0,0,0,0,0.114286,0.895714,0.161429,0.267143,0.761574,0.277778,0.150463,0.81713
5f46bf22d6c1ee7e,xclick,/m/04ctx,1,0.036,0.984,0.048055,0.915332,1,0,0,0,0,0.036,0.984,0.943,0.446,0.048055,0.83524,0.915332,0.542334
5f953a156f41fb9f,xclick,/m/0gxl3,1,0.05625,0.955,0.256795,0.816307,0,0,0,0,0,0.05625,0.955,0.798125,0.48625,0.291471,0.766635,0.816307,0.256795
5fb1779480f31a71,xclick,/m/0gxl3,1,0.6575,0.779375,0.46096,0.622766,1,0,0,0,0,0.779375,0.773125,0.6575,0.683125,0.49953,0.46096,0.599247,0.622766
5fb6b12c4bdb0a2e,xclick,/m/04ctx,1,0.0,0.951563,0.127778,0.911111,1,1,0,0,0,0.925,0.951563,0.074219,0.0,0.127778,0.484722,0.911111,0.648611
5fdca02b82b14b02,xclick,/m/0gxl3,1,0.08625,0.295,0.0,0.420508,1,1,0,0,0,0.106875,0.295,0.28375,0.08625,0.0,0.381938,0.420508,0.015992
6006b0e57c85badc,xclick,/m/0gxl3,1,0.164375,0.313125,0.387582,0.520226,1,0,0,0,0,0.313125,0.295,0.164375,0.216875,0.439323,0.387582,0.424271,0.520226
6063f674504d70af,xclick,/m/0gxl3,1,0.13875,0.985625,0.167608,0.776836,0,0,0,0,0,0.29125,0.13875,0.34625,0.985625,0.776836,0.675141,0.167608,0.513183
6065b5345cc6abf5,xclick,/m/0gxl3,1,0.108125,0.80125,0.335833,0.979167,0,0,0,0,0,0.108125,0.80125,0.786875,0.715,0.449167,0.945,0.979167,0.335833
6089850bd15f3c73,xclick,/m/0gxl3,1,0.06125,0.924375,0.281544,0.859699,0,0,0,0,0,0.06125,0.0875,0.924375,0.874375,0.359699,0.281544,0.77307,0.859699
60941f03d857a258,xclick,/m/04ctx,1,0.0,0.970625,0.038534,0.99906,0,1,0,0,0,0.0,0.09125,0.964375,0.970625,0.799812,0.99906,0.038534,0.050752
60956f036c0ae9fb,xclick,/m/04ctx,1,0.32625,0.999375,0.168333,0.478333,0,1,0,0,0,0.371875,0.999375,0.966875,0.32625,0.168333,0.4525,0.478333,0.25
60956f036c0ae9fb,xclick,/m/04ctx,1,0.32875,0.853125,0.4975,0.7125,0,0,0,0,0,0.371875,0.853125,0.763125,0.32875,0.4975,0.668333,0.7125,0.534167
60aadb02550d295c,xclick,/m/0gxl3,1,0.02,0.99375,0.045643,0.788382,0,0,0,0,0,0.02,0.05125,0.99375,0.66125,0.711618,0.788382,0.506224,0.045643
616edb954ab6a646,xclick,/m/0gxl3,1,0.2675,0.806875,0.188324,0.715631,0,0,0,0,0,0.78375,0.595625,0.806875,0.2675,0.188324,0.715631,0.244821,0.429379
61bd20eccd6f6b29,xclick,/m/04ctx,1,0.01125,0.538125,0.0,0.305,0,1,0,0,0,0.39,0.01125,0.259375,0.538125,0.0,0.305,0.1925,0.0
61bd20eccd6f6b29,xclick,/m/058qzx,1,0.0125,0.543125,0.0,0.318333,0,1,0,1,0,0.543125,0.021875,0.0125,0.39125,0.0,0.318333,0.311667,0.0
622931df978943e8,xclick,/m/0gxl3,1,0.0,0.998438,0.114754,0.997658,0,1,0,0,0,0.367188,0.0,0.179688,0.998438,0.114754,0.36534,0.997658,0.587822
6256b8488333f16f,xclick,/m/04ctx,1,0.083008,0.944336,0.167969,0.921875,0,0,0,0,0,0.083008,0.083984,0.944336,0.888672,0.207031,0.167969,0.81901,0.921875
6256b8488333f16f,xclick,/m/058qzx,1,0.084961,0.952148,0.170573,0.924479,0,0,0,0,0,0.084961,0.084961,0.952148,0.889648,0.170573,0.170573,0.81901,0.924479
6277818c4eb7e24a,xclick,/m/04ctx,1,0.242,0.809,0.662669,0.929535,0,0,0,0,0,0.242,0.71,0.809,0.754,0.662669,0.757121,0.865067,0.929535
6277818c4eb7e24a,xclick,/m/058qzx,1,0.052,0.846,0.451274,0.776612,0,0,0,0,0,0.064,0.052,0.846,0.831,0.451274,0.466267,0.73913,0.776612
6277818c4eb7e24a,xclick,/m/058qzx,1,0.143,0.897,0.413793,0.671664,0,0,0,0,0,0.196,0.143,0.897,0.874,0.413793,0.446777,0.626687,0.671664
6277818c4eb7e24a,xclick,/m/058qzx,1,0.251,0.813,0.665667,0.911544,0,0,0,0,0,0.264,0.251,0.813,0.757,0.665667,0.67916,0.848576,0.911544
62d3e92a41352907,xclick,/m/04ctx,1,0.082031,0.9375,0.122396,0.829427,0,0,0,0,0,0.082031,0.323242,0.9375,0.336914,0.721354,0.829427,0.541667,0.122396
645bb6f1d325a1d5,xclick,/m/04ctx,1,0.0,0.971875,0.050752,0.99906,0,1,0,0,0,0.970625,0.971875,0.09125,0.0,0.050752,0.069549,0.99906,0.883459
649edff0d836279b,xclick,/m/04ctx,1,0.17375,0.7175,0.363039,0.737336,0,0,0,0,0,0.17375,0.590625,0.7175,0.67875,0.363039,0.499062,0.668856,0.737336
64b22bf90141fb3f,xclick,/m/0gxl3,1,0.119375,0.999375,0.0,0.956848,1,1,0,0,0,0.119375,0.26,0.999375,0.999375,0.092871,0.0,0.189493,0.956848
64ee0a566d792fb1,xclick,/m/04ctx,1,0.244141,0.84082,0.111979,0.916667,0,0,0,0,0,0.244141,0.265625,0.84082,0.461914,0.898438,0.916667,0.333333,0.111979
6503b01495948349,xclick,/m/0gxl3,1,0.018125,0.97625,0.100833,0.769167,1,0,0,0,0,0.018125,0.29,0.97625,0.22375,0.561667,0.100833,0.381667,0.769167
6516c5808c93b83f,xclick,/m/04ctx,1,0.034,0.891,0.05787,0.840278,0,0,0,0,0,0.841,0.891,0.124,0.034,0.05787,0.208333,0.840278,0.782407
6516c5808c93b83f,xclick,/m/04ctx,1,0.117,0.958,0.314815,0.546296,1,0,0,0,0,0.117,0.958,0.941,0.61,0.31713,0.314815,0.546296,0.546296
65936f5b7f9e9103,xclick,/m/04ctx,1,0.183125,0.83375,0.333647,0.528196,1,0,0,0,0,0.183125,0.83375,0.27625,0.794375,0.491541,0.390977,0.528196,0.333647
65936f5b7f9e9103,xclick,/m/058qzx,1,0.18125,0.835,0.329887,0.524436,0,0,0,0,0,0.7875,0.835,0.275,0.18125,0.329887,0.388158,0.524436,0.485902
65d97aad1f688054,xclick,/m/0gxl3,1,0.135625,0.999375,0.398333,0.999167,0,1,0,0,0,0.135625,0.495,0.999375,0.670625,0.529167,0.398333,0.5725,0.999167
6612c062cba3ab81,xclick,/m/04ctx,1,0.00625,0.91375,0.666667,0.887021,0,0,0,0,0,0.00625,0.5575,0.91375,0.875,0.694678,0.666667,0.80112,0.887021
6612c062cba3ab81,xclick,/m/04ctx,1,0.089375,0.909375,0.430439,0.640523,0,0,0,0,0,0.089375,0.558125,0.909375,0.865625,0.48366,0.430439,0.558357,0.640523
6612c062cba3ab81,xclick,/m/04ctx,1,0.191875,0.88625,0.233427,0.417367,0,0,0,0,0,0.191875,0.589375,0.88625,0.844375,0.304388,0.233427,0.346405,0.417367
6612c062cba3ab81,xclick,/m/04ctx,1,0.215,0.875,0.055089,0.235294,0,0,0,0,0,0.215,0.605625,0.875,0.83875,0.12605,0.055089,0.168067,0.235294
665fd479d5871ff0,xclick,/m/04ctx,1,0.558125,0.760625,0.174976,0.277516,1,0,0,0,0,0.558125,0.743125,0.760625,0.741875,0.269991,0.277516,0.190969,0.174976
665fd479d5871ff0,xclick,/m/058qzx,1,0.55,0.8025,0.168391,0.281279,1,0,0,0,0,0.726875,0.55,0.8025,0.649375,0.168391,0.270931,0.19191,0.281279
6662c5567c454d63,xclick,/m/04ctx,1,0.269375,0.595,0.003333,0.999167,0,1,0,0,0,0.491875,0.269375,0.595,0.536875,0.003333,0.408333,0.4375,0.999167
66893612dbc46980,xclick,/m/04ctx,1,0.053125,0.84,0.346405,0.785247,0,0,0,0,0,0.053125,0.1325,0.84,0.83875,0.677871,0.785247,0.362278,0.346405
66dd523a691cd457,xclick,/m/04ctx,1,0.038,0.924,0.039432,0.913249,0,0,0,0,0,0.038,0.258,0.924,0.761,0.883281,0.913249,0.283912,0.039432
66e10fbf4634fc58,xclick,/m/04ctx,1,0.07625,0.985,0.374861,0.649611,0,0,0,0,0,0.07625,0.42125,0.985,0.790625,0.54505,0.649611,0.466073,0.374861
67a85f819c805f84,xclick,/m/04ctx,1,0.208125,0.90375,0.068333,0.2175,0,0,0,0,0,0.208125,0.533125,0.90375,0.515,0.120833,0.2175,0.111667,0.068333
67a85f819c805f84,xclick,/m/04ctx,1,0.2125,0.86875,0.5375,0.7075,0,0,0,0,0,0.454375,0.2125,0.86875,0.231875,0.5375,0.590833,0.585833,0.7075
67a85f819c805f84,xclick,/m/04ctx,1,0.221875,0.8725,0.740833,0.919167,0,0,0,0,0,0.565625,0.221875,0.233125,0.8725,0.740833,0.814167,0.919167,0.759167
67a85f819c805f84,xclick,/m/04ctx,1,0.269375,0.884375,0.2925,0.444167,0,0,0,0,0,0.59,0.269375,0.884375,0.569375,0.2925,0.329167,0.363333,0.444167
67a85f819c805f84,xclick,/m/058qzx,1,0.21,0.8625,0.535833,0.698333,0,0,0,0,0,0.466875,0.21,0.8625,0.230625,0.535833,0.616667,0.584167,0.698333
67a85f819c805f84,xclick,/m/058qzx,1,0.21,0.868125,0.733333,0.9275,0,0,0,0,0,0.868125,0.21,0.481875,0.24125,0.773333,0.839167,0.733333,0.9275
67a85f819c805f84,xclick,/m/058qzx,1,0.21625,0.90875,0.064167,0.215833,0,0,0,0,0,0.51375,0.531875,0.90875,0.21625,0.064167,0.215833,0.115833,0.1175
67a85f819c805f84,xclick,/m/058qzx,1,0.268125,0.880625,0.291667,0.453333,0,0,0,0,0,0.546875,0.268125,0.880625,0.565,0.291667,0.334167,0.379167,0.453333
68098684d620bcc4,xclick,/m/04ctx,1,0.11875,0.925,0.113333,0.821667,0,0,0,0,0,0.2075,0.11875,0.925,0.9125,0.113333,0.7525,0.821667,0.740833
68d6a1bb02a6f2b1,activemil,/m/04ctx,1,0.002667,0.970667,0.212341,0.970962,-1,-1,-1,-1,-1,-1.0,-1.0,-1.0,-1.0,-1.0,-1.0,-1.0,-1.0
68e2af4d5e31d927,xclick,/m/04ctx,1,0.0,0.96625,0.1175,0.931667,0,1,0,0,0,0.96625,0.959375,0.0,0.0,0.120833,0.1175,0.931667,0.819167
690ed65060cbe47c,xclick,/m/04ctx,1,0.026875,0.98375,0.015009,0.953096,0,0,0,0,0,0.975,0.026875,0.135625,0.98375,0.015009,0.864916,0.953096,0.08349
690ed65060cbe47c,xclick,/m/058qzx,1,0.030625,0.9875,0.015009,0.9606,0,0,0,0,0,0.98125,0.030625,0.1225,0.9875,0.015009,0.845216,0.9606,0.015009
6981c1d8e55dde72,xclick,/m/04ctx,1,0.071289,0.941406,0.11849,0.933594,0,0,0,0,0,0.079102,0.071289,0.90332,0.941406,0.11849,0.126302,0.933594,0.876302
6a8cf1e891aa4ac2,xclick,/m/04ctx,1,0.034375,0.978125,0.025376,0.962406,0,0,0,0,0,0.90125,0.978125,0.13375,0.034375,0.025376,0.162594,0.962406,0.93703
6a8cf1e891aa4ac2,xclick,/m/058qzx,1,0.0375,0.978125,0.024436,0.955827,0,0,0,0,0,0.904375,0.978125,0.0375,0.15625,0.024436,0.159774,0.942669,0.955827
6ac38255ee56b1d7,xclick,/m/04ctx,1,0.098633,0.96875,0.300781,0.947917,0,0,0,0,0,0.123047,0.098633,0.96875,0.923828,0.300781,0.31901,0.865885,0.947917
6bb4c7305640bd2e,xclick,/m/04ctx,1,0.049805,0.957031,0.253906,0.608073,0,0,0,0,0,0.049805,0.874023,0.957031,0.209961,0.578125,0.253906,0.292969,0.608073
6bb4c7305640bd2e,xclick,/m/04ctx,1,0.052734,0.999023,0.463542,0.861979,0,0,0,0,0,0.052734,0.210938,0.999023,0.920898,0.821615,0.861979,0.503906,0.463542
6bb4c7305640bd2e,xclick,/m/04ctx,1,0.094727,0.850586,0.035156,0.373698,0,0,0,0,0,0.094727,0.786133,0.850586,0.217773,0.341146,0.035156,0.071615,0.373698
6c967d7f07cda177,xclick,/m/04ctx,1,0.0,0.999375,0.0,0.999062,0,1,0,0,0,0.721875,0.999375,0.386875,0.0,0.999062,0.625704,0.0,0.379925
6c9802aec7cf747d,xclick,/m/04ctx,1,0.578125,0.950781,0.433763,0.998828,0,1,0,0,0,0.913281,0.578125,0.950781,0.697656,0.433763,0.998828,0.452521,0.994138
6c9802aec7cf747d,xclick,/m/058qzx,1,0.578906,0.94375,0.439625,0.998828,0,1,0,0,0,0.678125,0.578906,0.94375,0.94375,0.998828,0.998828,0.439625,0.439625
6f111b1fe45074e1,xclick,/m/04ctx,1,0.053711,0.957031,0.102865,0.829427,0,0,0,0,0,0.053711,0.198242,0.957031,0.878906,0.791667,0.829427,0.229167,0.102865
6f278a5d8d4b12f6,xclick,/m/04ctx,1,0.074167,0.936667,0.142222,0.955556,0,0,0,0,0,0.074167,0.936667,0.894167,0.3975,0.142222,0.845556,0.955556,0.506667
6f5ddf7f324df040,xclick,/m/04ctx,1,0.186523,0.927734,0.119792,0.951823,0,0,0,0,0,0.186523,0.273438,0.927734,0.496094,0.796875,0.951823,0.657552,0.119792
6fbf467314603227,xclick,/m/04ctx,1,0.052734,0.921875,0.22526,0.81901,0,0,0,0,0,0.052734,0.060547,0.885742,0.921875,0.234375,0.22526,0.81901,0.763021
7023a3333cf610ab,xclick,/m/04ctx,1,0.045,0.97,0.031895,0.961538,0,0,0,0,0,0.045,0.138125,0.97,0.921875,0.934334,0.961538,0.072233,0.031895
7023a3333cf610ab,xclick,/m/058qzx,1,0.043125,0.97125,0.028143,0.9606,0,0,0,0,0,0.893125,0.97125,0.043125,0.141875,0.028143,0.06848,0.933396,0.9606
70662de30dc4bec0,xclick,/m/04ctx,1,0.02625,0.939375,0.180937,0.625202,1,0,0,0,0,0.02625,0.09625,0.939375,0.810625,0.563813,0.625202,0.337641,0.180937
708000732cad67d6,xclick,/m/04ctx,1,0.300625,0.855,0.513333,0.999167,0,1,0,0,0,0.345625,0.300625,0.775625,0.855,0.513333,0.644167,0.999167,0.909167
71b7a6cb28248577,xclick,/m/04ctx,1,0.24848,0.711555,0.048125,0.96625,1,0,0,0,0,0.329279,0.24848,0.675934,0.711555,0.96625,0.7125,0.048125,0.13125
71b7a6cb28248577,xclick,/m/058qzx,1,0.249348,0.716768,0.03875,0.75625,1,0,0,0,0,0.679409,0.716768,0.304083,0.249348,0.03875,0.15625,0.75625,0.715
71c198cecad6986c,xclick,/m/04ctx,1,0.106383,0.465582,0.022677,0.965618,0,0,0,0,0,0.367334,0.106383,0.465582,0.357322,0.032919,0.965618,0.103146,0.022677
71c198cecad6986c,xclick,/m/04ctx,1,0.402378,0.894243,0.223116,0.79444,0,0,0,0,0,0.402378,0.819149,0.894243,0.631414,0.223116,0.79444,0.724214,0.286759
7201d9dbd3d8f4d5,xclick,/m/04ctx,1,0.0,0.22625,0.118729,0.801003,0,1,0,0,0,0.203125,0.22625,0.00125,0.0,0.118729,0.230769,0.801003,0.65301
7201d9dbd3d8f4d5,xclick,/m/058qzx,1,0.0,0.225,0.126254,0.79097,0,1,0,0,0,0.01125,0.0,0.201875,0.225,0.79097,0.732441,0.126254,0.210702
72310d83687d0bfe,xclick,/m/04ctx,1,0.014071,0.296435,0.005625,0.999375,0,1,0,0,0,0.296435,0.014071,0.260788,0.166041,0.005625,0.58625,0.60375,0.999375
72310d83687d0bfe,xclick,/m/04ctx,1,0.211069,0.468105,0.0,0.9625,1,1,0,0,0,0.211069,0.302064,0.468105,0.453096,0.870625,0.9625,0.025625,0.0
72310d83687d0bfe,xclick,/m/04ctx,1,0.432458,0.64728,0.0,0.849375,1,1,0,0,0,0.534709,0.432458,0.64728,0.611632,0.0,0.46375,0.456875,0.849375
72310d83687d0bfe,xclick,/m/058qzx,1,0.001876,0.311445,0.00375,0.999375,0,1,0,0,0,0.281426,0.001876,0.19606,0.311445,0.00375,0.595,0.999375,0.06875
72310d83687d0bfe,xclick,/m/058qzx,1,0.216698,0.457786,0.000625,0.9625,0,1,0,0,0,0.314259,0.216698,0.370544,0.457786,0.9625,0.84125,0.000625,0.53375
72310d83687d0bfe,xclick,/m/058qzx,1,0.426829,0.62758,0.000625,0.8375,1,1,0,0,0,0.473734,0.426829,0.62758,0.573171,0.000625,0.455,0.8375,0.000625
72ce29a4da5f0598,xclick,/m/04ctx,1,0.0125,0.598125,0.024375,0.499375,0,1,0,0,0,0.2225,0.0125,0.598125,0.2275,0.024375,0.253125,0.186875,0.499375
72ce29a4da5f0598,xclick,/m/04ctx,1,0.02125,0.974375,0.531875,0.928125,0,0,0,0,0,0.466875,0.02125,0.974375,0.126875,0.531875,0.725,0.663125,0.928125
72ce29a4da5f0598,xclick,/m/04ctx,1,0.598125,0.94875,0.02125,0.395,0,0,0,0,0,0.694375,0.598125,0.94875,0.746875,0.02125,0.089375,0.24125,0.395
733008d683261acf,xclick,/m/04ctx,1,0.0,0.9525,0.060976,0.999062,0,1,0,0,0,0.0,0.10875,0.94875,0.9525,0.815197,0.999062,0.060976,0.070356
7465cdfe08ae6f6c,xclick,/m/04ctx,1,0.0,0.965625,0.006567,0.969981,0,1,0,0,0,0.090625,0.0,0.965625,0.894375,0.006567,0.103189,0.893058,0.969981
74d03fd5acf28de8,xclick,/m/04ctx,1,0.055625,0.875625,0.32389,0.627007,0,0,0,0,0,0.055625,0.179375,0.875625,0.425,0.595845,0.627007,0.533522,0.32389
755cc0187aafc327,xclick,/m/04ctx,1,0.030625,0.978125,0.029135,0.964286,0,0,0,0,0,0.030625,0.05625,0.973125,0.978125,0.846805,0.964286,0.029135,0.042293
75a59d74aa5ba771,xclick,/m/04ctx,1,0.0475,0.971667,0.167778,0.911111,0,0,0,0,0,0.0475,0.294167,0.971667,0.7875,0.476667,0.911111,0.194444,0.167778
75d5df2d2e0a6746,xclick,/m/04ctx,1,0.105,0.939375,0.066593,0.899001,0,0,0,0,0,0.105,0.1825,0.939375,0.86625,0.882353,0.899001,0.150943,0.066593
760cd0514fafeaf7,xclick,/m/04ctx,1,0.05125,0.99625,0.413333,0.550833,0,0,0,0,0,0.05125,0.67375,0.99625,0.951875,0.541667,0.550833,0.455,0.413333
761e40c49ddd13ba,xclick,/m/04ctx,1,0.434783,0.998188,0.425532,0.997636,0,1,0,0,0,0.434783,0.998188,0.942029,0.585145,0.425532,0.947991,0.997636,0.626478
761e40c49ddd13ba,xclick,/m/058qzx,1,0.431159,0.998188,0.43026,0.997636,0,1,0,0,0,0.443841,0.431159,0.929348,0.998188,0.43026,0.437352,0.997636,0.947991
7651f310fca49b7e,xclick,/m/04ctx,1,0.240991,0.591592,0.048125,0.951875,0,0,0,0,0,0.533784,0.240991,0.304054,0.591592,0.048125,0.84625,0.951875,0.238125
765999d58dd9d721,xclick,/m/04ctx,1,0.1725,0.6625,0.4925,0.550833,1,0,0,0,0,0.1725,0.44125,0.6625,0.3575,0.500833,0.4925,0.504167,0.550833
765999d58dd9d721,xclick,/m/04ctx,1,0.424375,0.879375,0.534167,0.5925,1,0,0,0,0,0.424375,0.721875,0.879375,0.5175,0.573333,0.534167,0.534167,0.5925
765999d58dd9d721,xclick,/m/04ctx,1,0.50625,0.85625,0.544167,0.5975,1,0,0,0,0,0.851875,0.50625,0.85625,0.688125,0.544167,0.595833,0.585833,0.5975
765999d58dd9d721,xclick,/m/04ctx,1,0.50875,0.920625,0.3275,0.454167,1,0,0,0,0,0.50875,0.811875,0.920625,0.85875,0.3275,0.349167,0.416667,0.454167
765999d58dd9d721,xclick,/m/058qzx,1,0.176875,0.6675,0.485833,0.5575,1,0,0,0,0,0.178125,0.6675,0.346875,0.176875,0.4875,0.51,0.5575,0.485833
765999d58dd9d721,xclick,/m/058qzx,1,0.435,0.878125,0.521667,0.595833,1,0,0,0,0,0.86875,0.435,0.515,0.878125,0.521667,0.5875,0.595833,0.56
765999d58dd9d721,xclick,/m/058qzx,1,0.5075,0.86375,0.539167,0.599167,1,0,0,0,0,0.848125,0.5075,0.855,0.86375,0.539167,0.599167,0.594167,0.566667
765999d58dd9d721,xclick,/m/058qzx,1,0.5125,0.918125,0.311667,0.444167,1,0,0,0,0,0.555,0.5125,0.853125,0.918125,0.311667,0.325,0.444167,0.416667
77294ee4b1ae7c85,xclick,/m/04ctx,1,0.010006,0.934334,0.612194,0.999371,0,0,0,0,0,0.934334,0.010006,0.057536,0.910569,0.612194,0.943432,0.999371,0.641106
77294ee4b1ae7c85,xclick,/m/058qzx,1,0.001251,0.934334,0.617222,0.991201,0,1,0,0,0,0.934334,0.040025,0.001251,0.278299,0.617222,0.991201,0.907605,0.765556
772a6ca73bb4ef54,xclick,/m/04ctx,1,0.55565,0.856415,0.607333,0.951333,0,0,0,0,0,0.82158,0.55565,0.647409,0.856415,0.607333,0.927333,0.951333,0.622667
77b44a4c779122e0,xclick,/m/04ctx,1,0.080625,0.9725,0.044167,0.960833,0,0,0,0,0,0.138125,0.080625,0.959375,0.9725,0.044167,0.309167,0.960833,0.925
786266fde6ee020f,xclick,/m/04ctx,1,0.025625,0.958125,0.174807,0.897172,0,0,0,0,0,0.025625,0.57625,0.958125,0.914375,0.174807,0.245501,0.667095,0.897172
789d9288b6ca1436,xclick,/m/04ctx,1,0.0,0.998333,0.0,0.81,0,1,0,0,0,0.741667,0.0,0.0,0.998333,0.0,0.4275,0.81,0.37
78d5e3d9cb3557cd,xclick,/m/04ctx,1,0.05957,0.921875,0.484582,0.713656,0,0,0,0,0,0.05957,0.264648,0.921875,0.897461,0.540382,0.484582,0.596182,0.713656
79233c444009079f,xclick,/m/04ctx,1,0.101875,0.93625,0.390772,0.602637,0,0,0,0,0,0.101875,0.2625,0.704375,0.93625,0.511299,0.602637,0.390772,0.515066
799366d80b824ddc,xclick,/m/04ctx,1,0.04085,0.915033,0.053922,0.939542,0,0,0,0,0,0.04085,0.04085,0.915033,0.870915,0.924837,0.939542,0.112745,0.053922
79cafe106954fe6a,xclick,/m/04ctx,1,0.028125,0.333125,0.4925,0.999167,0,1,0,0,0,0.309375,0.333125,0.141875,0.028125,0.4925,0.639167,0.999167,0.995
79cafe106954fe6a,xclick,/m/04ctx,1,0.51125,0.885625,0.361667,0.999167,0,1,0,0,0,0.768125,0.51125,0.6725,0.885625,0.361667,0.4475,0.999167,0.999167
79f38b8172f8b41f,xclick,/m/04ctx,1,0.068359,0.925781,0.028646,0.949219,0,0,0,0,0,0.075195,0.068359,0.839844,0.925781,0.028646,0.104167,0.949219,0.789062
7a19c6736cfc3ce9,xclick,/m/04ctx,1,0.882411,0.996047,0.0,0.977636,0,0,0,0,0,0.882411,0.917984,0.996047,0.968379,0.0,0.915335,0.908946,0.977636
7ba5a8ecd29f9b92,xclick,/m/04ctx,1,0.0,0.305,0.605858,0.952301,0,1,0,0,0,0.2625,0.0,0.0,0.305,0.605858,0.856067,0.952301,0.647699
7ba5a8ecd29f9b92,xclick,/m/058qzx,1,0.0,0.293125,0.605021,0.951464,0,1,0,0,0,0.293125,0.0025,0.0,0.288125,0.611715,0.951464,0.863598,0.605021
7c252c7fbb3273d0,xclick,/m/04ctx,1,0.030383,0.976882,0.052092,0.935952,0,0,0,0,0,0.030383,0.126816,0.976882,0.902906,0.922289,0.935952,0.159693,0.052092
7c84acb831a60567,xclick,/m/04ctx,1,0.047852,0.927734,0.167969,0.950521,0,0,0,0,0,0.047852,0.051758,0.927734,0.662109,0.177083,0.167969,0.606771,0.950521
7cb13862750ce05a,xclick,/m/04ctx,1,0.122892,0.789157,0.176,0.882,0,0,0,0,0,0.295181,0.122892,0.761446,0.789157,0.882,0.768,0.176,0.263
7d7a0e9b4d261ba0,xclick,/m/04ctx,1,0.18,0.62,0.12824,0.998636,1,1,0,0,0,0.573636,0.62,0.190909,0.18,0.998636,0.979536,0.12824,0.140518
7f8b6d371ecf2d4a,xclick,/m/04ctx,1,0.044375,0.999375,0.011667,0.6975,0,0,0,0,0,0.991875,0.166875,0.044375,0.999375,0.011667,0.6975,0.680833,0.186667
7fb58bababde58f2,xclick,/m/04ctx,1,0.021484,0.987305,0.052709,0.919473,0,0,0,0,0,0.021484,0.106445,0.987305,0.925781,0.891654,0.919473,0.163982,0.052709
7fdfe18c0638940f,xclick,/m/04ctx,1,0.73375,0.999375,0.402923,0.998956,0,1,0,0,0,0.73375,0.83,0.999375,0.9975,0.990605,0.998956,0.792276,0.402923
7ffdbfe21cc85aa0,xclick,/m/04ctx,1,0.00293,0.996094,0.111979,0.921875,0,0,0,0,0,0.888672,0.996094,0.048828,0.00293,0.111979,0.178385,0.921875,0.91276
802224a6d7c9e609,xclick,/m/04ctx,1,0.240625,0.613125,0.0,0.589671,1,1,0,0,0,0.240625,0.275625,0.613125,0.55625,0.00939,0.0,0.547418,0.589671
8062d629abed5a3c,xclick,/m/04ctx,1,0.064453,0.90332,0.095052,0.941406,0,0,0,0,0,0.073242,0.064453,0.854492,0.90332,0.095052,0.104167,0.941406,0.709635
806a831877b07df1,xclick,/m/04ctx,1,0.040625,0.973125,0.019737,0.956767,0,0,0,0,0,0.040625,0.128125,0.973125,0.905,0.93703,0.956767,0.102444,0.019737
808f194f9a863fe8,xclick,/m/04ctx,1,0.282609,0.72205,0.042989,0.952381,0,0,0,0,0,0.282609,0.473602,0.72205,0.521739,0.41336,0.952381,0.421958,0.042989
8092d61bbb343e20,xclick,/m/04ctx,1,0.1325,0.933125,0.046685,0.872082,0,0,0,0,0,0.1325,0.1475,0.933125,0.855,0.85901,0.872082,0.186741,0.046685
83c7f30172258c81,xclick,/m/04ctx,1,0.0825,0.999375,0.00375,0.999375,1,1,0,0,0,0.974375,0.0825,0.20375,0.999375,0.00375,0.999375,0.999375,0.15625
83c7f30172258c81,xclick,/m/058qzx,1,0.0925,0.999375,0.000625,0.999375,1,1,0,0,0,0.99125,0.0925,0.175,0.999375,0.000625,0.999375,0.999375,0.150625
83f2ab2a212bf931,xclick,/m/04ctx,1,0.175,0.6375,0.429688,0.94375,1,0,0,0,0,0.595313,0.175,0.6375,0.217188,0.429688,0.94375,0.448437,0.71875
84fe1ec39ac17a19,xclick,/m/04ctx,1,0.083008,0.929688,0.216146,0.860677,0,0,0,0,0,0.083008,0.088867,0.898438,0.929688,0.229167,0.216146,0.860677,0.746094
85a576810d506d48,xclick,/m/04ctx,1,0.02,0.97625,0.216667,0.781667,1,0,0,0,0,0.530625,0.02,0.97625,0.05,0.216667,0.368333,0.375,0.781667
85a576810d506d48,xclick,/m/04ctx,1,0.053125,0.970625,0.569167,0.819167,1,0,0,0,0,0.053125,0.350625,0.970625,0.33625,0.735833,0.819167,0.7875,0.569167
85bff4a15aed6037,xclick,/m/04ctx,1,0.62375,0.999375,0.148333,0.323333,1,1,0,0,0,0.62375,0.640625,0.996875,0.999375,0.1725,0.148333,0.323333,0.290833
85e64d282a649dfc,xclick,/m/04ctx,1,0.3175,0.901875,0.085366,0.999062,1,0,0,0,0,0.705625,0.3175,0.901875,0.496875,0.085366,0.984053,0.330206,0.999062
8673b135b77b69cd,xclick,/m/04ctx,1,0.023438,0.983398,0.066406,0.920573,0,0,0,0,0,0.927734,0.023438,0.983398,0.197266,0.066406,0.871094,0.208333,0.920573
870eb1cdddbcce5a,xclick,/m/04ctx,1,0.031667,0.999167,0.0225,0.83,1,1,0,0,0,0.031667,0.035833,0.938333,0.999167,0.039375,0.0225,0.83,0.735
8727d82ac588dd3a,xclick,/m/04ctx,1,0.203125,0.509375,0.278125,0.828125,0,0,0,0,0,0.495312,0.234375,0.203125,0.509375,0.278125,0.598437,0.828125,0.295312
8727d82ac588dd3a,xclick,/m/04ctx,1,0.5375,0.665625,0.315625,0.734375,0,0,0,0,0,0.623437,0.5375,0.623437,0.665625,0.315625,0.507812,0.734375,0.509375
885f5039e4db4028,xclick,/m/04ctx,1,0.0,0.968125,0.058271,0.99906,0,1,0,0,0,0.968125,0.0,0.953125,0.17,0.058271,0.656955,0.221805,0.99906
885f5039e4db4028,xclick,/m/058qzx,1,0.0,0.964375,0.054511,0.99906,0,1,0,0,0,0.080625,0.0,0.961875,0.964375,0.99906,0.663534,0.054511,0.058271
8881ccbbd97c1d46,xclick,/m/04ctx,1,0.090592,0.885889,0.195922,0.951241,0,0,0,0,0,0.214286,0.090592,0.885889,0.574042,0.195922,0.333333,0.701241,0.951241
88f01f75619d2a44,xclick,/m/04ctx,1,0.0736,0.9488,0.808378,0.932264,0,0,0,0,0,0.0736,0.5688,0.9488,0.54,0.847594,0.808378,0.926025,0.932264
88f01f75619d2a44,xclick,/m/04ctx,1,0.0752,0.9992,0.659537,0.7959,0,1,0,0,0,0.0752,0.5552,0.9992,0.5208,0.706774,0.659537,0.754902,0.7959
88f01f75619d2a44,xclick,/m/04ctx,1,0.0888,0.8744,0.226381,0.342246,0,0,0,0,0,0.0888,0.5648,0.8744,0.524,0.279857,0.226381,0.335116,0.342246
88f01f75619d2a44,xclick,/m/04ctx,1,0.0888,0.9992,0.489305,0.637255,0,1,0,0,0,0.0888,0.5192,0.9992,0.5256,0.542781,0.489305,0.583779,0.637255
88f01f75619d2a44,xclick,/m/04ctx,1,0.096,0.848,0.096257,0.235294,0,0,0,0,0,0.712,0.848,0.232,0.096,0.096257,0.174688,0.235294,0.177362
88f01f75619d2a44,xclick,/m/04ctx,1,0.1056,0.8992,0.345811,0.48574,0,0,0,0,0,0.1056,0.532,0.8992,0.5224,0.4082,0.345811,0.438503,0.48574
89b7a64f214ebce5,xclick,/m/04ctx,1,0.073242,0.919922,0.10026,0.93099,0,0,0,0,0,0.079102,0.073242,0.887695,0.919922,0.10026,0.109375,0.93099,0.854167
8a195e7e4803c5d9,xclick,/m/04ctx,1,0.115234,0.854492,0.22526,0.884115,0,0,0,0,0,0.115234,0.120117,0.854492,0.822266,0.235677,0.22526,0.75,0.884115
8a5b8c168d8b19c5,xclick,/m/04ctx,1,0.086914,0.93457,0.076823,0.941406,0,0,0,0,0,0.088867,0.086914,0.93457,0.806641,0.170573,0.076823,0.86849,0.941406
8a5b8c168d8b19c5,xclick,/m/058qzx,1,0.084961,0.938477,0.078125,0.933594,0,0,0,0,0,0.094727,0.783203,0.938477,0.084961,0.078125,0.933594,0.855469,0.105469
8a6545ec6dbeeb38,xclick,/m/04ctx,1,0.031,0.987,0.0,0.896552,0,1,0,0,0,0.346,0.031,0.987,0.774,0.0,0.323838,0.748126,0.896552
8a6545ec6dbeeb38,xclick,/m/04ctx,1,0.041,0.909,0.14093,0.865067,0,0,0,0,0,0.12,0.041,0.909,0.689,0.14093,0.364318,0.832084,0.865067
8b3ecf3271680d9a,xclick,/m/04ctx,1,0.1925,0.99875,0.0,0.273333,0,1,0,0,0,0.31625,0.99875,0.7675,0.1925,0.0,0.186667,0.273333,0.0
8b3ecf3271680d9a,xclick,/m/04ctx,1,0.33875,0.81125,0.128333,0.335,0,0,0,0,0,0.33875,0.57625,0.81125,0.785,0.128333,0.2,0.293333,0.335
8b3ecf3271680d9a,xclick,/m/058qzx,1,0.19125,0.99875,0.0,0.288333,0,1,0,0,0,0.285,0.19125,0.76,0.99875,0.0,0.001667,0.288333,0.19
8b58b8ad481e0c3a,xclick,/m/04ctx,1,0.091667,0.905,0.132222,0.905556,0,0,0,0,0,0.091667,0.096667,0.865,0.905,0.143333,0.132222,0.905556,0.841111
8b9bce83c09bc24d,xclick,/m/04ctx,1,0.083008,0.90625,0.10026,0.927083,0,0,0,0,0,0.083008,0.155273,0.90625,0.901367,0.77474,0.927083,0.132812,0.10026
8bd3be545763be14,xclick,/m/04ctx,1,0.102539,0.949219,0.105469,0.919271,0,0,0,0,0,0.930664,0.949219,0.171875,0.102539,0.105469,0.111979,0.919271,0.834635
8c5012b24dfb3ae5,xclick,/m/04ctx,1,0.630469,0.999219,0.294792,0.3875,1,1,0,0,0,0.630469,0.839844,0.999219,0.900781,0.330208,0.3875,0.369792,0.294792
8d4a3c93093ed6c9,xclick,/m/04ctx,1,0.388116,0.692794,0.032,0.952,0,0,0,0,0,0.388116,0.408344,0.692794,0.60177,0.944,0.952,0.072,0.032
8d839161800f3210,xclick,/m/04ctx,1,0.031,0.986,0.287129,0.915842,1,0,0,0,0,0.746,0.031,0.986,0.098,0.287129,0.740099,0.344059,0.915842
8da2abdf67114aec,xclick,/m/04ctx,1,0.105469,0.698242,0.360677,0.996094,0,0,0,0,0,0.105469,0.185547,0.698242,0.655273,0.471354,0.360677,0.973958,0.996094
8df3aa543345d64b,xclick,/m/04ctx,1,0.286116,0.52439,0.779375,0.97625,1,0,0,0,0,0.311445,0.52439,0.496248,0.286116,0.779375,0.970625,0.97625,0.806875
8e80ff0b234aea2e,xclick,/m/04ctx,1,0.071289,0.920898,0.174479,0.807292,0,0,0,0,0,0.071289,0.073242,0.871094,0.920898,0.177083,0.174479,0.807292,0.735677
8eb6fb91c26a9850,xclick,/m/04ctx,1,0.0625,0.930664,0.128906,0.93099,0,0,0,0,0,0.0625,0.064453,0.930664,0.871094,0.145833,0.128906,0.777344,0.93099
8eef6e54789ce66d,xclick,/m/04ctx,1,0.029375,0.985,0.126563,0.927344,0,0,0,0,0,0.469375,0.029375,0.595625,0.985,0.126563,0.83125,0.927344,0.688281
8f3363a17b08ca05,xclick,/m/04ctx,1,0.089844,0.913086,0.061198,0.941406,0,0,0,0,0,0.089844,0.092773,0.913086,0.822266,0.096354,0.061198,0.768229,0.941406
8f5424261880096f,xclick,/m/04ctx,1,0.097656,0.939453,0.132812,0.875,0,0,0,0,0,0.100586,0.097656,0.126953,0.939453,0.132812,0.865885,0.875,0.726562
8f715f8332c2275f,xclick,/m/04ctx,1,0.09631,0.934334,0.461972,0.671362,0,0,0,0,0,0.661038,0.09631,0.904941,0.934334,0.461972,0.553052,0.671362,0.568075
90283fc691871adc,xclick,/m/04ctx,1,0.227778,0.586111,0.013889,0.789815,0,0,0,0,0,0.509259,0.227778,0.259259,0.586111,0.013889,0.672222,0.789815,0.036111
90283fc691871adc,xclick,/m/04ctx,1,0.45463,0.7,0.0,0.877778,0,0,0,0,0,0.513889,0.7,0.673148,0.45463,0.877778,0.043519,0.0,0.580556
9050daa84894f78d,xclick,/m/04ctx,1,0.509375,0.998438,0.478125,0.998438,1,1,0,0,0,0.509375,0.814063,0.998438,0.992188,0.478125,0.917188,0.760938,0.998438
90819cca1cd3b3f7,xclick,/m/04ctx,1,0.015,0.98875,0.024969,0.973783,0,0,0,0,0,0.015,0.02625,0.98875,0.8875,0.971286,0.973783,0.102372,0.024969
90819cca1cd3b3f7,xclick,/m/058qzx,1,0.0125,0.99375,0.02372,0.982522,0,0,0,0,0,0.87125,0.99375,0.01875,0.0125,0.02372,0.053683,0.982522,0.970037
91433e4915992f5b,xclick,/m/04ctx,1,0.5875,0.9675,0.021667,0.916667,0,0,0,0,0,0.5875,0.91875,0.9675,0.9675,0.021667,0.916667,0.853333,0.853333
91433e4915992f5b,xclick,/m/058qzx,1,0.5875,0.96875,0.021667,0.918333,0,0,0,0,0,0.59125,0.96875,0.92,0.5875,0.021667,0.855,0.918333,0.023333
91bf8ff0e12259b8,xclick,/m/04ctx,1,0.060833,0.975833,0.161111,0.855556,0,0,0,0,0,0.060833,0.065,0.975833,0.878333,0.17,0.161111,0.685556,0.855556
91cc78e93d35fbd8,xclick,/m/04ctx,1,0.3875,0.585833,0.07375,0.745625,0,0,0,0,0,0.4625,0.54,0.3875,0.585833,0.07375,0.745625,0.396875,0.4175
91da6f3b94f811ec,xclick,/m/04ctx,1,0.30625,0.61875,0.309568,0.814259,1,0,0,0,0,0.30625,0.61875,0.595,0.49,0.309568,0.80863,0.814259,0.688555
927ed26b3a6cd99a,xclick,/m/04ctx,1,0.00293,0.983398,0.067708,0.933594,0,0,0,0,0,0.00293,0.057617,0.983398,0.867188,0.170573,0.067708,0.89974,0.933594
9384185115b5d834,xclick,/m/04ctx,1,0.03,0.99875,0.027826,0.944348,0,0,0,0,0,0.9275,0.03,0.64875,0.99875,0.027826,0.944348,0.570435,0.085217
93f5bfa9ef273e4d,xclick,/m/04ctx,1,0.338125,0.576875,0.41,0.609167,1,0,0,0,0,0.5525,0.338125,0.373125,0.576875,0.41,0.605833,0.609167,0.423333
93f5bfa9ef273e4d,xclick,/m/058qzx,1,0.341875,0.575625,0.4175,0.606667,1,0,0,0,0,0.56625,0.575625,0.341875,0.341875,0.4175,0.4375,0.606667,0.606667
941c5ee04e317b67,xclick,/m/04ctx,1,0.072266,0.96582,0.104167,0.949219,0,0,0,0,0,0.072266,0.079102,0.96582,0.892578,0.128906,0.104167,0.760417,0.949219
9427b04abda62505,xclick,/m/04ctx,1,0.017431,0.988073,0.174419,0.911628,0,0,0,0,0,0.806422,0.017431,0.514679,0.988073,0.174419,0.911628,0.797674,0.360465
9450e42b914b0fc1,xclick,/m/04ctx,1,0.145403,0.714822,0.526875,0.955625,0,0,0,0,0,0.714822,0.145403,0.24015,0.714822,0.526875,0.936875,0.955625,0.56625
9450e42b914b0fc1,xclick,/m/058qzx,1,0.152908,0.719512,0.530625,0.950625,0,0,0,0,0,0.716698,0.224203,0.152908,0.719512,0.53375,0.950625,0.931875,0.530625
947ff27ddf0dfd10,xclick,/m/04ctx,1,0.856176,0.91709,0.385006,0.656925,0,0,0,1,0,0.900169,0.856176,0.895093,0.91709,0.385006,0.501906,0.656925,0.6277
947ff27ddf0dfd10,xclick,/m/04ctx,1,0.871404,0.923858,0.035578,0.303685,0,0,0,1,0,0.898477,0.871404,0.923858,0.912014,0.035578,0.285896,0.282084,0.303685
9568a18135e2d4c2,xclick,/m/04ctx,1,0.015625,0.960938,0.35625,0.875,0,0,0,0,0,0.015625,0.023438,0.960938,0.878125,0.873437,0.875,0.401562,0.35625
9572932191e7dd67,xclick,/m/04ctx,1,0.025,0.916875,0.3375,0.769167,0,0,0,0,0,0.87625,0.916875,0.179375,0.025,0.3375,0.389167,0.769167,0.716667
9572932191e7dd67,xclick,/m/04ctx,1,0.101875,0.999375,0.0,0.380833,1,1,1,0,0,0.105625,0.101875,0.999375,0.995625,0.0,0.2925,0.380833,0.0
957656f2c142ee17,xclick,/m/04ctx,1,0.1225,0.895625,0.344665,0.599622,0,0,0,0,0,0.588125,0.1225,0.51,0.895625,0.344665,0.514636,0.599622,0.470255
95cc79610c2f5f3c,xclick,/m/04ctx,1,0.161778,0.996444,0.011333,0.759333,1,0,0,0,0,0.850667,0.161778,0.259556,0.996444,0.011333,0.740667,0.759333,0.074667
95cd5ed9e24c0bb0,xclick,/m/04ctx,1,0.320261,0.715686,0.034314,0.906863,0,0,0,1,0,0.586601,0.320261,0.357843,0.715686,0.906863,0.138889,0.034314,0.836601
95cd5ed9e24c0bb0,xclick,/m/058qzx,1,0.331699,0.715686,0.03268,0.897059,0,0,0,1,0,0.351307,0.331699,0.552288,0.715686,0.03268,0.158497,0.888889,0.897059
966bf78ef09ad18b,xclick,/m/04ctx,1,0.040625,0.98375,0.424015,0.644465,0,0,0,0,0,0.040625,0.94375,0.98375,0.735,0.490619,0.644465,0.522514,0.424015
96976084823bd29f,xclick,/m/04ctx,1,0.615,0.849375,0.251407,0.385553,1,0,0,0,0,0.798125,0.849375,0.67625,0.615,0.251407,0.28424,0.385553,0.34334
96a21997c03df770,xclick,/m/04ctx,1,0.075658,0.913158,0.244079,0.616447,0,0,0,0,0,0.075658,0.473026,0.913158,0.679605,0.452632,0.616447,0.415132,0.244079
9740d70bce6fa670,xclick,/m/04ctx,1,0.404516,0.493885,0.39125,0.71125,0,0,0,0,0,0.404516,0.434619,0.493885,0.465663,0.685625,0.71125,0.41875,0.39125
975c3d149cdfde88,xclick,/m/04ctx,1,0.0,0.98,0.031015,0.99906,0,1,0,0,0,0.0,0.158125,0.97375,0.98,0.776316,0.99906,0.031015,0.038534
977d3103132af47f,xclick,/m/04ctx,1,0.110352,0.875,0.281414,0.420157,0,0,0,0,0,0.110352,0.599609,0.875,0.826172,0.325916,0.420157,0.33377,0.281414
97d847c51d692d86,xclick,/m/04ctx,1,0.343125,0.75,0.513333,0.850833,1,0,0,0,1,0.365,0.75,0.70375,0.343125,0.513333,0.810833,0.850833,0.5475
97eb8a86a2a442eb,xclick,/m/04ctx,1,0.016886,0.274859,0.0,0.80625,1,1,0,0,0,0.062852,0.016886,0.258912,0.274859,0.0,0.109375,0.80625,0.5275
97efc9772417aaef,xclick,/m/04ctx,1,0.025625,0.9825,0.015,0.954167,0,0,0,0,0,0.025625,0.114375,0.9825,0.904375,0.944167,0.954167,0.146667,0.015
9842b0598fc2acde,xclick,/m/04ctx,1,0.189167,0.999167,0.53375,0.88,0,1,0,0,0,0.998333,0.189167,0.239167,0.999167,0.53375,0.834375,0.88,0.546875
9842b0598fc2acde,xclick,/m/058qzx,1,0.184167,0.999167,0.5375,0.879375,0,1,0,0,0,0.9975,0.999167,0.223333,0.184167,0.539375,0.5375,0.879375,0.851875
9880e26b602ba98e,xclick,/m/04ctx,1,0.268456,0.550336,0.026144,0.242556,1,0,0,1,0,0.519016,0.550336,0.291946,0.268456,0.242556,0.212055,0.026144,0.037037
99201f85c6df019d,xclick,/m/04ctx,1,0.02625,0.985,0.029135,0.974624,0,0,0,0,0,0.02625,0.0525,0.980625,0.985,0.846805,0.974624,0.029135,0.043233
99a61677713dc0ac,xclick,/m/04ctx,1,0.005,0.999375,0.060459,0.943168,0,1,0,0,0,0.999375,0.005,0.045625,0.999375,0.060459,0.76179,0.943168,0.082225
99a61677713dc0ac,xclick,/m/058qzx,1,0.0,0.999375,0.050786,0.94075,0,0,0,0,0,0.0575,0.0,0.999375,0.999375,0.94075,0.807739,0.050786,0.050786
9b8249ad59cd6ab4,xclick,/m/04ctx,1,0.199219,0.713867,0.179688,0.816406,0,0,0,0,0,0.342773,0.713867,0.331055,0.199219,0.179688,0.492188,0.816406,0.773438
9c857c924da61a51,xclick,/m/04ctx,1,0.595,0.855,0.134167,0.936667,0,0,0,0,0,0.595,0.77875,0.850625,0.855,0.134167,0.936667,0.914167,0.914167
a2127cdb37611a47,xclick,/m/04ctx,1,0.028125,0.195312,0.257812,0.740625,0,0,0,0,0,0.195312,0.028125,0.148438,0.064062,0.257812,0.709375,0.50625,0.740625
a2127cdb37611a47,xclick,/m/058qzx,1,0.017188,0.198437,0.251563,0.739062,0,0,0,0,0,0.064062,0.198437,0.198437,0.017188,0.739062,0.251563,0.251563,0.721875
a22c5876543a26d0,xclick,/m/04ctx,1,0.577344,0.723437,0.301042,0.998958,1,0,0,0,0,0.6375,0.577344,0.715625,0.723437,0.301042,0.784375,0.771875,0.998958
a22c5876543a26d0,xclick,/m/04ctx,1,0.614062,0.815625,0.138542,0.815625,1,0,0,0,0,0.614062,0.682813,0.805469,0.815625,0.138542,0.565625,0.513542,0.815625
a22c5876543a26d0,xclick,/m/04ctx,1,0.696094,0.921094,0.128125,0.716667,1,0,0,0,0,0.728906,0.696094,0.889062,0.921094,0.128125,0.201042,0.457292,0.716667
a22c5876543a26d0,xclick,/m/04ctx,1,0.854688,0.999219,0.096875,0.620833,1,1,0,0,0,0.854688,0.885156,0.996875,0.999219,0.096875,0.320833,0.386458,0.620833
a293b53b6823e9d2,xclick,/m/04ctx,1,0.574109,0.676048,0.249218,0.768509,0,0,0,1,0,0.658537,0.574109,0.580363,0.676048,0.259645,0.511992,0.768509,0.249218
a293b53b6823e9d2,xclick,/m/04ctx,1,0.677298,0.756723,0.232534,0.77268,0,0,0,1,0,0.71232,0.677298,0.717323,0.756723,0.232534,0.514077,0.77268,0.516163
a293b53b6823e9d2,xclick,/m/04ctx,1,0.747967,0.884928,0.251303,0.738269,0,0,0,1,0,0.747967,0.856785,0.791745,0.884928,0.251303,0.493222,0.552659,0.738269
a2c0b6aa102d4dc8,xclick,/m/04ctx,1,0.111328,0.999023,0.090776,0.581259,0,1,0,0,0,0.111328,0.929688,0.999023,0.124023,0.095168,0.581259,0.450952,0.090776
a2c0b6aa102d4dc8,xclick,/m/058qzx,1,0.115234,0.999023,0.087848,0.587116,0,0,0,0,0,0.121094,0.115234,0.999023,0.904297,0.087848,0.101025,0.474378,0.587116
a49aeebe055c31fc,xclick,/m/04ctx,1,0.0,0.999319,0.131961,0.733656,0,1,0,0,0,0.625341,0.0,0.617847,0.999319,0.131961,0.567797,0.733656,0.211864
a4fa7af8ea03e477,xclick,/m/04ctx,1,0.128906,0.874023,0.071615,0.877604,0,0,0,0,0,0.672852,0.128906,0.344727,0.874023,0.071615,0.778646,0.877604,0.738281
a54b44ef14b7f4bf,xclick,/m/04ctx,1,0.0425,0.956875,0.111667,0.891667,0,0,0,0,0,0.884375,0.0425,0.221875,0.956875,0.111667,0.891667,0.873333,0.221667
a7af4601c563d1b4,xclick,/m/04ctx,1,0.065625,0.980469,0.123611,0.886111,0,0,0,0,0,0.065625,0.071094,0.980469,0.960938,0.134722,0.123611,0.798611,0.886111
a7de3ec4ddd93f26,xclick,/m/04ctx,1,0.0,0.9825,0.0,0.964353,0,1,0,0,0,0.078125,0.0,0.9825,0.916875,0.0,0.074109,0.953096,0.964353
a7de3ec4ddd93f26,xclick,/m/058qzx,1,0.01875,0.975625,0.0,0.959662,0,0,0,0,0,0.081875,0.01875,0.975625,0.973125,0.0,0.119137,0.945591,0.959662
a8a1b3468f17b5d4,xclick,/m/04ctx,1,0.0,0.43875,0.005,0.165,0,1,0,0,0,0.0,0.43875,0.000625,0.218125,0.005,0.113333,0.165,0.153333
a8aa44dc4044f25c,xclick,/m/04ctx,1,0.008333,0.899167,0.486025,0.759317,0,0,0,0,0,0.008333,0.558333,0.899167,0.88,0.590062,0.486025,0.694099,0.759317
a8d7ee02ce2b8dc3,xclick,/m/04ctx,1,0.0,0.999375,0.0,0.999059,0,1,1,0,0,0.394375,0.0,0.999375,0.73,0.0,0.613358,0.902164,0.999059
a91d6918906f9683,xclick,/m/04ctx,1,0.113806,0.925373,0.227528,0.75,0,0,0,0,0,0.113806,0.124067,0.864739,0.925373,0.242978,0.227528,0.75,0.669944
a91d6918906f9683,xclick,/m/058qzx,1,0.112873,0.926306,0.224719,0.741573,0,0,0,0,0,0.122201,0.112873,0.926306,0.856343,0.224719,0.233146,0.689607,0.741573
a96e5c1a473ca702,xclick,/m/04ctx,1,0.096875,0.425,0.38743,0.999062,0,1,0,0,0,0.15125,0.096875,0.293125,0.425,0.38743,0.403377,0.999062,0.99531
a96e5c1a473ca702,xclick,/m/04ctx,1,0.26125,0.589375,0.361163,0.999062,1,1,0,0,0,0.291875,0.26125,0.504375,0.589375,0.361163,0.394934,0.61257,0.999062
a96e5c1a473ca702,xclick,/m/04ctx,1,0.380625,0.801875,0.304878,0.999062,0,1,0,0,0,0.404375,0.801875,0.68125,0.380625,0.304878,0.993433,0.999062,0.348968
a96e5c1a473ca702,xclick,/m/04ctx,1,0.51375,0.605625,0.257036,0.478424,0,0,0,0,0,0.51375,0.515,0.605625,0.589375,0.257036,0.322702,0.399625,0.478424
a96e5c1a473ca702,xclick,/m/04ctx,1,0.555625,0.73125,0.277674,0.548781,0,0,0,0,0,0.555625,0.73125,0.6775,0.5725,0.277674,0.393058,0.548781,0.330206
a96e5c1a473ca702,xclick,/m/04ctx,1,0.658125,0.999375,0.209193,0.645403,0,1,0,0,0,0.6675,0.999375,0.9925,0.658125,0.209193,0.487805,0.645403,0.247655
a96e5c1a473ca702,xclick,/m/04ctx,1,0.72,0.999375,0.56848,0.99531,0,1,0,0,0,0.72,0.999375,0.87625,0.7375,0.56848,0.993433,0.99531,0.680113
a96e5c1a473ca702,xclick,/m/04ctx,1,0.73,0.98875,0.152908,0.22045,1,1,0,0,0,0.73,0.92,0.98875,0.968125,0.22045,0.180113,0.152908,0.207317
a96e5c1a473ca702,xclick,/m/04ctx,1,0.889375,0.999375,0.296435,0.456848,0,1,0,0,0,0.89875,0.889375,0.999375,0.999375,0.296435,0.332083,0.456848,0.434334
aad3e7a6702ccaf0,xclick,/m/04ctx,1,0.08,0.904167,0.235556,0.893333,0,0,0,0,0,0.085833,0.08,0.821667,0.904167,0.235556,0.247778,0.893333,0.805556
ab1a5be3a5bdccca,xclick,/m/04ctx,1,0.083008,0.885742,0.247396,0.867188,0,0,0,0,0,0.083008,0.885742,0.817383,0.380859,0.247396,0.674479,0.867188,0.492188
ab7fc33180c50ceb,xclick,/m/04ctx,1,0.053711,0.942383,0.127604,0.949219,0,0,0,0,0,0.927734,0.942383,0.05957,0.053711,0.949219,0.9375,0.127604,0.141927
ac8609a23d72d0c8,xclick,/m/04ctx,1,0.1475,0.804375,0.395872,0.857411,0,0,0,0,0,0.1475,0.19375,0.804375,0.468125,0.760788,0.857411,0.795497,0.395872
acb4e65d8ce607e2,xclick,/m/04ctx,1,0.048437,0.375,0.109375,0.489062,0,0,0,0,0,0.375,0.1125,0.048437,0.3375,0.109375,0.271875,0.489062,0.210938
acc33a3b02d5f5b9,xclick,/m/04ctx,1,0.084167,0.895833,0.04125,0.969375,0,0,0,0,0,0.191667,0.895833,0.2375,0.084167,0.04125,0.969375,0.429375,0.105
ace24c66360346e7,xclick,/m/04ctx,1,0.128125,0.8875,0.533333,0.770833,0,0,0,0,0,0.778125,0.128125,0.8875,0.84375,0.533333,0.65,0.722917,0.770833
ace24c66360346e7,xclick,/m/04ctx,1,0.171875,0.907812,0.14375,0.204167,0,0,0,0,0,0.171875,0.746875,0.907812,0.648438,0.175,0.14375,0.175,0.204167
ace24c66360346e7,xclick,/m/04ctx,1,0.189063,0.914062,0.204167,0.2625,0,0,0,0,0,0.189063,0.70625,0.914062,0.610938,0.225,0.204167,0.2375,0.2625
ace24c66360346e7,xclick,/m/04ctx,1,0.267188,0.9125,0.270833,0.3125,0,0,0,0,0,0.267188,0.759375,0.9125,0.557813,0.2875,0.270833,0.30625,0.3125
ace24c66360346e7,xclick,/m/04ctx,1,0.507812,0.917188,0.33125,0.377083,0,0,0,0,0,0.507812,0.773438,0.917188,0.75,0.34375,0.33125,0.3625,0.377083
ace24c66360346e7,xclick,/m/04ctx,1,0.5125,0.928125,0.389583,0.439583,0,0,0,0,0,0.5125,0.76875,0.928125,0.635938,0.40625,0.389583,0.414583,0.439583
ad03e71deb62c764,xclick,/m/04ctx,1,0.338125,0.916875,0.378,0.835,1,0,0,0,0,0.916875,0.403125,0.338125,0.916875,0.403,0.835,0.729,0.378
ad4902e89a8909a5,xclick,/m/04ctx,1,0.138125,0.87875,0.301126,0.714822,1,0,0,0,0,0.83875,0.138125,0.87875,0.625,0.301126,0.714822,0.332083,0.574109
ad4902e89a8909a5,xclick,/m/058qzx,1,0.143125,0.873125,0.30394,0.714822,0,0,0,0,0,0.851875,0.873125,0.143125,0.146875,0.30394,0.320826,0.712946,0.714822
ad734e8fb46c23a1,xclick,/m/04ctx,1,0.040039,0.902344,0.350954,0.629956,0,0,0,0,0,0.040039,0.196289,0.902344,0.868164,0.387665,0.350954,0.531571,0.629956
af2f38aec3379881,xclick,/m/04ctx,1,0.0,0.999215,0.033333,0.888172,0,1,0,0,0,0.00157,0.999215,0.999215,0.0,0.888172,0.033333,0.43871,0.345161
af800dc93b3e4002,xclick,/m/04ctx,1,0.017796,0.98768,0.067298,0.962145,0,0,0,0,0,0.017796,0.023956,0.932238,0.98768,0.074658,0.067298,0.962145,0.86225
b1f8861c94a00d8c,xclick,/m/04ctx,1,0.0,0.303333,0.355625,0.94375,1,1,0,0,0,0.285,0.0,0.0,0.303333,0.355625,0.68875,0.94375,0.396875
b2424ed450697348,xclick,/m/04ctx,1,0.048437,0.96875,0.029167,0.93125,0,0,0,0,0,0.921875,0.048437,0.96875,0.957812,0.029167,0.93125,0.077083,0.145833
b2424ed450697348,xclick,/m/058qzx,1,0.045313,0.9625,0.03125,0.925,0,0,0,0,0,0.045313,0.048438,0.925,0.9625,0.925,0.925,0.03125,0.070833
b256aa0fb709534a,xclick,/m/04ctx,1,0.065625,0.954687,0.1375,0.989062,0,0,0,1,0,0.065625,0.06875,0.954687,0.909375,0.18125,0.1375,0.9,0.989062
b2b61e4c0b783107,xclick,/m/04ctx,1,0.475833,0.989167,0.7525,0.86125,0,0,0,0,0,0.475833,0.949167,0.989167,0.745,0.7525,0.86125,0.7975,0.765
b32b30eab0a6a322,xclick,/m/04ctx,1,0.105625,0.916875,0.11898,0.918791,0,0,0,0,0,0.105625,0.148125,0.916875,0.909375,0.786591,0.918791,0.123702,0.11898
b47b84e1c047620d,xclick,/m/04ctx,1,0.0,0.75,0.174167,0.626667,1,1,0,0,0,0.0,0.5625,0.75,0.74375,0.174167,0.583333,0.626667,0.4525
b4e9c596e2938be7,xclick,/m/04ctx,1,0.0025,0.999375,0.565,0.778333,0,1,0,0,0,0.08125,0.0025,0.999375,0.47625,0.565,0.683333,0.725,0.778333
b555e6278dceee04,xclick,/m/04ctx,1,0.298851,0.760057,0.02625,0.95875,0,0,0,0,0,0.322557,0.298851,0.760057,0.715517,0.02625,0.233125,0.8925,0.95875
b60cfdbfcdae12e7,xclick,/m/04ctx,1,0.01375,0.9775,0.3375,0.545,0,0,0,0,0,0.930625,0.9775,0.254375,0.01375,0.545,0.425833,0.3375,0.395833
b60cfdbfcdae12e7,xclick,/m/04ctx,1,0.181875,0.838125,0.6025,0.7475,0,0,0,0,0,0.181875,0.838125,0.52,0.528125,0.6375,0.7125,0.7475,0.6025
b60cfdbfcdae12e7,xclick,/m/058qzx,1,0.0075,0.98125,0.340833,0.545833,0,0,0,0,0,0.225625,0.0075,0.9325,0.98125,0.340833,0.389167,0.545833,0.42
b60cfdbfcdae12e7,xclick,/m/058qzx,1,0.176875,0.836875,0.604167,0.760833,0,0,0,0,0,0.52,0.176875,0.798125,0.836875,0.604167,0.6375,0.760833,0.710833
b69b6bbee056805b,xclick,/m/04ctx,1,0.0,0.978125,0.0,0.93,0,1,0,0,0,0.003125,0.0,0.87125,0.978125,0.0,0.243333,0.93,0.895
b6be6ceeb3fc8e8e,xclick,/m/04ctx,1,0.316993,0.849673,0.160131,0.612745,0,0,0,0,0,0.849673,0.45098,0.316993,0.359477,0.160131,0.449346,0.596405,0.612745
b6e2ff26a4f26301,xclick,/m/04ctx,1,0.088125,0.58375,0.338002,0.67507,0,0,0,0,0,0.58375,0.088125,0.148125,0.57375,0.338002,0.614379,0.67507,0.384687
b6e2ff26a4f26301,xclick,/m/04ctx,1,0.41875,0.900625,0.31746,0.69281,0,0,0,0,0,0.900625,0.41875,0.48125,0.896875,0.31746,0.623716,0.69281,0.346405
b6e2ff26a4f26301,xclick,/m/058qzx,1,0.086875,0.58125,0.333333,0.685341,0,0,0,0,0,0.58125,0.58125,0.086875,0.131875,0.333333,0.333333,0.612512,0.685341
b6e2ff26a4f26301,xclick,/m/058qzx,1,0.41625,0.900625,0.313726,0.699346,0,0,0,0,0,0.900625,0.900625,0.4775,0.41625,0.313726,0.313726,0.699346,0.633987
b7364f2be6a7f65e,xclick,/m/04ctx,1,0.0,0.97375,0.314259,0.80863,0,1,0,0,0,0.0,0.1225,0.97375,0.785625,0.432458,0.314259,0.56379,0.80863
b756feb79b5240a5,xclick,/m/04ctx,1,0.058594,0.947266,0.196615,0.884115,0,0,0,0,0,0.058594,0.066406,0.947266,0.875,0.197917,0.196615,0.747396,0.884115
b7a8c9772605dba4,xclick,/m/04ctx,1,0.112305,0.925781,0.080729,0.949219,0,0,0,0,0,0.112305,0.112305,0.848633,0.925781,0.111979,0.080729,0.949219,0.80599
b7e64a96add4ae66,xclick,/m/04ctx,1,0.075625,0.98,0.695489,0.891917,0,0,0,0,0,0.075625,0.42875,0.98,0.346875,0.805451,0.695489,0.782895,0.891917
b86db6dd60e83373,xclick,/m/04ctx,1,0.578125,0.940625,0.778169,0.998826,0,1,0,0,0,0.89375,0.578125,0.657031,0.940625,0.778169,0.992958,0.998826,0.829812
b86db6dd60e83373,xclick,/m/058qzx,1,0.100781,0.303125,0.348592,0.5,1,0,0,0,0,0.125781,0.100781,0.289062,0.303125,0.348592,0.36385,0.5,0.476526
b86db6dd60e83373,xclick,/m/058qzx,1,0.578906,0.939062,0.773474,0.998826,0,1,0,0,0,0.905469,0.939062,0.638281,0.578906,0.773474,0.809859,0.998826,0.997653
b9a76baef5ccb666,xclick,/m/04ctx,1,0.07125,0.896875,0.344925,0.768797,0,0,0,0,0,0.07125,0.68125,0.896875,0.500625,0.344925,0.471805,0.768797,0.568609
bb2e3146aa1cbf1a,xclick,/m/04ctx,1,0.073125,0.999375,0.273921,0.705441,0,1,0,0,0,0.415,0.073125,0.999375,0.996875,0.273921,0.37242,0.577861,0.705441
bb2e35c9309dca5d,xclick,/m/04ctx,1,0.078125,0.905,0.705833,0.931667,0,0,0,0,0,0.078125,0.905,0.85875,0.806875,0.768333,0.775,0.931667,0.705833
bb2e35c9309dca5d,xclick,/m/04ctx,1,0.0875,0.920625,0.416667,0.616667,0,0,0,0,0,0.0875,0.920625,0.87125,0.844375,0.463333,0.535833,0.616667,0.416667
bb2e35c9309dca5d,xclick,/m/04ctx,1,0.09625,0.92125,0.0775,0.305833,0,0,0,0,0,0.85875,0.92125,0.5275,0.09625,0.305833,0.2125,0.0775,0.145
bb3de579f80cf31a,activemil,/m/04ctx,1,0.114169,0.698267,0.41125,0.665,-1,-1,-1,-1,-1,-1.0,-1.0,-1.0,-1.0,-1.0,-1.0,-1.0,-1.0
bb3de579f80cf31a,xclick,/m/058qzx,1,0.085627,0.670744,0.414375,0.65,0,0,0,1,0,0.133537,0.085627,0.670744,0.646279,0.41625,0.414375,0.619375,0.65
bb3de579f80cf31a,xclick,/m/058qzx,1,0.41998,0.966361,0.428125,0.64875,1,0,0,1,0,0.930683,0.966361,0.437309,0.41998,0.428125,0.435,0.64875,0.6175
bc078620c382e73c,xclick,/m/04ctx,1,0.641679,0.998501,0.043,0.256,0,0,0,0,0,0.728636,0.641679,0.944528,0.998501,0.043,0.064,0.256,0.204
bcae83dd08520316,xclick,/m/04ctx,1,0.080625,0.896875,0.245779,0.920263,0,0,0,0,0,0.535625,0.080625,0.72,0.896875,0.245779,0.651032,0.920263,0.639775
bdb5295eb22432df,xclick,/m/04ctx,1,0.189375,0.999375,0.208217,0.658263,0,1,0,0,0,0.8275,0.189375,0.999375,0.996875,0.208217,0.49113,0.658263,0.255836
be63a5093c22de90,xclick,/m/04ctx,1,0.0,0.451875,0.561667,0.926667,1,1,0,0,0,0.423125,0.0,0.0,0.451875,0.561667,0.810833,0.926667,0.628333
be761ed80b91a22a,xclick,/m/04ctx,1,0.11,0.225,0.162222,0.998889,0,1,0,0,0,0.205,0.11,0.15125,0.225,0.162222,0.998889,0.998889,0.416667
be761ed80b91a22a,xclick,/m/058qzx,1,0.11125,0.21625,0.171111,0.998889,0,1,0,0,0,0.20625,0.11125,0.155,0.21625,0.171111,0.998889,0.998889,0.26
bfcb52376d61a38d,xclick,/m/04ctx,1,0.214583,0.973958,0.659375,0.829687,1,0,0,0,0,0.970833,0.214583,0.852083,0.973958,0.696875,0.829687,0.659375,0.715625
bfcb52376d61a38d,xclick,/m/058qzx,1,0.226042,0.973958,0.669531,0.842969,1,0,0,0,0,0.226042,0.973958,0.902083,0.23125,0.829688,0.692187,0.669531,0.842969
bfe51e1acb3b6a81,xclick,/m/04ctx,1,0.124822,0.902282,0.159162,0.79267,0,0,0,0,0,0.124822,0.133381,0.902282,0.822397,0.787435,0.79267,0.277487,0.159162
bff893cef33e978a,xclick,/m/04ctx,1,0.05125,0.95,0.055347,0.948405,0,0,0,0,0,0.05125,0.166875,0.95,0.90375,0.921201,0.948405,0.15197,0.055347
bff893cef33e978a,xclick,/m/058qzx,1,0.048125,0.951875,0.053471,0.952158,0,0,0,0,0,0.913125,0.951875,0.154375,0.048125,0.053471,0.153846,0.952158,0.923077
c13a4fed03a4cea2,xclick,/m/04ctx,1,0.055,0.999375,0.004167,0.28,0,1,0,0,0,0.055,0.99625,0.999375,0.659375,0.0925,0.28,0.215833,0.004167
c13a4fed03a4cea2,xclick,/m/058qzx,1,0.056875,0.999375,0.0,0.289167,0,1,0,0,0,0.4425,0.056875,0.999375,0.999375,0.0,0.105833,0.1975,0.289167
c19a1ed2fa6d6c36,xclick,/m/04ctx,1,0.002,0.639,0.064,0.666667,0,1,0,0,0,0.581,0.007,0.002,0.639,0.064,0.666667,0.550667,0.197333
c28353e1da52676d,xclick,/m/04ctx,1,0.2125,0.742188,0.129688,0.171875,0,0,0,0,0,0.215625,0.742188,0.717187,0.2125,0.132812,0.1625,0.129688,0.171875
c28353e1da52676d,xclick,/m/058qzx,1,0.204688,0.746875,0.129688,0.182812,0,0,0,0,0,0.503125,0.204688,0.509375,0.746875,0.129688,0.15,0.182812,0.160938
c3de7b04f3251bdc,xclick,/m/04ctx,1,0.06543,0.93457,0.160156,0.916667,0,0,0,0,0,0.06543,0.072266,0.864258,0.93457,0.169271,0.160156,0.916667,0.768229
c460563c7cc35acd,xclick,/m/04ctx,1,0.065359,0.998366,0.54902,0.880719,0,1,0,0,0,0.995098,0.065359,0.998366,0.426471,0.54902,0.880719,0.740196,0.875817
c4b1c380e0b1df74,xclick,/m/04ctx,1,0.841875,0.935625,0.435833,0.999167,0,1,0,0,0,0.860625,0.841875,0.9225,0.935625,0.435833,0.989167,0.999167,0.999167
c5c67e4c2eda4372,activemil,/m/04ctx,1,0.130112,0.739777,0.0275,0.9325,0,0,0,0,0,-1.0,-1.0,-1.0,-1.0,-1.0,-1.0,-1.0,-1.0
c5d3ce68064235c0,xclick,/m/04ctx,1,0.789062,0.901367,0.30365,0.854015,0,0,0,0,0,0.802734,0.789062,0.866211,0.901367,0.30365,0.369343,0.854015,0.767883
c5d3ce68064235c0,xclick,/m/058qzx,1,0.786133,0.90332,0.30365,0.846715,0,0,0,0,0,0.803711,0.856445,0.90332,0.786133,0.30365,0.846715,0.762044,0.357664
c703fcf3d74d676e,activemil,/m/04ctx,1,0.0,0.999375,0.324421,0.808378,0,0,0,0,0,-1.0,-1.0,-1.0,-1.0,-1.0,-1.0,-1.0,-1.0
c70467d923c7328f,activemil,/m/04ctx,1,0.035,0.994,0.329333,0.568,0,0,0,0,0,-1.0,-1.0,-1.0,-1.0,-1.0,-1.0,-1.0,-1.0
c709dcb4ec7bdcec,xclick,/m/04ctx,1,0.075625,0.22,0.108818,0.652908,0,0,0,0,0,0.215,0.075625,0.11625,0.22,0.114447,0.621951,0.652908,0.108818
c709dcb4ec7bdcec,xclick,/m/058qzx,1,0.081875,0.21625,0.10788,0.65197,0,0,0,0,0,0.21,0.104375,0.081875,0.21625,0.10788,0.65197,0.622889,0.111632
c7a50982dae49763,xclick,/m/04ctx,1,0.033203,0.915039,0.548157,0.664685,0,0,0,0,0,0.382812,0.033203,0.915039,0.350586,0.548157,0.595719,0.596908,0.664685
c7a50982dae49763,xclick,/m/04ctx,1,0.339844,0.856445,0.305589,0.39239,0,0,0,0,0,0.339844,0.580078,0.856445,0.577148,0.332937,0.305589,0.359096,0.39239
c7cc6ac3537328d4,xclick,/m/04ctx,1,0.810625,0.968125,0.180833,0.855833,1,0,0,0,0,0.880625,0.810625,0.840625,0.968125,0.180833,0.715,0.855833,0.251667
c92b9fd1a8766238,xclick,/m/04ctx,1,0.151562,0.56875,0.035937,0.907812,0,0,0,0,0,0.545312,0.151562,0.171875,0.56875,0.035937,0.629687,0.907812,0.059375
c9bf287415624b87,xclick,/m/04ctx,1,0.521667,0.87,0.048125,0.99125,0,0,0,0,0,0.549167,0.521667,0.87,0.72,0.048125,0.10625,0.945,0.99125
c9c5b374a0c3eb20,xclick,/m/04ctx,1,0.102996,0.722846,0.73,0.9975,1,1,0,0,0,0.705993,0.722846,0.110487,0.102996,0.73,0.74375,0.9975,0.98125
c9c5b374a0c3eb20,xclick,/m/058qzx,1,0.095506,0.730337,0.7325,0.99625,1,1,0,0,0,0.71161,0.095506,0.095506,0.730337,0.7325,0.97,0.99625,0.75125
c9d4bcbbe27c397c,xclick,/m/04ctx,1,0.029375,0.999375,0.0,0.975564,0,1,0,0,0,0.908125,0.029375,0.189375,0.999375,0.0,0.930451,0.975564,0.229323
c9d4bcbbe27c397c,xclick,/m/058qzx,1,0.025625,0.999375,0.0,0.977444,0,1,0,0,0,0.906875,0.025625,0.195625,0.999375,0.0,0.930451,0.977444,0.206767
ca3180212ef75217,xclick,/m/04ctx,1,0.041667,0.346667,0.083039,0.477032,0,0,0,0,0,0.285,0.041667,0.045,0.346667,0.083039,0.422261,0.477032,0.134276
ca3180212ef75217,xclick,/m/04ctx,1,0.096667,0.415,0.227915,0.685512,0,0,0,0,0,0.355,0.096667,0.186667,0.415,0.227915,0.551237,0.685512,0.270318
ca3180212ef75217,xclick,/m/04ctx,1,0.393333,0.965,0.365724,0.966431,0,0,0,0,0,0.88,0.393333,0.473333,0.965,0.365724,0.959364,0.966431,0.425795
ca3180212ef75217,xclick,/m/04ctx,1,0.656667,0.935,0.586572,0.927562,0,0,0,0,0,0.92,0.661667,0.935,0.656667,0.586572,0.927562,0.621908,0.927562
ca7d7826cb54ad80,xclick,/m/04ctx,1,0.066406,0.921875,0.152344,0.950521,0,0,0,0,0,0.069336,0.066406,0.921875,0.824219,0.174479,0.152344,0.847656,0.950521
cb85906d07924169,xclick,/m/04ctx,1,0.025641,0.999375,0.113577,0.720627,0,0,0,0,0,0.025641,0.764853,0.999375,0.540338,0.263708,0.113577,0.720627,0.402089
cb85906d07924169,xclick,/m/04ctx,1,0.133208,0.532833,0.383812,0.608355,0,0,0,0,0,0.133208,0.409631,0.532833,0.358349,0.5953,0.383812,0.490862,0.608355
cb85906d07924169,xclick,/m/04ctx,1,0.186992,0.919325,0.464752,0.822454,0,0,0,0,0,0.186992,0.919325,0.814884,0.381488,0.669713,0.624021,0.464752,0.822454
cc4803b15e03dbd1,xclick,/m/04ctx,1,0.463549,0.998625,0.416875,0.77875,1,0,0,0,0,0.463549,0.6011,0.998625,0.98762,0.421875,0.416875,0.770625,0.77875
ccbbc005874eb77b,xclick,/m/04ctx,1,0.254375,0.643125,0.125833,0.795833,1,0,0,0,0,0.395,0.254375,0.58625,0.643125,0.125833,0.2325,0.795833,0.7125
ccc524fc3e3648d0,xclick,/m/04ctx,1,0.503125,0.653125,0.714063,0.890625,0,0,0,0,0,0.510938,0.503125,0.617188,0.653125,0.714063,0.71875,0.890625,0.846875
cd2ef2f68d5d3baf,xclick,/m/04ctx,1,0.152344,0.90332,0.104167,0.885417,0,0,0,0,0,0.584961,0.152344,0.352539,0.90332,0.104167,0.75,0.885417,0.692708
cd6baa275a2c4445,xclick,/m/04ctx,1,0.413125,0.658125,0.609167,0.841667,0,0,0,0,0,0.63625,0.413125,0.44375,0.658125,0.609167,0.815833,0.841667,0.6375
cdcc7aed731b1090,xclick,/m/04ctx,1,0.235,0.976875,0.179174,0.5,1,0,0,0,0,0.235,0.26875,0.976875,0.551875,0.441839,0.5,0.360225,0.179174
cf002833b030dac7,xclick,/m/04ctx,1,0.125977,0.879883,0.061198,0.864583,0,0,0,0,0,0.591797,0.125977,0.413086,0.879883,0.061198,0.735677,0.864583,0.716146
cf6cb4ccf3605bad,activemil,/m/04ctx,1,0.106875,0.69,0.28172,0.74086,0,0,0,0,0,-1.0,-1.0,-1.0,-1.0,-1.0,-1.0,-1.0,-1.0
d0647952f4f6e734,xclick,/m/04ctx,1,0.015,0.999375,0.0,0.953008,0,1,0,0,0,0.015,0.200625,0.999375,0.85875,0.927632,0.953008,0.18609,0.0
d0d9c9ff6448a32d,xclick,/m/04ctx,1,0.230833,0.776667,0.116667,0.946667,0,0,0,0,0,0.498333,0.776667,0.2975,0.230833,0.116667,0.565556,0.946667,0.827778
d1709c2ba39fb7f6,activemil,/m/04ctx,1,0.215,0.905625,0.1975,0.699167,1,0,0,0,0,-1.0,-1.0,-1.0,-1.0,-1.0,-1.0,-1.0,-1.0
d1709c2ba39fb7f6,xclick,/m/058qzx,1,0.14625,0.910625,0.18,0.648333,1,0,0,0,0,0.1725,0.14625,0.910625,0.89,0.18,0.1975,0.634167,0.648333
d1f476d6469533ed,xclick,/m/04ctx,1,0.0,0.6625,0.335,0.995,1,1,0,0,0,0.65875,0.0,0.19375,0.6625,0.335,0.84,0.995,0.37
d1f476d6469533ed,xclick,/m/058qzx,1,0.0,0.6625,0.335,0.998333,1,1,0,0,0,0.65625,0.0,0.19125,0.6625,0.343333,0.998333,0.998333,0.335
d3b4cd9973db32e3,xclick,/m/04ctx,1,0.0575,0.9375,0.499167,0.685,0,0,0,0,0,0.0575,0.905,0.9375,0.59,0.604167,0.499167,0.566667,0.685
d3b4cd9973db32e3,xclick,/m/04ctx,1,0.06,0.9375,0.23,0.416667,0,0,0,0,0,0.06,0.8975,0.9375,0.2575,0.305833,0.416667,0.349167,0.23
d60ec7463bbef593,xclick,/m/04ctx,1,0.125625,0.91375,0.368333,0.569167,0,0,0,0,0,0.125625,0.1625,0.91375,0.386875,0.536667,0.569167,0.416667,0.368333
d60ec7463bbef593,xclick,/m/058qzx,1,0.12875,0.9125,0.370833,0.574167,0,0,0,0,0,0.381875,0.12875,0.9125,0.17125,0.370833,0.5275,0.4175,0.574167
d70ba060d87a2573,xclick,/m/04ctx,1,0.165,0.83,0.196667,0.9,0,0,0,0,0,0.83,0.235833,0.165,0.440833,0.217778,0.9,0.823333,0.196667
d7bcda73e6dba99f,xclick,/m/04ctx,1,0.116875,0.858125,0.63625,0.7775,0,0,0,0,0,0.116875,0.31125,0.858125,0.805,0.73,0.63625,0.728125,0.7775
d7ec0673d218e822,xclick,/m/04ctx,1,0.099167,0.945,0.034375,0.94375,1,0,0,0,0,0.099167,0.101667,0.945,0.876667,0.04125,0.034375,0.894375,0.94375
d8d713674373189b,xclick,/m/04ctx,1,0.3275,0.625,0.332083,0.668856,0,0,0,0,0,0.351875,0.3275,0.625,0.625,0.332083,0.389306,0.668856,0.668856
d8d713674373189b,xclick,/m/058qzx,1,0.325,0.625,0.324578,0.668856,0,0,0,0,0,0.346875,0.325,0.625,0.625,0.324578,0.385553,0.668856,0.668856
d931c39907c8b285,xclick,/m/04ctx,1,0.02625,0.978125,0.032895,0.969925,0,0,0,0,0,0.02625,0.1475,0.971875,0.978125,0.834586,0.969925,0.032895,0.036654
d9690cc590b34df3,xclick,/m/04ctx,1,0.473,0.569,0.796102,0.886057,1,0,0,0,0,0.491,0.473,0.569,0.569,0.796102,0.812594,0.886057,0.878561
d9690cc590b34df3,xclick,/m/04ctx,1,0.536,0.714,0.922039,0.953523,0,1,0,0,0,0.537,0.711,0.714,0.536,0.922039,0.935532,0.953523,0.943028
daca53fe7e602962,xclick,/m/04ctx,1,0.0475,0.860625,0.198308,0.99906,0,0,1,0,0,0.380625,0.860625,0.41875,0.0475,0.198308,0.513158,0.99906,0.680451
daca53fe7e602962,xclick,/m/04ctx,1,0.558125,0.948125,0.518797,0.99906,0,1,1,0,0,0.7375,0.93125,0.948125,0.558125,0.518797,0.576128,0.99906,0.996241
dc31eef22edb75ba,xclick,/m/04ctx,1,0.050781,0.980469,0.15625,0.891927,0,0,0,0,0,0.118164,0.688477,0.980469,0.050781,0.15625,0.234375,0.891927,0.309896
dd07aff75204cb15,xclick,/m/04ctx,1,0.410625,0.999375,0.019167,0.439167,1,1,0,0,0,0.416875,0.998125,0.999375,0.410625,0.019167,0.316667,0.439167,0.039167
dd701c45824bb172,xclick,/m/04ctx,1,0.016875,0.985,0.019737,0.985902,0,0,0,0,0,0.016875,0.095625,0.985,0.97875,0.918233,0.985902,0.032895,0.019737
dd7d7e2f32044bc7,xclick,/m/04ctx,1,0.082813,0.7,0.334375,0.682813,0,0,0,0,0,0.65,0.082813,0.7,0.204687,0.334375,0.682813,0.367188,0.646875
dd7d7e2f32044bc7,xclick,/m/04ctx,1,0.321875,0.835938,0.357812,0.76875,0,0,0,0,0,0.807813,0.321875,0.351562,0.835938,0.357812,0.76875,0.765625,0.401562
de585f3519d8be08,xclick,/m/04ctx,1,0.033125,0.998125,0.020638,0.999062,0,1,0,0,0,0.033125,0.998125,0.850625,0.0475,0.020638,0.749531,0.999062,0.149156
de585f3519d8be08,xclick,/m/058qzx,1,0.033125,0.999375,0.020638,0.999062,0,1,0,0,0,0.033125,0.033125,0.89125,0.999375,0.020638,0.020638,0.999062,0.776735
deab2a80fe0f9b23,xclick,/m/04ctx,1,0.0,0.999375,0.195833,0.835,0,1,0,0,0,0.0,0.999375,0.999375,0.0,0.195833,0.41,0.835,0.203333
e03c5e377489d728,xclick,/m/04ctx,1,0.055664,0.928711,0.095052,0.942708,0,0,0,0,0,0.055664,0.0625,0.814453,0.928711,0.105469,0.095052,0.942708,0.830729
e0b36781d43173ce,xclick,/m/04ctx,1,0.1995,0.773609,0.441315,0.859155,0,0,0,0,0,0.737961,0.773609,0.302064,0.1995,0.441315,0.539906,0.855399,0.859155
e44470d6939f0406,xclick,/m/04ctx,1,0.02625,0.979375,0.025376,0.976504,0,0,0,0,0,0.02625,0.118125,0.979375,0.9025,0.954887,0.976504,0.107143,0.025376
e46f203af82c8b5a,xclick,/m/04ctx,1,0.01875,0.835,0.136819,0.592881,0,0,0,0,0,0.01875,0.835,0.806875,0.15,0.501669,0.189099,0.136819,0.592881
e46f203af82c8b5a,xclick,/m/04ctx,1,0.09,0.94875,0.395996,0.971079,0,0,0,0,0,0.09,0.258125,0.94875,0.894375,0.880979,0.971079,0.450501,0.395996
e4a233a2062fe721,xclick,/m/04ctx,1,0.117261,0.714822,0.26875,0.46,0,0,0,0,0,0.683865,0.117261,0.709193,0.714822,0.26875,0.46,0.321875,0.321875
e4a233a2062fe721,xclick,/m/04ctx,1,0.139775,0.855535,0.495625,0.764375,0,0,0,0,0,0.821764,0.139775,0.281426,0.855535,0.495625,0.764375,0.751875,0.540625
e4a233a2062fe721,xclick,/m/04ctx,1,0.142589,0.757974,0.321875,0.531875,0,0,0,0,0,0.724203,0.142589,0.757974,0.757974,0.321875,0.531875,0.37625,0.37625
e4a233a2062fe721,xclick,/m/04ctx,1,0.142589,0.801126,0.410625,0.649375,0,0,0,0,0,0.775797,0.142589,0.283302,0.801126,0.410625,0.649375,0.643125,0.45125
e4a233a2062fe721,xclick,/m/058qzx,1,0.121951,0.716698,0.275625,0.461875,0,0,0,0,0,0.681051,0.121951,0.166041,0.716698,0.275625,0.458125,0.461875,0.31
e4a233a2062fe721,xclick,/m/058qzx,1,0.139775,0.809568,0.41375,0.644375,0,0,0,0,0,0.775797,0.139775,0.806754,0.809568,0.41375,0.644375,0.46375,0.465
e4a233a2062fe721,xclick,/m/058qzx,1,0.152908,0.863039,0.494375,0.765625,0,0,0,0,0,0.821764,0.152908,0.214822,0.863039,0.494375,0.764375,0.765625,0.536875
e4a233a2062fe721,xclick,/m/058qzx,1,0.155722,0.757974,0.325,0.540625,0,0,0,0,0,0.719512,0.155722,0.753283,0.757974,0.325,0.540625,0.37125,0.373125
e50251730fa1dc88,xclick,/m/04ctx,1,0.028125,0.98125,0.036654,0.970865,0,0,0,0,0,0.98125,0.028125,0.11,0.97375,0.036654,0.830827,0.970865,0.108083
e73e508203861012,xclick,/m/04ctx,1,0.0,0.988372,0.584691,0.990228,0,1,0,0,0,0.988372,0.006977,0.0,0.0,0.584691,0.874593,0.990228,0.990228
e73e508203861012,xclick,/m/04ctx,1,0.088372,0.888372,0.037459,0.433225,0,0,0,0,0,0.818605,0.088372,0.6,0.888372,0.037459,0.433225,0.265472,0.102606
e73e508203861012,xclick,/m/058qzx,1,0.090698,0.87907,0.040717,0.436482,0,0,0,0,0,0.816279,0.87907,0.872093,0.090698,0.040717,0.096091,0.063518,0.436482
e7c29713668bfbd7,xclick,/m/04ctx,1,0.000625,0.271875,0.0,0.3825,0,1,0,0,0,0.01125,0.271875,0.225625,0.000625,0.0,0.3825,0.375,0.0825
e7c29713668bfbd7,xclick,/m/058qzx,1,0.0,0.20875,0.388333,0.520833,0,1,0,0,0,0.0,0.20875,0.081875,0.0,0.388333,0.4775,0.520833,0.479167
e7c29713668bfbd7,xclick,/m/058qzx,1,0.0,0.261875,0.0,0.380833,0,1,0,0,0,0.006875,0.0,0.261875,0.261875,0.0,0.019167,0.380833,0.380833
e7c29713668bfbd7,xclick,/m/058qzx,1,0.505625,0.621875,0.000833,0.334167,0,1,0,0,0,0.59375,0.621875,0.505625,0.505625,0.000833,0.0025,0.334167,0.334167
e7c29713668bfbd7,xclick,/m/058qzx,1,0.78625,0.999375,0.348333,0.5375,0,1,0,0,0,0.998125,0.999375,0.78625,0.78625,0.348333,0.4,0.5375,0.5375
e899e9b8e7c2ced6,xclick,/m/04ctx,1,0.7425,0.965833,0.024375,0.60875,1,0,0,1,0,0.7425,0.765833,0.965833,0.875,0.024375,0.233125,0.531875,0.60875
e8a55049a27ab51a,xclick,/m/04ctx,1,0.890714,0.999286,0.371058,0.898887,0,1,0,0,0,0.890714,0.933571,0.999286,0.978571,0.371058,0.851577,0.853432,0.898887
e8d312530b1904a7,xclick,/m/04ctx,1,0.338125,0.640625,0.330206,0.79925,0,0,0,0,0,0.343125,0.640625,0.609375,0.338125,0.330206,0.745779,0.79925,0.37242
e8d312530b1904a7,xclick,/m/04ctx,1,0.399375,0.7275,0.275797,0.714822,0,0,0,0,0,0.415,0.57875,0.7275,0.399375,0.275797,0.427767,0.714822,0.286116
e8d312530b1904a7,xclick,/m/04ctx,1,0.494375,0.799375,0.195122,0.67636,0,0,0,0,0,0.494375,0.77375,0.799375,0.496875,0.202627,0.67636,0.614447,0.195122
e8d312530b1904a7,xclick,/m/04ctx,1,0.549375,0.865625,0.134146,0.591932,0,0,0,0,0,0.558125,0.865625,0.854375,0.549375,0.134146,0.478424,0.591932,0.143527
e8d312530b1904a7,xclick,/m/04ctx,1,0.635,0.965625,0.101313,0.499062,0,0,0,0,0,0.635,0.965625,0.948125,0.638125,0.103189,0.424015,0.499062,0.101313
e9411126e29178f8,xclick,/m/04ctx,1,0.679739,0.751634,0.447712,0.952614,0,0,0,0,0,0.736928,0.679739,0.70915,0.751634,0.447712,0.648693,0.952614,0.663399
e9411126e29178f8,xclick,/m/058qzx,1,0.676471,0.751634,0.447712,0.946078,0,0,0,0,0,0.736928,0.676471,0.707516,0.751634,0.447712,0.651961,0.946078,0.633987
e99949f5aba2357d,xclick,/m/04ctx,1,0.048828,0.936523,0.114583,0.951823,0,0,0,0,0,0.048828,0.063477,0.936523,0.875,0.126302,0.114583,0.81901,0.951823
e9f765cc1ca4d9d7,xclick,/m/04ctx,1,0.030625,0.999375,0.0,0.93797,0,1,0,0,0,0.030625,0.27,0.999375,0.880625,0.889098,0.93797,0.232143,0.0
ea90a29eb9a4b525,xclick,/m/04ctx,1,0.070625,0.41,0.325,0.514167,1,1,0,0,0,0.41,0.400625,0.070625,0.145625,0.455,0.514167,0.3825,0.325
ea90a29eb9a4b525,xclick,/m/058qzx,1,0.063125,0.415625,0.3275,0.513333,1,0,0,0,0,0.151875,0.405,0.415625,0.063125,0.3275,0.513333,0.459167,0.375833
eac3b7534d590a0d,xclick,/m/04ctx,1,0.0,0.8175,0.008443,0.685741,1,1,0,0,0,0.0,0.8175,0.7775,0.0,0.008443,0.680113,0.685741,0.183865
eac3b7534d590a0d,xclick,/m/058qzx,1,0.0,0.815625,0.001876,0.672608,1,1,0,0,0,0.815625,0.815625,0.00625,0.0,0.672608,0.672608,0.001876,0.163227
ecfccca39bd642b6,xclick,/m/04ctx,1,0.825,0.9875,0.059375,0.957812,0,0,0,0,0,0.839063,0.825,0.946875,0.9875,0.059375,0.809375,0.957812,0.49375
ed74fb8ea9abe739,xclick,/m/04ctx,1,0.488889,0.57037,0.127778,0.337037,0,1,0,0,0,0.488889,0.542593,0.57037,0.564815,0.127778,0.32963,0.337037,0.233333
ed74fb8ea9abe739,xclick,/m/04ctx,1,0.925926,0.999074,0.035185,0.251852,0,1,0,0,0,0.936111,0.925926,0.997222,0.999074,0.035185,0.064815,0.251852,0.196296
ee32b6dbc8e67f35,xclick,/m/04ctx,1,0.090625,0.598437,0.370313,0.50625,1,0,0,0,0,0.360938,0.090625,0.403125,0.598437,0.375,0.50625,0.490625,0.370313
ee32b6dbc8e67f35,xclick,/m/04ctx,1,0.2875,0.8875,0.434375,0.982813,1,0,0,0,0,0.8875,0.2875,0.75,0.314063,0.45,0.978125,0.434375,0.982813
eebe934fcfd189bd,xclick,/m/04ctx,1,0.332248,0.999186,0.2875,0.718125,0,1,0,0,0,0.999186,0.332248,0.356678,0.999186,0.2875,0.675,0.718125,0.425625
f0552c84c2a8ba40,xclick,/m/04ctx,1,0.029375,0.97875,0.027256,0.967105,0,0,0,0,0,0.909375,0.029375,0.10375,0.97875,0.027256,0.946429,0.967105,0.121241
f0db2f4dc4d88cf4,xclick,/m/04ctx,1,0.035625,0.974375,0.032895,0.962406,0,0,0,0,0,0.035625,0.116875,0.974375,0.970625,0.797932,0.962406,0.032895,0.040414
f22d98d71fa4ee4a,xclick,/m/04ctx,1,0.125977,0.876953,0.072917,0.852865,0,0,0,0,0,0.504883,0.876953,0.358398,0.125977,0.072917,0.647135,0.852865,0.739583
f260a4a53d31be98,xclick,/m/04ctx,1,0.019375,0.999375,0.012195,0.983114,0,1,0,0,0,0.019375,0.073125,0.915625,0.999375,0.967167,0.983114,0.012195,0.142589
f260a4a53d31be98,xclick,/m/058qzx,1,0.01625,0.9875,0.005629,0.978424,0,0,0,0,0,0.915625,0.9875,0.10875,0.01625,0.005629,0.126642,0.978424,0.967167
f3f2cd85e6e7aa17,xclick,/m/04ctx,1,0.122108,0.578406,0.492667,0.655333,0,0,0,0,0,0.544987,0.122108,0.419023,0.578406,0.492667,0.655333,0.583333,0.52
f3f2cd85e6e7aa17,xclick,/m/058qzx,1,0.128535,0.570694,0.501333,0.654,0,0,0,0,0,0.128535,0.128535,0.560411,0.570694,0.654,0.654,0.501333,0.508667
f4081f4ba208771a,xclick,/m/04ctx,1,0.0,0.263125,0.5375,0.923333,0,1,0,0,0,0.233125,0.0,0.0075,0.263125,0.5375,0.9025,0.923333,0.5575
f4081f4ba208771a,xclick,/m/058qzx,1,0.000625,0.256875,0.5375,0.934167,0,1,0,0,0,0.229375,0.01375,0.000625,0.256875,0.5375,0.934167,0.8975,0.56
f561f25cda877473,xclick,/m/04ctx,1,0.0,0.945625,0.278087,0.679644,0,1,0,0,0,0.0025,0.588125,0.945625,0.0,0.278087,0.298109,0.679644,0.642937
f561f25cda877473,xclick,/m/058qzx,1,0.0,0.94125,0.275862,0.681869,0,1,0,0,0,0.095625,0.0,0.921875,0.94125,0.275862,0.638487,0.681869,0.67297
f57b6d9cdcc396d6,activemil,/m/04ctx,1,0.359375,1.0,0.629883,0.802734,0,1,0,0,0,-1.0,-1.0,-1.0,-1.0,-1.0,-1.0,-1.0,-1.0
f5b2872353806ffb,xclick,/m/04ctx,1,0.369792,0.779167,0.46875,0.926562,1,0,0,0,0,0.415625,0.369792,0.746875,0.779167,0.926562,0.89375,0.471094,0.46875
f6c44e2ac87cde86,xclick,/m/04ctx,1,0.687617,0.868668,0.856875,0.959375,1,0,0,0,0,0.687617,0.868668,0.866792,0.687617,0.856875,0.950625,0.959375,0.8675
f6ef3af7b920695d,xclick,/m/04ctx,1,0.0,0.654717,0.806533,0.997487,0,1,0,0,0,0.101887,0.0,0.654717,0.188679,0.806533,0.932161,0.88191,0.997487
f6f5a4430115ed10,xclick,/m/04ctx,1,0.145313,0.703125,0.159375,0.64375,0,0,0,0,0,0.639062,0.145313,0.6125,0.703125,0.159375,0.428125,0.64375,0.1875
f6f5a4430115ed10,xclick,/m/04ctx,1,0.190625,0.420312,0.001563,0.740625,1,0,0,0,0,0.370312,0.190625,0.21875,0.420312,0.001563,0.640625,0.740625,0.234375
f7e129c582209032,xclick,/m/04ctx,1,0.086875,0.675,0.0,0.454972,1,1,0,0,0,0.6125,0.086875,0.344375,0.675,0.0,0.454972,0.361163,0.030019
f7e129c582209032,xclick,/m/04ctx,1,0.240625,0.67125,0.079737,0.914634,0,0,0,0,0,0.649375,0.240625,0.25625,0.67125,0.079737,0.891182,0.914634,0.091932
f7e129c582209032,xclick,/m/04ctx,1,0.758125,0.999375,0.13227,0.559099,0,1,0,0,0,0.758125,0.999375,0.999375,0.999375,0.13227,0.559099,0.306754,0.306754
f9bdea9f8ab696a2,xclick,/m/04ctx,1,0.039062,0.959961,0.011719,0.450521,1,0,0,0,0,0.858398,0.959961,0.265625,0.039062,0.011719,0.050781,0.450521,0.264323
f9bdea9f8ab696a2,xclick,/m/04ctx,1,0.099609,0.964844,0.472656,0.955729,1,0,0,0,0,0.099609,0.863281,0.964844,0.267578,0.839844,0.472656,0.614583,0.955729
fabb61f5c0fdf9a5,xclick,/m/04ctx,1,0.030273,0.974609,0.029326,0.964809,0,0,0,0,0,0.030273,0.136719,0.974609,0.920898,0.934018,0.964809,0.061584,0.029326
fabf2f78ca311955,xclick,/m/04ctx,1,0.1275,0.879375,0.22,0.689167,0,0,0,0,0,0.16125,0.879375,0.603125,0.1275,0.22,0.511667,0.689167,0.290833
fb1d336cf95689a9,xclick,/m/04ctx,1,0.135,0.430833,0.386875,0.625625,1,0,0,0,0,0.394167,0.135,0.166667,0.430833,0.386875,0.564375,0.625625,0.40375
fb4cd766c218666d,xclick,/m/04ctx,1,0.111328,0.912109,0.080729,0.897135,0,0,0,0,0,0.736328,0.111328,0.912109,0.612305,0.080729,0.786458,0.744792,0.897135
fbb61f53681d7494,xclick,/m/04ctx,1,0.157227,0.823242,0.166667,0.891927,0,0,0,0,0,0.157227,0.823242,0.754883,0.333984,0.166667,0.729167,0.891927,0.401042
fc225d6f6fe570ec,xclick,/m/04ctx,1,0.0525,0.999375,0.175833,0.865833,0,1,0,0,0,0.0525,0.141875,0.905,0.999375,0.203333,0.175833,0.865833,0.754167
fcba8f8612bc1b93,xclick,/m/04ctx,1,0.095703,0.918945,0.057292,0.910156,0,0,0,0,0,0.337891,0.918945,0.166992,0.095703,0.057292,0.148438,0.910156,0.800781
fd17aa0e39f40ba3,xclick,/m/04ctx,1,0.01875,0.928125,0.017188,0.34375,0,0,0,0,0,0.065625,0.928125,0.45625,0.01875,0.017188,0.34375,0.329688,0.103125
fd17aa0e39f40ba3,xclick,/m/04ctx,1,0.070312,0.98125,0.514063,0.839063,0,0,0,0,0,0.920312,0.070312,0.545312,0.98125,0.514063,0.839063,0.826562,0.6
fd17aa0e39f40ba3,xclick,/m/058qzx,1,0.01875,0.921875,0.014062,0.3625,0,0,0,0,0,0.071875,0.01875,0.921875,0.865625,0.014062,0.104688,0.3375,0.3625
fd17aa0e39f40ba3,xclick,/m/058qzx,1,0.064062,0.976562,0.5125,0.870313,0,0,0,0,0,0.064062,0.148438,0.945312,0.976562,0.846875,0.870313,0.5125,0.590625
fe4a4d55f60ee669,xclick,/m/04ctx,1,0.117573,0.866166,0.15493,0.901408,0,0,0,0,0,0.746717,0.117573,0.175109,0.866166,0.168075,0.762441,0.901408,0.15493
