filename,width,height,class,xmin,ymin,xmax,ymax
armas (1298)_jpg.rf.LalKoTTJp8DeVA80egx5.jpg,450,342,0,63,16,417,252
armas (1577)_jpg.rf.IToVNgtXBWjDzh3p18ag.jpg,320,302,0,111,21,294,254
01b463d71fd859b71_jpg.rf.GrHSAFHIH5ZqpY61xC0b.jpg,1024,683,2,236,246,739,527
010000130_jpg.rf.Gu1DdrdEfN34xZCckD7u.jpg,480,480,2,21,246,176,295
010000130_jpg.rf.Gu1DdrdEfN34xZCckD7u.jpg,480,480,2,11,12,194,70
010000130_jpg.rf.Gu1DdrdEfN34xZCckD7u.jpg,480,480,2,13,87,158,165
8185e8fbec35c4030_jpg.rf.IZOQclmXzpE8HVwg8pQU.jpg,1024,768,2,0,0,1023,752
i1mage30_jpg.rf.uzb4GCrPHJ1k849oIhpG.jpg,716,490,2,63,260,120,435
i1mage30_jpg.rf.uzb4GCrPHJ1k849oIhpG.jpg,716,490,2,357,194,716,358
010000703_jpg.rf.GeAg7anQd6WJoSgPEKqF.jpg,480,360,2,36,75,476,241
010000851_jpg.rf.GyPGwRH8Z78AJCVWcvqK.jpg,600,293,2,19,77,590,239
armas (1289)_jpg.rf.HTs9ciDguk6tUIIApP78.jpg,500,374,0,249,136,262,149
21e85175dbc89246c_jpg.rf.IshUBJPqa82f0XUgCo0u.jpg,1024,576,2,152,221,247,322
21e85175dbc89246c_jpg.rf.IshUBJPqa82f0XUgCo0u.jpg,1024,576,2,272,310,319,395
21e85175dbc89246c_jpg.rf.IshUBJPqa82f0XUgCo0u.jpg,1024,576,2,585,309,1022,575
21e85175dbc89246c_jpg.rf.IshUBJPqa82f0XUgCo0u.jpg,1024,576,2,738,284,758,302
21e85175dbc89246c_jpg.rf.IshUBJPqa82f0XUgCo0u.jpg,1024,576,2,959,325,990,357
2198195805f05dc23_jpg.rf.H71UYU0jY1QOY9H8eZy0.jpg,1024,765,2,174,34,411,385
2a20064ed8d158af_jpg.rf.Sxa8cf2f5MZBzPijaxvN.jpg,1024,683,0,0,45,142,381
2a20064ed8d158af_jpg.rf.Sxa8cf2f5MZBzPijaxvN.jpg,1024,683,0,261,19,803,355
0109151e566411b5d_jpg.rf.IrEdBby9sPOwoTMW8a5c.jpg,1024,678,2,659,281,855,504
aca6f395cc8ec8ee_jpg.rf.H2fnCUuBNID73gyXTCC3.jpg,1024,683,0,91,75,986,612
f17b0da3e1000cd3b_jpg.rf.TLewqyi02YKCB8iF19by.jpg,1024,683,2,178,178,715,359
757a10f9ec9503af_jpg.rf.uztSxCcDd8mkFAfPV3oX.jpg,1024,768,0,250,178,659,522
armas (706)_jpg.rf.HkqkDBc2P7raC2ktqMF8.jpg,277,182,0,4,4,272,172
armas (2990)_jpg.rf.yR25xhTQc3xsJHzJchvI.jpg,648,431,0,125,69,485,401
9174ee2e1b13beaf3_jpg.rf.I0JHhFa2I6GmnS8KVesh.jpg,683,1024,2,290,238,494,448
9174ee2e1b13beaf3_jpg.rf.I0JHhFa2I6GmnS8KVesh.jpg,683,1024,2,481,214,682,452
118735813fb8243b8_jpg.rf.J3LiDD0OYq5qhT6DZ4PK.jpg,1024,680,2,154,246,887,512
armas (1627)_jpg.rf.IYmQQco6zCXCwLPeDOvr.jpg,500,255,0,207,115,254,159
armas (1331)_jpg.rf.HQHvW3ap7wPW0BLHA3Y2.jpg,1000,743,0,10,2,1000,739
armas (166)_jpg.rf.HcMkl8wZGOqBY8vzEbNO.jpg,485,300,0,106,16,363,275
armas (2909)_jpg.rf.IZDH90t4LlxAKBAkaIYd.jpg,1300,866,0,457,325,677,515
armas (596)_jpg.rf.TjIOzYnBYjhOxdTLCHMg.jpg,661,496,0,1,102,579,496
armas (973)_jpg.rf.IZpPcldOiavanX3WgUSx.jpg,275,183,0,122,54,242,175
armas (2162)_jpg.rf.wFk2wRvI4SohGcGb7YT3.jpg,620,412,0,54,36,586,360
armas (1167)_jpg.rf.6vPVUFXgrja4CGdcXyZk.jpg,259,194,0,21,78,146,163
armas (1167)_jpg.rf.6vPVUFXgrja4CGdcXyZk.jpg,259,194,0,84,31,221,111
armas (2086)_jpg.rf.Hztx4TGdc2dytHuvpcGd.jpg,600,420,0,59,136,139,253
armas (2847)_jpg.rf.6t2IDTMtNDmqwKqbq5RH.jpg,590,421,0,19,68,572,383
armas (2467)_jpg.rf.I5M4osS9zbG5gol1zrGk.jpg,160,120,0,1,1,157,119
armas (1773)_jpg.rf.HGS1i9lPsbGm7g5iKfod.jpg,461,332,0,14,20,424,293
armas (1359)_jpg.rf.TpfQnTlkbckjWUVOmNWk.jpg,422,500,0,112,282,389,481
armas (1359)_jpg.rf.TpfQnTlkbckjWUVOmNWk.jpg,422,500,0,27,21,343,215
2114ede5e74eb458b_jpg.rf.Hb6MZRoJGhejlevcGGXZ.jpg,1024,683,2,100,266,1023,477
armas (2533)_jpg.rf.7VFRo3WHUeAWYSiYVLJx.jpg,160,120,0,14,19,76,108
armas (2533)_jpg.rf.7VFRo3WHUeAWYSiYVLJx.jpg,160,120,0,93,21,143,109
7d3706d3cc7c0619_jpg.rf.IFYvKxKdfhup0qPe2SQ5.jpg,1024,768,0,36,96,979,595
armas (1751)_jpg.rf.TlInUS1rH8FW93uGHfKd.jpg,600,443,0,61,114,309,262
armas (634)_jpg.rf.Ti76SKJGuWDrUpcJHX8N.jpg,1240,800,0,67,31,725,665
armas (2806)_jpg.rf.TwyyEArc5hQvbUUXSI5J.jpg,450,321,0,137,46,442,266
armas (1636)_jpg.rf.6zJ8bpB6ChcEfAyUv0Au.jpg,500,333,0,99,11,485,331
010000933_jpg.rf.U1HS6fmx2NgDcjHpEZOy.jpg,600,336,2,18,30,576,317
d1ef04081d0fbd8a4_jpg.rf.vW8KTrQ4c9dV0ftE0QGx.jpg,1024,685,2,0,2,1023,684
i1mage181_jpg.rf.vmcUkmox3jdQbMBFBLkh.jpg,422,500,2,272,236,375,494
018f89254d3be518a_jpg.rf.Tz4HgY0oXQ2MXV65C3U1.jpg,1024,683,2,52,301,1015,667
018f89254d3be518a_jpg.rf.Tz4HgY0oXQ2MXV65C3U1.jpg,1024,683,2,302,151,567,262
018f89254d3be518a_jpg.rf.Tz4HgY0oXQ2MXV65C3U1.jpg,1024,683,2,350,162,557,228
018f89254d3be518a_jpg.rf.Tz4HgY0oXQ2MXV65C3U1.jpg,1024,683,2,649,102,765,123
armas (2632)_jpg.rf.A0ad1c8DVE15yQzM3eKT.jpg,160,120,0,3,5,142,112
0140c0c866179d1bc_jpg.rf.U3iP6BcDtSCnpzCmXQOO.jpg,1024,747,2,0,493,998,745
0140c0c866179d1bc_jpg.rf.U3iP6BcDtSCnpzCmXQOO.jpg,1024,747,2,654,253,887,745
010000271_jpg.rf.8PBXb9YCSKBFwGTbaWRO.jpg,304,228,2,47,11,278,222
613ad0c2923722879_jpg.rf.DBBN5I7mzW8BOVGZ5KN8.jpg,1024,683,2,352,245,552,464
512672e3d5837effc_jpg.rf.vzU7L3yinrSd4hGIkoE9.jpg,1024,764,2,61,242,640,583
armas (924)_jpg.rf.Bbro00uupxb3P2eAcSeM.jpg,199,254,0,110,81,144,117
armas (2307)_jpg.rf.DAN1e5n4qa4HrTckDxKx.jpg,160,120,0,4,1,153,119
c2c22e2cd5f3a11a_jpg.rf.wMTRuZdlTyPuiq1IdoGj.jpg,1024,716,0,36,42,979,680
010000448_jpg.rf.wJopv6XKhAheqla1FCGe.jpg,600,373,2,11,239,586,303
010000448_jpg.rf.wJopv6XKhAheqla1FCGe.jpg,600,373,2,71,132,556,179
010000448_jpg.rf.wJopv6XKhAheqla1FCGe.jpg,600,373,2,106,43,522,74
armas (2356)_jpg.rf.U4aGnjZDszQMyJHJKq0d.jpg,160,120,0,11,29,150,120
armas (2898)_jpg.rf.vZNHoLmQQLxw2wDvVcT1.jpg,870,1300,0,190,265,336,331
armas (2898)_jpg.rf.vZNHoLmQQLxw2wDvVcT1.jpg,870,1300,0,443,661,620,885
armas (1798)_jpg.rf.DfmEqSnAC2Gl94P188th.jpg,1280,853,0,45,65,1232,791
372232135cfa6128_jpg.rf.DgCb6W8vL7asc3NuS5RN.jpg,1024,784,0,419,284,628,430
7eeeee0b3d7c36bd_jpg.rf.IwigLKNTjjsoQiRNWEwm.jpg,1024,680,0,0,123,55,219
7eeeee0b3d7c36bd_jpg.rf.IwigLKNTjjsoQiRNWEwm.jpg,1024,680,0,89,155,963,616
cb92262607ba3365_jpg.rf.U7yF7RxDX1en9V95G677.jpg,1024,680,0,157,87,905,625
010000730_jpg.rf.wPxuqnBbC1TpsaCh4lB8.jpg,567,316,2,4,13,563,224
553a4b5c58b8e647_jpg.rf.JaAEzm8xme1l37bKAq4g.jpg,1024,768,0,204,74,994,553
armas (2303)_jpg.rf.UD7lIr9rtBDFmrsBCYXB.jpg,160,120,0,3,3,155,116
armas (2464)_jpg.rf.wwgd6uRZmufJlLzYIqNh.jpg,160,120,0,3,3,157,116
armas (2559)_jpg.rf.Jggl8AunGZqGT4wZkhXf.jpg,160,120,0,1,3,157,117
armas (465)_jpg.rf.IqkQVhXODFGeHyhtiqaH.jpg,678,1024,0,132,390,235,579
010001137_jpg.rf.UIdDkHKEWVP1d4uAP7lj.jpg,600,337,2,347,2,435,330
010001137_jpg.rf.UIdDkHKEWVP1d4uAP7lj.jpg,600,337,2,233,14,329,337
armas (1519)_jpg.rf.UWOOXHTgPits9Pg7JqcC.jpg,500,375,0,133,161,230,302
armas (1519)_jpg.rf.UWOOXHTgPits9Pg7JqcC.jpg,500,375,0,31,174,113,280
armas (1519)_jpg.rf.UWOOXHTgPits9Pg7JqcC.jpg,500,375,0,245,154,325,268
armas (1519)_jpg.rf.UWOOXHTgPits9Pg7JqcC.jpg,500,375,0,326,162,412,319
armas (1519)_jpg.rf.UWOOXHTgPits9Pg7JqcC.jpg,500,375,0,417,171,500,288
armas (1519)_jpg.rf.UWOOXHTgPits9Pg7JqcC.jpg,500,375,0,427,2,495,59
armas (1519)_jpg.rf.UWOOXHTgPits9Pg7JqcC.jpg,500,375,0,264,47,341,146
armas (1519)_jpg.rf.UWOOXHTgPits9Pg7JqcC.jpg,500,375,0,77,40,139,143
armas (1519)_jpg.rf.UWOOXHTgPits9Pg7JqcC.jpg,500,375,0,141,34,201,132
armas (1519)_jpg.rf.UWOOXHTgPits9Pg7JqcC.jpg,500,375,0,329,2,373,39
armas (1519)_jpg.rf.UWOOXHTgPits9Pg7JqcC.jpg,500,375,0,205,46,276,144
612575cfc6e3f42d4_jpg.rf.CQCqKPcaIeT6ff4Ifv0I.jpg,1024,768,2,658,486,1023,766
armas (377)_jpg.rf.V6WEjRnVyW2PdKhJS4s5.jpg,600,248,0,348,25,389,72
armas (1525)_jpg.rf.UTy7VzpGJQ7PmAL1zFXt.jpg,500,333,0,102,81,423,312
armas (2846)_jpg.rf.VSjI7FmWGTidjmNGGVYq.jpg,969,606,0,586,307,700,498
010000072_jpg.rf.wvPWi2AGe1mrsh5xCwea.jpg,600,718,2,87,32,543,686
armas (1435)_jpg.rf.FMJ7qtpr4NdksMlvy9Kc.jpg,375,500,0,46,74,373,250
armas (1417)_jpg.rf.UtywhtWEDRiSXmd4ty1R.jpg,500,449,0,113,122,190,271
armas (2552)_jpg.rf.ULpOlp2x7HSzD0V5sZDH.jpg,160,120,0,6,1,157,113
01201fc37bde83844_jpg.rf.IoAoAgeKpirB84UR3c1B.jpg,1024,678,2,207,296,579,392
04d6206483f835e6_jpg.rf.Ucf162pe5rA58R5uSU49.jpg,1024,768,0,0,0,901,767
01a16050e1925341c_jpg.rf.IQPksZ8uVNGeqObh6p9d.jpg,1024,768,2,41,260,994,567
c137c5cea3ca28615_jpg.rf.wxGeF7z5GiJVBGoZVXE2.jpg,1024,683,2,1,87,414,243
c137c5cea3ca28615_jpg.rf.wxGeF7z5GiJVBGoZVXE2.jpg,1024,683,2,179,225,792,498
armas (2350)_jpg.rf.x4zcGaa00XBzRV7lFBVU.jpg,160,120,0,1,1,159,115
d1002a3e81f1ed66f_jpg.rf.FGJczYHkMf3xxu0wnOzX.jpg,1024,681,2,121,179,829,422
114d56ace8a375dc3_jpg.rf.x1bpMMKoln4hel63OAyX.jpg,1024,683,2,124,172,674,339
armas (2434)_jpg.rf.x3u6KRU45DL7ddXTYhnA.jpg,160,120,0,8,7,154,116
01bcf9580c60ac0b1_jpg.rf.EbdPWuJzsvW1ljP2cP5L.jpg,1024,685,2,0,161,1023,455
b5945cf9634915ea_jpg.rf.UNQ6Vucpc7kjFPuweCAl.jpg,1024,938,0,0,0,1005,892
i1mage66_jpg.rf.kIqLrSPLfRuxg3Ekg7aj.jpg,648,443,2,209,211,606,371
armas (2888)_jpg.rf.xF4Xt0huku16INTtuJYE.jpg,450,450,0,17,127,246,277
21be91bd01f3eecfb_jpg.rf.DtAZwyEspbJTbkjvMzOJ.jpg,1024,681,2,107,90,369,219
armas (2924)_jpg.rf.COmSecaeWgKxrs1c21OO.jpg,531,333,0,260,138,293,183
armas (2163)_jpg.rf.VWR704BOzIxKlnpIqpxE.jpg,2000,1331,0,1272,843,1494,1259
armas (2419)_jpg.rf.kFJFZUwePFI3n57DdFs1.jpg,160,120,0,8,4,152,111
d1651900c41fb048d_jpg.rf.E1nywGFeabTfFoSKqHDM.jpg,1024,683,2,30,40,986,619
armas (1632)_jpg.rf.lY03FaGMU8QQRIXqw6Ph.jpg,500,281,0,25,16,473,245
armas (119)_jpg.rf.JlLxf4CHuRInMNUe73Jx.jpg,1300,919,0,104,395,1150,726
armas (2690)_jpg.rf.y98WRBlkRGObO2VE7NiV.jpg,160,120,0,2,3,157,113
armas (2725)_jpg.rf.Vg91LI6NAoIQGv42yP6Y.jpg,160,120,0,4,2,158,112
3afade0f14091716_jpg.rf.CyfDDeKrxuTNEMUiShdx.jpg,1024,687,0,25,418,154,473
3afade0f14091716_jpg.rf.CyfDDeKrxuTNEMUiShdx.jpg,1024,687,0,128,182,292,254
3afade0f14091716_jpg.rf.CyfDDeKrxuTNEMUiShdx.jpg,1024,687,0,152,323,292,381
3afade0f14091716_jpg.rf.CyfDDeKrxuTNEMUiShdx.jpg,1024,687,0,270,91,452,172
91354b04bdb52d6d1_jpg.rf.E7r8qe4jVuOiPY9Hnh9u.jpg,1024,807,2,0,298,203,555
81defc0ef9dbf36e8_jpg.rf.lySgCEWC1jGA7SbUDRoh.jpg,1024,683,2,469,95,780,546
c1bb98840900334ca_jpg.rf.llEztWyQbksPc58USsDf.jpg,1024,683,2,61,173,350,399
c1bb98840900334ca_jpg.rf.llEztWyQbksPc58USsDf.jpg,1024,683,2,243,145,521,262
c1bb98840900334ca_jpg.rf.llEztWyQbksPc58USsDf.jpg,1024,683,2,530,413,705,637
a1b147d11c1561e86_jpg.rf.D5xJvSbqwd0iwYnQmAn2.jpg,1024,683,2,104,430,686,655
ff1ff19b73476fbb_jpg.rf.kl1DG3YdlTtOD50XN0EU.jpg,1024,479,0,184,96,663,465
51dd75afaba5e51cf_jpg.rf.COwA24SMcONFZ2IY4RJX.jpg,768,768,2,12,474,480,767
113374fb9f6d3dbf9_jpg.rf.UlMWiUXr2pxCxcHof5tm.jpg,1024,680,2,241,198,941,570
armas (1473)_jpg.rf.DnJodC2wgIfhbv3pbNe8.jpg,500,333,0,10,91,500,254
010000563_jpg.rf.n447XUvZGE8MdpMwlsu2.jpg,600,210,2,11,108,293,178
010000563_jpg.rf.n447XUvZGE8MdpMwlsu2.jpg,600,210,2,291,126,594,204
010000563_jpg.rf.n447XUvZGE8MdpMwlsu2.jpg,600,210,2,303,13,588,87
010000563_jpg.rf.n447XUvZGE8MdpMwlsu2.jpg,600,210,2,6,7,275,95
armas (2610)_jpg.rf.DmbGkTV4ASxLNVWe2lla.jpg,160,120,0,5,2,158,112
51349b956a188cb2f_jpg.rf.yBJkTvB7FZzNZohVqBMh.jpg,1024,673,2,214,372,568,480
armas (2636)_jpg.rf.mgzAu0ItsOLKJZhhi4Q0.jpg,160,120,0,2,1,149,77
6128ef7444adb0c6f_jpg.rf.Do4hIOrr32mlVpafWosC.jpg,1024,681,2,0,0,499,554
armas (1178)_jpg.rf.mF3JtxxntEHZyyCrfDGR.jpg,575,302,0,162,60,225,146
5108ff5b421434acd_jpg.rf.FgQ8kxJQNisJ3sDWLglU.jpg,1024,868,2,45,292,174,656
5108ff5b421434acd_jpg.rf.FgQ8kxJQNisJ3sDWLglU.jpg,1024,868,2,472,251,864,368
a1d2b41e54f42c9b6_jpg.rf.mc2yFhlDKPmYGR7wtDFW.jpg,1024,768,2,81,465,607,759
i1mage189_jpg.rf.FtHg2zFrrIdY3D8dbaRz.jpg,399,533,2,67,196,380,452
armas (210)_jpg.rf.G3O3A2oQC6bG8o7sxHTu.jpg,728,546,0,418,195,728,485
010000083_jpg.rf.oP0ZMV6Iza5DYFs3wg3w.jpg,600,376,2,72,140,562,267
31460dc99c01248c1_jpg.rf.ITBxf4CQ8kcKw6azujOM.jpg,1024,681,2,171,169,834,640
010d95b69f84a4f18_jpg.rf.81UzuvfIrD3raaDnqjEm.jpg,1024,839,2,550,308,849,403
armas (2498)_jpg.rf.DpR0zMSUhsC54ruY2u2O.jpg,160,120,0,3,3,157,112
armas (123)_jpg.rf.VeY2X11vAptj2h1FQ9Pg.jpg,1300,1300,0,483,162,578,407
armas (123)_jpg.rf.VeY2X11vAptj2h1FQ9Pg.jpg,1300,1300,0,1071,162,1166,407
i1mage63_jpg.rf.o2aA25EFvbB1wRMR8KhN.jpg,689,388,2,287,145,687,273
armas (2165)_jpg.rf.Ft6qaNMRPyXJpcEgf7vd.jpg,986,553,0,209,317,614,527
919bd2c216da802fe_jpg.rf.IkjEjHWSYxnC6UcXQk3s.jpg,1024,576,2,16,256,369,524
010000942_jpg.rf.mImC0j5KMe4OTo1AiPx6.jpg,236,236,2,1,177,236,235
010000942_jpg.rf.mImC0j5KMe4OTo1AiPx6.jpg,236,236,2,10,4,233,82
010000942_jpg.rf.mImC0j5KMe4OTo1AiPx6.jpg,236,236,2,7,89,226,163
41be8d41e71800018_jpg.rf.Ea3AbUyM5E55YOep0cw0.jpg,1024,782,2,0,346,344,781
d17965e7c535ec847_jpg.rf.EYykPVDgouNMzIYOvNZb.jpg,768,1024,2,0,324,767,1023
417ae2fef4b0a4f59_jpg.rf.oCJneUE3MbUXKNj13Sq0.jpg,1024,683,2,217,112,690,638
01079ef151c5bb5b5_jpg.rf.ERyMtmlXV9V0GFOg7eVi.jpg,1024,683,2,0,352,1022,583
82c1787fe181dd52_jpg.rf.nQgrK4miQ2xSonnDG3Kz.jpg,1024,768,0,116,310,888,680
0103228bcad10445e_jpg.rf.yQXySardoWSnlmlQVFib.jpg,1024,683,2,345,332,511,502
b183c617df3bd049e_jpg.rf.E3bHuKJIE8q9cYGHESf3.jpg,1024,683,2,148,321,959,507
armas (2337)_jpg.rf.nWVtCaXxSbYuCKwt1ftM.jpg,160,120,0,1,1,158,119
01c2ac1c54dfd3466_jpg.rf.l83FcB3ZzhHfjwAPcXrF.jpg,1024,768,2,0,113,1023,636
01fa39bdc62b837c5_jpg.rf.F46s9LPvT53ZrqgQwjxl.jpg,1024,817,2,542,342,682,598
armas (1983)_jpg.rf.IdVfj6BNcxlXkUREmFqY.jpg,640,1273,0,69,3,576,1265
armas (2860)_jpg.rf.nsJ3NhXiMgcEYQrxeV3Z.jpg,260,173,0,113,71,141,132
armas (429)_jpg.rf.oI10FjcupDcJKGs0EyTh.jpg,348,449,0,116,187,177,239
i1mage73_jpg.rf.EgXSuc3fpPumvwxHDyff.jpg,640,480,2,173,119,473,379
a1cd5bcfdb4b40321_jpg.rf.JGuEou1bGjEd46SuAhcj.jpg,1024,621,2,47,24,998,608
0149b6ed61a8707a0_jpg.rf.nfbUr895OKwT5CfmhJ00.jpg,1024,534,2,199,179,888,422
armas (1099)_jpg.rf.DQxdKxIl7L9cX0ELhIFr.jpg,512,316,0,247,58,512,235
armas (1646)_jpg.rf.o17PUAzQoplmwp4t4lwF.jpg,500,375,0,79,75,436,327
armas (945)_jpg.rf.FJesck7jhhzHTJYwSGjM.jpg,269,188,0,27,8,135,134
0107bee44fe46df07_jpg.rf.rouUOOOdyjtZ7wZr0XxM.jpg,980,1024,2,361,269,706,330
617d22e10795081ab_jpg.rf.pBrKPPATYU7qYd1u0QxO.jpg,1024,685,2,130,256,1023,520
617d22e10795081ab_jpg.rf.pBrKPPATYU7qYd1u0QxO.jpg,1024,685,2,362,142,984,311
571f3917948e231f_jpg.rf.riCw33I4lS5bSPgPihZp.jpg,1024,683,0,461,405,676,571
571f3917948e231f_jpg.rf.riCw33I4lS5bSPgPihZp.jpg,1024,683,0,668,341,938,564
armas (2818)_jpg.rf.ofck1Yoo7wtJmfOsuXKo.jpg,284,178,0,7,6,278,160
116c40bd2c10e59be_jpg.rf.GCjsrWLpdBXvEDfRKr7f.jpg,995,1024,2,0,725,790,1006
010000798_jpg.rf.IckquWCMpC0wSwwnHMua.jpg,600,600,2,9,179,586,434
249b76b2a71aba91_jpg.rf.p7KoTZCH8P8FdPySmnTl.jpg,768,1024,0,44,51,666,878
b1351f921d6858803_jpg.rf.o1h3z1a9NVLeas950fdq.jpg,1024,768,2,612,420,1005,633
f1024ea9250072481_jpg.rf.EozjA7K7vOVWNI2iSuWb.jpg,669,1024,2,0,626,668,880
armas (2917)_jpg.rf.rrFvlYohE5LiHdzJkRqB.jpg,450,303,0,186,86,232,117
armas (1357)_jpg.rf.ooxu2e6ntVPDlkRt7W2k.jpg,500,334,0,133,1,500,240
armas (2661)_jpg.rf.GMGGvvMRT7bqJIPatCDk.jpg,160,120,0,1,3,158,119
armas (1045)_jpg.rf.IdtT8twLVE81OMCzSKQN.jpg,276,183,0,70,27,209,127
armas (720)_jpg.rf.ovy8bJ5Dz7HOV2xgWQnw.jpg,540,366,0,166,99,299,203
armas (720)_jpg.rf.ovy8bJ5Dz7HOV2xgWQnw.jpg,540,366,0,399,34,467,163
armas (720)_jpg.rf.ovy8bJ5Dz7HOV2xgWQnw.jpg,540,366,0,310,284,462,319
armas (1977)_jpg.rf.GnWrtYqDkIuz6inY4Kob.jpg,200,200,0,1,98,28,153
armas (1878)_jpg.rf.oxKgY8vaH0GiC0bjmoDw.jpg,800,600,0,572,191,727,293
2140e022340cf91b6_jpg.rf.G9MX9oMLQ7clGTtlq3aa.jpg,683,1024,2,298,464,506,768
i1mage56_jpg.rf.pO41U185Ooc3Cft2jffo.jpg,600,350,2,32,132,101,350
i1mage56_jpg.rf.pO41U185Ooc3Cft2jffo.jpg,600,350,2,94,206,135,350
i1mage56_jpg.rf.pO41U185Ooc3Cft2jffo.jpg,600,350,2,132,123,234,350
i1mage56_jpg.rf.pO41U185Ooc3Cft2jffo.jpg,600,350,2,237,73,339,340
i1mage56_jpg.rf.pO41U185Ooc3Cft2jffo.jpg,600,350,2,443,62,556,350
010001224_jpg.rf.IlAyiWiiszAmHhau1BIh.jpg,600,600,2,47,308,502,523
010001224_jpg.rf.IlAyiWiiszAmHhau1BIh.jpg,600,600,2,19,21,543,186
armas (2104)_jpg.rf.GIAiA0qsdRicGmfr87qE.jpg,1300,956,0,881,266,1249,666
717e24787f04f23d0_jpg.rf.oyfCdefkb4g9sfeMCTn7.jpg,1024,725,2,381,238,1000,716
6143e62553db3a7d8_jpg.rf.FP4D9reXTfhfRv7Ve0mN.jpg,1024,768,2,0,175,1010,546
21c38ee29880b42eb_jpg.rf.uDqRJC0ygn9ykya5GsGh.jpg,1024,681,2,41,298,869,607
21c38ee29880b42eb_jpg.rf.uDqRJC0ygn9ykya5GsGh.jpg,1024,681,2,248,134,408,190
21c38ee29880b42eb_jpg.rf.uDqRJC0ygn9ykya5GsGh.jpg,1024,681,2,249,108,366,139
21c38ee29880b42eb_jpg.rf.uDqRJC0ygn9ykya5GsGh.jpg,1024,681,2,482,67,515,134
6aa241d2de438a2d_jpg.rf.p7LD7dlQGqdpki1Rudf8.jpg,1024,768,0,76,73,415,589
6aa241d2de438a2d_jpg.rf.p7LD7dlQGqdpki1Rudf8.jpg,1024,768,0,382,112,710,577
6aa241d2de438a2d_jpg.rf.p7LD7dlQGqdpki1Rudf8.jpg,1024,768,0,610,183,849,581
a1ab5abe642ba114_jpg.rf.6eAOiGpx8Ray0YDCnebg.jpg,1024,768,0,31,90,976,699
a17043a2993ec1f0c_jpg.rf.Ij5WQjcBs7NyoU9UK83O.jpg,1024,686,2,274,452,426,511
armas (1062)_jpg.rf.pTmb02oNjPhJeh5GF4M9.jpg,375,275,0,30,93,292,187
armas (1062)_jpg.rf.pTmb02oNjPhJeh5GF4M9.jpg,375,275,0,76,118,337,200
6063f674504d70af_jpg.rf.pgOMVJcvdOowwAN7i89h.jpg,1024,680,0,142,114,1009,528
11e8a81b917cf8494_jpg.rf.GoldF9feRAxT21UMOSWA.jpg,1024,768,2,0,135,1021,491
armas (2974)_jpg.rf.pUss330Y4mKwNZ18l17H.jpg,640,480,0,291,331,355,443
7120c6fed92a2da54_jpg.rf.Iob2pA4crpJWTEm9HzED.jpg,1024,683,2,0,203,769,516
010000197_jpg.rf.uvaW73dHAU0RJ8jQ3bN9.jpg,600,193,2,19,8,578,177
61cae742633a00568_jpg.rf.7G4hOHJnW2g66sNytsUt.jpg,768,1024,2,30,478,378,701
6914cd4f87144738_jpg.rf.Iw71ZUvBvGzbnF8bsTb8.jpg,1024,687,0,73,83,991,632
b11ee744d1f0cedf4_jpg.rf.qJfSemwRmjrV7Q6QzVPN.jpg,1024,681,2,372,93,716,230
b11ee744d1f0cedf4_jpg.rf.qJfSemwRmjrV7Q6QzVPN.jpg,1024,681,2,85,205,308,490
b11ee744d1f0cedf4_jpg.rf.qJfSemwRmjrV7Q6QzVPN.jpg,1024,681,2,281,313,609,418
b11ee744d1f0cedf4_jpg.rf.qJfSemwRmjrV7Q6QzVPN.jpg,1024,681,2,656,253,1009,368
armas (823)_jpg.rf.sGz21eXFIABwOqUKpIjj.jpg,300,153,0,1,5,298,148
armas (2936)_jpg.rf.qJjEM14Ja3q3HhiMeBHg.jpg,450,420,0,146,83,220,190
armas (2936)_jpg.rf.qJjEM14Ja3q3HhiMeBHg.jpg,450,420,0,329,43,406,153
e1d04e9ecee0cf8ef_jpg.rf.6lMlW4xLj5Nbe7DmQBVI.jpg,1024,768,2,160,251,641,479
i1mage135_jpg.rf.qdLS9fs9zXCXWYYVTfDj.jpg,443,404,2,176,32,269,385
armas (337)_jpg.rf.J85VdSoIHyyGos8S8F6t.jpg,450,357,0,5,17,443,318
armas (1847)_jpg.rf.6MvaMh0w8rAqml2FaOCt.jpg,481,354,0,46,129,61,151
armas (1847)_jpg.rf.6MvaMh0w8rAqml2FaOCt.jpg,481,354,0,29,231,46,258
f15d738fc07dc28ac_jpg.rf.SzdRJHnkEgsVMNcvvgJC.jpg,672,1024,2,106,482,672,792
f15d738fc07dc28ac_jpg.rf.SzdRJHnkEgsVMNcvvgJC.jpg,672,1024,2,288,110,500,238
f15d738fc07dc28ac_jpg.rf.SzdRJHnkEgsVMNcvvgJC.jpg,672,1024,2,423,292,624,390
armas (1496)_jpg.rf.qmJ4BvLXpc6rqMUZ3adW.jpg,500,366,0,76,132,450,350
armas (1496)_jpg.rf.qmJ4BvLXpc6rqMUZ3adW.jpg,500,366,0,104,10,472,200
armas (415)_jpg.rf.qcrZ8QQDZM9Ycplv3YqI.jpg,682,1023,0,388,271,534,587
armas (142)_jpg.rf.7LyAAWDdAbqX8x4CrdMl.jpg,1300,866,0,897,296,1106,607
010000030_jpg.rf.T2TW0wslJgO6wbFnduuG.jpg,600,900,2,90,221,467,374
c1c2cab830173b4f2_jpg.rf.owNTVb6JTILeZBeSmNb3.jpg,1024,768,2,377,214,785,677
a11b21e0a9885f93c_jpg.rf.64cg8O4oCMVFgP3B7EiF.jpg,1024,537,2,283,231,430,302
a11b21e0a9885f93c_jpg.rf.64cg8O4oCMVFgP3B7EiF.jpg,1024,537,2,682,251,1023,366
21bff60d1a8bcb193_jpg.rf.qZYxG2Noo7UO0Nh4Lv8e.jpg,915,1024,2,102,247,854,1023
armas (2625)_jpg.rf.FlCWHSuDtUPH5n2VhH7e.jpg,160,120,0,1,1,157,115
armas (2493)_jpg.rf.TC9SKxo9olrn88tQedOo.jpg,160,120,0,4,4,154,116
armas (102)_jpg.rf.MsupXw5pI5z7aKeMTURP.jpg,1280,720,0,288,126,700,364
armas (2784)_jpg.rf.NY3IS3ZUJ05WjJg6IiNH.jpg,400,258,0,5,8,390,252
0118b5ee882162019_jpg.rf.F9xUFUvshyxKyVeysFCi.jpg,636,1024,2,229,253,334,482
armas (1325)_jpg.rf.N4TJovF2F0FJ6qZzS9gr.jpg,758,392,0,21,31,738,344
armas (2920)_jpg.rf.J6JHFygu9E6tl4kMjNsT.jpg,168,127,0,123,38,155,61
armas (2920)_jpg.rf.J6JHFygu9E6tl4kMjNsT.jpg,168,127,0,129,54,164,81
81ca291443f81fb21_jpg.rf.pYbsTR0WuUho6PUskgnz.jpg,1024,768,2,0,0,1007,382
81ca291443f81fb21_jpg.rf.pYbsTR0WuUho6PUskgnz.jpg,1024,768,2,126,0,435,768
81ca291443f81fb21_jpg.rf.pYbsTR0WuUho6PUskgnz.jpg,1024,768,2,317,13,837,767
81ca291443f81fb21_jpg.rf.pYbsTR0WuUho6PUskgnz.jpg,1024,768,2,664,0,1024,768
armas (2039)_jpg.rf.MqqGKhI7hOm4lBhKo9Nq.jpg,150,91,0,5,9,144,81
4168091a307b3028d_jpg.rf.JFb1iTAU4MVFLRG7XHMP.jpg,1024,680,2,33,300,956,602
a1da508546567cc87_jpg.rf.pIaIhZ2Xi99PihBgZOQA.jpg,1024,683,2,69,231,499,499
a1da508546567cc87_jpg.rf.pIaIhZ2Xi99PihBgZOQA.jpg,1024,683,2,721,458,999,682
01091ee1e42ca00f7_jpg.rf.DzYMYtT7uxNhEmn45Rd1.jpg,683,1024,2,280,511,380,674
01091ee1e42ca00f7_jpg.rf.DzYMYtT7uxNhEmn45Rd1.jpg,683,1024,2,331,317,460,497
armas (1971)_jpg.rf.qoegBtzfkEDlSirrI57r.jpg,615,403,0,315,163,388,226
armas (2455)_jpg.rf.ODeVY23EnsgttICudJ9z.jpg,160,120,0,1,2,157,115
armas (214)_jpg.rf.7s9Cjje3JG13Pu4pnvPA.jpg,728,546,0,105,101,528,304
3156c4cd92c942561_jpg.rf.NLHaE1xIjh1XIRVEMFCO.jpg,1024,331,2,35,90,998,246
armas (1092)_jpg.rf.6JQrfyZXw27htzfGLdK5.jpg,538,218,0,28,1,389,217
d15d1952f2fce9ab6_jpg.rf.N6tkPmwvbKgH0EMTj0BZ.jpg,1024,576,2,202,219,1023,496
armas (1140)_jpg.rf.7yrKMRwv7TvQmCbLeqI4.jpg,1200,1200,0,441,247,741,622
010000354_jpg.rf.Nna4qz1p98JQD1r4AOXC.jpg,458,458,2,5,100,454,228
913d0020feda91c68_jpg.rf.T3YSGD7jnXxdNpuiMrjd.jpg,1024,685,2,28,60,1005,658
i1mage67_jpg.rf.P0ARFUisU2yAkXlWHDjE.jpg,636,480,2,126,160,424,299
01de12d0743c17003_jpg.rf.qPVlUaNC9e1qPuhz5jtW.jpg,739,1024,2,0,866,542,984
01de12d0743c17003_jpg.rf.qPVlUaNC9e1qPuhz5jtW.jpg,739,1024,2,0,727,728,980
01de12d0743c17003_jpg.rf.qPVlUaNC9e1qPuhz5jtW.jpg,739,1024,2,98,556,681,872
41667de0649b2b9d9_jpg.rf.8DjkrzvH93qu0wUPcZgJ.jpg,1024,681,2,494,198,945,463
010000099_jpg.rf.OqtgZGgtpbp2SqbIcrDy.jpg,600,427,2,259,73,417,206
416b80ac9eeda5eca_jpg.rf.THHuOjUn5ft5G4Phk9dN.jpg,1024,576,2,353,100,701,423
416b80ac9eeda5eca_jpg.rf.THHuOjUn5ft5G4Phk9dN.jpg,1024,576,2,871,219,1023,392
armas (1768)_jpg.rf.3DwWbxjLggw1utxoHiJW.jpg,359,251,0,28,44,336,244
armas (788)_jpg.rf.7t9JBWwYH2fh1zfyfgFb.jpg,300,166,0,4,4,296,166
40b1417ebf9f5fc0_jpg.rf.TCIQMi1hrMovd2u1bt35.jpg,1024,768,0,92,239,959,651
b1a90e2692a2239b4_jpg.rf.PWd1OeXXnQCeLYKtdqSW.jpg,1024,683,2,265,170,1023,476
b1a90e2692a2239b4_jpg.rf.PWd1OeXXnQCeLYKtdqSW.jpg,1024,683,2,789,37,978,211
5120d7a41d6bf954b_jpg.rf.8bajM2hFSLU8rINCqRE4.jpg,1024,798,2,0,307,676,797
6a4fd42a0a39172d_jpg.rf.8sXjHbOqCawkvx8ZZ9dX.jpg,1024,682,0,557,487,771,611
i1mage141_jpg.rf.THyqBiuTLZ5SiBSq0Xs4.jpg,450,374,2,108,85,434,206
armas (2780)_jpg.rf.TWFGyT7gOUucBZsKubOk.jpg,300,188,0,21,5,276,144
81ab125b0a1c70dbf_jpg.rf.ZuYFbLrSFzm13x69kXCT.jpg,1024,583,2,388,157,990,351
04543230800dac0d_jpg.rf.qPA7B7QOCSja0KTScUTP.jpg,1024,768,0,95,254,577,591
armas (964)_jpg.rf.Zvu1mLkCbYKAGCP8jl3J.jpg,262,193,0,26,14,126,92
armas (1319)_jpg.rf.UIv3ek5MqjfWLA2t01kP.jpg,883,1000,0,71,38,829,946
armas (2469)_jpg.rf.Q3WtPfRmAc0xtsHxxeq2.jpg,160,120,0,4,3,154,113
armas (1200)_jpg.rf.DCSccaIq86fD2jalD4ql.jpg,500,375,0,184,145,361,293
armas (1200)_jpg.rf.DCSccaIq86fD2jalD4ql.jpg,500,375,0,12,117,262,242
armas (645)_jpg.rf.R4sKML3A1v4yBrEsR7bC.jpg,248,270,0,92,103,118,134
010000680_jpg.rf.97EZbdHisXdlaSnSflGr.jpg,600,349,2,160,75,482,175
armas (1232)_jpg.rf.92k6KJRGOzqE99KPqaFR.jpg,500,375,0,48,23,304,212
a1b962c6d7afc597_jpg.rf.sN3oeqbZ6BNSm1nfH0h6.jpg,1024,768,0,44,120,1012,724
7bc9a81e0d59bb93_jpg.rf.Qy2j2yxChjSpcGmH7lyL.jpg,768,1024,0,49,276,517,607
0ea1255bbe3ddb30_jpg.rf.9apwhJNq86gzIwuz2gfX.jpg,1024,736,0,100,52,906,687
armas (783)_jpg.rf.szCzzvsuX3GNS6ZUvbzT.jpg,300,200,0,21,60,240,180
010000380_jpg.rf.9lAAxxaCCHw4P300uhFx.jpg,600,225,2,38,12,574,177
armas (2250)_jpg.rf.USmaXbZoUQVCANKAxy5b.jpg,160,120,0,1,2,158,120
611e4e8f45dea18ca_jpg.rf.MeX6oFnfcWQtIXU9TeFQ.jpg,681,1024,2,369,412,463,858
a13e37fa1911834d7_jpg.rf.U0tx0M0ziCusDhIJvrJc.jpg,1024,408,2,0,0,1023,407
armas (961)_jpg.rf.qNrvF0UA1PHc2foTo09O.jpg,253,199,0,78,35,194,160
31694ecae39a82f58_jpg.rf.QppSx5E0uWVwhcMuXw5I.jpg,1024,768,2,307,303,696,515
d1385f6c6c1c0431e_jpg.rf.8UtPeVjs9mqP15aE8J3V.jpg,1024,683,2,539,253,653,362
d1385f6c6c1c0431e_jpg.rf.8UtPeVjs9mqP15aE8J3V.jpg,1024,683,2,832,46,881,122
d1385f6c6c1c0431e_jpg.rf.8UtPeVjs9mqP15aE8J3V.jpg,1024,683,2,942,233,1023,347
armas (2702)_jpg.rf.QCR5TiHDTBzbL3UFBP5X.jpg,160,120,0,4,2,155,116
armas (679)_jpg.rf.AFnaplsc2uIT4RISq7M2.jpg,259,194,0,16,75,177,185
armas (679)_jpg.rf.AFnaplsc2uIT4RISq7M2.jpg,259,194,0,75,12,228,122
armas (604)_jpg.rf.AISiiPEhbNswyPQrbbbX.jpg,480,340,0,125,46,246,314
i1mage137_jpg.rf.R2D37Bi5jzRewXmSyyyR.jpg,702,468,2,174,61,602,447
armas (1972)_jpg.rf.RSdPwO0UIi1fYVlwGnzr.jpg,450,278,0,136,11,422,156
armas (1972)_jpg.rf.RSdPwO0UIi1fYVlwGnzr.jpg,450,278,0,136,110,433,238
armas (1234)_jpg.rf.srAGxvhgc9hBvDA5eBn3.jpg,472,500,0,300,67,363,119
91c7b25bc9b2fb6d5_jpg.rf.3ByBOaQxCQ1Aopztsjr4.jpg,1024,796,2,3,141,333,794
armas (913)_jpg.rf.RIMniYLMQjdjIhN3Ue7r.jpg,266,190,0,99,27,263,161
armas (2787)_jpg.rf.snBglCcRkGAQLZYtnmBE.jpg,440,505,0,14,22,427,494
b123a55b154e471c9_jpg.rf.9ekR12xixJ3Hu2EYN8ha.jpg,1024,680,2,255,224,432,378
b123a55b154e471c9_jpg.rf.9ekR12xixJ3Hu2EYN8ha.jpg,1024,680,2,504,318,921,508
b123a55b154e471c9_jpg.rf.9ekR12xixJ3Hu2EYN8ha.jpg,1024,680,2,733,210,871,348
armas (2841)_jpg.rf.RJMXFxr86G7fNfhouREm.jpg,592,265,0,77,9,510,188
armas (1980)_jpg.rf.UWZibEZxycGuh8bZTIGc.jpg,1300,953,0,184,285,1298,870
010000562_jpg.rf.ZeRTV13kJ9SDPWpBhzI9.jpg,600,600,2,17,344,600,479
913ff2d8dbe6d8733_jpg.rf.RNxMOLPIFgTPy1u6Vxos.jpg,1024,683,2,716,200,927,349
armas (1700)_jpg.rf.qf2coUyjSSlzbm4AGe9R.jpg,500,375,0,15,198,211,318
armas (1700)_jpg.rf.qf2coUyjSSlzbm4AGe9R.jpg,500,375,0,91,73,412,277
01d6047026ec83bb8_jpg.rf.8bPE1enm3zRN8GJfml2V.jpg,1024,681,2,0,409,199,527
01d6047026ec83bb8_jpg.rf.8bPE1enm3zRN8GJfml2V.jpg,1024,681,2,469,343,709,426
01d6047026ec83bb8_jpg.rf.8bPE1enm3zRN8GJfml2V.jpg,1024,681,2,893,320,944,356
armas (1318)_jpg.rf.R7ITq8xP9DHqK25m2HpH.jpg,1000,851,0,43,46,931,773
61e480293f3d58f81_jpg.rf.UogxjYAZ7Mtb10VHJV4n.jpg,1024,685,2,0,160,1024,608
f1aad0b4889fc7d3f_jpg.rf.Zg7TmfDGRx87mias84WE.jpg,1024,765,2,133,141,1023,732
armas (1953)_jpg.rf.sGq3RekwKDl8gT82IBu7.jpg,1500,1100,0,382,355,662,491
011316ecb3bb59dca_jpg.rf.PEkv1PMLRHABOHbobY1Z.jpg,1024,681,2,0,285,53,352
011316ecb3bb59dca_jpg.rf.PEkv1PMLRHABOHbobY1Z.jpg,1024,681,2,0,355,119,409
011316ecb3bb59dca_jpg.rf.PEkv1PMLRHABOHbobY1Z.jpg,1024,681,2,0,370,224,492
011316ecb3bb59dca_jpg.rf.PEkv1PMLRHABOHbobY1Z.jpg,1024,681,2,167,390,409,662
011316ecb3bb59dca_jpg.rf.PEkv1PMLRHABOHbobY1Z.jpg,1024,681,2,371,212,421,248
011316ecb3bb59dca_jpg.rf.PEkv1PMLRHABOHbobY1Z.jpg,1024,681,2,493,216,531,232
011316ecb3bb59dca_jpg.rf.PEkv1PMLRHABOHbobY1Z.jpg,1024,681,2,513,219,547,246
011316ecb3bb59dca_jpg.rf.PEkv1PMLRHABOHbobY1Z.jpg,1024,681,2,531,224,585,257
011316ecb3bb59dca_jpg.rf.PEkv1PMLRHABOHbobY1Z.jpg,1024,681,2,577,230,638,264
011316ecb3bb59dca_jpg.rf.PEkv1PMLRHABOHbobY1Z.jpg,1024,681,2,641,225,700,272
011316ecb3bb59dca_jpg.rf.PEkv1PMLRHABOHbobY1Z.jpg,1024,681,2,689,226,759,264
011316ecb3bb59dca_jpg.rf.PEkv1PMLRHABOHbobY1Z.jpg,1024,681,2,746,237,807,276
011316ecb3bb59dca_jpg.rf.PEkv1PMLRHABOHbobY1Z.jpg,1024,681,2,813,252,904,285
011316ecb3bb59dca_jpg.rf.PEkv1PMLRHABOHbobY1Z.jpg,1024,681,2,890,252,969,301
011316ecb3bb59dca_jpg.rf.PEkv1PMLRHABOHbobY1Z.jpg,1024,681,2,973,289,1023,326
armas (2243)_jpg.rf.9KLm7PlSjHL0Pa4TXo0V.jpg,160,120,0,4,1,158,105
armas (862)_jpg.rf.3EVtCdBIVPpAqoNBlvYN.jpg,183,275,0,75,71,97,125
010000416_jpg.rf.OQPrMUTihGmrB79euSby.jpg,600,385,2,476,151,551,227
010000416_jpg.rf.OQPrMUTihGmrB79euSby.jpg,600,385,2,297,112,389,200
010000416_jpg.rf.OQPrMUTihGmrB79euSby.jpg,600,385,2,428,46,464,164
010000416_jpg.rf.OQPrMUTihGmrB79euSby.jpg,600,385,2,159,83,180,193
010000416_jpg.rf.OQPrMUTihGmrB79euSby.jpg,600,385,2,248,68,274,174
010000416_jpg.rf.OQPrMUTihGmrB79euSby.jpg,600,385,2,30,240,575,369
01299ca3a493f3002_jpg.rf.ZyjaFF3OornVYanfTtXW.jpg,1024,681,2,272,211,989,448
armas (659)_jpg.rf.t5Jl9BY75OCyEctosxVb.jpg,465,356,0,24,61,196,176
d135627059c6c271c_jpg.rf.RXK3vE7JLTaI0vr5iTQi.jpg,1024,576,2,267,122,999,349
armas (381)_jpg.rf.tG6SLKMALA8iSziiPowp.jpg,450,267,0,76,8,388,234
011736917d1d06920_jpg.rf.RtQokn9HuyOmb4v5LXlA.jpg,768,1024,2,565,421,711,1023
armas (304)_jpg.rf.S8IY2vPcJOTSNTVLEXvF.jpg,660,340,0,489,93,558,120
armas (159)_jpg.rf.ViHewutpUlz52yYgeyfP.jpg,300,450,0,42,188,82,262
61c13c5bbaf7f4e3c_jpg.rf.SD1EU1fC2umSuL4ZWdNg.jpg,1024,683,2,0,266,737,588
01e96330982127f6a_jpg.rf.3EVONF6RiD79hU6dSJzu.jpg,1024,678,2,256,417,630,666
armas (669)_jpg.rf.Pq0na8FcB5zp9UbqJRZb.jpg,317,320,0,107,197,287,290
armas (669)_jpg.rf.Pq0na8FcB5zp9UbqJRZb.jpg,317,320,0,92,127,254,205
armas (669)_jpg.rf.Pq0na8FcB5zp9UbqJRZb.jpg,317,320,0,98,76,267,137
016c61f4ce28d8cfe_jpg.rf.VtOrJoGSQxdOis35FgsV.jpg,1024,640,2,116,235,1006,523
010001013_jpg.rf.a1XUS3EUlROatVypWByJ.jpg,600,337,2,6,48,230,336
010001013_jpg.rf.a1XUS3EUlROatVypWByJ.jpg,600,337,2,375,2,583,202
01b9238b5cf124731_jpg.rf.VrAcumwQvDWRYJ469JAf.jpg,1024,683,2,32,26,1023,671
armas (472)_jpg.rf.SMZMHP56hKltVTd3oeU9.jpg,913,1023,0,9,209,206,392
21df83097d4e10f78_jpg.rf.bP9ypPQwoA9kGCdDk4zj.jpg,1024,768,2,98,85,862,294
armas (933)_jpg.rf.N0Om4rBQeQjKgYAaoApe.jpg,270,187,0,167,92,235,147
armas (2998)_jpg.rf.3QgvD3eG1YZLMsqSKfOg.jpg,971,501,0,472,207,828,467
i1mage35_jpg.rf.acI2DRND2J4AumKbanOg.jpg,572,430,2,46,71,493,274
117d9319af1aaf399_jpg.rf.SZlciivkjAti94uCB2fU.jpg,1024,305,2,30,28,991,274
armas (2368)_jpg.rf.ZKrYaVG0xdq31NPScS3m.jpg,160,120,0,5,1,159,115
81e1f15226531fc11_jpg.rf.RVq0E5EjRHLBuCvTDp37.jpg,1024,553,2,175,328,652,490
81e1f15226531fc11_jpg.rf.RVq0E5EjRHLBuCvTDp37.jpg,1024,553,2,519,205,751,268
81e1f15226531fc11_jpg.rf.RVq0E5EjRHLBuCvTDp37.jpg,1024,553,2,546,136,709,203
81e1f15226531fc11_jpg.rf.RVq0E5EjRHLBuCvTDp37.jpg,1024,553,2,747,216,791,427
81e1f15226531fc11_jpg.rf.RVq0E5EjRHLBuCvTDp37.jpg,1024,553,2,783,216,839,466
b1c292bf1fd753e05_jpg.rf.2LgjF0fGjQexQa55Y2JT.jpg,1024,686,2,341,414,763,651
b1c292bf1fd753e05_jpg.rf.2LgjF0fGjQexQa55Y2JT.jpg,1024,686,2,54,376,140,432
c19ce9828ff4577ec_jpg.rf.bHMZin1rQfePMNQVbVoq.jpg,1024,676,2,442,176,763,360
c19ce9828ff4577ec_jpg.rf.bHMZin1rQfePMNQVbVoq.jpg,1024,676,2,487,456,803,675
armas (2239)_jpg.rf.20AlyhUkg0cKdtBAoIZu.jpg,160,120,0,2,1,157,112
85692e989086eda5_jpg.rf.SWsjUROKAa4TEKyjSULW.jpg,1024,683,0,491,349,892,580
armas (2816)_jpg.rf.c42HD4YD0AAbvlq5GHIq.jpg,600,366,0,26,20,578,343
d179b03149dc5d38d_jpg.rf.TgegGoMU0zn4kcX27IDe.jpg,1024,480,2,41,102,963,422
010000589_jpg.rf.rGtqduU7WHZSFZs4UIkX.jpg,600,450,2,50,139,565,289
011058754bcb30fa1_jpg.rf.VJkPGSPitjTGlQEUD57b.jpg,1024,686,2,126,311,536,506
armas (820)_jpg.rf.30OUwfFiOdIyEP6AjhN7.jpg,300,157,0,3,13,297,139
i1mage158_jpg.rf.T8fo2QBauepfJwMqCWWm.jpg,536,651,2,14,154,499,297
21c6908e21fca5955_jpg.rf.TNiLVqWaLudk0YKWdjNq.jpg,1024,411,2,72,166,958,297
armas (1593)_jpg.rf.rk7jIS7MrqrWeickn3YU.jpg,500,357,0,30,87,491,318
armas (2413)_jpg.rf.2ZB0JSZhxQLKJ9kJNwAf.jpg,160,120,0,3,3,157,119
1f8044ec515fcf82_jpg.rf.SjCf5DI0vH8VESgDNm3u.jpg,1024,680,0,46,162,913,554
51cb54e6d2dfa937d_jpg.rf.rmifSDTXjjtu9w9hDy4a.jpg,1024,680,2,130,153,984,471
010000502_jpg.rf.cklwjys1bXWJKveD9iap.jpg,320,220,2,43,65,176,125
21b276ab634309b43_jpg.rf.VrxuLhUHdF6l5k3L5Wsb.jpg,1024,681,2,0,96,238,129
21b276ab634309b43_jpg.rf.VrxuLhUHdF6l5k3L5Wsb.jpg,1024,681,2,305,243,869,449
c16e573d1100602f2_jpg.rf.c6Oteb0LVWbDZSW0t2Lp.jpg,1024,853,2,39,217,427,308
c16e573d1100602f2_jpg.rf.c6Oteb0LVWbDZSW0t2Lp.jpg,1024,853,2,48,86,443,175
c16e573d1100602f2_jpg.rf.c6Oteb0LVWbDZSW0t2Lp.jpg,1024,853,2,534,63,947,210
c16e573d1100602f2_jpg.rf.c6Oteb0LVWbDZSW0t2Lp.jpg,1024,853,2,568,424,890,541
c16e573d1100602f2_jpg.rf.c6Oteb0LVWbDZSW0t2Lp.jpg,1024,853,2,585,647,994,803
armas (2630)_jpg.rf.cCUzBhzBuKzOjOTgyLWH.jpg,160,120,0,2,2,157,117
armas (1025)_jpg.rf.tRRRnO29NBgN1OgIJJC3.jpg,183,276,0,113,128,161,206
armas (1025)_jpg.rf.tRRRnO29NBgN1OgIJJC3.jpg,183,276,0,86,127,116,206
912b8a26801ad8e38_jpg.rf.3EjYXxH8AwfDSeQpGP9P.jpg,1024,765,2,261,305,1023,701
armas (2908)_jpg.rf.bPZvaKUWDUtEFEYSmWDS.jpg,156,235,0,29,73,91,159
c126172e958ad6a64_jpg.rf.TALs4fL4UD4za4xo9Of2.jpg,763,1024,2,179,349,575,1023
010001178_jpg.rf.2hO449qcnPGwqCaF9ccV.jpg,600,324,2,23,38,549,205
01c4b629e801e8181_jpg.rf.jaIdsn50kzFxuSyBYUi7.jpg,1024,768,2,0,243,1024,766
a12f3c2ba48af6b39_jpg.rf.UgVUNeau5eVQ0Fwwh5sy.jpg,1024,787,2,188,250,588,458
01590f8a6fb6db369_jpg.rf.cABJO4ACU3DNhA5VsfwR.jpg,1024,683,2,175,150,931,405
i1mage121_jpg.rf.2YZroaTQvZ3eGGwgvY1V.jpg,620,350,2,69,74,359,330
61d838304a2ba6c42_jpg.rf.Rlo276hntK8i9TgnZUCk.jpg,1024,685,2,45,194,989,685
91a6a1f66c07fd040_jpg.rf.cp34nhr1oszEpkSBDv59.jpg,1024,685,2,127,30,1012,685
armas (388)_jpg.rf.hLd5l8RvACPPJN1IDpeG.jpg,1000,792,0,9,67,925,686
d18739de012372622_jpg.rf.TcNhIHOu2Ltu67VGTZvs.jpg,841,1024,2,0,649,622,1023
e11282607ed436319_jpg.rf.cXssLi9Ud4nKR3Saad6b.jpg,1024,683,2,254,62,941,682
01b3e6082f01ebbda_jpg.rf.T0Vr1tlk1bCk8jDjzMui.jpg,791,1024,2,0,286,545,468
010000594_jpg.rf.d31m8RNBa2yjeFgXtmRD.jpg,600,381,2,1,1,598,378
010001100_jpg.rf.iMMOHDv65Hyz8jGZrs1z.jpg,600,400,2,21,134,530,332
armas (1324)_jpg.rf.fulrLCLz5AhA5Q1jwMhM.jpg,576,498,0,30,28,544,447
armas (1406)_jpg.rf.ctzw3CvHY6n7rfhcZG1X.jpg,500,375,0,10,55,495,307
i1mage138_jpg.rf.UscNV3voyMsEfG5a2xV0.jpg,736,491,2,164,224,645,491
010000610_jpg.rf.cujyUCpyGRoHU4UrgfRO.jpg,600,249,2,22,32,575,215
armas (2626)_jpg.rf.dqm7yWjx97ewdlAMaRnQ.jpg,160,120,0,4,2,154,116
armas (895)_jpg.rf.a8nIm0eKa7ZNqUzptv3I.jpg,268,188,0,72,62,107,117
eec44434c18b304c_jpg.rf.35ShVK4qpoV2y7ODS4r4.jpg,701,1024,0,104,161,321,352
eec44434c18b304c_jpg.rf.35ShVK4qpoV2y7ODS4r4.jpg,701,1024,0,124,709,311,882
armas (340)_jpg.rf.UWEotKLnz3DfvHRbvhyG.jpg,450,386,0,45,65,404,315
armas (2874)_jpg.rf.2E9HPUvAlD8tUTjElygK.jpg,168,235,0,129,163,164,202
c18ce90db7b53ed08_jpg.rf.m5fhpVBEXOednQYxJPpD.jpg,1024,680,2,0,234,1023,679
1107abe3685256796_jpg.rf.d7oMhGRdLZeiP4yAVnGz.jpg,682,1024,2,0,0,682,1024
armas (2728)_jpg.rf.r5C2hCID0wTcWlxy0lcp.jpg,160,120,0,3,1,158,116
5141dc740ab898723_jpg.rf.qxUo8ZJfCHGWA6MEYEGU.jpg,813,1024,2,259,568,550,702
armas (1792)_jpg.rf.dy1OXdzS8qm44v8eeEEO.jpg,1400,1050,0,80,121,1315,1001
armas (1691)_jpg.rf.u0QRX7nbqCtyTFPwzOCO.jpg,500,375,0,211,158,261,211
21b98608291ee428e_jpg.rf.VDpu6hlwmyQ0v8M6SWPf.jpg,1024,768,2,8,41,630,381
armas (2310)_jpg.rf.3pY63HllvDUGt1tsAklj.jpg,160,120,0,2,2,156,116
armas (2178)_jpg.rf.tpWM2gwYiYvQ1FDm2xwP.jpg,160,120,0,2,1,156,115
017c8de936318a81_jpg.rf.eBEWJVAursebB6ZHxO7G.jpg,1024,792,0,80,114,819,412
017c8de936318a81_jpg.rf.eBEWJVAursebB6ZHxO7G.jpg,1024,792,0,135,417,877,718
839cb28a3dc890b4_jpg.rf.cllh2mOeLBTcs43xZ6uF.jpg,1024,709,0,42,83,925,688
c1467c435cafcc196_jpg.rf.cIl7fgRLbId9R6ZfATHC.jpg,1024,640,2,376,217,720,331
armas (1705)_jpg.rf.s7vs6v6ubL9g68KoF6GZ.jpg,758,407,0,4,49,751,318
d1cb0879c2e3cf959_jpg.rf.ryUPgyjvMEwN5nUssraV.jpg,1024,681,2,165,190,984,445
918ac89680baf8a70_jpg.rf.2nB26zcF1MVq3woQ3q9m.jpg,1024,681,2,333,270,673,422
f34a0b92a975f4e7_jpg.rf.so0YnpmVGkfDALEgKzPP.jpg,1024,683,0,133,90,942,626
21bf68b8b2ed98310_jpg.rf.tZwiRWXYj1iosAQc5pem.jpg,1024,453,2,7,142,759,389
61fa678cdeb67edd6_jpg.rf.tbpICs6nSzENskmy83Ob.jpg,1024,680,2,195,183,899,396
b104f4a210933155e_jpg.rf.3g0c2J8o6toDwUYsfADS.jpg,768,1024,2,137,385,767,681
armas (320)_jpg.rf.kBpYgrXEjZUGl5TUIiby.jpg,270,194,0,120,38,184,88
armas (1557)_jpg.rf.3f2CiVGDq1JeKm6qdgy1.jpg,500,332,0,63,40,490,321
armas (1338)_jpg.rf.haHV5EUD7E2ECFSJICod.jpg,1024,641,0,37,35,979,610
armas (2518)_jpg.rf.e5cVPUb644ji2qNWCzzK.jpg,160,120,0,2,7,158,112
1151599f9ebe70c3a_jpg.rf.e1bjDT3HdPNFPqhECnSK.jpg,1024,576,2,595,0,1023,543
armas (1569)_jpg.rf.fDkfZP2LhsG5XxAVL81A.jpg,500,334,0,12,50,407,331
armas (2868)_jpg.rf.fjtyaBqjzwV1j2Q07yW3.jpg,400,400,0,288,121,396,223
d1ac003e9457c4947_jpg.rf.fD3j6fovzNcsnIvxIHhf.jpg,1024,768,2,617,584,719,656
armas (2115)_jpg.rf.g6Embki3uTAyDfsJyQeA.jpg,660,327,0,79,51,502,324
armas (2497)_jpg.rf.s8Xbb5ojXOb43wHJrl0h.jpg,160,120,0,2,1,157,117
armas (993)_jpg.rf.t0RkXHnzBu5GGMlRZbPH.jpg,257,196,0,7,4,257,194
010000163_jpg.rf.uPtyf8VPcQWKMCpt84rS.jpg,600,963,2,238,423,419,869
41fe1cd2bb7b776fe_jpg.rf.so38c0uGl0f5Eye6Gxq0.jpg,1024,628,2,271,204,403,266
41fe1cd2bb7b776fe_jpg.rf.so38c0uGl0f5Eye6Gxq0.jpg,1024,628,2,471,293,712,372
21afa11e0fc6e0ff1_jpg.rf.3WyXCyE6ujZHYSuKz8J0.jpg,1024,683,2,185,194,892,682
armas (181)_jpg.rf.gCKWo8K162LmpYMCitvc.jpg,780,438,0,87,169,273,427
armas (181)_jpg.rf.gCKWo8K162LmpYMCitvc.jpg,780,438,0,1,265,90,434
armas (181)_jpg.rf.gCKWo8K162LmpYMCitvc.jpg,780,438,0,301,144,484,422
armas (181)_jpg.rf.gCKWo8K162LmpYMCitvc.jpg,780,438,0,441,208,596,420
armas (181)_jpg.rf.gCKWo8K162LmpYMCitvc.jpg,780,438,0,643,229,780,403
armas (181)_jpg.rf.gCKWo8K162LmpYMCitvc.jpg,780,438,0,219,41,353,214
armas (181)_jpg.rf.gCKWo8K162LmpYMCitvc.jpg,780,438,0,500,44,648,193
armas (181)_jpg.rf.gCKWo8K162LmpYMCitvc.jpg,780,438,0,387,1,538,140
armas (181)_jpg.rf.gCKWo8K162LmpYMCitvc.jpg,780,438,0,129,1,275,107
armas (181)_jpg.rf.gCKWo8K162LmpYMCitvc.jpg,780,438,0,300,1,386,71
armas (181)_jpg.rf.gCKWo8K162LmpYMCitvc.jpg,780,438,0,662,1,762,88
armas (1806)_jpg.rf.TwByoqsCLdcSkPIHphDp.jpg,346,540,0,165,129,280,361
010000706_jpg.rf.uLhwIiesTzr6iaFsu59F.jpg,600,450,2,25,186,581,347
armas (2747)_jpg.rf.u3QrXphGXagrYShTekkZ.jpg,160,120,0,2,3,156,117
71e5f1eaccf859134_jpg.rf.g15ETb6uzKUpgXFCzukq.jpg,1024,544,2,19,306,475,506
71e5f1eaccf859134_jpg.rf.g15ETb6uzKUpgXFCzukq.jpg,1024,544,2,709,56,920,231
798953096bacd737_jpg.rf.vPukxpPsOadmIx1yRspm.jpg,1024,768,0,18,258,1016,718
armas (2571)_jpg.rf.gDuZH3zTPDhH6htYV23X.jpg,160,120,0,4,1,155,117
armas (480)_jpg.rf.vxJHrUJjxKFe33m3e8Ob.jpg,170,170,0,89,89,112,113
armas (2244)_jpg.rf.gBolADRWi9a5LthZWpNC.jpg,160,120,0,1,3,158,104
armas (1329)_jpg.rf.3xCJV7kNuuUL85pKCGWo.jpg,590,408,0,37,31,553,377
armas (599)_jpg.rf.3jyuaZ1WCQZQkdb2e0Bd.jpg,2496,1863,0,831,517,1903,1017
armas (2965)_jpg.rf.3tgMUNcK5bY6PsZoXDcK.jpg,500,199,0,24,7,407,185
311f8f557e6377bbe_jpg.rf.gtLBE99fA0FbEWOj257J.jpg,1024,683,2,216,235,924,481
0182e9342802ec9c3_jpg.rf.WCyZUdy88A0ukS3Zj9WV.jpg,1024,683,2,147,269,739,408
31118e8ba2dcf22bf_jpg.rf.vE27px08ReQebPR8Zevb.jpg,1024,731,2,68,35,449,198
31118e8ba2dcf22bf_jpg.rf.vE27px08ReQebPR8Zevb.jpg,1024,731,2,241,216,516,284
armas (1485)_jpg.rf.vGbj1SLC3nsEK6cMJJgQ.jpg,500,281,0,66,13,446,247
13cef2ee3c4e0973_jpg.rf.4X1gj5tJxjdGfSiwmWEz.jpg,927,1024,0,97,265,657,577
13cef2ee3c4e0973_jpg.rf.4X1gj5tJxjdGfSiwmWEz.jpg,927,1024,0,204,424,748,949
13cef2ee3c4e0973_jpg.rf.4X1gj5tJxjdGfSiwmWEz.jpg,927,1024,0,288,129,647,343
armas (1130)_jpg.rf.k8FlzODxjQX7ZV6vLiZq.jpg,866,1390,0,41,456,292,633
d1a092e393cae2ee8_jpg.rf.kQ81QUkAZNLunoQY6ily.jpg,1024,965,2,302,277,396,381
d1a092e393cae2ee8_jpg.rf.kQ81QUkAZNLunoQY6ily.jpg,1024,965,2,519,121,864,258
d1a092e393cae2ee8_jpg.rf.kQ81QUkAZNLunoQY6ily.jpg,1024,965,2,653,268,942,430
armas (1003)_jpg.rf.W4wqVQbwLTenU9iVsVJQ.jpg,265,190,0,108,51,240,134
armas (1791)_jpg.rf.tlBEI3IwO908IglJC5tp.jpg,220,135,0,97,19,160,49
armas (2240)_jpg.rf.WgrNzRLr09JDEATNiOXK.jpg,160,120,0,2,1,157,113
010000401_jpg.rf.45Yimau0ZGPp5vI1r1g3.jpg,600,492,2,11,11,498,402
aa8fc44abcde8847_jpg.rf.4pknOyZLQ6H44VGVdfuB.jpg,1024,678,0,120,68,956,593
016a84573d87d39e5_jpg.rf.40xJe2D7q2eGAr2ytEVn.jpg,1024,768,2,457,222,632,580
armas (678)_jpg.rf.kZBei67Aigf5ILtolIBd.jpg,560,364,0,383,127,452,177
armas (2284)_jpg.rf.kG1tVgMjMqFoxTyrdtCF.jpg,160,120,0,4,2,155,118
01270d602ff3f3151_jpg.rf.lmYKntudZHTySxS0vfxu.jpg,681,1024,2,0,286,376,578
010000979_jpg.rf.MVeeHB5yonIYiAtW3J2M.jpg,600,337,2,27,103,595,311
armas (1548)_jpg.rf.4ltShbxTqWcRK4abl5ku.jpg,500,333,0,39,220,112,246
armas (1548)_jpg.rf.4ltShbxTqWcRK4abl5ku.jpg,500,333,0,190,222,266,254
armas (1548)_jpg.rf.4ltShbxTqWcRK4abl5ku.jpg,500,333,0,389,217,463,246
armas (817)_jpg.rf.8jgQJvYz6HAHoYS49Umq.jpg,300,223,0,5,71,290,201
armas (1343)_jpg.rf.WW8R1XCRgWyipeEz2OTi.jpg,1024,724,0,169,51,851,645
armas (1253)_jpg.rf.3xJUHAXfHUa1NGWu5uyP.jpg,264,422,0,4,1,236,416
3100c3175ae1f0d5b_jpg.rf.ec5r3ufJW3J2SbvWwlYb.jpg,1024,683,2,288,487,993,683
i1mage186_jpg.rf.X0aIeJY7Iajl7BF81d9o.jpg,588,440,2,104,156,451,440
913cfdf898bc2ca74_jpg.rf.9Bdbg5zAFI8L1j7RY4eq.jpg,1024,389,2,0,44,1024,360
010000755_jpg.rf.gTPCWd1pXPexD4bpt6fb.jpg,550,311,2,60,163,469,309
010000755_jpg.rf.gTPCWd1pXPexD4bpt6fb.jpg,550,311,2,7,4,545,148
armas (2033)_jpg.rf.lzGwhKreKfbIBUaafKS1.jpg,300,315,0,76,6,162,238
01c3d5a7a2315ffe9_jpg.rf.wX1raJvGoK0qLyiCrbov.jpg,1024,681,2,114,230,814,500
2ecfa5e05306b3e0_jpg.rf.tLyeWBdBlgtH5w6IkTOB.jpg,1024,787,0,178,223,939,754
i1mage65_jpg.rf.45DZzbijJPY9ATSCIgCp.jpg,638,450,2,17,186,638,378
armas (1194)_jpg.rf.nMvrMhgiVY4uxjxs4Fkf.jpg,500,395,0,291,102,390,170
armas (2511)_jpg.rf.m44QOQ1Iq9TRI00oaP0v.jpg,160,120,0,1,1,155,113
armas (276)_jpg.rf.X5L3lia64Ts7GOpISCXr.jpg,508,657,0,81,263,172,371
armas (1477)_jpg.rf.sHd1KDOx7qSoDHC3DS5L.jpg,334,500,0,80,251,269,476
7140bced5b85963c8_jpg.rf.WfY6RkgJdiKTKkEMXqjT.jpg,1024,683,2,718,142,960,348
7714c386ad78c542_jpg.rf.sjunOGnRuZ2RoJTrTOpA.jpg,848,768,0,327,429,491,559
71c09fc938e8e70c7_jpg.rf.YFZvOSLE52nSWjt5rTzV.jpg,1024,617,2,471,29,869,288
71c09fc938e8e70c7_jpg.rf.YFZvOSLE52nSWjt5rTzV.jpg,1024,617,2,253,173,504,312
849c7a297e40edc5_jpg.rf.9SLn4OnEbBizpogY3ntg.jpg,1024,768,0,210,304,863,638
849c7a297e40edc5_jpg.rf.9SLn4OnEbBizpogY3ntg.jpg,1024,768,0,210,305,867,641
armas (722)_jpg.rf.9cVeaEDrfLVtthqbg27t.jpg,640,480,0,1,67,628,480
313f4cb2943116269_jpg.rf.9jpLCXIg80T6FpvUgcJ7.jpg,1024,879,2,367,333,807,529
313f4cb2943116269_jpg.rf.9jpLCXIg80T6FpvUgcJ7.jpg,1024,879,2,543,174,755,266
0d3f3f4e0634026b_jpg.rf.4bQxTAe3c8lq8yzliqtU.jpg,1024,752,0,68,84,971,705
0d3f3f4e0634026b_jpg.rf.4bQxTAe3c8lq8yzliqtU.jpg,1024,752,0,69,82,971,704
armas (2471)_jpg.rf.4gYI6gNTKSp2LU1GVVZh.jpg,160,120,0,11,3,150,109
a67c45fe2b36d2e3_jpg.rf.4xNWI0vHs6a4l2fqtWAW.jpg,1024,856,0,50,39,446,299
a67c45fe2b36d2e3_jpg.rf.4xNWI0vHs6a4l2fqtWAW.jpg,1024,856,0,51,274,553,619
a67c45fe2b36d2e3_jpg.rf.4xNWI0vHs6a4l2fqtWAW.jpg,1024,856,0,327,447,714,691
a67c45fe2b36d2e3_jpg.rf.4xNWI0vHs6a4l2fqtWAW.jpg,1024,856,0,532,28,988,270
a67c45fe2b36d2e3_jpg.rf.4xNWI0vHs6a4l2fqtWAW.jpg,1024,856,0,595,278,975,680
415db945ec0002145_jpg.rf.khmEemcXY0OGHUwoO716.jpg,1024,652,2,259,85,355,465
armas (33)_jpg.rf.kbUFHKDFwtQ0RIGoN5jg.jpg,967,1300,0,160,330,738,1238
11e4276c9c04ebafd_jpg.rf.kjwBAme0I1PPD6z2W1nO.jpg,1024,681,2,186,228,859,452
11820cbfbff12ba49_jpg.rf.letkxGbDcdiOFsBLL9d3.jpg,1024,683,2,274,241,808,522
armas (45)_jpg.rf.m2gpxNvTTxKyLmSjCX7b.jpg,1300,912,0,605,180,1190,772
armas (505)_jpg.rf.lUbHmaLkg7mHUPEWAKsO.jpg,271,186,0,8,2,265,181
armas (342)_jpg.rf.lAskcPweuRFDMeanopim.jpg,286,470,0,30,62,226,357
armas (2788)_jpg.rf.mJCp6RXUEbJjJ3ENEm4z.jpg,500,334,0,169,275,275,333
i1mage88_jpg.rf.mQRoSPWbGi9IOtOJsjvC.jpg,576,432,2,76,130,485,266
719aa0f94f156073f_jpg.rf.YetdZaiYiVlqfVX8vAp6.jpg,1024,692,2,818,512,1024,588
armas (1774)_jpg.rf.YFkbuDESfHKpzr7t9GV0.jpg,463,323,0,18,17,433,291
51c965a1c863fa163_jpg.rf.Xk8O1TUp9TjnFdRJetD2.jpg,1024,768,2,58,281,444,462
51c965a1c863fa163_jpg.rf.Xk8O1TUp9TjnFdRJetD2.jpg,1024,768,2,308,465,1022,753
armas (1408)_jpg.rf.YdGN9CtEVKZT81gmYcV8.jpg,500,375,0,65,210,179,333
armas (1408)_jpg.rf.YdGN9CtEVKZT81gmYcV8.jpg,500,375,0,192,246,321,365
armas (2352)_jpg.rf.ZECRoijZvZkvgOLDCuCt.jpg,160,120,0,8,20,154,107
61be4258da35b41d7_jpg.rf.4krH82ia1QkBRv5Rtg65.jpg,717,1024,2,146,418,513,905
c1b0a6d5fc69d47ea_jpg.rf.7Pdy5bKUUYEuaTo3nPyn.jpg,1024,768,2,93,439,308,623
c1b0a6d5fc69d47ea_jpg.rf.7Pdy5bKUUYEuaTo3nPyn.jpg,1024,768,2,423,566,989,671
armas (2716)_jpg.rf.4Jax4Ux7u8oY6AYILdGJ.jpg,160,120,0,5,4,152,110
armas (672)_jpg.rf.4TwLgIDerSsNfV29y27U.jpg,640,447,0,132,38,415,214
armas (672)_jpg.rf.4TwLgIDerSsNfV29y27U.jpg,640,447,0,487,122,635,336
armas (1876)_jpg.rf.s8v165FJJcwqBOTv83I8.jpg,800,530,0,1,135,284,427
11a9d4de0939ec738_jpg.rf.mybh3LJRNeRG8NmH4fYN.jpg,1024,731,2,509,437,810,730
010001196_jpg.rf.muHLIuFAqpAR7gbVtifd.jpg,600,985,2,185,39,279,344
armas (1959)_jpg.rf.XxfzL7And7cGANDSdU3z.jpg,1500,1187,0,190,204,1138,788
armas (434)_jpg.rf.LnWH3jkH5QJbqoIORLK8.jpg,682,1023,0,137,530,226,643
51cd5df8a49a3ae11_jpg.rf.3mNXNJmDnCPnl2pasGtx.jpg,1024,683,2,174,189,771,440
armas (2205)_jpg.rf.4WQdYdDdqupKKPQ8zbp3.jpg,160,120,0,2,1,154,114
0179a415c47aa82b1_jpg.rf.QU1canEclPqPdHLJ8Mvq.jpg,1024,683,2,189,229,883,487
617ebe3306362760e_jpg.rf.llZ69fII7Y7gdroKdNw8.jpg,1024,1009,2,130,188,280,886
617ebe3306362760e_jpg.rf.llZ69fII7Y7gdroKdNw8.jpg,1024,1009,2,207,195,362,915
617ebe3306362760e_jpg.rf.llZ69fII7Y7gdroKdNw8.jpg,1024,1009,2,331,186,437,909
617ebe3306362760e_jpg.rf.llZ69fII7Y7gdroKdNw8.jpg,1024,1009,2,356,203,533,958
617ebe3306362760e_jpg.rf.llZ69fII7Y7gdroKdNw8.jpg,1024,1009,2,490,187,596,932
617ebe3306362760e_jpg.rf.llZ69fII7Y7gdroKdNw8.jpg,1024,1009,2,549,202,726,957
617ebe3306362760e_jpg.rf.llZ69fII7Y7gdroKdNw8.jpg,1024,1009,2,671,182,844,928
armas (918)_jpg.rf.mQlCcxzfeRgwCUBrSVxu.jpg,255,198,0,97,21,224,179
e17c7710f5e53e283_jpg.rf.M7v9e7O0kHaQEn8lXq0y.jpg,1024,680,2,13,317,821,570
e17c7710f5e53e283_jpg.rf.M7v9e7O0kHaQEn8lXq0y.jpg,1024,680,2,247,98,420,131
armas (1370)_jpg.rf.ZFqtIojVeW18dfI6mmUJ.jpg,500,238,0,38,49,470,192
armas (2389)_jpg.rf.MuV5XuaZCF4K1dK6rJEI.jpg,160,120,0,1,2,155,118
c10f2433ec1cc8ee3_jpg.rf.64YKy6C7DpQhkTI1rdWT.jpg,1024,694,2,22,0,1019,691
010001274_jpg.rf.4wD3fNdiptRUPBodiRrt.jpg,600,428,2,12,139,571,316
81b971f266b59b3b6_jpg.rf.4BrFgbSmpUEoMC7jGvd6.jpg,680,1024,2,118,351,245,1023
armas (2219)_jpg.rf.mc92Ju9Wk45qhkQJRMTU.jpg,160,120,0,1,2,157,116
armas (1373)_jpg.rf.mYZ6Pxts8xFHIBJu1FBE.jpg,500,327,0,34,1,456,327
armas (1899)_jpg.rf.N0UiZTJaM8f8KsDQ9b4O.jpg,640,499,0,182,175,246,244
010000831_jpg.rf.4nBtAcA0U5HtnEINYwuV.jpg,600,450,2,15,96,591,271
armas (1302)_jpg.rf.8Sd9NvMLaNByXuEX6BBb.jpg,500,375,0,29,64,425,359
613112461d92f07a4_jpg.rf.8LvaBX5WK6YWXRSzna3D.jpg,1024,683,2,26,0,920,618
armas (677)_jpg.rf.N39UwsQLA8wBfOFAAw2Y.jpg,640,400,0,36,99,204,340
21d9918b494567dcf_jpg.rf.mnUQxl44QqdPv4DRQ9FP.jpg,1024,683,2,693,364,967,471
8171c2917f23da82d_jpg.rf.2dRuP3OfIfwTlr3Ha5JR.jpg,1024,341,2,35,12,978,311
armas (499)_jpg.rf.47Sd9DDKhvRIEl9gGEpK.jpg,192,128,0,34,21,147,103
01f444f17a22d1789_jpg.rf.Mcx2kA6z2UbMrnWAQi3Y.jpg,1024,728,2,311,213,991,433
armas (2044)_jpg.rf.2dZIwX6TU5xrvAzZ3e2C.jpg,346,540,0,153,113,270,246
armas (778)_jpg.rf.482oHVF51JM2KdLgEbw3.jpg,300,189,0,20,32,282,172
armas (2925)_jpg.rf.MH7psr43yL2JAm9wLNEB.jpg,400,308,0,9,10,388,297
02f9ae767bfcf239_jpg.rf.7Zi1VHullkIuPi4aLwMv.jpg,1024,768,0,13,88,962,724
armas (1555)_jpg.rf.QUC0Xzq3iPd5PVqXbql8.jpg,500,332,0,83,1,430,320
armas (84)_jpg.rf.wOyPleGVDWwkkIAZ6tWm.jpg,450,295,0,205,104,266,166
armas (84)_jpg.rf.wOyPleGVDWwkkIAZ6tWm.jpg,450,295,0,277,98,348,167
51da2d210b345ebe4_jpg.rf.15JWToKXk5FXFscSBUyp.jpg,1024,683,2,175,357,247,420
51da2d210b345ebe4_jpg.rf.15JWToKXk5FXFscSBUyp.jpg,1024,683,2,189,445,394,649
51da2d210b345ebe4_jpg.rf.15JWToKXk5FXFscSBUyp.jpg,1024,683,2,783,464,873,632
51fdef5c683499cc2_jpg.rf.dhaUa65KGxmodIdBax2H.jpg,1024,458,2,505,212,722,327
11d4c2ecd134610c5_jpg.rf.7aL9ZwszJKTkoKg8hBB1.jpg,1024,681,2,250,203,988,425
11a045056473e8261_jpg.rf.XJy6ZWGoCCCIQsrdUqgC.jpg,1024,826,2,138,42,1008,770
armas (274)_jpg.rf.4MIG8Hz1sa7TMVAHubhs.jpg,580,412,0,124,206,305,412
31da4728dcf3d46ed_jpg.rf.nI7i9XgcEDthqQfJBnTu.jpg,683,1024,2,60,314,561,510
0111c5fc3ceab6483_jpg.rf.dqs37KMHMl2BAo5gJTSc.jpg,1024,683,2,170,83,352,215
0111c5fc3ceab6483_jpg.rf.dqs37KMHMl2BAo5gJTSc.jpg,1024,683,2,946,80,1009,241
01ea79ece19320efe_jpg.rf.l64yb9aBiKZ3ooVKBBvt.jpg,1024,683,2,0,0,1022,681
41a687ef8a22deb99_jpg.rf.Ls0Jl7UKJruOqb6NpntH.jpg,1024,928,2,198,311,540,450
armas (2510)_jpg.rf.ZCQBHnuPckyFtRO5HnAC.jpg,160,120,0,3,2,154,113
01ab957426db1e760_jpg.rf.8FdzPTuGz8wBql0hzplA.jpg,1024,632,2,774,50,993,342
armas (2183)_jpg.rf.8cLgf7x1pX7CpjGBO48f.jpg,160,120,0,5,14,152,107
532e3395d3ea0e20_jpg.rf.l7HWtKQfYCjPmOMiPYNu.jpg,1024,768,0,36,180,996,645
3175527004fc6e0ab_jpg.rf.mZgM9ZHYIHW5771cdxXg.jpg,695,1024,2,216,237,566,534
d1dba6c84ada96d2b_jpg.rf.4a8O9iTnjQBGQmhBeFuX.jpg,1024,681,2,308,0,1015,433
d1dba6c84ada96d2b_jpg.rf.4a8O9iTnjQBGQmhBeFuX.jpg,1024,681,2,584,468,849,679
armas (426)_jpg.rf.M80N5PX1UGBIYuZIAs2g.jpg,774,1023,0,197,92,476,348
armas (133)_jpg.rf.mSCE9JpCh6i3XdOCGlch.jpg,799,1024,0,171,370,627,670
a12cc37bc68140384_jpg.rf.MeXoWd4qhW9FhwU0JEzi.jpg,1024,768,2,0,73,496,611
a12cc37bc68140384_jpg.rf.MeXoWd4qhW9FhwU0JEzi.jpg,1024,768,2,449,365,768,726
c1efac15e9d9bd25c_jpg.rf.N2tsNgHqK4PbM9Hasy3O.jpg,1024,680,2,267,232,562,635
armas (2508)_jpg.rf.68Ks1Oe3rSD7pFRLfpIg.jpg,160,120,0,6,3,157,113
3e7a9329ba00857c_jpg.rf.OKifoWLPvMpWj0GqBYke.jpg,1024,731,0,83,63,955,683
armas (455)_jpg.rf.NnknOUi6ItHUlbe18kK9.jpg,1023,683,0,421,85,624,308
8137f0e9f1c07da04_jpg.rf.MryqDx0G81eSqF8Msx67.jpg,1024,571,2,212,189,1006,432
armas (1889)_jpg.rf.NsG7qaxJahfSoIx4dK1u.jpg,347,540,0,187,62,235,127
811fad95cc4ab8f51_jpg.rf.NxrbuqEod5JbIaM6Ok5v.jpg,1024,647,2,280,230,898,438
0185040b844c2aa92_jpg.rf.OMO83yLRrReISLwVebQb.jpg,1024,398,2,70,71,995,335
armas (1624)_jpg.rf.ONSYxksCP6NtE9sFcnM6.jpg,500,375,0,167,140,495,336
armas (898)_jpg.rf.53e3r8IpRY8kFvXgdtaJ.jpg,275,183,0,112,16,195,151
ba346286a73afc8d_jpg.rf.NRawxWaJoUwXKSqJrWrE.jpg,1024,655,0,25,34,964,630
216e9ba2de19cb01b_jpg.rf.4z36jjvqGAjX3EDuWWlw.jpg,1024,683,2,0,277,658,510
armas (500)_jpg.rf.5GMGFf3DqlYxdjR8dNkg.jpg,262,192,0,26,10,235,176
i1mage109_jpg.rf.5Ex04A6zan5TEALavYEt.jpg,522,578,2,123,84,299,141
37d2923e1d9f5044_jpg.rf.5P8m3NxImA36058EPJNV.jpg,1024,680,0,40,41,954,648
armas (2241)_jpg.rf.4zX1uwUDMsIcMNUi7Cs9.jpg,160,120,0,4,2,156,113
010000682_jpg.rf.548LpPWfQrGl7MfTRVjQ.jpg,600,800,2,2,20,578,785
010000990_jpg.rf.5UvBYkgO6RUcIKo152hD.jpg,600,221,2,23,39,578,197
armas (1682)_jpg.rf.5XNsEU6eR5pkeQUhUjwY.jpg,500,375,0,94,67,140,82
armas (2069)_jpg.rf.5U4C8yub51ZHLvUFtmhA.jpg,640,480,0,137,44,605,243
armas (186)_jpg.rf.5bBpN4fEzz5Eksw47A6O.jpg,876,493,0,149,39,662,470
419c1465aad42750a_jpg.rf.N8WMdANZvLlzxZCuzjNa.jpg,1024,683,2,418,302,710,471
419c1465aad42750a_jpg.rf.N8WMdANZvLlzxZCuzjNa.jpg,1024,683,2,256,362,557,625
419c1465aad42750a_jpg.rf.N8WMdANZvLlzxZCuzjNa.jpg,1024,683,2,480,531,846,623
armas (2488)_jpg.rf.6LrGhj1zYpB2IAW8mPF8.jpg,160,120,0,4,3,157,115
0141a29977e1cb435_jpg.rf.6RgU4k5qVrAVWD3z2Sum.jpg,1024,640,2,603,308,986,604
81848f8ed7b7dd79e_jpg.rf.72S05Lm51BDMMYCVFzFz.jpg,1024,686,2,326,219,801,381
81848f8ed7b7dd79e_jpg.rf.72S05Lm51BDMMYCVFzFz.jpg,1024,686,2,344,235,875,284
8c8f777c6cd1dfdf_jpg.rf.7N5zXxYJCatoak7ZkpnL.jpg,1024,768,0,0,94,1023,767
armas (2309)_jpg.rf.7ZNCwjk09lsdIdL5LebY.jpg,160,120,0,5,2,157,116
818a61bbdce51d336_jpg.rf.dQQnVjwcYH2Xy94EaNh4.jpg,1024,767,2,103,78,647,450
f11da2408f360ea4c_jpg.rf.NxKS7kOE9j9LCft7HdBP.jpg,1024,768,2,52,245,946,629
armas (2177)_jpg.rf.NxAZhn4rUTx3056SE70y.jpg,160,120,0,3,1,157,115
c184d9d7706ca00f8_jpg.rf.5TLJ499b6Ybd9hgRbzHB.jpg,1024,768,2,0,179,1024,688
81c548ac375e3b822_jpg.rf.6H0zxahmrEJyupOYgBaq.jpg,1024,683,2,83,335,176,543
81c548ac375e3b822_jpg.rf.6H0zxahmrEJyupOYgBaq.jpg,1024,683,2,333,295,404,389
81c548ac375e3b822_jpg.rf.6H0zxahmrEJyupOYgBaq.jpg,1024,683,2,496,291,561,421
81c548ac375e3b822_jpg.rf.6H0zxahmrEJyupOYgBaq.jpg,1024,683,2,686,301,705,466
armas (1786)_jpg.rf.djXtY5ib8IjPaL1hxqUO.jpg,160,89,0,6,31,159,61
9831a2a519756569_jpg.rf.e0fPHR92THaUyekChQBQ.jpg,1024,682,0,535,189,676,256
817bb7942ad9cc4cb_jpg.rf.dpelcZBdeanMnhHdWAK5.jpg,1024,768,2,165,84,667,362
d1eb38df0ec90443e_jpg.rf.eGaXHhFJoClvirLTamF5.jpg,1024,683,2,246,239,910,532
armas (1471)_jpg.rf.eKWjJJpoa5SIfNX1n3ph.jpg,500,355,0,76,72,158,118
armas (1471)_jpg.rf.eKWjJJpoa5SIfNX1n3ph.jpg,500,355,0,155,73,190,99
b17386f761415e534_jpg.rf.eRMnoxfS1QvPFoy6IAJG.jpg,1024,854,2,44,32,975,854
armas (55)_jpg.rf.eUt1cIjWquDjRIpCrxlc.jpg,600,391,0,315,139,370,224
armas (2446)_jpg.rf.e9eMqOLiCkqOKyuarYA3.jpg,160,120,0,3,3,158,116
15c01407665866e0_jpg.rf.1ideymxrqRbexxjQG1SC.jpg,1024,680,0,206,184,826,520
armas (1526)_jpg.rf.2G3FWLHLI360MjDGNmGi.jpg,387,500,0,83,350,108,383
armas (1526)_jpg.rf.2G3FWLHLI360MjDGNmGi.jpg,387,500,0,36,76,73,186
armas (1526)_jpg.rf.2G3FWLHLI360MjDGNmGi.jpg,387,500,0,250,57,294,85
armas (1526)_jpg.rf.2G3FWLHLI360MjDGNmGi.jpg,387,500,0,290,167,333,198
armas (1526)_jpg.rf.2G3FWLHLI360MjDGNmGi.jpg,387,500,0,183,388,193,409
armas (1259)_jpg.rf.2OrElC6f4bh71VeyZMV9.jpg,333,500,0,176,326,241,433
armas (1031)_jpg.rf.epTSl7VRy4EMY4P8Y6KR.jpg,183,275,0,143,74,179,99
armas (298)_jpg.rf.7NEI5uOaudJCNbl1qhOF.jpg,3072,1728,0,225,933,837,1324
armas (298)_jpg.rf.7NEI5uOaudJCNbl1qhOF.jpg,3072,1728,0,913,582,1204,812
armas (298)_jpg.rf.7NEI5uOaudJCNbl1qhOF.jpg,3072,1728,0,1422,533,1637,679
armas (298)_jpg.rf.7NEI5uOaudJCNbl1qhOF.jpg,3072,1728,0,1579,479,1758,603
armas (125)_jpg.rf.eyj1EdqDnDhwCwN6eEJl.jpg,1300,911,0,70,121,1238,840
71964314c3dd013ae_jpg.rf.ewCzC4IWTzZHfmFxnJ8V.jpg,1024,683,2,58,215,1023,682
52ae66ffb02e7d49_jpg.rf.f1eZpcXndDi2xXglFSSC.jpg,1024,683,0,534,134,670,223
116b35ef2aac3e983_jpg.rf.1LPzibjFB0oP2HzmLfCZ.jpg,1024,685,2,269,261,953,466
ae65b7cedbcfe6f3_jpg.rf.1O7UKcHafCq1CRpK2PG6.jpg,1024,679,0,29,30,986,669
11ebec902cf84b42a_jpg.rf.fbWRIGcXTcCRlRv2BqjH.jpg,1024,680,2,354,217,501,390
198bbd2796390596_jpg.rf.eb3TYftYRjYsFSAi5Bp7.jpg,1024,768,0,260,107,875,668
b180acd92c2fb9fb3_jpg.rf.fMxQTd3nCTHyFtOoFzyW.jpg,1024,576,2,71,146,337,242
b180acd92c2fb9fb3_jpg.rf.fMxQTd3nCTHyFtOoFzyW.jpg,1024,576,2,419,102,571,229
fbda7f37af5150b0_jpg.rf.0skIdGeOZMcK3MfYpiBA.jpg,1024,819,0,158,20,811,804
armas (1072)_jpg.rf.1cg2seqGms7dZQmenfic.jpg,400,298,0,8,8,397,289
armas (406)_jpg.rf.1Zel6P0FgYk0TgaavMjM.jpg,774,646,0,162,192,417,492
51eeaf1668488ef60_jpg.rf.esAd5RjPtvECmMgMnBS7.jpg,1024,900,2,83,249,955,744
01747f497a2c9c1ad_jpg.rf.fY95ucT4SdqfxYwfLOpA.jpg,1024,765,2,86,486,805,764
armas (408)_jpg.rf.f12c5BrJDbiGmsi5wLzG.jpg,1023,683,0,328,78,890,597
armas (173)_jpg.rf.1SHm1N8DpiLz2E5D0j0O.jpg,500,334,0,102,53,402,282
8e3eab9ad91b2188_jpg.rf.3n1VKpLYycYoyfFaAfgB.jpg,1024,710,0,49,61,993,676
010000243_jpg.rf.44AfW9uaI5IWM6heXcJ8.jpg,600,450,2,1,7,597,390
9793af617911e277_jpg.rf.4rAXr87zl5VSjca1HXXn.jpg,1024,683,0,44,0,990,671
6158880d8543dc26b_jpg.rf.j91O1cgghIojqCH6aUPP.jpg,683,1024,2,48,345,619,900
armas (2605)_jpg.rf.jE7Xg6HzW1RLqrYE4pmX.jpg,160,120,0,2,2,157,113
armas (108)_jpg.rf.jkurRSWsg3h3Pm0OdqJH.jpg,1500,1120,0,819,167,1033,486
armas (1168)_jpg.rf.k9GCNIcu5EqJ0euj0Oa6.jpg,608,386,0,196,232,211,255
armas (779)_jpg.rf.k9Ko2zncOuZ6AmPqw3Gr.jpg,300,151,0,6,12,293,136
armas (2454)_jpg.rf.kXyOEiRNXa2UZ7yrgAS8.jpg,160,120,0,12,3,157,114
e18cf522b9d921026_jpg.rf.lNQkW7pqjVMZ3d1qqMSI.jpg,1024,680,2,98,379,718,663
armas (2853)_jpg.rf.m2DGMPoWQJff5uve56UP.jpg,400,267,0,123,17,248,232
armas (1334)_jpg.rf.mQIekHte402n40UlaiYa.jpg,1001,464,0,1,5,1001,463
41b69b7f3d8dc56f7_jpg.rf.nF4pTQSDVNjbUXofXeqt.jpg,1024,681,2,143,296,846,556
armas (1915)_jpg.rf.nOBjAgj04ilpBuhzw6Ug.jpg,302,210,0,38,23,189,133
5c835863c688d857_jpg.rf.2bS8LWYiiLNzyD7ACbLa.jpg,1024,683,0,32,203,911,632
c15d75f6aec23402a_jpg.rf.3Z6OFffWXuWCTw1GMJ09.jpg,1024,683,2,0,263,899,665
armas (2015)_jpg.rf.3O1PFw9m78SkKt6Z8rgr.jpg,640,846,0,64,188,578,448
armas (2015)_jpg.rf.3O1PFw9m78SkKt6Z8rgr.jpg,640,846,0,127,457,478,706
010001238_jpg.rf.3hi0TA7NDSteZloE0vin.jpg,600,800,2,227,60,455,800
0116b5f83fab09c7b_jpg.rf.2QXshidHJDTkAbz5fDPp.jpg,1024,683,2,266,120,907,441
armas (137)_jpg.rf.oU66V8X8lv6JUUNKvDZf.jpg,168,133,0,75,51,100,77
110bcf35a602a8ab8_jpg.rf.oZXoaGE0CzekijJianJ9.jpg,682,1024,2,0,359,475,827
8214991089fefe4e_jpg.rf.ou8xzal25BOMeCKFItLZ.jpg,1024,680,0,342,216,729,498
11688084a5f9cd995_jpg.rf.pVf0PhU1KiMH058s7OcH.jpg,1024,768,2,39,192,848,358
i1mage183_jpg.rf.oEhomY47BFIwrEcY1Eed.jpg,404,600,2,47,181,376,567
21c3d92682ee217bb_jpg.rf.ncCVENyQV1GCfZyz3H5L.jpg,1024,683,2,0,58,1022,682
armas (1039)_jpg.rf.o8Tpla4nAhkFy8SnOEcM.jpg,275,183,0,130,3,175,73
armas (1039)_jpg.rf.o8Tpla4nAhkFy8SnOEcM.jpg,275,183,0,76,40,137,126
61c5e635b2d9ed352_jpg.rf.nuPzCBJXeqjvlxcpIUun.jpg,1024,731,2,737,399,984,514
61c5e635b2d9ed352_jpg.rf.nuPzCBJXeqjvlxcpIUun.jpg,1024,731,2,0,386,117,479
61c5e635b2d9ed352_jpg.rf.nuPzCBJXeqjvlxcpIUun.jpg,1024,731,2,280,84,407,150
armas (2176)_jpg.rf.lVzTfTP2MYEy5HNmaEE2.jpg,160,120,0,3,5,156,113
019b7c98fd2a64132_jpg.rf.AS4PBUDxnCvpB7jRsYm8.jpg,1024,683,2,179,49,695,176
armas (1017)_jpg.rf.AVDILYdRjMyNk67Zw9LL.jpg,183,275,0,71,60,109,108
010000651_jpg.rf.B9XuJAKIVkyNtzlNj4Yb.jpg,600,450,2,247,179,485,264
armas (848)_jpg.rf.Bk5TfLzDdraql9a8RdaI.jpg,266,189,0,99,40,133,88
armas (740)_jpg.rf.nnbX9LelLfLMJVa67kpc.jpg,800,533,0,7,118,701,302
45eb6666d924e287_jpg.rf.o6bJlIGvmAwMRYRxHeRM.jpg,1024,683,0,66,269,356,504
a32e6f83554b1629_jpg.rf.o8ZT8cN6wkfYL10wbRnk.jpg,1024,683,0,243,86,886,497
i1mage98_jpg.rf.oaaxz3AJpxqEiGubG7Xc.jpg,634,475,2,453,98,468,184
i1mage98_jpg.rf.oaaxz3AJpxqEiGubG7Xc.jpg,634,475,2,479,108,504,180
i1mage98_jpg.rf.oaaxz3AJpxqEiGubG7Xc.jpg,634,475,2,414,77,449,141
i1mage98_jpg.rf.oaaxz3AJpxqEiGubG7Xc.jpg,634,475,2,251,110,274,182
i1mage98_jpg.rf.oaaxz3AJpxqEiGubG7Xc.jpg,634,475,2,133,116,143,189
i1mage98_jpg.rf.oaaxz3AJpxqEiGubG7Xc.jpg,634,475,2,44,112,64,197
i1mage98_jpg.rf.oaaxz3AJpxqEiGubG7Xc.jpg,634,475,2,70,244,408,475
119ca797db2f6bb4f_jpg.rf.twDTjT5Cw3H6vaxvvriY.jpg,768,1024,2,256,413,762,817
0116ae9bb1b4cc4be_jpg.rf.9PijqH5Ork72ULlX4XuH.jpg,1024,758,2,176,0,284,124
0116ae9bb1b4cc4be_jpg.rf.9PijqH5Ork72ULlX4XuH.jpg,1024,758,2,697,600,1023,757
armas (1726)_jpg.rf.9l5ouC4yUUZcbZRI5THZ.jpg,500,333,0,76,22,419,303
armas (1726)_jpg.rf.9l5ouC4yUUZcbZRI5THZ.jpg,500,333,0,54,202,425,290
010000767_jpg.rf.A95SC2J1oGQ4ig48qMgV.jpg,370,370,2,17,135,294,241
010000767_jpg.rf.A95SC2J1oGQ4ig48qMgV.jpg,370,370,2,76,148,333,235
8161c53c57aa1cc53_jpg.rf.qUjII1VmsZbxKcjy5VOO.jpg,1024,464,2,633,226,725,285
8161c53c57aa1cc53_jpg.rf.qUjII1VmsZbxKcjy5VOO.jpg,1024,464,2,368,337,492,376
8161c53c57aa1cc53_jpg.rf.qUjII1VmsZbxKcjy5VOO.jpg,1024,464,2,400,260,525,330
armas (1188)_jpg.rf.qfElKHX96L79lGqUGOWh.jpg,630,420,0,117,56,591,403
c147b1d92a6f8b6f2_jpg.rf.uAMijnZPZzZrnugqZ4rv.jpg,1024,683,2,77,290,1024,449
c147b1d92a6f8b6f2_jpg.rf.uAMijnZPZzZrnugqZ4rv.jpg,1024,683,2,122,360,850,518
c147b1d92a6f8b6f2_jpg.rf.uAMijnZPZzZrnugqZ4rv.jpg,1024,683,2,258,157,985,346
f1b6e9597a0c9864d_jpg.rf.ql0Dexs2qXDyRh2lYRwa.jpg,1024,309,2,6,24,1019,304
010000495_jpg.rf.odBLdP1ghMUNaiy3vFj8.jpg,600,272,2,4,3,598,267
armas (141)_jpg.rf.pA244HLdK6lOOC7qwm62.jpg,450,298,0,182,130,263,191
armas (127)_jpg.rf.7QlFj1r8HwCiXjTYOKLE.jpg,450,301,0,143,68,191,107
armas (1968)_jpg.rf.p4Q4y54vxOKSk6nb52N9.jpg,420,316,0,63,78,326,224
armas (2332)_jpg.rf.pR04mG6rM9dw7T99Xusv.jpg,160,120,0,4,1,151,116
armas (2224)_jpg.rf.p8dHWEpNPvFR8HenW5mE.jpg,160,120,0,3,1,159,116
d1574f9aa1c482f0a_jpg.rf.ptHvb7npoaodPe5bIiLt.jpg,768,1024,2,0,382,92,456
d1574f9aa1c482f0a_jpg.rf.ptHvb7npoaodPe5bIiLt.jpg,768,1024,2,0,274,96,337
d1574f9aa1c482f0a_jpg.rf.ptHvb7npoaodPe5bIiLt.jpg,768,1024,2,0,329,112,397
d1574f9aa1c482f0a_jpg.rf.ptHvb7npoaodPe5bIiLt.jpg,768,1024,2,0,453,112,527
d1574f9aa1c482f0a_jpg.rf.ptHvb7npoaodPe5bIiLt.jpg,768,1024,2,0,690,128,727
d1574f9aa1c482f0a_jpg.rf.ptHvb7npoaodPe5bIiLt.jpg,768,1024,2,0,629,135,703
d1574f9aa1c482f0a_jpg.rf.ptHvb7npoaodPe5bIiLt.jpg,768,1024,2,0,571,139,643
d1574f9aa1c482f0a_jpg.rf.ptHvb7npoaodPe5bIiLt.jpg,768,1024,2,0,516,140,590
d1574f9aa1c482f0a_jpg.rf.ptHvb7npoaodPe5bIiLt.jpg,768,1024,2,92,621,276,707
d1574f9aa1c482f0a_jpg.rf.ptHvb7npoaodPe5bIiLt.jpg,768,1024,2,113,446,285,547
d1574f9aa1c482f0a_jpg.rf.ptHvb7npoaodPe5bIiLt.jpg,768,1024,2,122,478,160,496
d1574f9aa1c482f0a_jpg.rf.ptHvb7npoaodPe5bIiLt.jpg,768,1024,2,123,419,158,431
d1574f9aa1c482f0a_jpg.rf.ptHvb7npoaodPe5bIiLt.jpg,768,1024,2,123,509,269,578
d1574f9aa1c482f0a_jpg.rf.ptHvb7npoaodPe5bIiLt.jpg,768,1024,2,127,566,283,650
d1574f9aa1c482f0a_jpg.rf.ptHvb7npoaodPe5bIiLt.jpg,768,1024,2,127,353,153,366
d1574f9aa1c482f0a_jpg.rf.ptHvb7npoaodPe5bIiLt.jpg,768,1024,2,128,399,275,485
d1574f9aa1c482f0a_jpg.rf.ptHvb7npoaodPe5bIiLt.jpg,768,1024,2,149,554,189,564
d1574f9aa1c482f0a_jpg.rf.ptHvb7npoaodPe5bIiLt.jpg,768,1024,2,150,340,319,437
d1574f9aa1c482f0a_jpg.rf.ptHvb7npoaodPe5bIiLt.jpg,768,1024,2,153,604,186,619
d1574f9aa1c482f0a_jpg.rf.ptHvb7npoaodPe5bIiLt.jpg,768,1024,2,171,258,207,270
d1574f9aa1c482f0a_jpg.rf.ptHvb7npoaodPe5bIiLt.jpg,768,1024,2,301,529,616,677
d1574f9aa1c482f0a_jpg.rf.ptHvb7npoaodPe5bIiLt.jpg,768,1024,2,310,264,338,278
d1574f9aa1c482f0a_jpg.rf.ptHvb7npoaodPe5bIiLt.jpg,768,1024,2,356,338,624,454
d1574f9aa1c482f0a_jpg.rf.ptHvb7npoaodPe5bIiLt.jpg,768,1024,2,365,269,612,351
d1574f9aa1c482f0a_jpg.rf.ptHvb7npoaodPe5bIiLt.jpg,768,1024,2,368,433,610,543
d1574f9aa1c482f0a_jpg.rf.ptHvb7npoaodPe5bIiLt.jpg,768,1024,2,382,359,418,376
d1574f9aa1c482f0a_jpg.rf.ptHvb7npoaodPe5bIiLt.jpg,768,1024,2,386,288,422,301
d1574f9aa1c482f0a_jpg.rf.ptHvb7npoaodPe5bIiLt.jpg,768,1024,2,390,411,431,425
d1574f9aa1c482f0a_jpg.rf.ptHvb7npoaodPe5bIiLt.jpg,768,1024,2,400,624,597,726
d1574f9aa1c482f0a_jpg.rf.ptHvb7npoaodPe5bIiLt.jpg,768,1024,2,411,530,606,603
d1574f9aa1c482f0a_jpg.rf.ptHvb7npoaodPe5bIiLt.jpg,768,1024,2,414,722,597,774
d1574f9aa1c482f0a_jpg.rf.ptHvb7npoaodPe5bIiLt.jpg,768,1024,2,562,530,767,645
d1574f9aa1c482f0a_jpg.rf.ptHvb7npoaodPe5bIiLt.jpg,768,1024,2,583,381,766,482
d1574f9aa1c482f0a_jpg.rf.ptHvb7npoaodPe5bIiLt.jpg,768,1024,2,587,254,766,312
d1574f9aa1c482f0a_jpg.rf.ptHvb7npoaodPe5bIiLt.jpg,768,1024,2,597,321,767,376
d1574f9aa1c482f0a_jpg.rf.ptHvb7npoaodPe5bIiLt.jpg,768,1024,2,608,464,767,555
d1574f9aa1c482f0a_jpg.rf.ptHvb7npoaodPe5bIiLt.jpg,768,1024,2,615,634,767,744
d1574f9aa1c482f0a_jpg.rf.ptHvb7npoaodPe5bIiLt.jpg,768,1024,2,615,658,652,672
d1574f9aa1c482f0a_jpg.rf.ptHvb7npoaodPe5bIiLt.jpg,768,1024,2,617,589,662,607
d1574f9aa1c482f0a_jpg.rf.ptHvb7npoaodPe5bIiLt.jpg,768,1024,2,621,497,666,511
d1574f9aa1c482f0a_jpg.rf.ptHvb7npoaodPe5bIiLt.jpg,768,1024,2,625,431,665,446
d1574f9aa1c482f0a_jpg.rf.ptHvb7npoaodPe5bIiLt.jpg,768,1024,2,630,296,675,310
d1574f9aa1c482f0a_jpg.rf.ptHvb7npoaodPe5bIiLt.jpg,768,1024,2,632,356,669,368
51c6e42a9beb49dc3_jpg.rf.qTIPFP0AHjEKowvfXPHK.jpg,1024,683,2,335,439,519,546
51c6e42a9beb49dc3_jpg.rf.qTIPFP0AHjEKowvfXPHK.jpg,1024,683,2,462,194,937,644
d18351c42a8c71897_jpg.rf.q7DJ52ShY22g0DnG60c0.jpg,1024,680,2,126,150,984,468
21c76c0bcb4931661_jpg.rf.q52ivpmITg2JcPye8zWg.jpg,1024,683,2,230,231,541,364
armas (148)_jpg.rf.ppl7SC5oy0Jcho6nNOOS.jpg,866,1300,0,428,745,745,1095
616c0e0abccc5c1c2_jpg.rf.lrp8F1mi11VmT9abPINb.jpg,1024,576,2,277,227,812,387
armas (1611)_jpg.rf.mP25qXMGS6QuTSvE1UVS.jpg,333,500,0,10,283,290,429
716c852fed0b0cf5e_jpg.rf.mkGAl7NKMOwCqn1BMNLV.jpg,1024,722,2,185,120,969,420
010000419_jpg.rf.mq2kqiaz7TqQrUgxg2rD.jpg,600,400,2,19,147,586,312
c1aa975b50f544898_jpg.rf.n0m1FxJ1ZE3RNxEf2x2J.jpg,1024,680,2,656,264,702,679
armas (2004)_jpg.rf.nGDHWFPsFFzgJbzYIexS.jpg,620,350,0,263,191,321,220
armas (2004)_jpg.rf.nGDHWFPsFFzgJbzYIexS.jpg,620,350,0,394,64,431,97
010000218_jpg.rf.nirEKL5YCsNfdyqdMTAo.jpg,480,360,2,33,114,473,206
i1mage40_jpg.rf.nl35OOdLppFMYy9qrbb5.jpg,567,378,2,109,115,406,284
armas (2752)_jpg.rf.nq4SmhxxRevuJuBwgJIA.jpg,160,120,0,15,9,141,109
6159463af53a1070d_jpg.rf.pAddO1x3998MHwBGMMZs.jpg,1024,768,2,0,0,1023,767
41df0a369048e663a_jpg.rf.nrzNjbGZIqzGkdf8OpHN.jpg,1024,631,2,0,37,903,630
i1mage55_jpg.rf.kq7zUHKXyXVNo6LVt2RR.jpg,600,600,2,327,203,599,325
010000913_jpg.rf.kykYKF2RGfyz6NmLXjVI.jpg,600,441,2,44,1,595,277
916f972fcb585949f_jpg.rf.ksk4bWe4sk4qrga6oOFe.jpg,1024,681,2,491,418,819,572
0174823afff4f524e_jpg.rf.l8zEOlbMnwBqY1IbKa8V.jpg,1024,681,2,0,327,993,680
armas (1946)_jpg.rf.r9ZQhxXbJn0ULWGYxfIt.jpg,1500,1098,0,552,310,632,409
armas (1974)_jpg.rf.qy8bA3jBJyjx51fuw0vy.jpg,450,300,0,11,2,446,260
01b0df35e14f4fd2a_jpg.rf.l0Qlb0EAfVBY9TfQn78P.jpg,1024,678,2,265,223,517,562
armas (1528)_jpg.rf.r95iSEWwEbQBdxCK2G8I.jpg,500,375,0,1,32,479,367
i1mage112_jpg.rf.lgltbFlv5CaJIEvdi9Jh.jpg,560,315,2,3,108,462,246
armas (2516)_jpg.rf.NUXDVwVGBgjHo1glYdEB.jpg,160,120,0,2,1,157,117
106e029772d694a7_jpg.rf.NsiTVb64xOJbQTpCpulw.jpg,1024,683,0,88,97,954,599
b10d8a43b3c65a582_jpg.rf.miuXYevy0ZLjRsCVjY6v.jpg,1024,768,2,0,625,1023,768
11cad107f5902a126_jpg.rf.NzfgwqwsEW1uLpUwHZ6X.jpg,730,1024,2,132,421,728,784
armas (190)_jpg.rf.O0pSCgydiAIJbMFO67tK.jpg,660,371,0,73,9,515,338
armas (2232)_jpg.rf.OJTYpv2U89mGzQUrvGnt.jpg,160,120,0,5,6,155,116
armas (481)_jpg.rf.OKziKDB5GDmA9cSXheMg.jpg,1024,827,0,387,319,625,761
f9ae29f9202608cd_jpg.rf.Oakw6HwmD2lljO69Ks7k.jpg,662,1024,0,64,431,309,811
armas (1543)_jpg.rf.OiIudqBrOqnfjzvfP1U5.jpg,320,209,0,126,8,162,114
010001206_jpg.rf.P0G2odSyzl4RX1jKjs6o.jpg,600,600,2,37,33,541,562
c17051a4a6a4c3f3d_jpg.rf.PMbOYwvAxFBcRndFapqw.jpg,683,1024,2,43,189,643,838
b1bc23b13177e81a8_jpg.rf.PcXC7uaUT2cuxToYDYgh.jpg,1024,275,2,43,89,1007,238
armas (1591)_jpg.rf.Pr6YzNw222t2Cgdf3HFO.jpg,500,375,0,151,53,317,268
armas (1591)_jpg.rf.Pr6YzNw222t2Cgdf3HFO.jpg,500,375,0,245,126,409,347
116b4b42661e08987_jpg.rf.Q8zTmFdlF0oEfhwhFJFL.jpg,1024,683,2,317,279,948,669
21d3600f5bb45376b_jpg.rf.QEkxUllUFl3P6VjelpcY.jpg,768,1024,2,225,442,412,800
218f5f09646e33f6f_jpg.rf.QS4oRIvgH4nHnVf2BZLr.jpg,1024,683,2,361,316,709,545
61253a729fc0fd0d1_jpg.rf.QaUn3uWzSDcWZUG3YaTu.jpg,1024,839,2,295,413,357,627
61253a729fc0fd0d1_jpg.rf.QaUn3uWzSDcWZUG3YaTu.jpg,1024,839,2,470,446,522,575
61253a729fc0fd0d1_jpg.rf.QaUn3uWzSDcWZUG3YaTu.jpg,1024,839,2,722,434,815,553
f1149d989159a75c1_jpg.rf.nZQM0HyFyvR77Y47XbHz.jpg,1024,683,2,0,169,556,387
armas (2087)_jpg.rf.nuAILsAEIg3O5m9rfxRq.jpg,600,420,0,88,120,184,190
010001028_jpg.rf.o0HnK54eKzq8o4rCL9MU.jpg,600,600,2,173,201,374,585
armas (1736)_jpg.rf.oDOhcsO73tglDsv2UjOX.jpg,500,264,0,30,24,480,237
010000001_jpg.rf.RdUAvBm6R8Cu4N97oP4y.jpg,600,346,2,48,25,562,297
armas (1395)_jpg.rf.RoBbatFLITKs2Osyk5A3.jpg,500,375,0,403,75,491,130
armas (1574)_jpg.rf.e1alKbKYTjeSqVIiSJF3.jpg,500,390,0,16,66,255,361
armas (1574)_jpg.rf.e1alKbKYTjeSqVIiSJF3.jpg,500,390,0,253,16,481,367
armas (835)_jpg.rf.nKV8oo95guiaFai4fiOF.jpg,1022,674,0,54,235,965,615
57d800dbdd96262e_jpg.rf.4pwH0b0iqv7NBRghVgSQ.jpg,1024,866,0,63,116,395,358
armas (348)_jpg.rf.cJ95qA4GxbGk7977FJCc.jpg,615,409,0,148,165,222,215
armas (2449)_jpg.rf.cpzbEZbHkk6UQm5ogJFC.jpg,160,120,0,1,8,155,115
213b4adbd8f9e8228_jpg.rf.J4XOnHndCfZWMmNXdX2n.jpg,1024,768,2,292,173,786,533
armas (1810)_jpg.rf.JTgl6G2GjiYFjVeMCnG4.jpg,346,540,0,164,351,252,519
b1780b4e25bb6ca8a_jpg.rf.lH49Bcc91p6880IUCCGL.jpg,1024,819,2,23,19,1003,818
d192ec337e96ef2e0_jpg.rf.nanZNcm92KsRlCzb8zEM.jpg,1024,680,2,680,155,951,302
d192ec337e96ef2e0_jpg.rf.nanZNcm92KsRlCzb8zEM.jpg,1024,680,2,264,199,579,296
armas (118)_jpg.rf.eFKkud4gitueDuqkMcUG.jpg,1300,866,0,113,234,459,510
e146a87c476f0308e_jpg.rf.oOie6w4ZFuWrkK01sOjo.jpg,1024,768,2,511,383,793,516
armas (1273)_jpg.rf.oIfom7EFWcHd51eu9zxf.jpg,500,333,0,221,90,251,108
armas (2258)_jpg.rf.eIljnZgLS7xVDOKIezQ9.jpg,160,120,0,4,1,157,116
815ff91e275262188_jpg.rf.ebxlCk1dyj0JfzAa6xMl.jpg,569,1024,2,16,197,365,593
0ef93fea82e59b65_jpg.rf.dbRbn2CmltIsjZDoxOHE.jpg,1024,768,0,308,171,744,348
85a35b71eae9095c_jpg.rf.f0zrvUqJN0pO5AEXUIVw.jpg,1024,640,0,78,148,936,501
armas (2238)_jpg.rf.ertbz686OMYGkhcBgVdF.jpg,160,120,0,2,3,157,115
armas (2016)_jpg.rf.fMtuqeaLSlN6mViZtmTN.jpg,1280,1920,0,226,660,603,1451
armas (237)_jpg.rf.fS9Wm6Zlz8lrf7cK7gbq.jpg,2560,1600,0,228,232,2513,1505
armas (440)_jpg.rf.KJBRyD6PguLxQA8hFT9X.jpg,1023,682,0,255,85,948,558
4131e96c24124f5da_jpg.rf.lLqjLaDr9uh2iAl81S9a.jpg,768,1024,2,14,729,552,989
armas (938)_jpg.rf.L4HuyNup4s4RRo3NIPOq.jpg,262,192,0,46,19,200,123
81e7573f94b1977ae_jpg.rf.L7BZDIlE0exW9EFvVDau.jpg,1024,321,2,45,85,990,277
5184a69163cd59e89_jpg.rf.oN6XQ5Ijo6a5shLq3y7Z.jpg,774,1024,2,38,694,625,896
5184a69163cd59e89_jpg.rf.oN6XQ5Ijo6a5shLq3y7Z.jpg,774,1024,2,67,184,635,513
412c03f131d1a4248_jpg.rf.prv468tcmHYadvQBzUnj.jpg,1024,683,2,354,278,618,606
armas (2036)_jpg.rf.JKhAvbt6SqemrMclDgiZ.jpg,1300,1066,0,581,258,1297,978
armas (2655)_jpg.rf.fbRzQKIpFDRIY9upKker.jpg,160,120,0,2,2,153,116
armas (265)_jpg.rf.JeUlrJx3pc1DCmIafRvE.jpg,634,433,0,350,161,581,324
010000533_jpg.rf.JfEXWQvpcvBDWr9vF5gI.jpg,272,185,2,19,94,255,170
010000533_jpg.rf.JfEXWQvpcvBDWr9vF5gI.jpg,272,185,2,19,11,253,86
010000570_jpg.rf.KEiLRAWl8DagahsV7X0d.jpg,600,250,2,42,60,570,209
armas (2152)_jpg.rf.JDJDKjHOETdE44hcMeK2.jpg,650,550,0,4,237,469,549
armas (2152)_jpg.rf.JDJDKjHOETdE44hcMeK2.jpg,650,550,0,117,1,645,221
e18994dc93ad8b5c2_jpg.rf.KCOdlthWU8IlO3SDpfmm.jpg,1024,678,2,143,153,512,379
armas (900)_jpg.rf.FDFiN88r4uxsObZLusoI.jpg,263,192,0,69,53,123,85
610fe0951defb1278_jpg.rf.FNYDu5znlgEz0W1pGvdc.jpg,1024,683,2,24,22,814,683
31cd1f76ad7a24f35_jpg.rf.KXov5vaOc0dNqOUjDgUF.jpg,1024,680,2,42,299,817,610
31cd1f76ad7a24f35_jpg.rf.KXov5vaOc0dNqOUjDgUF.jpg,1024,680,2,331,169,499,225
e1092d9a440f51e1f_jpg.rf.LhwPoWgnCUIf3UYdS0Vz.jpg,753,1024,2,263,352,484,732
010000711_jpg.rf.LtEhPo2JWO3Q2n4V62rP.jpg,400,600,2,225,124,397,420
armas (2161)_jpg.rf.M6I8doyqVJNIQCRGKwhc.jpg,3456,2304,0,2388,1012,2838,1452
armas (2711)_jpg.rf.eq9vEHcj3s3jsVZyYeCe.jpg,160,120,0,3,3,157,116
218186acbd7c85c8b_jpg.rf.MMq07QD4D4wpLWKwMQ2F.jpg,1024,685,2,524,357,892,564
218186acbd7c85c8b_jpg.rf.MMq07QD4D4wpLWKwMQ2F.jpg,1024,685,2,121,204,474,360
217afcdfd787bfd70_jpg.rf.KbPrZdgDiuBMn6KmXDQY.jpg,1024,414,2,5,26,992,379
armas (1037)_jpg.rf.MJC1792e1QgzoaUT87ZQ.jpg,192,262,0,2,48,176,200
armas (1189)_jpg.rf.MBJxbwfqtrFYj5RABi0F.jpg,2000,1600,0,79,243,1928,1351
a1382a3c1abed23a0_jpg.rf.HM7LqLwyVjYrD2rAoKW6.jpg,1024,681,2,82,302,702,497
010001263_jpg.rf.Hjdshpfp2Ps4Spv3lAz2.jpg,600,337,2,321,124,437,201
1156d83ce3b4f1375_jpg.rf.LTUUVmZ8Mgk7TB9P1pki.jpg,1024,681,2,189,239,973,338
i1mage160_jpg.rf.HrFpKtQ1rbdGiCFVjZ7b.jpg,562,562,2,74,214,465,444
61bf2ce83d9e00596_jpg.rf.LMDz6WlO0OszvFEVpUiu.jpg,680,1024,2,296,370,605,758
9172dbc2c9fca0b34_jpg.rf.Hs4WFIlduBbr79pSwIhu.jpg,1024,680,2,270,259,630,525
b132f03e8672957cf_jpg.rf.I1jDw8UkX5X441oVT8iG.jpg,680,1024,2,74,228,309,454
c1a781d358127b277_jpg.rf.Lb88wCMFrqDJ38M6Uaj1.jpg,1024,632,2,84,180,458,502
c1a781d358127b277_jpg.rf.Lb88wCMFrqDJ38M6Uaj1.jpg,1024,632,2,618,357,1010,481
d1e540d9367e379de_jpg.rf.F768ocuwrBPQdMdvdOGF.jpg,1024,683,2,203,136,719,383
529cfd88d99a8e71_jpg.rf.FDtH3nQHQjphLj2lJaHx.jpg,768,1024,0,132,190,609,784
010441aa10b609741_jpg.rf.F1luqkvZWtGcjzg3vxG6.jpg,1024,768,2,87,165,797,488
armas (1461)_jpg.rf.FZe3rc8LYX48D7qjKucs.jpg,500,375,0,125,15,435,370
c188f11fb65910313_jpg.rf.FiFtDH8a1CWAScKIGbmC.jpg,1024,1014,2,167,768,516,939
armas (2803)_jpg.rf.FxzSOWZVLRPHs6ZswJyY.jpg,300,450,0,35,61,108,142
11bbd4be5ea4893ba_jpg.rf.GZyvWXhjX4s0RgTDpnHh.jpg,1024,683,2,11,107,782,406
013c9ed9019ee6755_jpg.rf.Fn4G7qb9dX9B1p97tBTT.jpg,1024,683,2,398,185,767,368
5195b516834a1a57f_jpg.rf.HJvuJZ3Fs1YZv5l8x1Bo.jpg,1024,510,2,38,115,996,389
armas (1385)_jpg.rf.H038g9I4HF4AwuNCfYoh.jpg,500,375,0,121,118,418,295
012cccd551ac6d602_jpg.rf.MtUOqGyqE9k11l6rLmiu.jpg,1024,683,2,505,261,707,508
3100fe346c1275938_jpg.rf.N8uMP7DFuqXoTeVI6BaC.jpg,1024,785,2,268,219,623,478
armas (1675)_jpg.rf.NCv4DiagRiNpHy5RUX2s.jpg,480,361,0,8,34,472,342
armas (1970)_jpg.rf.NDLv4woHdTu9cwi4L047.jpg,615,409,0,184,224,202,272
d195cd9d466af53c0_jpg.rf.NIbsZRT99ZwqZ0ucIgMd.jpg,1024,640,2,593,252,1013,639
41d06a8060ec3c585_jpg.rf.Nd3QlbWYvPIpU7zIe1al.jpg,1024,685,2,0,186,999,604
armas (2059)_jpg.rf.FfrI1OEUmunU1Y0okmfN.jpg,418,246,0,78,16,386,201
armas (1626)_jpg.rf.GX2BIp4Zn1Vtt1qBgai8.jpg,450,338,0,76,50,383,261
armas (2019)_jpg.rf.HLjJwyojPHrW8KWQunLM.jpg,299,470,0,119,330,175,396
armas (262)_jpg.rf.GZZUfuW1qLNWdJyBzpJ1.jpg,634,403,0,124,45,538,207
armas (1833)_jpg.rf.HoCN7PguaFZnd0rcbIWf.jpg,640,480,0,226,6,508,472
41dcf542bdfec084b_jpg.rf.Gck8RiGnRRyxk4GaHI62.jpg,686,1024,2,71,426,686,586
41dcf542bdfec084b_jpg.rf.Gck8RiGnRRyxk4GaHI62.jpg,686,1024,2,72,123,650,269
41dcf542bdfec084b_jpg.rf.Gck8RiGnRRyxk4GaHI62.jpg,686,1024,2,74,21,661,150
41dcf542bdfec084b_jpg.rf.Gck8RiGnRRyxk4GaHI62.jpg,686,1024,2,88,240,685,437
armas (2476)_jpg.rf.ZCTMr1JQu18ZbQ2FqFau.jpg,160,120,0,1,1,157,119
armas (1641)_jpg.rf.GxrGwvnsopJ8jYZDsIx1.jpg,500,400,0,16,110,198,375
armas (600)_jpg.rf.8VGuT9OxxAb4EPjhU1FR.jpg,354,199,0,148,44,259,162
010000718_jpg.rf.pNZaoaIpKksXZv92qNoq.jpg,600,408,2,78,123,443,237
010001007_jpg.rf.q6G4KNNqMqJkGIMczrvY.jpg,600,252,2,19,16,577,221
armas (2325)_jpg.rf.pS9EuvygIaSooUOn71JH.jpg,160,120,0,5,1,154,113
armas (2416)_jpg.rf.qIgpHSzQp8f4tAzjI6hW.jpg,160,120,0,13,4,143,79
armas (844)_jpg.rf.qbqlrAcrDnaXd8FBTvF2.jpg,267,189,0,22,25,207,164
armas (1706)_jpg.rf.sP1N9SmkNDSlKCGj4ABb.jpg,500,332,0,40,160,136,235
91f203f281841ec44_jpg.rf.8rSOkIifc6tCcg7lBVhW.jpg,1024,684,2,106,170,841,683
armas (2969)_jpg.rf.AGSLPCQeIEFuNP006u6T.jpg,225,225,0,6,53,147,150
010bc884b8988b6e9_jpg.rf.pVQx3r0aGQWb8mOtGAIw.jpg,1024,780,2,569,329,650,666
armas (1163)_jpg.rf.9505BPvQPHBZWcnNr9Ry.jpg,700,525,0,319,22,388,74
armas (1163)_jpg.rf.9505BPvQPHBZWcnNr9Ry.jpg,700,525,0,53,200,130,277
armas (1163)_jpg.rf.9505BPvQPHBZWcnNr9Ry.jpg,700,525,0,174,55,217,88
armas (1163)_jpg.rf.9505BPvQPHBZWcnNr9Ry.jpg,700,525,0,200,394,241,423
armas (1163)_jpg.rf.9505BPvQPHBZWcnNr9Ry.jpg,700,525,0,532,29,586,84
armas (1163)_jpg.rf.9505BPvQPHBZWcnNr9Ry.jpg,700,525,0,351,311,397,356
armas (1163)_jpg.rf.9505BPvQPHBZWcnNr9Ry.jpg,700,525,0,606,324,644,353
armas (1163)_jpg.rf.9505BPvQPHBZWcnNr9Ry.jpg,700,525,0,438,373,470,387
armas (1163)_jpg.rf.9505BPvQPHBZWcnNr9Ry.jpg,700,525,0,479,505,513,524
armas (1163)_jpg.rf.9505BPvQPHBZWcnNr9Ry.jpg,700,525,0,255,160,291,173
armas (1163)_jpg.rf.9505BPvQPHBZWcnNr9Ry.jpg,700,525,0,479,145,513,162
c1c90078cd9de9c60_jpg.rf.9jHl0ATi2Sk4ifDdj1Ja.jpg,1024,683,2,102,292,955,566
31f1c940f8f82c35d_jpg.rf.qZRueoRNsZIhO8Phgh52.jpg,1024,657,2,182,178,986,509
df6d92fc2032945f_jpg.rf.okfH6MFuJjNUJpT8U2rQ.jpg,1024,766,0,419,255,623,423
i1mage59_jpg.rf.9CPKnxfZAcrE3vT1pYzB.jpg,800,533,2,72,257,769,459
i1mage59_jpg.rf.9CPKnxfZAcrE3vT1pYzB.jpg,800,533,2,266,124,527,183
i1mage59_jpg.rf.9CPKnxfZAcrE3vT1pYzB.jpg,800,533,2,314,101,393,121
i1mage72_jpg.rf.AbDtKM6CSEBCWj3ir4Xg.jpg,534,401,2,153,26,531,401
91e2e2c64173578bc_jpg.rf.9usdM5SShot5sCjcOhyw.jpg,1024,426,2,22,47,999,401
011676e29b0b54d90_jpg.rf.AhWXLX9fFayp2KxRB4fJ.jpg,1024,749,2,67,227,311,493
011676e29b0b54d90_jpg.rf.AhWXLX9fFayp2KxRB4fJ.jpg,1024,749,2,547,261,685,568
armas (1453)_jpg.rf.AqV7lvCJS0Q62BtnWMKL.jpg,500,333,0,29,43,498,243
613c4250ebd023c51_jpg.rf.gM55SAZ9hbnac5llxFlT.jpg,683,1024,2,71,42,396,647
4127d58ce1bbc6994_jpg.rf.gRI3RsJThwale2VwxNTf.jpg,1024,768,2,0,160,1021,721
415717a9c7692d68f_jpg.rf.9E5EJTWcwFId0iAVHBTY.jpg,1024,682,2,276,382,604,523
415717a9c7692d68f_jpg.rf.9E5EJTWcwFId0iAVHBTY.jpg,1024,682,2,72,276,430,444
315424936a4fc1c2e_jpg.rf.dQNzvlNVwMilg7ty6TV1.jpg,1024,681,2,129,217,618,428
armas (1437)_jpg.rf.QYDQDlEdzFr0XHNqHPYo.jpg,500,375,0,1,40,500,357
812c0daa24271da58_jpg.rf.dg1eZsTxLzWyDzLQFxDd.jpg,1024,768,2,0,253,270,569
812c0daa24271da58_jpg.rf.dg1eZsTxLzWyDzLQFxDd.jpg,1024,768,2,491,282,654,553
9149d370f416da647_jpg.rf.QerqVhETtR3ZHt8BfreN.jpg,1024,681,2,260,200,668,459
armas (2110)_jpg.rf.bGh0pNCx4kxbS9QwNFJq.jpg,320,240,0,13,22,313,218
armas (2296)_jpg.rf.rhIoA7dmgX2ec0J61IQZ.jpg,160,120,0,4,1,157,118
b1c2c5322697bc7b1_jpg.rf.QdPQX6Kz6iAe5N8MM4FC.jpg,1024,683,2,131,44,925,485
91a369b73ea593598_jpg.rf.eCPQy9indGM0Jc5IBON2.jpg,1024,683,2,62,82,1024,682
armas (1070)_jpg.rf.rbFrHs3O1zaMA572wpca.jpg,634,357,0,543,128,569,154
i1mage172_jpg.rf.rXSsacEVnvdEjyO4rypS.jpg,300,445,2,62,224,299,408
i1mage173_jpg.rf.rnmJ7FVqcQnoaGL0cs2d.jpg,560,385,2,39,26,515,364
010000785_jpg.rf.bhOETuzlpUBE2bsC9Tp2.jpg,448,299,2,150,64,432,167
armas (2285)_jpg.rf.rjdsUmASrP8xepbGkRdL.jpg,160,120,0,14,7,145,106
01b03faa2e4ccd022_jpg.rf.sKstFiP8M60OKtd1xygQ.jpg,1024,633,2,174,305,923,620
068fb4b25469c4d0_jpg.rf.bGTbOxIYdBxoblBhZ9hW.jpg,768,1024,0,0,477,92,527
068fb4b25469c4d0_jpg.rf.bGTbOxIYdBxoblBhZ9hW.jpg,768,1024,0,0,725,125,851
068fb4b25469c4d0_jpg.rf.bGTbOxIYdBxoblBhZ9hW.jpg,768,1024,0,0,608,219,737
068fb4b25469c4d0_jpg.rf.bGTbOxIYdBxoblBhZ9hW.jpg,768,1024,0,0,292,236,423
068fb4b25469c4d0_jpg.rf.bGTbOxIYdBxoblBhZ9hW.jpg,768,1024,0,0,0,319,147
068fb4b25469c4d0_jpg.rf.bGTbOxIYdBxoblBhZ9hW.jpg,768,1024,0,30,156,346,302
068fb4b25469c4d0_jpg.rf.bGTbOxIYdBxoblBhZ9hW.jpg,768,1024,0,89,858,393,987
068fb4b25469c4d0_jpg.rf.bGTbOxIYdBxoblBhZ9hW.jpg,768,1024,0,112,381,365,501
068fb4b25469c4d0_jpg.rf.bGTbOxIYdBxoblBhZ9hW.jpg,768,1024,0,128,531,427,664
068fb4b25469c4d0_jpg.rf.bGTbOxIYdBxoblBhZ9hW.jpg,768,1024,0,140,758,443,886
068fb4b25469c4d0_jpg.rf.bGTbOxIYdBxoblBhZ9hW.jpg,768,1024,0,227,675,525,792
068fb4b25469c4d0_jpg.rf.bGTbOxIYdBxoblBhZ9hW.jpg,768,1024,0,254,475,514,601
068fb4b25469c4d0_jpg.rf.bGTbOxIYdBxoblBhZ9hW.jpg,768,1024,0,285,160,585,280
068fb4b25469c4d0_jpg.rf.bGTbOxIYdBxoblBhZ9hW.jpg,768,1024,0,381,352,674,526
068fb4b25469c4d0_jpg.rf.bGTbOxIYdBxoblBhZ9hW.jpg,768,1024,0,401,0,674,90
068fb4b25469c4d0_jpg.rf.bGTbOxIYdBxoblBhZ9hW.jpg,768,1024,0,515,679,733,824
068fb4b25469c4d0_jpg.rf.bGTbOxIYdBxoblBhZ9hW.jpg,768,1024,0,534,110,734,238
068fb4b25469c4d0_jpg.rf.bGTbOxIYdBxoblBhZ9hW.jpg,768,1024,0,605,533,708,604
068fb4b25469c4d0_jpg.rf.bGTbOxIYdBxoblBhZ9hW.jpg,768,1024,0,663,303,767,386
068fb4b25469c4d0_jpg.rf.bGTbOxIYdBxoblBhZ9hW.jpg,768,1024,0,702,63,767,122
armas (2231)_jpg.rf.cI0WwLCyMhIDAiei9eHc.jpg,160,120,0,2,4,157,114
armas (2435)_jpg.rf.cUqNJj20CwftVxEfyizl.jpg,160,120,0,6,3,155,117
010001297_jpg.rf.2AB1zjMPOsSxB5jwTdg7.jpg,500,500,2,81,7,464,492
armas (1402)_jpg.rf.2Tk4V59FvGFn2yWAbFUf.jpg,500,375,0,104,163,328,304
armas (1402)_jpg.rf.2Tk4V59FvGFn2yWAbFUf.jpg,500,375,0,154,80,384,249
e1019b861696ba8c0_jpg.rf.nFitLyqXeVanwpBXbjpK.jpg,1024,768,2,0,603,814,768
e1019b861696ba8c0_jpg.rf.nFitLyqXeVanwpBXbjpK.jpg,1024,768,2,19,213,1023,710
armas (2799)_jpg.rf.1yGLeu65JTXAu6wO5oEy.jpg,640,347,0,228,98,497,274
d1fd9d1789a16290d_jpg.rf.1VpDsJwlRuEI7Ml5EXg3.jpg,682,1024,2,0,0,682,1023
010000814_jpg.rf.5esqxZCvlzm2VXW5Gv8l.jpg,512,384,2,4,66,508,321
armas (2901)_jpg.rf.5tfdX3xeHp3BBRz957Cf.jpg,863,1300,0,6,315,186,655
6154cdc1e9fb49fa4_jpg.rf.6Aon6iYpcNjQAvRLLdH8.jpg,1024,681,2,385,207,877,474
010001031_jpg.rf.6BA2npXeubsNa5Ea0hpD.jpg,219,152,2,18,43,219,149
116c2ec53d66b1df6_jpg.rf.2vSNpqnR0VKyBkrz8F1H.jpg,1024,681,2,19,204,585,664
armas (1697)_jpg.rf.33VOMzkJQDFb8NbT21Se.jpg,500,333,0,47,12,464,264
010000031_jpg.rf.3VwcCttmlGlnfrvs8jYU.jpg,221,160,2,16,7,212,153
armas (2836)_jpg.rf.3cygw6ThbatHOGuKuOZB.jpg,1200,600,0,426,27,785,495
armas (546)_jpg.rf.3qtgb3NNIZR2hwm03veL.jpg,272,185,0,98,38,249,141
armas (2118)_jpg.rf.37UgstAlkjdEzepu5bhv.jpg,357,220,0,48,52,100,83
31637859bbff94e43_jpg.rf.4KedPCzL7F67mej9cL17.jpg,1024,768,2,65,238,409,408
31637859bbff94e43_jpg.rf.4KedPCzL7F67mej9cL17.jpg,1024,768,2,98,89,402,168
a1d090ed2e730061c_jpg.rf.4lGdsdlpubRClWgXfrCJ.jpg,1024,663,2,98,213,682,618
010000483_jpg.rf.4cpDkQVVpNeJyb4rcSSE.jpg,593,378,2,388,194,468,259
010000483_jpg.rf.4cpDkQVVpNeJyb4rcSSE.jpg,593,378,2,235,303,261,337
010000483_jpg.rf.4cpDkQVVpNeJyb4rcSSE.jpg,593,378,2,208,304,227,337
010000483_jpg.rf.4cpDkQVVpNeJyb4rcSSE.jpg,593,378,2,249,298,296,335
010000483_jpg.rf.4cpDkQVVpNeJyb4rcSSE.jpg,593,378,2,155,297,207,338
010000483_jpg.rf.4cpDkQVVpNeJyb4rcSSE.jpg,593,378,2,27,287,111,375
010000483_jpg.rf.4cpDkQVVpNeJyb4rcSSE.jpg,593,378,2,32,13,351,261
armas (2753)_jpg.rf.5GbPQYx6YUNkbJtLIUgE.jpg,160,120,0,2,1,156,114
519c73efbf16d0ce9_jpg.rf.5JBvQnbmFhzukxfcCBaE.jpg,1024,727,2,343,327,788,554
519c73efbf16d0ce9_jpg.rf.5JBvQnbmFhzukxfcCBaE.jpg,1024,727,2,264,331,564,471
519c73efbf16d0ce9_jpg.rf.5JBvQnbmFhzukxfcCBaE.jpg,1024,727,2,294,305,512,411
519c73efbf16d0ce9_jpg.rf.5JBvQnbmFhzukxfcCBaE.jpg,1024,727,2,628,67,636,118
519c73efbf16d0ce9_jpg.rf.5JBvQnbmFhzukxfcCBaE.jpg,1024,727,2,726,25,759,92
519c73efbf16d0ce9_jpg.rf.5JBvQnbmFhzukxfcCBaE.jpg,1024,727,2,958,0,986,19
armas (2008)_jpg.rf.3EBPckQH31EZ4G9d44lD.jpg,600,343,0,14,127,197,275
010000482_jpg.rf.5aou8bEcibLYIcsME4y8.jpg,600,355,2,1,97,562,352
f1def85af75163ceb_jpg.rf.2Y7lQDyzwDUHWmT07mEN.jpg,1024,685,2,248,263,1023,653
f1def85af75163ceb_jpg.rf.2Y7lQDyzwDUHWmT07mEN.jpg,1024,685,2,582,331,782,405
armas (23)_jpg.rf.78jweJSVbmbMBOD69Ed4.jpg,1300,866,0,301,54,1090,448
armas (1035)_jpg.rf.8FJZtj6kc6coTk1lyGh2.jpg,277,182,0,104,43,174,141
armas (850)_jpg.rf.rcRX2LykOCjNQSxgQ36k.jpg,262,192,0,90,30,137,165
ae098cc5eee35f9a_jpg.rf.6ByOCb4et1WBDuPZqsA9.jpg,1024,768,0,142,192,805,657
31cb71d06e9b083c2_jpg.rf.6KDNFK1L53l8EL1shy77.jpg,1024,683,2,295,342,452,418
31cb71d06e9b083c2_jpg.rf.6KDNFK1L53l8EL1shy77.jpg,1024,683,2,508,129,921,447
4990afe366f1471f_jpg.rf.6pO1JB61L1Vpe3UyGI3V.jpg,1024,768,0,32,105,977,663
3958c3bd9e632077_jpg.rf.74x38JR7aBBdiY5h0I4m.jpg,1024,683,0,430,184,630,550
armas (774)_jpg.rf.6G0M1OO71S6QUIgTcQBz.jpg,300,165,0,3,5,294,159
314b1bdce5453e81b_jpg.rf.6LXRxfpFU8zo2TjrlhJ7.jpg,1024,683,2,199,216,413,634
0134b403bfcbc4c3e_jpg.rf.6VJOSP9vIGSyuFL03EbJ.jpg,1024,681,2,63,185,156,229
0134b403bfcbc4c3e_jpg.rf.6VJOSP9vIGSyuFL03EbJ.jpg,1024,681,2,276,142,372,203
0134b403bfcbc4c3e_jpg.rf.6VJOSP9vIGSyuFL03EbJ.jpg,1024,681,2,418,128,605,185
0134b403bfcbc4c3e_jpg.rf.6VJOSP9vIGSyuFL03EbJ.jpg,1024,681,2,706,135,944,226
6e4cd3c527e66c4a_jpg.rf.8Enkvmet6mla8iFRz7my.jpg,1024,734,0,53,64,968,692
61fa522a1045748a7_jpg.rf.7pb5EPbRIWOX85GxvoJZ.jpg,1024,656,2,610,75,1011,234
61fa522a1045748a7_jpg.rf.7pb5EPbRIWOX85GxvoJZ.jpg,1024,656,2,404,233,488,339
armas (2032)_jpg.rf.7RbPZGWxTezreE7Pat15.jpg,661,496,0,221,307,260,383
armas (2823)_jpg.rf.sLSPxtCyChwOrC4xTG7m.jpg,400,267,0,12,11,376,250
61ca45cd2f794e006_jpg.rf.rdm5RenoREcq9SlVwvNg.jpg,1024,683,2,322,166,775,302
armas (2539)_jpg.rf.svxXI0dUBnkTUYkTbdn4.jpg,160,120,0,1,1,157,116
61cd9b86cb2e71e61_jpg.rf.t3WH6ERJsxXzV1OYbUjm.jpg,1024,631,2,228,174,593,274
61cd9b86cb2e71e61_jpg.rf.t3WH6ERJsxXzV1OYbUjm.jpg,1024,631,2,610,331,715,556
21f463985fa5b6fa0_jpg.rf.7TWHJyxMB8ZUObBxaMUi.jpg,768,1024,2,41,274,718,976
a16c39ba789e812f2_jpg.rf.7imNvMIzK6ZxZ71sZ6FX.jpg,1024,824,2,362,271,978,449
armas (59)_jpg.rf.sq5RYv6TCe1bWIoZAWaH.jpg,256,192,0,26,22,241,171
f1f71a2e690872ebb_jpg.rf.t1GhGj8mLr4ON7TPzVnB.jpg,1024,682,2,631,243,831,638
540c842a690ecae5_jpg.rf.sk08c6gi653FPxAocyxp.jpg,888,1024,0,25,396,218,504
540c842a690ecae5_jpg.rf.sk08c6gi653FPxAocyxp.jpg,888,1024,0,35,210,197,318
540c842a690ecae5_jpg.rf.sk08c6gi653FPxAocyxp.jpg,888,1024,0,91,54,227,150
540c842a690ecae5_jpg.rf.sk08c6gi653FPxAocyxp.jpg,888,1024,0,94,590,246,676
540c842a690ecae5_jpg.rf.sk08c6gi653FPxAocyxp.jpg,888,1024,0,207,226,370,325
540c842a690ecae5_jpg.rf.sk08c6gi653FPxAocyxp.jpg,888,1024,0,211,409,341,504
540c842a690ecae5_jpg.rf.sk08c6gi653FPxAocyxp.jpg,888,1024,0,273,564,447,680
540c842a690ecae5_jpg.rf.sk08c6gi653FPxAocyxp.jpg,888,1024,0,273,47,427,152
540c842a690ecae5_jpg.rf.sk08c6gi653FPxAocyxp.jpg,888,1024,0,368,400,527,498
540c842a690ecae5_jpg.rf.sk08c6gi653FPxAocyxp.jpg,888,1024,0,382,234,516,328
540c842a690ecae5_jpg.rf.sk08c6gi653FPxAocyxp.jpg,888,1024,0,466,571,620,683
540c842a690ecae5_jpg.rf.sk08c6gi653FPxAocyxp.jpg,888,1024,0,475,59,603,150
540c842a690ecae5_jpg.rf.sk08c6gi653FPxAocyxp.jpg,888,1024,0,525,220,716,324
540c842a690ecae5_jpg.rf.sk08c6gi653FPxAocyxp.jpg,888,1024,0,555,414,677,505
540c842a690ecae5_jpg.rf.sk08c6gi653FPxAocyxp.jpg,888,1024,0,625,52,800,153
540c842a690ecae5_jpg.rf.sk08c6gi653FPxAocyxp.jpg,888,1024,0,649,575,792,680
540c842a690ecae5_jpg.rf.sk08c6gi653FPxAocyxp.jpg,888,1024,0,711,393,874,504
540c842a690ecae5_jpg.rf.sk08c6gi653FPxAocyxp.jpg,888,1024,0,726,227,875,324
armas (715)_jpg.rf.rhczVFOvRO0w6g2K9yiW.jpg,400,266,0,150,69,302,202
c16f2e394747a6f75_jpg.rf.rqAHXZN870pX6qt5gDhi.jpg,1024,731,2,258,234,765,570
armas (2911)_jpg.rf.tLuKrGPjhmu3OIVMAOoA.jpg,112,168,0,18,8,83,100
i1mage26_jpg.rf.tOC8H5RTa9CJE6mzoVl8.jpg,644,430,2,111,283,491,418
armas (1575)_jpg.rf.tW2cBUQeuDrcnioZA1Yl.jpg,500,449,0,16,219,244,397
armas (1575)_jpg.rf.tW2cBUQeuDrcnioZA1Yl.jpg,500,449,0,252,208,482,430
armas (1575)_jpg.rf.tW2cBUQeuDrcnioZA1Yl.jpg,500,449,0,29,52,230,224
armas (1575)_jpg.rf.tW2cBUQeuDrcnioZA1Yl.jpg,500,449,0,288,37,468,156
armas (489)_jpg.rf.tUd4f7tZlmurAod6w7Ui.jpg,450,450,0,49,222,219,308
91d5e6fe44e580543_jpg.rf.uiRfWIDN9KT39OaBXtFn.jpg,1024,296,2,0,64,1024,189
armas (9)_jpg.rf.uPOcvuKpPs9pRO3Oi0ov.jpg,866,1300,0,147,183,327,475
010001172_jpg.rf.u9AVIs4S9Or94A4bBzD9.jpg,600,398,2,1,30,595,389
010000836_jpg.rf.up9yr3UMybUw2h8yeKyM.jpg,600,450,2,27,84,583,252
8b87707ea2f54186_jpg.rf.tz6Xz5s9Vl38eXzizCZb.jpg,765,1024,0,134,369,654,894
armas (2249)_jpg.rf.ejOSKDNFUliPyGtVrwLP.jpg,160,120,0,4,1,157,120
armas (1355)_jpg.rf.eyM5dsOf4f3f9ESWZvBj.jpg,500,375,0,278,97,317,111
11462a60b1002ba16_jpg.rf.f5uibJEPud4qQ98HzjCk.jpg,1024,768,2,0,38,1023,570
11462a60b1002ba16_jpg.rf.f5uibJEPud4qQ98HzjCk.jpg,1024,768,2,498,113,814,293
armas (1349)_jpg.rf.cDZGVbxC7oruhgamuNEN.jpg,500,332,0,1,43,137,301
armas (2791)_jpg.rf.ctP7vet6r87jgGf7vr0l.jpg,600,251,0,267,113,367,251
armas (1579)_jpg.rf.uuYfFpyiFSUncOrZreyG.jpg,500,429,0,1,1,323,339
010001296_jpg.rf.clMUZhUXCwa3iFPbQ2ms.jpg,600,337,2,2,1,108,270
010001296_jpg.rf.clMUZhUXCwa3iFPbQ2ms.jpg,600,337,2,55,1,181,334
010001296_jpg.rf.clMUZhUXCwa3iFPbQ2ms.jpg,600,337,2,430,1,511,335
010001296_jpg.rf.clMUZhUXCwa3iFPbQ2ms.jpg,600,337,2,345,1,413,335
010001296_jpg.rf.clMUZhUXCwa3iFPbQ2ms.jpg,600,337,2,268,1,337,335
010001296_jpg.rf.clMUZhUXCwa3iFPbQ2ms.jpg,600,337,2,149,1,253,335
armas (321)_jpg.rf.cyEDv4RaL7pMDxF4zFgV.jpg,1920,1080,0,474,617,779,1002
armas (2825)_jpg.rf.uJ9NK5ECMcSgYANbdIun.jpg,259,194,0,6,15,244,175
010001121_jpg.rf.coWUx2BBMR4heklVeF8D.jpg,500,219,2,9,51,491,196
armas (907)_jpg.rf.dj10kLIAWVv4FJv56Aw0.jpg,182,277,0,1,2,137,193
c7c3b5fca2bb65fa_jpg.rf.uArGD56iiveok61ZagvJ.jpg,1024,768,0,107,127,917,657
armas (1848)_jpg.rf.czwtewyNSmGWnYLWGH7p.jpg,300,269,0,27,95,76,172
4124204fef4cc760a_jpg.rf.dcfZVxNNCKZemAC5BHoX.jpg,1024,768,2,0,465,483,710
4124204fef4cc760a_jpg.rf.dcfZVxNNCKZemAC5BHoX.jpg,1024,768,2,264,232,739,469
9183c241069f27e7e_jpg.rf.e0fiy0mYXPbpMGBF1wMu.jpg,1024,663,2,490,139,906,491
11136d37a74c406de_jpg.rf.dDjeaRXhcKUoSq6ee68t.jpg,1024,290,2,13,10,1012,273
armas (1888)_jpg.rf.eNoOqriI8CqbvT5jKEsX.jpg,800,430,0,347,179,448,385
armas (2618)_jpg.rf.eXTPKHEfMePyWXxoQtF6.jpg,160,120,0,4,1,156,115
a1397b34f64a81b8c_jpg.rf.cOQEQXqB8LtYgQIYvIh4.jpg,1024,717,2,237,190,667,579
21ca23bd9dbdbdef5_jpg.rf.BJxIssLEWSAh59UBBaM4.jpg,819,1024,2,254,282,551,1022
armas (2523)_jpg.rf.CVvwmJand2BNmHCiW5wn.jpg,160,120,0,1,4,155,115
armas (1947)_jpg.rf.CXj0LxGlmC6YiPEC500r.jpg,450,406,0,274,36,338,121
armas (940)_jpg.rf.BAX8qdCiOdGR2o6Vx1cn.jpg,244,206,0,118,72,141,119
armas (1280)_jpg.rf.f90cYFVqjurcTSJA7sh6.jpg,500,500,0,126,163,276,288
armas (422)_jpg.rf.fAuMVVr1g8vd8s2NHUcn.jpg,1023,682,0,309,212,509,562
armas (143)_jpg.rf.fEdkGmvAKMIklWfEq8w5.jpg,1300,866,0,638,139,951,303
armas (1433)_jpg.rf.fLF2wRhUEdERSYtM2LkW.jpg,500,375,0,1,47,500,375
4a580434f0a7f1f4_jpg.rf.eAwA86CIqQq0sqenuMT7.jpg,1024,768,0,89,208,687,554
01bbffd2d0a4a719d_jpg.rf.F4np3oDXR6dlsic1cliq.jpg,1024,346,2,73,108,993,247
armas (504)_jpg.rf.fpHX19HQ8x6OFjqXE2pD.jpg,200,150,0,47,3,147,150
01821adb1ea4f396a_jpg.rf.g49FDuahJnrKPse4AnmQ.jpg,1024,678,2,95,282,885,562
i1mage42_jpg.rf.gRHXbbafgfdnaSwkxMgY.jpg,468,286,2,41,147,400,277
b11e2f06ec5fb9e07_jpg.rf.ga7BQwHG8to7YZHO3bRu.jpg,1024,683,2,0,210,656,527
armas (77)_jpg.rf.gapndnIaTc41zgVgn9AM.jpg,1300,1300,0,57,290,1268,1157
c1adf2582e9d8ab03_jpg.rf.CdyzBxxZWGXP0ptB52gq.jpg,1024,363,2,25,70,1024,334
41fbfc3718b593a48_jpg.rf.CtYAFxTeZIQJzHGsPDZr.jpg,461,1024,2,27,36,461,1019
armas (665)_jpg.rf.CjZTyvy8KQ3CPl0LemEa.jpg,460,283,0,85,7,285,232
1127013655e62db98_jpg.rf.D4E5efkU5qvaOmGLqAqO.jpg,1024,683,2,523,314,1023,683
01b57e2b342ae9869_jpg.rf.D9sYJFENvgAULGJRPofg.jpg,1024,576,2,0,261,435,575
armas (1556)_jpg.rf.DRmQqH9CQknJrix6CiA1.jpg,500,332,0,92,73,449,314
3124689940d8c72c6_jpg.rf.CyOznVuIoXmjImivPWhW.jpg,1024,680,2,176,287,513,448
618e1b9e3b8e43128_jpg.rf.E5FJly82yHIrr6MsdrcG.jpg,1024,768,2,83,0,1004,383
618e1b9e3b8e43128_jpg.rf.E5FJly82yHIrr6MsdrcG.jpg,1024,768,2,112,272,873,541
618e1b9e3b8e43128_jpg.rf.E5FJly82yHIrr6MsdrcG.jpg,1024,768,2,123,571,887,751
51eab04238aa8d7c3_jpg.rf.E2ABS2TzTEFhoj0S0V9v.jpg,1024,680,2,38,0,908,679
212ae802569dfd002_jpg.rf.EffkNVr3rs7GIdzmt7sJ.jpg,1024,683,2,165,413,1022,670
212ae802569dfd002_jpg.rf.EffkNVr3rs7GIdzmt7sJ.jpg,1024,683,2,318,300,892,453
5181a5bd09a40bfcf_jpg.rf.EMIaDurjRkNGUW095plF.jpg,1024,678,2,578,306,723,362
armas (2736)_jpg.rf.DYfK0X7bM1qrrBWucY7O.jpg,160,120,0,4,3,154,114
armas (766)_jpg.rf.EOnwLi87e8RimHmHZmfQ.jpg,300,211,0,1,13,294,197
417ac2da57896edd5_jpg.rf.CHAt2LTd8lrqtmAXoUja.jpg,1024,743,2,47,155,763,578
armas (1379)_jpg.rf.D3WUsVXy3Cd9QdPXfZon.jpg,500,473,0,85,348,243,457
armas (1379)_jpg.rf.D3WUsVXy3Cd9QdPXfZon.jpg,500,473,0,277,349,420,464
armas (1379)_jpg.rf.D3WUsVXy3Cd9QdPXfZon.jpg,500,473,0,9,222,156,328
armas (1379)_jpg.rf.D3WUsVXy3Cd9QdPXfZon.jpg,500,473,0,185,228,333,333
armas (1379)_jpg.rf.D3WUsVXy3Cd9QdPXfZon.jpg,500,473,0,339,241,456,339
armas (686)_jpg.rf.hjbrvHta9w4TmpizY1qW.jpg,1500,1000,0,560,341,1146,708
31684a420339b8773_jpg.rf.hmO2zv97QoigA9lxH2pA.jpg,1024,768,2,45,327,250,767
31684a420339b8773_jpg.rf.hmO2zv97QoigA9lxH2pA.jpg,1024,768,2,241,257,519,763
31684a420339b8773_jpg.rf.hmO2zv97QoigA9lxH2pA.jpg,1024,768,2,504,302,620,455
31684a420339b8773_jpg.rf.hmO2zv97QoigA9lxH2pA.jpg,1024,768,2,830,78,1024,378
i1mage159_jpg.rf.htqxe8LrWDAJXQzWagnT.jpg,576,432,2,286,144,463,194
i1mage159_jpg.rf.htqxe8LrWDAJXQzWagnT.jpg,576,432,2,159,153,502,247
41f447232e986e1d0_jpg.rf.iBhLQq4T0ytROhRibHDx.jpg,1024,768,2,11,235,918,430
armas (2944)_jpg.rf.iLkjs1uw62eplFI5R8no.jpg,1083,832,0,31,9,1018,809
1619b12e2ae2822a_jpg.rf.iXNhVgGLpHfUMNWNZvrn.jpg,1024,768,0,97,136,976,677
0101a7118d6df8b18_jpg.rf.ig4Qkw0ogUfi1OF8PERy.jpg,1024,681,2,65,116,131,473
010000497_jpg.rf.iz3BgzCiOWydfyUYJDJT.jpg,534,401,2,148,28,530,398
armas (2871)_jpg.rf.j206mIN3wDwyBpymbS8K.jpg,156,235,0,72,106,95,155
armas (568)_jpg.rf.gUb8Uo64fqL7FeOmVTPD.jpg,800,600,0,37,228,89,301
armas (568)_jpg.rf.gUb8Uo64fqL7FeOmVTPD.jpg,800,600,0,113,243,168,313
armas (568)_jpg.rf.gUb8Uo64fqL7FeOmVTPD.jpg,800,600,0,174,265,250,325
armas (568)_jpg.rf.gUb8Uo64fqL7FeOmVTPD.jpg,800,600,0,262,256,353,362
armas (568)_jpg.rf.gUb8Uo64fqL7FeOmVTPD.jpg,800,600,0,365,277,456,350
armas (568)_jpg.rf.gUb8Uo64fqL7FeOmVTPD.jpg,800,600,0,480,289,565,380
armas (568)_jpg.rf.gUb8Uo64fqL7FeOmVTPD.jpg,800,600,0,604,368,710,486
010000059_jpg.rf.hbN1IFmmarMHqOKldFQu.jpg,599,448,2,89,31,404,186
010000059_jpg.rf.hbN1IFmmarMHqOKldFQu.jpg,599,448,2,444,124,569,239
armas (417)_jpg.rf.DdVeuXrCYl3DHsV7bMWF.jpg,1023,620,0,394,185,474,265
01d441036d1cf5d9a_jpg.rf.xNEVN2xZ1NbzBPDPW3FS.jpg,1024,681,2,429,154,790,445
armas (1857)_jpg.rf.xVEXPsBDnYV7abcpcbN9.jpg,1079,685,0,208,330,317,507
armas (1420)_jpg.rf.xjly9i8V3N97iSgKnwVL.jpg,500,376,0,196,169,339,246
armas (1356)_jpg.rf.xkseDoPmqUSZcA7v0pO6.jpg,500,326,0,1,1,499,320
armas (1300)_jpg.rf.vmBYWyKs2kneCCRiWPIB.jpg,405,302,0,8,2,401,296
41a927aae62da877f_jpg.rf.krzMjTXs5zQLLdBuvBRS.jpg,1024,683,2,0,0,1023,683
armas (1462)_jpg.rf.qwbDr9z8wzb9yMwdyNhp.jpg,500,375,0,223,100,271,165
e595eb939270fb05_jpg.rf.vuw7np13q7xHtjuGyKeo.jpg,1024,683,0,34,44,972,614
010000857_jpg.rf.qlGpLU3m9fUNkBoBCelg.jpg,600,324,2,8,28,581,235
armas (1778)_jpg.rf.vPR3OPw6wwc9aefEosfo.jpg,1920,1200,0,640,50,1257,1141
0231d2f11eb7a483_jpg.rf.wir7PmGEqYADb2g5gO50.jpg,469,1024,0,57,73,403,271
32273104bdd318a6_jpg.rf.vV7EeQ56g17FaxTOeag6.jpg,1024,578,0,28,10,994,473
0154bc2ae75258366_jpg.rf.wDEKOfl45X03OPvw0jkD.jpg,1024,683,2,74,0,648,683
0154bc2ae75258366_jpg.rf.wDEKOfl45X03OPvw0jkD.jpg,1024,683,2,673,15,1024,683
e13ffb515e09cf93e_jpg.rf.q7MZoKKV0PFSdJeNNX6T.jpg,1024,1024,2,346,658,906,768
e13ffb515e09cf93e_jpg.rf.q7MZoKKV0PFSdJeNNX6T.jpg,1024,1024,2,368,235,928,355
armas (1390)_jpg.rf.x0q1myOmDEAswURmgzGj.jpg,500,375,0,72,1,290,363
armas (1440)_jpg.rf.x3xNkMsVkvbFZBE23hbS.jpg,500,375,0,169,64,235,126
armas (1440)_jpg.rf.x3xNkMsVkvbFZBE23hbS.jpg,500,375,0,257,69,319,122
ca76256f3c696307_jpg.rf.wPUMzDJKKdP3cIjR2dab.jpg,1024,683,0,0,0,1023,682
01af38ef0b0301f07_jpg.rf.wveLghoiiopksZlcRm8y.jpg,1024,725,2,228,231,401,342
armas (1239)_jpg.rf.pXGsFhNTpmHNRL8awA5D.jpg,500,333,0,55,8,469,318
armas (2137)_jpg.rf.zYwV0NlqJywS2hNtLWP9.jpg,450,260,0,2,44,444,247
7107de0cce3fe5aab_jpg.rf.zfSFrpCSdKRrPpjOTgKP.jpg,1024,735,2,196,401,243,410
7107de0cce3fe5aab_jpg.rf.zfSFrpCSdKRrPpjOTgKP.jpg,1024,735,2,379,392,905,616
7107de0cce3fe5aab_jpg.rf.zfSFrpCSdKRrPpjOTgKP.jpg,1024,735,2,418,370,445,383
7107de0cce3fe5aab_jpg.rf.zfSFrpCSdKRrPpjOTgKP.jpg,1024,735,2,485,362,593,416
7107de0cce3fe5aab_jpg.rf.zfSFrpCSdKRrPpjOTgKP.jpg,1024,735,2,539,352,557,368
7107de0cce3fe5aab_jpg.rf.zfSFrpCSdKRrPpjOTgKP.jpg,1024,735,2,681,364,713,379
7107de0cce3fe5aab_jpg.rf.zfSFrpCSdKRrPpjOTgKP.jpg,1024,735,2,760,359,782,382
f1e2eac783e39713e_jpg.rf.ziotM5rEpjvepr8g3LX6.jpg,1024,681,2,486,326,1024,541
armas (1126)_jpg.rf.zjmRHWpL9MTJprqEjrmh.jpg,450,320,0,147,85,348,221
armas (182)_jpg.rf.zlorshPJsmm9QMvZkrsH.jpg,460,259,0,166,122,198,146
9171ca9b5aa8d8b80_jpg.rf.zo9xa8j63bbj03hGBbk4.jpg,1024,485,2,46,66,970,392
armas (156)_jpg.rf.H6nYXHjI4zeh3EUfNgjz.jpg,300,450,0,191,327,222,401
armas (155)_jpg.rf.HSupIxe5sLY8sJbYkAeE.jpg,450,300,0,149,106,249,255
010000629_jpg.rf.HkkjE6DykxSkzsm5dmnX.jpg,600,400,2,229,114,327,154
010000629_jpg.rf.HkkjE6DykxSkzsm5dmnX.jpg,600,400,2,329,94,429,132
5113bec2aa5c2d5e_jpg.rf.IIYSFFKTa68DqzQ9nwzD.jpg,818,1024,0,0,103,727,614
814ec25b969796e50_jpg.rf.IYWW9Z9efo5UIpUQfSMR.jpg,1024,576,2,41,135,549,350
010000299_jpg.rf.JAUQ6DiFpV37swTUp7io.jpg,480,480,2,7,327,462,472
244b06e5f1fe9527_jpg.rf.JLegLXXTUd7Wpzyo2BJD.jpg,1024,680,0,29,100,935,595
480e280ace4be358_jpg.rf.JnbrAy2PEaD3LIaXL2eI.jpg,1024,683,0,709,262,875,334
71b2e24cd82778e44_jpg.rf.yK4vPN7r6YHdhMk3rTsS.jpg,1024,681,2,37,185,648,469
c1a7616d8a0a95937_jpg.rf.y1iciMTmRHwVBW1KM6zo.jpg,1024,575,2,836,334,1000,477
c1a7616d8a0a95937_jpg.rf.y1iciMTmRHwVBW1KM6zo.jpg,1024,575,2,32,247,81,481
c1a7616d8a0a95937_jpg.rf.y1iciMTmRHwVBW1KM6zo.jpg,1024,575,2,116,186,334,333
c1a7616d8a0a95937_jpg.rf.y1iciMTmRHwVBW1KM6zo.jpg,1024,575,2,198,290,403,437
c1a7616d8a0a95937_jpg.rf.y1iciMTmRHwVBW1KM6zo.jpg,1024,575,2,556,302,708,474
c1a7616d8a0a95937_jpg.rf.y1iciMTmRHwVBW1KM6zo.jpg,1024,575,2,614,183,737,275
c1a7616d8a0a95937_jpg.rf.y1iciMTmRHwVBW1KM6zo.jpg,1024,575,2,711,310,894,481
c1a7616d8a0a95937_jpg.rf.y1iciMTmRHwVBW1KM6zo.jpg,1024,575,2,771,194,969,300
a1b3654d01e65dc34_jpg.rf.x6jDsOc46BwqhHGpV4kJ.jpg,1024,686,2,487,265,957,428
a1b3654d01e65dc34_jpg.rf.x6jDsOc46BwqhHGpV4kJ.jpg,1024,686,2,717,317,985,394
armas (1229)_jpg.rf.zQl8fY8IMnoQtGCFOLSc.jpg,99,93,0,40,38,76,88
14ed72ff841b8402_jpg.rf.yqRHYcL4eTlcRCCctwY0.jpg,1024,683,0,0,94,810,534
71f2c74b1b34f4d0a_jpg.rf.yMkAmo8QCiQWbGp5xRQB.jpg,1024,576,2,559,270,689,356
b1eba7e8c32cc5dec_jpg.rf.QhFA3XBVONh186AL797u.jpg,1024,683,2,332,345,1017,597
41d348450578fb11f_jpg.rf.QhmPTMonGqF34optOHMO.jpg,1024,768,2,131,362,955,704
3868599781102a4e_jpg.rf.QnrgWxYpxPgmUneAu2GQ.jpg,1024,768,0,18,57,1018,739
armas (2814)_jpg.rf.Qy46GLv9W9aRpdt3MPkq.jpg,320,241,0,5,16,304,233
i1mage157_jpg.rf.RDHuuTn6kDJTXbuWY5T5.jpg,630,418,2,285,118,503,191
i1mage157_jpg.rf.RDHuuTn6kDJTXbuWY5T5.jpg,630,418,2,211,112,513,204
i1mage157_jpg.rf.RDHuuTn6kDJTXbuWY5T5.jpg,630,418,2,403,155,485,190
9123e0ce776b9d100_jpg.rf.RL5TOX5qRvXEIsH6bWei.jpg,1024,680,2,189,132,995,418
d1cc3300a93144395_jpg.rf.RcEqU3T8pnDnbH325Kt1.jpg,1024,768,2,253,375,761,535
619063bbb2ebf430e_jpg.rf.SLh6mRpqwc7Z9hh6q9PU.jpg,1024,680,2,414,255,683,679
armas (2291)_jpg.rf.03F0jVhivLM4wY6NvrN5.jpg,160,120,0,7,3,155,115
i1mage29_jpg.rf.0MyHg3LoRB8uQyvPZf1s.jpg,577,322,2,62,117,506,267
armas (2978)_jpg.rf.0SICzTA7LhW5lBNTOM9r.jpg,507,339,0,17,14,479,318
armas (1078)_jpg.rf.0WipUtXZDptL0pPslMCD.jpg,480,360,0,13,97,85,152
armas (1666)_jpg.rf.0mXHwaIm2w5lI12IurTY.jpg,500,399,0,24,188,129,221
27650b5617c13714_jpg.rf.0myNaxx0i8pCT63YFZlo.jpg,1024,707,0,106,293,272,367
armas (1997)_jpg.rf.0qB8XBSBPRYW6P5WnFZ6.jpg,640,444,0,102,58,348,324
d14c6e417e3ffbd61_jpg.rf.1AY92DBCNtz53p1DMuvi.jpg,1024,681,2,405,235,733,513
b17031e036e48b7d8_jpg.rf.eAaguCn2BO6ApAArXI2w.jpg,1024,732,2,0,299,71,335
b17031e036e48b7d8_jpg.rf.eAaguCn2BO6ApAArXI2w.jpg,1024,732,2,1,262,206,298
b17031e036e48b7d8_jpg.rf.eAaguCn2BO6ApAArXI2w.jpg,1024,732,2,146,254,342,324
b17031e036e48b7d8_jpg.rf.eAaguCn2BO6ApAArXI2w.jpg,1024,732,2,242,232,499,314
b17031e036e48b7d8_jpg.rf.eAaguCn2BO6ApAArXI2w.jpg,1024,732,2,483,249,631,287
b17031e036e48b7d8_jpg.rf.eAaguCn2BO6ApAArXI2w.jpg,1024,732,2,550,272,768,336
b17031e036e48b7d8_jpg.rf.eAaguCn2BO6ApAArXI2w.jpg,1024,732,2,705,257,915,308
e1b0e15d2734f2f35_jpg.rf.eKyngK4kPxq58bCM9lYc.jpg,1024,782,2,206,419,589,751
61f2ad7641ecbfe41_jpg.rf.eO9jqw0sXjfN5DN77Vg6.jpg,1024,720,2,518,199,838,707
armas (409)_jpg.rf.epcJW7x7zAiFsAyrrYcq.jpg,1023,651,0,28,15,786,585
armas (2496)_jpg.rf.eyUoFhNf5C6LcDMygYnB.jpg,160,120,0,2,3,158,114
armas (1976)_jpg.rf.f1cule6jjOSaMLkoWuLO.jpg,478,336,0,110,105,186,155
armas (1976)_jpg.rf.f1cule6jjOSaMLkoWuLO.jpg,478,336,0,29,68,80,116
a17d1e957c2782124_jpg.rf.f9Qr0lfQT9w4UPWHK5I7.jpg,1024,717,2,0,333,247,717
018671d838f028181_jpg.rf.fSjGnSE985zucwJfOkMs.jpg,1024,681,2,301,293,901,456
b4be63ea711a3737_jpg.rf.fZoqSwuSGWyc8n4Rdn3q.jpg,1024,1024,0,181,199,333,423
b4be63ea711a3737_jpg.rf.fZoqSwuSGWyc8n4Rdn3q.jpg,1024,1024,0,352,10,1008,838
9395415e775aa220_jpg.rf.fmIvikB7qPxi39nGKBLO.jpg,1024,768,0,74,118,798,651
015cd5353344d722_jpg.rf.fy2z47Q7w3BVheWKwprp.jpg,685,1024,0,303,621,495,666
armas (2686)_jpg.rf.Qgeyy6072mBUGXQVuzt4.jpg,160,120,0,4,6,152,114
armas (2829)_jpg.rf.RIDR4nLgHCqMCRjby0yP.jpg,1055,1390,0,515,243,560,320
armas (1584)_jpg.rf.RbYeDVf6Pytw4PHHjF1W.jpg,500,333,0,268,88,337,136
c10032e75cd09798f_jpg.rf.RYV1KEYq02vZM6fKGG5E.jpg,1024,683,2,0,23,977,625
010001009_jpg.rf.gUT8BgjT8pJXvejinfxg.jpg,600,928,2,17,614,550,773
010001009_jpg.rf.gUT8BgjT8pJXvejinfxg.jpg,600,928,2,15,341,576,468
010001009_jpg.rf.gUT8BgjT8pJXvejinfxg.jpg,600,928,2,17,95,556,206
armas (1804)_jpg.rf.gfGojd87EzPIWIT6nxWm.jpg,1300,956,0,513,191,571,250
039f27ac12c793bb_jpg.rf.gi6qOtR95l4TlQIAvDjb.jpg,1024,683,0,633,297,733,400
i1mage117_jpg.rf.gowwBXIlG1xa76j7VxMK.jpg,289,352,2,74,107,279,332
armas (2360)_jpg.rf.gUCFfGDVSo92XVHioiaf.jpg,160,120,0,3,5,157,118
armas (2521)_jpg.rf.gaVD31Dnou6sMwsMt4wG.jpg,160,120,0,2,1,156,115
armas (1272)_jpg.rf.gexj6gyrC5AoggTeIUty.jpg,500,333,0,244,133,286,154
11297b6d1a741ad0a_jpg.rf.giEa75yFQCbSebTCToSI.jpg,1024,683,2,0,206,630,636
81b93a034c759958f_jpg.rf.gm8tg4LV8DGiOlKMJ7Bg.jpg,1024,681,2,163,233,454,335
81b93a034c759958f_jpg.rf.gm8tg4LV8DGiOlKMJ7Bg.jpg,1024,681,2,475,291,1023,435
armas (1582)_jpg.rf.gri3g1xaXvPbR1svlAK4.jpg,500,333,0,11,118,465,282
armas (1582)_jpg.rf.gri3g1xaXvPbR1svlAK4.jpg,500,333,0,150,1,342,70
armas (1582)_jpg.rf.gri3g1xaXvPbR1svlAK4.jpg,500,333,0,375,7,499,80
9180ab7e27e8b03d4_jpg.rf.h6iusqDLrtCqPrdGB6fs.jpg,768,1024,2,0,95,767,1023
armas (286)_jpg.rf.hLLrCOeF0osAAEhB5D4X.jpg,700,416,0,27,12,495,393
armas (2458)_jpg.rf.g3TFqSxVeTaWyoDmv9tW.jpg,160,120,0,2,1,157,115
armas (2254)_jpg.rf.fzLq0zPHk78Vf4jWJ8QY.jpg,160,120,0,2,2,156,118
a1269d51075f79c66_jpg.rf.gG3dO0czxbeHzCMbCX5W.jpg,1024,757,2,154,122,702,310
armas (2092)_jpg.rf.gS847TEedh4rdcpz9PQG.jpg,640,444,0,365,77,566,280
armas (2348)_jpg.rf.g66QpdDEsyA6u6YUfSH4.jpg,160,120,0,5,7,157,115
armas (1683)_jpg.rf.gG7VUExZhLo6npdfXOPt.jpg,500,375,0,356,225,498,374
armas (1904)_jpg.rf.g1E8PVYYb8qKrQKOIQZt.jpg,1300,1330,0,522,693,1189,1091
012c6e0ff5cbbcc63_jpg.rf.ieX81sGYoG1f7s6kwrif.jpg,1024,680,2,131,191,1011,680
010000399_jpg.rf.j3snsS5jKSOKP2B0JzS6.jpg,600,399,2,1,91,599,399
419e40ccefbef1c86_jpg.rf.jCTWFjMP3hRWQT6d5viq.jpg,1024,683,2,0,327,929,578
419e40ccefbef1c86_jpg.rf.jCTWFjMP3hRWQT6d5viq.jpg,1024,683,2,0,127,993,321
d1e12645d8f453d17_jpg.rf.jERlW06KSr8iRGpakH7i.jpg,1024,681,2,89,285,596,396
411e625817972e836_jpg.rf.jJDNEW3pkVby49ZnQZHA.jpg,682,1024,2,340,81,531,467
015abac7359a13c5c_jpg.rf.jUQ6141p2ItLYl98jQn0.jpg,1024,680,2,321,221,900,590
i1mage52_jpg.rf.jhHTemNGEB71VRp9VaCo.jpg,1024,644,2,263,98,973,399
410fc0f18b224768a_jpg.rf.jkiMK42RfQDjV1xKmxOe.jpg,1024,680,2,0,253,1023,679
410fc0f18b224768a_jpg.rf.jkiMK42RfQDjV1xKmxOe.jpg,1024,680,2,430,120,838,244
armas (2522)_jpg.rf.kCn2F2kh0XAcPAAftm0P.jpg,160,120,0,5,1,155,118
6111a8a45d7cc9bda_jpg.rf.kOqd151ckWVyTJ7yttxh.jpg,1024,679,2,281,312,701,538
6111a8a45d7cc9bda_jpg.rf.kOqd151ckWVyTJ7yttxh.jpg,1024,679,2,141,48,600,131
6111a8a45d7cc9bda_jpg.rf.kOqd151ckWVyTJ7yttxh.jpg,1024,679,2,165,173,658,247
6111a8a45d7cc9bda_jpg.rf.kOqd151ckWVyTJ7yttxh.jpg,1024,679,2,557,501,908,584
6111a8a45d7cc9bda_jpg.rf.kOqd151ckWVyTJ7yttxh.jpg,1024,679,2,600,391,933,465
6111a8a45d7cc9bda_jpg.rf.kOqd151ckWVyTJ7yttxh.jpg,1024,679,2,619,311,906,391
6111a8a45d7cc9bda_jpg.rf.kOqd151ckWVyTJ7yttxh.jpg,1024,679,2,633,214,902,305
6111a8a45d7cc9bda_jpg.rf.kOqd151ckWVyTJ7yttxh.jpg,1024,679,2,649,126,931,204
armas (1001)_jpg.rf.Y6ZgOQ0p26baNAjlEUDE.jpg,263,192,0,96,17,227,72
113bb5ee8dfad24c9_jpg.rf.YEiWJILkBsy6YtFTZqF1.jpg,1024,681,2,200,255,841,545
01641f0c989d91703_jpg.rf.hUSGEy206aihemE3fbEv.jpg,1024,681,2,114,244,454,392
armas (2349)_jpg.rf.hxyCHpyCfQNdzJRPxImm.jpg,160,120,0,13,10,149,113
armas (1000)_jpg.rf.i5OXF1i3RklG3fqd8vX5.jpg,275,183,0,97,4,215,96
armas (134)_jpg.rf.iVjXadPdwRRFfEb1DbMk.jpg,1103,1620,0,37,200,199,363
armas (1068)_jpg.rf.idortpyz1HlqmJxooRk6.jpg,220,379,0,175,37,218,72
e72e5f50975783e4_jpg.rf.iA6X1nsNXI1ptDGkELwf.jpg,1024,768,0,221,162,873,557
01264bf179df851c0_jpg.rf.ZJIJObBqhc4xC0HiQONS.jpg,683,1024,2,86,83,546,897
armas (2145)_jpg.rf.aForPjkTyg8jU5VvqdBk.jpg,650,400,0,470,92,649,187
armas (2484)_jpg.rf.aPSZ6WwXt5a4uWwc8xcQ.jpg,160,120,0,2,1,158,115
armas (2565)_jpg.rf.avXPfiF6m3mMuesx1OkG.jpg,160,120,0,13,28,154,90
41184e430d7a80829_jpg.rf.qG0PlesF9PoByjvsbvHd.jpg,1024,683,2,449,209,642,350
armas (1074)_jpg.rf.qYdy7qcUX4FygHKJYYJG.jpg,570,562,0,26,156,529,474
010001036_jpg.rf.O9fVWohfDSWF9kltbAfe.jpg,600,441,2,34,159,504,337
f14fa3fdc618e32ab_jpg.rf.FHndvJhjCdHiISSpGi7h.jpg,1024,680,2,0,0,1023,680
armas (810)_jpg.rf.OI38gUEPDvqauTVBXdBh.jpg,300,300,0,2,102,296,212
1128558550eb761d5_jpg.rf.MO4PuVW6W9SO9K9kcKmu.jpg,1024,683,2,0,5,309,157
1128558550eb761d5_jpg.rf.MO4PuVW6W9SO9K9kcKmu.jpg,1024,683,2,204,165,827,444
faa8bb37e9818b0a_jpg.rf.ILeswX5QHPGHQxLm463Z.jpg,1024,768,0,21,212,1023,650
armas (507)_jpg.rf.MdavkHETVaYb9e3Fv2k3.jpg,265,190,0,145,37,225,111
d178dce9e031036f8_jpg.rf.MjXT9SX3f8y7vSJlUaNW.jpg,1024,663,2,353,340,1023,662
d178dce9e031036f8_jpg.rf.MjXT9SX3f8y7vSJlUaNW.jpg,1024,663,2,416,228,565,379
21d85cdd3785bc51a_jpg.rf.MagEdpnCbOdXiTCrOLt7.jpg,1024,685,2,11,126,1023,660
314dd3f0270e95d01_jpg.rf.MSXSqid4C91xwVleJ2iU.jpg,1024,678,2,287,344,754,519
314dd3f0270e95d01_jpg.rf.MSXSqid4C91xwVleJ2iU.jpg,1024,678,2,796,297,876,584
armas (925)_jpg.rf.U5GmZDv2XTaVkOCXRS1Y.jpg,259,194,0,87,1,206,190
armas (2329)_jpg.rf.UO20W86obirSivdzlLy3.jpg,160,120,0,3,2,157,116
01f4e0c8335d273ab_jpg.rf.UVJZgZgDtEpPlQo90uVr.jpg,1024,685,2,265,300,904,504
010000526_jpg.rf.UXzIv1D1tgDsblnPDrVV.jpg,600,427,2,116,41,455,427
01645f4ac8d6dc868_jpg.rf.V5TnaJSUko5wqQmj8jCZ.jpg,1007,1024,2,17,521,250,645
51c73ee0aeb6fef26_jpg.rf.V8ZM1r4VLgKm41cLeR4S.jpg,1024,576,2,14,258,460,575
armas (1731)_jpg.rf.VC6mx0qsBgPjHnNiY0w5.jpg,500,333,0,26,45,450,274
armas (1079)_jpg.rf.VIk9081BmRYG9C5STt5A.jpg,615,346,0,195,143,255,173
armas (581)_jpg.rf.VVNvX2zrc7ZB8x9fHpeF.jpg,320,308,0,80,84,269,238
armas (2976)_jpg.rf.VcKKRuCEdZC9kFaZzYrh.jpg,725,725,0,36,152,661,566
a1d3e4cfdd6b724d8_jpg.rf.ObW2PH56Gn81pjj2a9F0.jpg,683,1024,2,84,0,543,1023
010000657_jpg.rf.Oqov2duZIc9g415sjEak.jpg,600,231,2,18,35,567,175
010000014_jpg.rf.OwPQjgrPPZ6nBVb9pAm1.jpg,600,450,2,2,144,599,331
armas (164)_jpg.rf.OLT9XXOxyWw0eu89uaI8.jpg,1500,1120,0,435,519,513,705
f42051075dc7cc15_jpg.rf.P60WZ9QUWt4o69GS78d1.jpg,1024,693,0,73,44,958,642
armas (1637)_jpg.rf.TlKTG2yIebFp85TKy61H.jpg,500,262,0,9,18,484,230
armas (197)_jpg.rf.PO3Wb3ZEP3PeNpilJ3Pz.jpg,560,292,0,175,77,382,210
c19f7df6074a1a293_jpg.rf.P6eq3IaXfEMWM5vzLlrl.jpg,1024,768,2,428,88,1017,296
217857e63a9b3782c_jpg.rf.N27eglyvQoxpBKi8babJ.jpg,1024,731,2,345,256,771,521
armas (98)_jpg.rf.PGHzEMNnHNnCkJAjdsnO.jpg,113,168,0,77,47,103,81
715f2cc4e599e6423_jpg.rf.Wd4x9WH2gjhMAQPIrOds.jpg,1024,770,2,713,307,1023,481
715f2cc4e599e6423_jpg.rf.Wd4x9WH2gjhMAQPIrOds.jpg,1024,770,2,11,129,252,482
715f2cc4e599e6423_jpg.rf.Wd4x9WH2gjhMAQPIrOds.jpg,1024,770,2,398,172,623,356
715f2cc4e599e6423_jpg.rf.Wd4x9WH2gjhMAQPIrOds.jpg,1024,770,2,574,233,644,321
armas (523)_jpg.rf.Wny3BAhw451bGL2n2rns.jpg,262,193,0,2,28,220,169
516b27de75ccc3920_jpg.rf.X19TnBBhSEjimfHE5zxA.jpg,1024,683,2,290,385,614,549
armas (514)_jpg.rf.X7kb94Op35bOHs8FQbMI.jpg,318,159,0,131,1,196,144
1911d1921cbab06b_jpg.rf.XCwNWRI4GJWm6s9RJV7k.jpg,1024,683,0,619,389,698,462
armas (1008)_jpg.rf.Xf2XrJLqQAlceOjhU2NS.jpg,259,195,0,19,26,67,83
012e4bb59a95d960f_jpg.rf.71jPoh5qNSQcsFkqov3K.jpg,1024,683,2,358,440,520,682
armas (1845)_jpg.rf.7NB1KrIxzJZxGFCz0wHd.jpg,640,476,0,1,33,640,389
armas (1567)_jpg.rf.7QBZJLCRfn8k1mldVAUQ.jpg,500,281,0,33,26,449,271
armas (104)_jpg.rf.7gCMerqJdmsmoiBr3NpW.jpg,450,300,0,94,107,171,173
0febb7276ea9fe5f_jpg.rf.7p46RiAviAAt6E6bIU3B.jpg,1024,683,0,672,218,949,457
010000796_jpg.rf.8BjUvZ7zAxy6c5edaIC6.jpg,600,450,2,271,162,332,284
armas (1387)_jpg.rf.VdvIT0GtcUZd9LVuUUUB.jpg,500,333,0,1,1,452,281
915db9250897b69cc_jpg.rf.Vu83G2aOxXxPsMUu9nNU.jpg,1024,448,2,64,19,970,402
armas (1384)_jpg.rf.VlV8yH3yzHRCUemelZtW.jpg,500,375,0,87,29,491,358
81af8cc2fb12387cc_jpg.rf.VerW2WgEQBzJbyPKdKCF.jpg,636,1024,2,89,85,602,950
71941d7e88e94be01_jpg.rf.VzUUYV83T2nN7BPIHTHc.jpg,1024,682,2,38,318,872,656
armas (737)_jpg.rf.8yd8bcOfiRkxvPBS5Tqq.jpg,1600,947,0,396,368,1032,600
61f62647ae4b95b21_jpg.rf.9YLk4zMbuH93CSqLKPNg.jpg,1024,685,2,249,256,990,449
armas (2587)_jpg.rf.9iLgAnXNfN4F5bU8jVMw.jpg,160,120,0,1,1,158,119
armas (1752)_jpg.rf.9pPNJYzvT1RRQjpM2qic.jpg,600,450,0,162,59,520,312
armas (991)_jpg.rf.A2RFfA9HKdfHkAI5DVgK.jpg,259,194,0,75,77,141,163
armas (1213)_jpg.rf.AXDPS6ZJ5D2LxdmRl2sH.jpg,375,500,0,58,1,330,375
0132574d44d9a96de_jpg.rf.bxvkQMSnyiawB0ahzHjH.jpg,1024,287,2,28,31,1006,271
5e73af09a5d007da_jpg.rf.cP0M93C03PrgnjbIfiwR.jpg,1024,681,0,517,223,898,367
armas (2838)_jpg.rf.7NkXvxSnCdENRX5VeasN.jpg,634,420,0,437,223,477,245
armas (897)_jpg.rf.8EBFYnVpXaRBfD6xhAl8.jpg,317,159,0,11,26,305,151
010000151_jpg.rf.8Qa5gWZ1JWr1cguVwN0d.jpg,600,337,2,1,43,305,301
41d6af247bf0ddb76_jpg.rf.8JEfIcSpcCt6Xciv2dPH.jpg,1024,682,2,188,193,1022,480
armas (508)_jpg.rf.8hFtixHugW3UIxlRH4rG.jpg,286,176,0,144,13,282,133
armas (2640)_jpg.rf.8kYKwcpz19T8xuxofUld.jpg,160,120,0,2,5,155,119
i1mage116_jpg.rf.8rp3EN8RrpfJqT97dRZG.jpg,604,403,2,107,160,522,369
11a5b195b68a16e7c_jpg.rf.8NDPmNHosei9eisDbhWv.jpg,1024,683,2,223,296,663,491
armas (516)_jpg.rf.dFiCsUsvZjTVWnc5McyC.jpg,269,187,0,8,7,241,92
b1af75ea933ea1aec_jpg.rf.ZDySTn8VKKAknzKjefDL.jpg,1024,681,2,238,191,753,390
5179de1e3ff1b25f4_jpg.rf.HFsw4vtnxEuHxZ6oW4Ai.jpg,1024,682,2,0,60,1023,471
armas (538)_jpg.rf.HO5ku1TRsgSoHwJatYe8.jpg,247,204,0,22,79,200,127
01ca861c495f683a9_jpg.rf.ZK40JElF0tFEakW9nquT.jpg,1024,690,2,12,257,802,618
01ca861c495f683a9_jpg.rf.ZK40JElF0tFEakW9nquT.jpg,1024,690,2,123,15,632,150
01ca861c495f683a9_jpg.rf.ZK40JElF0tFEakW9nquT.jpg,1024,690,2,215,110,744,263
armas (31)_jpg.rf.Yd43T0cTRZpCgtMqrPhv.jpg,1500,1121,0,722,302,1201,840
armas (2113)_jpg.rf.ZmteLmgpfhdRlRmsi9ts.jpg,160,120,0,4,4,158,114
0188519ae8d56c4e6_jpg.rf.ZoDrnlbAEYRUoUTdHB2X.jpg,1024,683,2,302,372,538,557
51b57f0f948408920_jpg.rf.ZqxbBjj9tFEQdap2wj8T.jpg,683,1024,2,33,537,408,804
51995066379632039_jpg.rf.ZEqu66fZYpQhwNWC8HRl.jpg,1024,765,2,317,144,987,487
a1456b2fabe4a0e48_jpg.rf.GSGXMuIyweX7e1idnhIA.jpg,1024,683,2,0,235,659,470
010001142_jpg.rf.GLt98mk1TaJtrrA11lVm.jpg,600,900,2,222,165,415,603
armas (2451)_jpg.rf.l1bL9v00zX5FlKtJQSqU.jpg,160,120,0,1,3,157,116
armas (2071)_jpg.rf.l9muhTCPrFdYMV9jwJvd.jpg,450,320,0,275,74,414,187
419fd62202fe493f9_jpg.rf.llUuIFr8yxLo0EjerFJk.jpg,1024,677,2,0,98,122,232
419fd62202fe493f9_jpg.rf.llUuIFr8yxLo0EjerFJk.jpg,1024,677,2,256,253,479,277
783a0edc32735b98_jpg.rf.YJYPjCJd8zWh08k5Qjf4.jpg,1024,708,0,607,192,775,334
armas (302)_jpg.rf.a16NA7XXJBQhU6vz2YbA.jpg,1500,1000,0,981,416,1068,483
armas (302)_jpg.rf.a16NA7XXJBQhU6vz2YbA.jpg,1500,1000,0,784,403,894,457
01071c889aed07c9e_jpg.rf.mNWDVhAGfdy5dayoVgNT.jpg,1024,965,2,666,629,778,757
81f8d4a1aeff92c10_jpg.rf.mONQS9tzpHBMV0jJtUrA.jpg,1024,683,2,79,256,187,597
81f8d4a1aeff92c10_jpg.rf.mONQS9tzpHBMV0jJtUrA.jpg,1024,683,2,173,26,216,164
81f8d4a1aeff92c10_jpg.rf.mONQS9tzpHBMV0jJtUrA.jpg,1024,683,2,369,16,435,252
81f8d4a1aeff92c10_jpg.rf.mONQS9tzpHBMV0jJtUrA.jpg,1024,683,2,372,191,734,376
01beb8c8e127bd286_jpg.rf.lSQw3lSwvi46vEEKDhJU.jpg,1024,681,2,225,45,542,350
61f5f2298a1fdb98f_jpg.rf.mPOKMY4PeSbM3JspqMW9.jpg,1024,683,2,672,205,808,451
010000437_jpg.rf.mUbbi0N4cDVyb99OVxld.jpg,600,366,2,138,6,593,153
010000437_jpg.rf.mUbbi0N4cDVyb99OVxld.jpg,600,366,2,280,35,465,366
010000437_jpg.rf.mUbbi0N4cDVyb99OVxld.jpg,600,366,2,164,28,284,366
010000437_jpg.rf.mUbbi0N4cDVyb99OVxld.jpg,600,366,2,342,1,430,345
armas (2438)_jpg.rf.X8j4sFQ92F71A1m6dotK.jpg,160,120,0,7,1,152,112
armas (1537)_jpg.rf.XZHHDLR8aqbVfJ4AsyZJ.jpg,500,419,0,149,26,499,372
armas (222)_jpg.rf.kssG2UJU2wemB4guLr9t.jpg,640,429,0,167,147,637,409
armas (222)_jpg.rf.kssG2UJU2wemB4guLr9t.jpg,640,429,0,102,90,560,276
armas (222)_jpg.rf.kssG2UJU2wemB4guLr9t.jpg,640,429,0,1,115,72,293
armas (222)_jpg.rf.kssG2UJU2wemB4guLr9t.jpg,640,429,0,11,2,109,122
armas (222)_jpg.rf.kssG2UJU2wemB4guLr9t.jpg,640,429,0,119,1,530,112
2156306186dae934c_jpg.rf.mAYYHWtwVV6xYNrYz2H1.jpg,1024,698,2,134,236,674,392
1a7544cff439c995_jpg.rf.ludxnsnstck6qN17Xb8A.jpg,1024,768,0,260,195,809,493
010000295_jpg.rf.lqPAPIRvb1zTem9mpih6.jpg,423,343,2,208,43,343,313
armas (1536)_jpg.rf.m9bHJIDinOQIvg0VFuUT.jpg,500,333,0,317,132,453,197
armas (52)_jpg.rf.WghU8GVPmYBAfmbB662b.jpg,450,299,0,65,171,182,228
armas (52)_jpg.rf.WghU8GVPmYBAfmbB662b.jpg,450,299,0,264,164,379,239
armas (2759)_jpg.rf.WhxlLc9jx17wMbw53wXn.jpg,160,120,0,5,3,159,119
i1mage11_jpg.rf.nKfHs3AE8tFvd4bLQEjN.jpg,740,493,2,253,186,510,342
e179411431272fa80_jpg.rf.nVIyd3YX1kBgh3ts5AQP.jpg,1024,731,2,286,231,685,531
a1d1c231dab4d07ae_jpg.rf.nc52sEMAKfK6WTh6EBlM.jpg,682,1024,2,25,186,584,1002
armas (1919)_jpg.rf.nz2I2lTuxljFFUQYREsI.jpg,1000,751,0,1,194,998,750
armas (588)_jpg.rf.aG0FZb2c0Bd4plA5c7MC.jpg,450,314,0,167,83,226,135
armas (2259)_jpg.rf.XmD3D1DcmdbQCorf3b2L.jpg,160,120,0,1,3,158,112
armas (692)_jpg.rf.WtYasz4uJ0kynZa2GE1t.jpg,750,500,0,4,172,266,463
armas (692)_jpg.rf.WtYasz4uJ0kynZa2GE1t.jpg,750,500,0,173,111,642,406
armas (692)_jpg.rf.WtYasz4uJ0kynZa2GE1t.jpg,750,500,0,373,34,742,347
armas (728)_jpg.rf.WvPJMuptE7PDjYvuuB8B.jpg,420,252,0,5,3,387,246
armas (594)_jpg.rf.n62Z3iZZZJ3X1uzEvEAJ.jpg,661,496,0,172,202,489,496
010000613_jpg.rf.auibntkDrYl2oeEMRHqR.jpg,600,800,2,177,7,423,800
c10c6991b48db9d24_jpg.rf.ayrLHMzvkFwxfyWUou94.jpg,1024,681,2,377,224,853,455
c10c6991b48db9d24_jpg.rf.ayrLHMzvkFwxfyWUou94.jpg,1024,681,2,382,170,488,290
armas (2579)_jpg.rf.b39ISLFKOaP8SpozkI3q.jpg,160,120,0,7,1,153,112
armas (562)_jpg.rf.Xf28Ty43SZbBXiiQTjoo.jpg,700,1000,0,85,590,240,751
b174af10e18929b5a_jpg.rf.o7Tg9XlXsS73RMmAD9vb.jpg,1024,611,2,58,19,924,611
21dce87e324b4ce23_jpg.rf.Ww5cfwGwbgyEEij9zDkP.jpg,681,1024,2,43,688,680,908
816c0e055bf905c3e_jpg.rf.aG8qbKkXWH2SCkHPSBKF.jpg,1024,682,2,383,395,871,680
010001022_jpg.rf.aleHRpmvl1vRleOnKyKU.jpg,600,450,2,22,157,586,326
armas (1007)_jpg.rf.oWcCnQBJAqAqIDQFZtgh.jpg,311,162,0,98,43,212,116
armas (2804)_jpg.rf.XcukulJyp6CpHwikT5cW.jpg,450,299,0,112,28,403,194
armas (38)_jpg.rf.aV5F7KZINVO6s9aGXo9B.jpg,168,124,0,9,25,69,103
armas (38)_jpg.rf.aV5F7KZINVO6s9aGXo9B.jpg,168,124,0,95,27,160,101
armas (95)_jpg.rf.ne5SV50YWRggVBcngU3C.jpg,1300,867,0,19,191,594,503
armas (2277)_jpg.rf.anTx58IZ74RgLBIRrMhI.jpg,160,120,0,1,4,157,118
519b0ae6e3969b597_jpg.rf.cqNAJCaGwbxrSuNRQe3a.jpg,1024,683,2,69,318,717,633
010000958_jpg.rf.Xq6ck1G7BDy8Kz9pGG1H.jpg,600,383,2,125,140,182,292
010000958_jpg.rf.Xq6ck1G7BDy8Kz9pGG1H.jpg,600,383,2,67,63,107,137
armas (344)_jpg.rf.XtCG7QUfJh3nwi6a1BaU.jpg,1080,1024,0,762,307,1056,572
510baf840a5a0a0fd_jpg.rf.apWQrBzWXdMyZYVr19pV.jpg,1024,768,2,76,338,1023,431
armas (1400)_jpg.rf.aaYTGkf6iqQxHs9ghDcB.jpg,500,351,0,21,24,414,282
armas (1625)_jpg.rf.bul7NWbjUI9vMbFionbn.jpg,500,375,0,68,185,248,255
armas (1625)_jpg.rf.bul7NWbjUI9vMbFionbn.jpg,500,375,0,241,112,386,167
armas (2189)_jpg.rf.cUCjtv5fYwsLDtuYvdR7.jpg,160,120,0,1,1,156,114
a1632eaa688dbab0c_jpg.rf.b8wDJTPFhHF8AGwklAzG.jpg,1024,772,2,530,215,994,638
armas (1941)_jpg.rf.mO4WxO9JpWEW9eHKcrDW.jpg,1500,1180,0,466,193,1177,943
4701318903cb7ef1_jpg.rf.mTvseGppsNWWf0Ojf98l.jpg,1024,759,0,126,34,731,748
21bf0e2b824fd4f78_jpg.rf.YDjmrCuFYpmHADNWdMrU.jpg,1024,706,2,274,358,757,545
010000724_jpg.rf.mULKPqQkF6smHgGKWNJo.jpg,600,450,2,1,162,590,256
11c49ff20e62d4351_jpg.rf.YIPzdY11nnQUF8AbVToJ.jpg,1024,682,2,302,303,511,453
41a9ae00ab6a991a8_jpg.rf.cB4dC5j5btuQ56eVjxgW.jpg,1024,680,2,16,204,692,604
c1521f6d5f88137f5_jpg.rf.cxEp36VUAyIbKZyQStBp.jpg,1024,683,2,164,376,641,528
armas (658)_jpg.rf.dmGuijPMRZtOkNUOYbRd.jpg,548,299,0,334,160,372,195
b481c974640486fc_jpg.rf.l7mq4QYqBbh3yWcBZJQD.jpg,1024,709,0,52,28,970,697
81b338010d70cee4c_jpg.rf.d0lh9RRIVe4mJxGt3Dym.jpg,1024,683,2,191,246,921,344
81b338010d70cee4c_jpg.rf.d0lh9RRIVe4mJxGt3Dym.jpg,1024,683,2,193,244,920,367
armas (975)_jpg.rf.d86zGZpYWSDvg80e1XAG.jpg,275,183,0,169,37,233,129
010001291_jpg.rf.mJLuYtp1xRZTO4JN0I0C.jpg,300,300,2,2,15,299,298
armas (815)_jpg.rf.c0f1MFFvJ33oOCfleKOL.jpg,300,206,0,3,21,294,178
armas (1653)_jpg.rf.cc4XXyt7815uq2pUEzjj.jpg,500,375,0,24,35,456,215
armas (1401)_jpg.rf.lp1bWybfoE6yOVDLVvlt.jpg,500,375,0,126,89,373,211
armas (1401)_jpg.rf.lp1bWybfoE6yOVDLVvlt.jpg,500,375,0,81,217,360,363
e67e96e9fb49f1cc_jpg.rf.l7Qon41vVI8NNfRyMLCs.jpg,1024,768,0,42,122,887,720
010000211_jpg.rf.lY547x1NqWTisWg1QGbO.jpg,225,225,2,58,9,192,221
armas (2108)_jpg.rf.m4GYYLx8uPRdLHf916dV.jpg,1680,1121,0,96,52,1496,1043
armas (2878)_jpg.rf.nJcBHH4pRV3312ppu0pv.jpg,1300,870,0,202,217,762,682
armas (2971)_jpg.rf.nVBUy2Tvl4RxRWota4N0.jpg,958,415,0,40,5,940,390
61f6ca5550b637ef3_jpg.rf.04FxxJoxk15HWU4RHch6.jpg,1024,680,2,260,163,846,401
011edc5b654d1c805_jpg.rf.0GhTJTHd5Jls2243Xuyp.jpg,1024,681,2,235,215,504,358
armas (2981)_jpg.rf.0HJxWOMVgUjVGlxsAsb2.jpg,732,424,0,34,18,703,385
21ef7a4ea1e60bcf7_jpg.rf.0hUV15vO1iXkHRaKYYwi.jpg,1024,683,2,39,0,1023,680
01fe6bd40b9b31861_jpg.rf.dliwqdzqmMxLF9WfJsGI.jpg,1024,680,2,129,258,952,568
012021c6004920923_jpg.rf.0tAHD1LVZcMPupIhXB3s.jpg,1024,825,2,176,0,457,383
armas (1549)_jpg.rf.15xYfB5Jk702p8DPak7b.jpg,500,333,0,306,123,360,151
010000249_jpg.rf.1jHzzU8rjTKlWDOwlfP6.jpg,349,126,2,11,16,341,111
b1016ad748d2e9166_jpg.rf.2MaOvwm3SlDUgzeDjnKA.jpg,1024,629,2,78,147,675,374
8003a67cd8c88b7b_jpg.rf.2oPGyNsV8IETUnI1coQJ.jpg,1024,732,0,367,221,533,362
b1197af2e0a7c677e_jpg.rf.lir73AxaiyOtKIvRtFTC.jpg,1024,692,2,263,187,997,499
71a2fa4a98ccb491b_jpg.rf.3VcH9u1ig5uwh9qATWiI.jpg,1024,680,2,123,198,695,573
armas (936)_jpg.rf.mY8QSjVyVN880yIiVeSr.jpg,303,166,0,1,23,119,87
armas (936)_jpg.rf.mY8QSjVyVN880yIiVeSr.jpg,303,166,0,147,6,258,84
armas (1629)_jpg.rf.mji2xCoWeksAB8XSCcjt.jpg,500,375,0,146,122,374,307
armas (2370)_jpg.rf.mq6MyPPNyj6pvY5tPrjA.jpg,160,120,0,2,1,154,108
11f2872171cb8aaa3_jpg.rf.nD3RbSr5VQMwobWARUh2.jpg,1024,640,2,338,215,474,344
e1e4c1882bf2015a2_jpg.rf.Q6ntee4wTr0OkkGQNRKb.jpg,1024,331,2,54,45,999,305
armas (1737)_jpg.rf.QGpZFx6Vp0aGejVK4Jgx.jpg,500,375,0,35,26,485,235
armas (1146)_jpg.rf.QICZeyp6C9E7m8wQsCU5.jpg,1280,1125,0,154,76,1166,490
31e7023834cd66330_jpg.rf.QSvEI3oSIEpi2gs3bxkD.jpg,1024,687,2,487,176,694,298
31e7023834cd66330_jpg.rf.QSvEI3oSIEpi2gs3bxkD.jpg,1024,687,2,220,279,345,344
armas (2961)_jpg.rf.QoAGyRw3JhTd6khsCSTD.jpg,931,695,0,35,10,824,613
e1966099e221556b8_jpg.rf.R4xNRjDzVKt7SRLycN2s.jpg,1024,624,2,43,401,570,577
e1966099e221556b8_jpg.rf.R4xNRjDzVKt7SRLycN2s.jpg,1024,624,2,512,241,1024,360
1e4657e2a8511d04_jpg.rf.RAw2beqAVn15kCzAf7EG.jpg,1024,680,0,98,208,920,634
c01faf9826c4ded2_jpg.rf.RExfWG79CjfaQ3ytAz6w.jpg,1024,768,0,23,97,1005,731
01039985226116a4c_jpg.rf.RJOSehSjplSEqGMjryiK.jpg,1024,683,2,441,234,488,326
01039985226116a4c_jpg.rf.RJOSehSjplSEqGMjryiK.jpg,1024,683,2,564,216,593,287
01039985226116a4c_jpg.rf.RJOSehSjplSEqGMjryiK.jpg,1024,683,2,663,238,713,326
c1fb52fe3eae4982c_jpg.rf.RJVbhB8rhZHGs76KQg4h.jpg,1024,576,2,440,260,1017,575
51e27ae26953f07d8_jpg.rf.n4imbSyu6268rWf4wtYs.jpg,1024,649,2,0,151,534,393
3820af22afaa632b_jpg.rf.4MkgNG6C6MyhSMMNmutz.jpg,1024,768,0,119,182,978,700
i1mage179_jpg.rf.3gt5e5KTB9D8bPDJXgpt.jpg,756,504,2,136,200,654,467
armas (1065)_jpg.rf.PhnFL1WAbvoCyfNzOgWH.jpg,600,483,0,57,127,173,330
armas (413)_jpg.rf.4TfFtYF2IJ827wytD1iO.jpg,1023,682,0,49,81,982,682
212ea42b69b9f86d2_jpg.rf.Sr5cZ71fQmGyClkt9X2G.jpg,1024,640,2,321,349,979,610
armas (2837)_jpg.rf.SsGymaGHrCXQZRIWZowm.jpg,634,567,0,242,315,374,468
6198d8117d31abecb_jpg.rf.TCmptPnOrqHtYGP4CnY9.jpg,1024,381,2,109,35,245,93
6198d8117d31abecb_jpg.rf.TCmptPnOrqHtYGP4CnY9.jpg,1024,381,2,5,56,137,85
6198d8117d31abecb_jpg.rf.TCmptPnOrqHtYGP4CnY9.jpg,1024,381,2,259,31,338,70
6198d8117d31abecb_jpg.rf.TCmptPnOrqHtYGP4CnY9.jpg,1024,381,2,382,31,462,65
6198d8117d31abecb_jpg.rf.TCmptPnOrqHtYGP4CnY9.jpg,1024,381,2,492,46,572,76
armas (1080)_jpg.rf.TKjZKHfBE0urLMgPt6Wj.jpg,1368,768,0,966,188,1126,322
110c3d46f72b6dd3_jpg.rf.TgK16lEdP3QYUQiTVMOr.jpg,1024,682,0,26,255,998,526
010000246_jpg.rf.0EccENe3wxfMOym0N7PK.jpg,600,333,2,432,185,470,277
010000246_jpg.rf.0EccENe3wxfMOym0N7PK.jpg,600,333,2,304,178,400,264
armas (1061)_jpg.rf.0RHUDLZphhsewgdQTiTf.jpg,2592,1728,0,1279,526,1450,847
armas (1630)_jpg.rf.0bssPp08q4G9mSfAhSAL.jpg,500,281,0,66,27,424,199
armas (652)_jpg.rf.2p9iTqWOilnXYeDYvzVR.jpg,1920,1200,0,1329,19,1620,815
armas (652)_jpg.rf.2p9iTqWOilnXYeDYvzVR.jpg,1920,1200,0,999,45,1364,684
81ffa5d42c9d0fe04_jpg.rf.SBBknmA65P2I3y6bbvpH.jpg,680,1024,2,225,252,293,612
i1mage123_jpg.rf.BW1VhYaZoOWlnhnQhd3W.jpg,576,351,2,1,87,379,313
010000731_jpg.rf.Bk8GCl90cekmhrk7G4sR.jpg,450,150,2,7,6,441,119
1197aaf18b6f41f51_jpg.rf.IpoJDsn3hQks0zDGfNec.jpg,1024,681,2,741,237,900,302
1197aaf18b6f41f51_jpg.rf.IpoJDsn3hQks0zDGfNec.jpg,1024,681,2,667,275,703,299
armas (1155)_jpg.rf.BsSixZe9mtsk0uP0wKQ3.jpg,570,374,0,31,292,82,328
765631251c5c35fe_jpg.rf.JflelNfgZAm1DrqWV6Vj.jpg,1024,678,0,51,44,1006,652
armas (2195)_jpg.rf.C0oYHkO7OsMn2muPpSHk.jpg,160,120,0,3,1,156,114
313feb3442b0763fa_jpg.rf.BoC63xH377ZedQBKcwkV.jpg,1024,680,2,142,269,875,546
armas (466)_jpg.rf.JhTThQyY24Cn44sELduq.jpg,1023,683,0,144,247,332,481
6135a5052084a2419_jpg.rf.JnLmKqz8PFIZli6DY3Sj.jpg,1024,678,2,27,41,838,677
91de64d81642dd268_jpg.rf.JWHPu8J8TCLlrCYEIZIV.jpg,1024,805,2,36,74,967,534
119955c55ad74d238_jpg.rf.KckgWWb0dtJRteJEoEYR.jpg,1024,632,2,14,60,911,532
armas (2272)_jpg.rf.KgdeglSn1mNiaE3VcKd8.jpg,160,120,0,2,1,157,117
010000838_jpg.rf.Kq1TEpYdWruT7xX8Cv9p.jpg,600,337,2,4,97,541,277
910a12f2e72ba5b8c_jpg.rf.AlKmRS85BgsmDsFvDnMw.jpg,1024,680,2,99,169,993,533
armas (1311)_jpg.rf.AmlRO3uDYbp8YfqEeDki.jpg,555,434,0,51,12,503,392
8f11d290fbc94a02_jpg.rf.AmnekJhLeVeNCToHyBFQ.jpg,1024,681,0,217,224,414,680
armas (726)_jpg.rf.gbbU1iNrq8vN9xsFXU9R.jpg,420,150,0,32,12,197,140
armas (726)_jpg.rf.gbbU1iNrq8vN9xsFXU9R.jpg,420,150,0,218,17,416,143
armas (1571)_jpg.rf.glp7JBBOMqjm7gUqQVsZ.jpg,400,282,0,91,50,331,211
armas (2313)_jpg.rf.gs1VwLhpDNHHOIUqSfzS.jpg,160,120,0,2,6,155,118
a1957a451439e342f_jpg.rf.h7MrjMVFqL1ho7IZ6pSx.jpg,1024,768,2,0,322,1024,682
armas (18)_jpg.rf.hOihhkq9mbWTe9ISSbX4.jpg,288,450,0,134,163,164,244
71ce65c968f78cf48_jpg.rf.9l1ulnaobkm8gcJTY0Ex.jpg,1024,830,2,371,259,567,376
816c20bbd2c536094_jpg.rf.hOpE98ENVwHkGBT3qJOs.jpg,1024,680,2,334,383,958,647
816c20bbd2c536094_jpg.rf.hOpE98ENVwHkGBT3qJOs.jpg,1024,680,2,256,320,758,488
01a16f91d30c34f61_jpg.rf.r4oWwvEBGGYrQgYQ0BIO.jpg,1024,683,2,523,6,688,602
armas (2290)_jpg.rf.rjrPdGbyHbDuVDtJewzM.jpg,160,120,0,1,1,152,116
armas (1962)_jpg.rf.rU6GPK3Y00fuEKftLMQS.jpg,680,381,0,283,168,315,189
armas (231)_jpg.rf.quyiQhdaj29b21JsYvv0.jpg,425,260,0,168,214,217,255
armas (2314)_jpg.rf.rD9j83LnFoEC8AAwmYDZ.jpg,160,120,0,2,6,154,112
12ba53bad2db1856_jpg.rf.gVSrJBwFRmYQyScEQ5f5.jpg,1024,681,0,729,0,1023,175
armas (2321)_jpg.rf.qiViEUDNA1v4GMKfcx1R.jpg,160,120,0,4,1,157,117
armas (291)_jpg.rf.qgD6Fck7EXR1OaOH6mzY.jpg,1200,300,0,99,218,262,300
armas (291)_jpg.rf.qgD6Fck7EXR1OaOH6mzY.jpg,1200,300,0,390,65,634,181
010001284_jpg.rf.i8nT7b22Pn1G7xY9SNeb.jpg,448,300,2,22,4,393,293
01f383cf1bdbc2a33_jpg.rf.iD7G9h1qGcO7EQKvGagm.jpg,680,1024,2,248,495,393,819
e16fe1b12ea1c02bb_jpg.rf.iJMqJl03LsVuEl5NWgB1.jpg,1024,683,2,314,234,898,455
armas (4)_jpg.rf.iQ6WJxt15YVzvtBfa3Un.jpg,600,431,0,30,157,171,246
2026123fa11b1885_jpg.rf.iiiJs0V6ipieGClT9TBn.jpg,768,1024,0,167,315,579,629
armas (1993)_jpg.rf.itG9OGFAXXnH3HgxLO7y.jpg,625,424,0,250,176,325,302
i1mage165_jpg.rf.iy9c8Dz1I11f5Z2LIXQk.jpg,380,475,2,20,214,236,396
armas (2584)_jpg.rf.j9m0GH0TkdqNlwbdI1fy.jpg,160,120,0,2,1,156,118
armas (2863)_jpg.rf.jD7V7gernm4EHj1IMmvl.jpg,450,300,0,75,55,369,232
armas (2228)_jpg.rf.8SGqUlYEJXIcs7hrke0T.jpg,160,120,0,4,1,159,118
010000527_jpg.rf.rzKS57oUUd7Fa5RZHne1.jpg,480,360,2,16,48,444,302
armas (1219)_jpg.rf.s96YRCy0aCG3EleQYrrH.jpg,500,375,0,78,50,369,225
0137dc93cd94bbfb0_jpg.rf.hUQqAtNsZCDeOrZrwWHi.jpg,1024,682,2,210,151,621,282
0137dc93cd94bbfb0_jpg.rf.hUQqAtNsZCDeOrZrwWHi.jpg,1024,682,2,228,265,691,417
armas (1211)_jpg.rf.i3pqcd4neDS9YQLkUSde.jpg,500,348,0,8,11,491,304
armas (2677)_jpg.rf.i3oYaoRwi39dQ800oXI3.jpg,160,120,0,1,3,157,115
armas (138)_jpg.rf.st8BoWJu2P1FoYk2uWHp.jpg,156,235,0,52,124,93,193
31aa99396b731f6e7_jpg.rf.stv4MZn5vXabj7UfnTHF.jpg,1024,683,2,6,0,163,617
b1ed44a37eb9eed6d_jpg.rf.sw1okM7hT7sj1g0J4atA.jpg,1024,820,2,372,471,740,657
armas (2017)_jpg.rf.tOadcOwd7UgQbPWzUTBn.jpg,558,165,0,1,2,226,165
armas (2017)_jpg.rf.tOadcOwd7UgQbPWzUTBn.jpg,558,165,0,334,8,534,147
61798a3b124809ade_jpg.rf.tUm3C0sr0VKAugh1r5MW.jpg,1024,768,2,102,231,344,326
61798a3b124809ade_jpg.rf.tUm3C0sr0VKAugh1r5MW.jpg,1024,768,2,212,285,717,437
010000490_jpg.rf.tgMft46UclquOsxAAWIM.jpg,600,142,2,7,15,592,129
6f5df9b34a0250cc_jpg.rf.uD2tLpWZmQUwa1EcEGMJ.jpg,1024,681,0,363,305,487,601
31a91bfc50630faf6_jpg.rf.rGJTpYdtRE0RQ8qwBFNA.jpg,768,1024,2,93,340,436,371
01053245ec6c97b4b_jpg.rf.rMlvBaOpXIB9vSn2qAgD.jpg,1024,646,2,9,247,210,317
01053245ec6c97b4b_jpg.rf.rMlvBaOpXIB9vSn2qAgD.jpg,1024,646,2,127,200,350,305
01053245ec6c97b4b_jpg.rf.rMlvBaOpXIB9vSn2qAgD.jpg,1024,646,2,452,212,640,324
01053245ec6c97b4b_jpg.rf.rMlvBaOpXIB9vSn2qAgD.jpg,1024,646,2,684,254,1023,391
617b24b94f31f02b3_jpg.rf.jRUMyJRRD60dsw8KMnsB.jpg,1024,417,2,32,73,1023,377
armas (2012)_jpg.rf.vFkcfrH7TWFiAE1wKN1m.jpg,1024,576,0,171,45,817,564
armas (149)_jpg.rf.qitGS1E5tersSHd0JjTz.jpg,866,1300,0,348,677,598,1095
armas (1788)_jpg.rf.vJBAWDa3RPEgTcGmd4oZ.jpg,325,426,0,92,220,193,301
armas (2907)_jpg.rf.ieDPA3BTTHvG8QG51O5j.jpg,112,168,0,68,69,94,149
i1mage34_jpg.rf.veiufwfXOE3cjx27JKer.jpg,512,512,2,100,200,447,470
i1mage100_jpg.rf.I5l5z48K8uTEoXZuZfK5.jpg,520,334,2,152,111,365,285
armas (128)_jpg.rf.I9nFNkVGoD8cphn3O2rg.jpg,640,360,0,317,152,361,219
41dda28d26a3ae66_jpg.rf.uWBWbKiVCjYGtOkGuoVv.jpg,1024,683,0,0,44,1023,682
214a4d0823bb74ffe_jpg.rf.7upX14QWBG4WWO308DuZ.jpg,1024,768,2,302,260,704,405
8110d0df93a0ea5f5_jpg.rf.86PZ7ambBgEYyXM2PUMZ.jpg,1024,768,2,119,236,783,491
91b8c0a1d18c6df0e_jpg.rf.ufYDtdbWARthMUoMgnXI.jpg,794,1024,2,118,349,531,734
armas (2882)_jpg.rf.7ecro4fpJT7gbxI5twm0.jpg,1300,1300,0,367,212,517,457
db1822cd216f4004_jpg.rf.sKusppcFo5H3yohuFPKH.jpg,683,1024,0,30,230,248,588
3ef29341c5e4bbf0_jpg.rf.sQHbl0uTTdZaATkgv5BY.jpg,1024,683,0,0,0,1023,489
armas (1822)_jpg.rf.vecpMZoe4HPshkjAoHPl.jpg,1024,1024,0,4,135,939,519
i1mage152_jpg.rf.tCca1AyeFPkrExWMGMrf.jpg,720,432,2,132,101,315,255
armas (198)_jpg.rf.vH5aQKRlbFb5X7c8EbGS.jpg,550,413,0,22,194,87,269
01610e5b04587bea4_jpg.rf.JvWn3LWwRQKdxQoHFntz.jpg,1024,659,2,0,118,1023,659
armas (553)_jpg.rf.KB53H5DkTd0h4pATnWmS.jpg,181,279,0,1,5,181,261
armas (441)_jpg.rf.KEztNupN7bZ8XwUOVSOd.jpg,1023,682,0,428,77,844,373
armas (53)_jpg.rf.Ka9kGPIIxvux4HfHXzLA.jpg,113,168,0,25,56,113,111
c151d5b69e1b6f6d0_jpg.rf.KhvXd6QAluRaSJdI47Nl.jpg,819,1024,2,284,660,760,984
i1mage71_jpg.rf.unmmbEzRY47HGJq4tAPj.jpg,660,371,2,382,105,566,174
i1mage71_jpg.rf.unmmbEzRY47HGJq4tAPj.jpg,660,371,2,133,21,425,116
1181e906cbf3d4f05_jpg.rf.ICYQlwl8hng4g2YSpI8c.jpg,1024,321,2,216,7,838,302
6ab9e0bd9a635d6e_jpg.rf.ISNUJucPhHJaET7nIcN6.jpg,1024,683,0,48,64,775,455
armas (1053)_jpg.rf.IF6VsmazN0AVd6LEJApo.jpg,500,381,0,84,25,470,360
armas (1815)_jpg.rf.vtnzQktvTcKGCdHEIE4w.jpg,392,500,0,159,385,250,481
a1100f36820be27ae_jpg.rf.ILxGnYciZ8cyokhEmTZI.jpg,1024,768,2,47,182,971,560
f5385c73abe7f61c_jpg.rf.Ikcsm4RotxnQhvaomFrT.jpg,1024,768,0,738,160,917,325
armas (2235)_jpg.rf.vtHN42N8JPAXJoLCbmrQ.jpg,160,120,0,4,2,157,113
110795a09fb8fe7c4_jpg.rf.JRQG8xN6c142WWNecnss.jpg,1024,683,2,467,210,663,416
010000799_jpg.rf.Jb0ZxygfmQ34fx9GI3Ya.jpg,450,336,2,146,153,203,186
010000799_jpg.rf.Jb0ZxygfmQ34fx9GI3Ya.jpg,450,336,2,33,38,49,193
010000799_jpg.rf.Jb0ZxygfmQ34fx9GI3Ya.jpg,450,336,2,266,68,448,157
armas (2968)_jpg.rf.JgtfOl4DIdCTUgOh4za4.jpg,246,205,0,114,31,142,56
armas (866)_jpg.rf.JlX9ojQb89JbcbYFGU4F.jpg,286,176,0,1,62,284,125
e12cd59a83b4ab3cc_jpg.rf.3pmSTM38DqaORREJigz1.jpg,1024,681,2,394,250,779,479
010000848_jpg.rf.44qE7PRJ9YRRP4fntlPB.jpg,600,398,2,111,115,554,322
215f44121552bd293_jpg.rf.49ZUWTBWfJcdu12ONvH6.jpg,1024,683,2,51,275,448,410
215f44121552bd293_jpg.rf.49ZUWTBWfJcdu12ONvH6.jpg,1024,683,2,745,120,976,234
armas (2617)_jpg.rf.4IVswcKYNxHHO17y1TdD.jpg,160,120,0,6,4,155,115
armas (2432)_jpg.rf.4MHYR9OQ2KbQ11WXrXVi.jpg,160,120,0,1,1,158,117
armas (121)_jpg.rf.4bJxPAFyuptfeHq5foM6.jpg,660,440,0,447,158,559,221
armas (462)_jpg.rf.4d5PoBvEi8YMomMGtv03.jpg,683,1023,0,258,392,396,458
armas (1513)_jpg.rf.4kOy6V203CFJcJHHveP5.jpg,375,500,0,227,132,267,174
5166dee37eb09edd0_jpg.rf.65PtXPTBhFgO2csN97GD.jpg,1024,696,2,17,467,846,695
5166dee37eb09edd0_jpg.rf.65PtXPTBhFgO2csN97GD.jpg,1024,696,2,771,286,973,413
3136673bf25f1bb7c_jpg.rf.68ObATtTgC9Hda3pWa5d.jpg,1024,683,2,0,308,716,604
armas (1617)_jpg.rf.LwZvzBXz3Xex4T9wPfCC.jpg,500,333,0,235,146,258,166
31fbf7f474d9af7e2_jpg.rf.Lf7Uy5abpTQuhWOuad9M.jpg,1024,1015,2,104,506,717,863
61d64b2f7d6d4e005_jpg.rf.MGFSETtfGlrXG7kLo7KQ.jpg,1024,683,2,485,313,1003,683
armas (1588)_jpg.rf.MD6qphB7osbhQ0RnitKq.jpg,500,271,0,1,18,494,260
31892a1b85459a1e1_jpg.rf.3Yk85M36pms0jyUPJDgZ.jpg,1024,768,2,160,343,888,589
armas (2703)_jpg.rf.LhZCbdsrHWcGocvNyYnZ.jpg,160,120,0,1,3,155,118
armas (2463)_jpg.rf.3aEASJffdLErgY3jVzKo.jpg,160,120,0,1,1,155,118
c101aabde5d52d7ae_jpg.rf.3kR72n1tHaHwakIzS8wa.jpg,1024,576,2,364,71,636,148
armas (2762)_jpg.rf.6xZYCxDNKvbwC48v4mGj.jpg,160,120,0,3,2,158,116
armas (2343)_jpg.rf.78Y1VTYyG5YVyeUvZSEr.jpg,160,120,0,1,1,157,119
b1144ab1fb46525ab_jpg.rf.0obS2jbZbcVoIs6gf0By.jpg,1024,566,2,229,307,513,492
armas (2371)_jpg.rf.1G32ivU31SOm5RyoFsJT.jpg,160,120,0,4,5,154,106
d15ff373b7a619cce_jpg.rf.1KA8nrXS6Cg6hcINZW47.jpg,1024,681,2,293,235,805,448
0a01bacf8d0664b9_jpg.rf.1VqPzYf2YhUuOJFLj5b0.jpg,1024,768,0,107,227,1023,767
f1326b11ab01c5c2b_jpg.rf.1dFvZPwQy7q9zgXM6QLH.jpg,1024,671,2,142,255,653,598
armas (1854)_jpg.rf.1pqTkS5QryXDF0VTEffh.jpg,600,420,0,166,148,242,260
armas (1215)_jpg.rf.1sIYPvieQBhXNtoqQdLg.jpg,333,500,0,1,340,121,409
armas (988)_jpg.rf.21Ju7KAK3jIrwuYHjSsg.jpg,256,197,0,17,50,66,84
armas (1599)_jpg.rf.630HIPx3J2hGu5Nzbbk4.jpg,267,500,0,6,60,182,275
415859bc77f1a806e_jpg.rf.6khNteYphWSpu77O4lzG.jpg,1024,541,2,189,299,578,475
415859bc77f1a806e_jpg.rf.6khNteYphWSpu77O4lzG.jpg,1024,541,2,452,245,754,350
a1e085c749874c4f1_jpg.rf.67riOAU5o67EatVbomIX.jpg,1024,788,2,29,212,996,742
armas (763)_jpg.rf.6LRI9maxxE7OjN0qVvEH.jpg,300,207,0,53,46,282,195
armas (1312)_jpg.rf.6VWQ3sAKj62GvcWgogQW.jpg,1000,823,0,35,11,956,773
armas (2200)_jpg.rf.3Idse0mVNlyur1tCM81e.jpg,160,120,0,2,3,158,116
e160f0b5c86dc5fa1_jpg.rf.3TNuGCRFCiiOk1y8eMqw.jpg,620,1024,2,136,98,253,604
e160f0b5c86dc5fa1_jpg.rf.3TNuGCRFCiiOk1y8eMqw.jpg,620,1024,2,195,329,379,696
01b40604c87a7e656_jpg.rf.3hdSydwSznKe7bmP2kxr.jpg,1024,683,2,304,461,1016,682
01b40604c87a7e656_jpg.rf.3hdSydwSznKe7bmP2kxr.jpg,1024,683,2,340,205,885,534
3198c89136032c4c0_jpg.rf.3kT8DZ0f2BA98wDCcPlC.jpg,1024,266,2,0,59,1024,246
8967c4cc0a7e1dd7_jpg.rf.q5q8wsJ2faU1e8ZJkPX3.jpg,1024,680,0,0,50,1023,680
010001064_jpg.rf.qBL4uBIHgKvc7601uB6c.jpg,600,325,2,4,60,600,226
armas (2342)_jpg.rf.qBr07ISgg9elCygL0QD2.jpg,160,120,0,2,1,157,118
armas (1404)_jpg.rf.5i3R6uTUMbufnZGikyFt.jpg,500,443,0,52,81,446,361
armas (1404)_jpg.rf.5i3R6uTUMbufnZGikyFt.jpg,500,443,0,93,250,182,372
armas (2481)_jpg.rf.26cPau22VzCXMcUaWClw.jpg,160,120,0,3,3,157,116
810d3b1528808ef2f_jpg.rf.1rmlG2zlchCzXmFq2cSf.jpg,1024,683,2,77,216,832,459
41ac073cc61709558_jpg.rf.2Ql7NBjnsRlBFSGhLN5E.jpg,1024,683,2,288,28,596,682
armas (923)_jpg.rf.2SUWixB3vobgZd5b04r0.jpg,293,172,0,105,9,280,147
e1338bd02d2387dee_jpg.rf.2aTtBfrRzkXFZFgpSWT5.jpg,1024,681,2,82,184,928,539
armas (1212)_jpg.rf.3BDBnSTPBFwBTFYaoQpn.jpg,500,349,0,13,3,475,331
11be9ab4874d38296_jpg.rf.3HtC2FWlLvLbtLl3QksX.jpg,1024,681,2,193,347,780,680
0e42733e2e82b4a2_jpg.rf.2ir8rKrtpTNGJo24Js5m.jpg,1024,768,0,174,12,720,767
6180b0e005e9379a2_jpg.rf.6TjrHjHsmKrUVLP3OYYd.jpg,1024,681,2,154,225,935,512
010000765_jpg.rf.r9ikB5MpK5GsLdli7hwk.jpg,450,300,2,102,103,406,217
5dbf40a876f2dbe4_jpg.rf.r9j1U1ORrZRS8G4km82R.jpg,1024,768,0,96,70,939,722
1106dd657d367b5f0_jpg.rf.rKAQoBhdXZFEogcauju6.jpg,1024,653,2,279,140,647,238
3177a94386cdd0e72_jpg.rf.rKZiikXg9c5wNfAbMSR3.jpg,1024,646,2,83,187,1007,613
010000122_jpg.rf.rWJjrjMGeC8VOhpsHKS1.jpg,300,257,2,119,54,200,103
918ef7d4c8919620c_jpg.rf.rlW6UVgpVzrPC8J2ovtx.jpg,1024,683,2,0,207,661,644
010000830_jpg.rf.rpwNzahqthz4Loheb5ri.jpg,450,300,2,203,115,237,266
010000862_jpg.rf.s6asuSsR7uqvy0uoO5zv.jpg,600,360,2,396,287,508,309
010000862_jpg.rf.s6asuSsR7uqvy0uoO5zv.jpg,600,360,2,497,247,547,322
010000862_jpg.rf.s6asuSsR7uqvy0uoO5zv.jpg,600,360,2,57,70,206,229
7187698d206779b14_jpg.rf.qF7q79U7CvGOTB2Bz0gs.jpg,1024,683,2,412,271,614,484
ab80de5a58b9ccd0_jpg.rf.qlTTpTuETMJOQeKkqfJ5.jpg,1024,556,0,26,82,988,416
armas (2950)_jpg.rf.r4OX9vQ9aPPnQvKHwj3N.jpg,256,256,0,16,24,242,223
armas (2080)_jpg.rf.r2Z188mSVWUiMZCTWQKd.jpg,1123,761,0,542,328,830,531
armas (2080)_jpg.rf.r2Z188mSVWUiMZCTWQKd.jpg,1123,761,0,324,297,456,629
armas (824)_jpg.rf.qKIu8cVJhE0HIKsfHXyh.jpg,300,225,0,11,35,288,198
01bef4f89b589f0b4_jpg.rf.r7bBgpeh3u7IHHCoHd5i.jpg,1024,666,2,177,278,1019,454
01bef4f89b589f0b4_jpg.rf.r7bBgpeh3u7IHHCoHd5i.jpg,1024,666,2,180,273,1019,368
91e5af8c28aa5b23a_jpg.rf.qTtke6riaT6xD4vHHTl7.jpg,768,1024,2,180,145,629,859
armas (1566)_jpg.rf.qOUB5gIUUtBdkVWINaOE.jpg,500,351,0,238,134,348,243
71616a2be05b21fd6_jpg.rf.9Rbd7ZqpTkZBI52icjuO.jpg,1024,680,2,147,159,991,393
898b3a5cb89c8e2f_jpg.rf.AMwkROM46RN5UjtwuV9y.jpg,1024,653,0,39,12,739,490
i1mage21_jpg.rf.APhAbdEKqaWeqgKMTJek.jpg,640,344,2,319,248,543,328
i1mage21_jpg.rf.APhAbdEKqaWeqgKMTJek.jpg,640,344,2,164,54,420,131
armas (1754)_jpg.rf.B0GBsOH1ZWc5blIqSauZ.jpg,450,326,0,9,2,449,325
a1f1e958fe97fd62c_jpg.rf.BEZS0MjcZaWErCKEpseX.jpg,1024,676,2,122,240,426,396
a1f1e958fe97fd62c_jpg.rf.BEZS0MjcZaWErCKEpseX.jpg,1024,676,2,521,283,731,473
401da6cdaf41f93f_jpg.rf.BJ8eZB4HLvQ7vdhzrIO9.jpg,1024,683,0,125,132,931,642
armas (373)_jpg.rf.BSOVQtmdMjur330L8Y5n.jpg,620,350,0,229,29,450,343
f150b448ae6f5e317_jpg.rf.BYMq36Ips8ClPtLAsq0I.jpg,1024,757,2,67,377,1009,691
armas (2951)_jpg.rf.BlEWA2yZcndJshA5m8l3.jpg,224,224,0,7,72,144,170
11569971778c6f23e_jpg.rf.BlPiyO8kSJrTfXHbB4Qr.jpg,1024,681,2,160,195,858,437
armas (307)_jpg.rf.sjuFOGJksqozA3ruRMmP.jpg,750,750,0,40,125,698,628
112b8dfc8024923fe_jpg.rf.suQrCkGPWqlwM5e8eVtM.jpg,1024,683,2,0,246,1023,682
010001015_jpg.rf.sfcgOeDqsSmO25KqTura.jpg,600,450,2,60,56,550,348
d128818cc02846111_jpg.rf.s7UWYaTIoRIZZ9jsgoUr.jpg,1024,681,2,154,206,917,473
010000367_jpg.rf.svdKACsVkQ5JrWPC6k2U.jpg,320,180,2,2,60,274,175
armas (1336)_jpg.rf.sfHXLDvsqvfDvKEThHs7.jpg,1024,768,0,71,68,1021,617
000305928f7b43da_jpg.rf.9K3roMVKKpLZbEFoP8Mn.jpg,1024,768,0,239,137,705,597
armas (367)_jpg.rf.skGG2HQlQejujnGHCizW.jpg,640,480,0,111,81,330,429
c14e68af0ca751b91_jpg.rf.9LNL8O1sE4QsW9QgI1vr.jpg,1024,683,2,321,147,417,251
c14e68af0ca751b91_jpg.rf.9LNL8O1sE4QsW9QgI1vr.jpg,1024,683,2,492,173,748,325
c14e68af0ca751b91_jpg.rf.9LNL8O1sE4QsW9QgI1vr.jpg,1024,683,2,768,204,947,600
armas (1469)_jpg.rf.cFsGGIXFLxZqnRIlL0t0.jpg,500,263,0,13,19,484,232
armas (2772)_jpg.rf.cPwtquarIlPi5WAqNmJa.jpg,160,120,0,3,3,155,115
e1a61e29dc67e12ad_jpg.rf.chVXHKCRx1pfsWsdoLAM.jpg,1024,768,2,599,364,731,442
11659b2a2b3a6e519_jpg.rf.cwKAU2rEb59rC0abtaNF.jpg,1024,680,2,271,205,665,679
11659b2a2b3a6e519_jpg.rf.cwKAU2rEb59rC0abtaNF.jpg,1024,680,2,496,75,640,679
11659b2a2b3a6e519_jpg.rf.cwKAU2rEb59rC0abtaNF.jpg,1024,680,2,506,219,1022,680
f09a3380ee954ad2_jpg.rf.d4KjwX3Y7z9h17FWWOM8.jpg,1024,682,0,0,10,1024,644
armas (1499)_jpg.rf.dB4N90myk6yUZXgXnx9k.jpg,500,320,0,2,12,492,310
armas (2749)_jpg.rf.dnEACPbvRKkA8z45KzQm.jpg,160,120,0,2,3,157,115
armas (1207)_jpg.rf.ds0IfT39rHW5LSAUyWsq.jpg,590,376,0,20,16,274,349
armas (1207)_jpg.rf.ds0IfT39rHW5LSAUyWsq.jpg,590,376,0,309,18,558,351
armas (2694)_jpg.rf.dyKp6q13ptCt9wYN0dAQ.jpg,160,120,0,6,12,153,103
armas (1111)_jpg.rf.e52Fx94KW9XQEgL3OmYf.jpg,3416,2592,0,241,862,1230,1629
armas (2891)_jpg.rf.f1ykBKLl2LCrT5BLB2cT.jpg,450,299,0,353,98,441,238
armas (258)_jpg.rf.fSoe6guAQQmIWGANMJiW.jpg,468,446,0,53,42,116,121
armas (595)_jpg.rf.fULjIb7uh9TnnfQ1a0a2.jpg,661,496,0,233,3,453,496
armas (92)_jpg.rf.C9VxBgtLG1ni3LhkPXbd.jpg,112,168,0,29,17,35,49
c0818fa38d34f5cd_jpg.rf.Bt6htB5s8zGXEiXOXSHT.jpg,1024,817,0,57,157,971,736
11058894e97ed07d9_jpg.rf.D53M4CeCmG0jgsetcODC.jpg,1024,682,2,129,194,773,547
armas (238)_jpg.rf.D17ixj6c1AsudnVcSsub.jpg,1300,957,0,111,121,1068,785
armas (1444)_jpg.rf.DP4SD4eckTMzHcGHKA1N.jpg,500,334,0,121,165,215,255
7178c67bf0dcc3a73_jpg.rf.CSazmJEzG9WX46nEFPtt.jpg,1024,683,2,531,373,781,502
armas (369)_jpg.rf.gIlFjs16jSsdhpc2yTpN.jpg,346,540,0,141,227,182,330
11847f2074cc67757_jpg.rf.gLdLxCY0ch5D53PBFBe1.jpg,1024,681,2,148,212,935,396
5367a0e0fa21750e_jpg.rf.lVDKBnRl3PVYqE6fnZIH.jpg,1024,637,0,65,74,931,607
armas (2196)_jpg.rf.llaXgsQyhgle7zfkNQhg.jpg,160,120,0,3,3,154,115
armas (1803)_jpg.rf.lxUnVK7r80ZfIykoI2Pu.jpg,1300,956,0,401,169,495,278
f16dd6b6647284fbf_jpg.rf.lztzldmaDhS85GSd0pLm.jpg,1024,683,2,286,198,1023,469
armas (268)_jpg.rf.m677XdeU9Wsqm4BparNy.jpg,640,360,0,237,178,251,208
5aebde1a43c1ea04_jpg.rf.mDPJefaVvBYqjfNlj65h.jpg,1024,685,0,155,164,892,516
010000603_jpg.rf.mHV5h8OP2DyrizDT5wB0.jpg,600,399,2,121,116,569,353
armas (400)_jpg.rf.mU0gH7F0xpSH8K7lZ4UE.jpg,682,1023,0,319,333,621,817
armas (1725)_jpg.rf.mbri9VOHKftpAQFiuFAA.jpg,500,375,0,51,38,467,353
51a50c502e58b3a4f_jpg.rf.fw0kFsIyAxmvvyn9Pi2N.jpg,1024,690,2,273,436,640,689
f1c4eb63c456dffab_jpg.rf.rsYFGvBiL1tRTbINCGZY.jpg,793,1024,2,301,569,757,873
f1c4eb63c456dffab_jpg.rf.rsYFGvBiL1tRTbINCGZY.jpg,793,1024,2,241,302,372,529
armas (558)_jpg.rf.rufJuXYZ4baML6VZ8kK1.jpg,915,610,0,541,213,714,389
010000780_jpg.rf.s2VhYV6K9s22ABY4OpOe.jpg,600,242,2,8,30,591,203
armas (1671)_jpg.rf.s7rDcjbDYeN5aNQuT1Kc.jpg,500,375,0,1,42,496,375
armas (1510)_jpg.rf.cEy2cE99efOIUE6pEtDQ.jpg,500,455,0,50,28,402,411
armas (683)_jpg.rf.sUp227sS1F0RCTKCsEyc.jpg,1005,759,0,26,51,982,720
armas (1831)_jpg.rf.sbsdhor6iGqCthNfWIPn.jpg,259,194,0,27,23,92,48
41b281c56aa51b7e7_jpg.rf.sLArHqQzZ2kuKYP2TJM0.jpg,1024,576,2,292,195,679,385
a19e4a046b9b5a6a2_jpg.rf.smndtwnLOMBvaTCLqhBM.jpg,1024,392,2,0,152,958,309
armas (834)_jpg.rf.bGvm3GLo9epbc1eLIorB.jpg,1024,768,0,484,296,839,446
81125cdb60dc3d609_jpg.rf.Qk9maJLGKfkqEKaQc68M.jpg,1024,661,2,64,125,964,545
armas (132)_jpg.rf.bJ3IuH6tCcuVmYjHgqXR.jpg,1300,866,0,1,269,514,775
010a8dd733929d0fe_jpg.rf.swBuJM1tTu4Cj9e0HaPt.jpg,1024,648,2,720,495,1023,647
521fd1deca0d722b_jpg.rf.bLqaxBsIc9JXPMrmzENT.jpg,683,1024,0,73,457,541,802
armas (1351)_jpg.rf.cNXwgF6McCUdTr1HbsC1.jpg,500,333,0,147,16,364,325
011d98277571fe017_jpg.rf.uQaYTRX1TeY8JTIJRStt.jpg,1024,609,2,166,107,341,190
011d98277571fe017_jpg.rf.uQaYTRX1TeY8JTIJRStt.jpg,1024,609,2,653,192,716,273
011d98277571fe017_jpg.rf.uQaYTRX1TeY8JTIJRStt.jpg,1024,609,2,717,106,906,251
armas (875)_jpg.rf.uXnO6wUtsWBpaHIiTGVA.jpg,275,183,0,28,3,139,181
armas (1363)_jpg.rf.uc8b5CDfGPvhWnq6kkfb.jpg,333,500,0,5,301,259,427
710e9511e2cb2c2d5_jpg.rf.bofIdHGrFLo6qVvLMn9f.jpg,1024,683,2,58,219,439,356
710e9511e2cb2c2d5_jpg.rf.bofIdHGrFLo6qVvLMn9f.jpg,1024,683,2,835,270,952,365
armas (1296)_jpg.rf.slHW3NXBDr5juwXOqkVW.jpg,500,586,0,82,250,370,516
119d9bd94011934d8_jpg.rf.YghHIRlbFiiY2zTSyx1Q.jpg,1024,768,2,27,4,1023,678
armas (2125)_jpg.rf.Z2H4iXOVXTqNGL8hOh1B.jpg,634,482,0,49,389,187,465
armas (1486)_jpg.rf.Z3lBTg6yJdauKM4evGu6.jpg,500,281,0,9,2,497,274
f1c8569155cfeea59_jpg.rf.coFzCP0OWiSfz6D9uXok.jpg,1024,682,2,461,153,842,378
armas (2892)_jpg.rf.ZLriQ0RXw0F1iPb7ZJWM.jpg,450,301,0,17,94,67,113
armas (2892)_jpg.rf.ZLriQ0RXw0F1iPb7ZJWM.jpg,450,301,0,382,75,439,99
armas (1722)_jpg.rf.ZNhRqQgnTGcyeDokdnld.jpg,500,375,0,42,64,451,327
armas (1687)_jpg.rf.d4ZkgSSQmC9Vp6n8KTpF.jpg,540,414,0,69,13,497,376
armas (1687)_jpg.rf.d4ZkgSSQmC9Vp6n8KTpF.jpg,540,414,0,43,1,213,210
armas (1839)_jpg.rf.dFqLl0o1Ka7fgratqJKs.jpg,400,500,0,152,40,384,420
armas (1618)_jpg.rf.t1xqmwTnZUkB50QP8432.jpg,333,500,0,209,232,220,247
armas (1342)_jpg.rf.tpZsJ8eawkk5HOLSyHKT.jpg,1024,432,0,4,1,1019,431
armas (1242)_jpg.rf.u4DOTDYQ3QLRBVl6CkNL.jpg,500,349,0,59,25,489,254
armas (625)_jpg.rf.tiivJjmwDyyyhQTBIFj0.jpg,800,430,0,194,59,617,370
armas (329)_jpg.rf.ZUfGATuKuLlJ6VWajPbT.jpg,300,470,0,3,195,196,377
11633c5cdb7ad3908_jpg.rf.ZakXVeE8XxxQ0PE85LzN.jpg,1024,681,2,65,226,304,382
11633c5cdb7ad3908_jpg.rf.ZakXVeE8XxxQ0PE85LzN.jpg,1024,681,2,517,112,697,192
11633c5cdb7ad3908_jpg.rf.ZakXVeE8XxxQ0PE85LzN.jpg,1024,681,2,599,192,960,289
11633c5cdb7ad3908_jpg.rf.ZakXVeE8XxxQ0PE85LzN.jpg,1024,681,2,678,136,878,210
armas (2865)_jpg.rf.ZgkVus8OsJ6x4rbnYWuA.jpg,525,343,0,39,48,516,321
armas (2384)_jpg.rf.a6MxRijyvgHta4GtQfid.jpg,160,120,0,3,1,159,116
82585a7d93470d5a_jpg.rf.aDpk2kZkc90N79qEwKhg.jpg,951,1024,0,499,326,640,410
armas (394)_jpg.rf.ucbuMlE1oSVESYO8Vdnh.jpg,1023,682,0,605,258,709,604
armas (293)_jpg.rf.aIPpEUQSnBCvQEZ8IadO.jpg,512,288,0,33,1,451,286
armas (1713)_jpg.rf.aruRW29ZXzNRIamSYzhd.jpg,342,500,0,194,175,294,259
0b019f09f1189536_jpg.rf.b2J3wo6zWqosohu6D5bl.jpg,1024,768,0,203,190,810,596
913a6fd45f7758d1e_jpg.rf.co6sUiXwATPDtfcNYTqS.jpg,1024,680,2,200,44,1023,679
913a6fd45f7758d1e_jpg.rf.co6sUiXwATPDtfcNYTqS.jpg,1024,680,2,837,77,1016,397
armas (65)_jpg.rf.b2iDLtDgY9uVL7fIJsqf.jpg,1280,720,0,62,16,1280,713
armas (2295)_jpg.rf.b7YzhbpgaFymgnF6IQ9Q.jpg,160,120,0,7,4,154,113
91f7c4835ce513a68_jpg.rf.sQfU5CWavMSD4gKUq4Qf.jpg,1024,576,2,292,198,823,359
armas (1539)_jpg.rf.dMcDTa3WCoIsBwcozZNx.jpg,500,424,0,162,18,499,421
e1ddcb4008ec2d82c_jpg.rf.ZQT67Ppr0vNHVyHWbDna.jpg,1024,362,2,14,13,1011,348
armas (2203)_jpg.rf.csGSIqDau68H8AzKofo5.jpg,160,120,0,4,6,154,110
armas (2070)_jpg.rf.2D9Ic8DtHIfbnarE4FpK.jpg,704,800,0,311,298,437,559
armas (2729)_jpg.rf.2EszWu93Avb3TgzOG3Yx.jpg,160,120,0,4,1,157,116
010000988_jpg.rf.2SdbfbwnlAdbZkxmjMik.jpg,600,337,2,3,99,566,216
i1mage129_jpg.rf.2bwRLy5lh5K02AHIL91N.jpg,450,600,2,58,220,447,582
1120f7cd133883a9f_jpg.rf.2dHFmXg62bfTpjfCoN3C.jpg,1024,385,2,19,17,1006,367
armas (446)_jpg.rf.3Fxn7e2UlCIOxwCslJwb.jpg,1024,757,0,529,134,944,480
0119cec23acf63d5a_jpg.rf.3XG6ER5u6oPPVZlqFV1E.jpg,1024,797,2,0,86,191,597
0119cec23acf63d5a_jpg.rf.3XG6ER5u6oPPVZlqFV1E.jpg,1024,797,2,183,416,721,796
armas (1836)_jpg.rf.3jI2dLG4PbH2eQrHNtIS.jpg,450,291,0,47,15,400,275
21cd807e3c41fb636_jpg.rf.3ykikpB41dT1IHySuLkH.jpg,1024,689,2,546,299,812,375
010000965_jpg.rf.3ysf3B1BUIx79ySGUfeF.jpg,600,416,2,424,223,593,356
010000965_jpg.rf.3ysf3B1BUIx79ySGUfeF.jpg,600,416,2,32,2,503,154
313d6c1847ba234e6_jpg.rf.47Ri5gkGeVEyGjfUAhBC.jpg,683,1024,2,72,214,597,365
armas (1042)_jpg.rf.4FqI1UbIOFNvf1Rzq3qh.jpg,249,202,0,36,67,95,160
d1a1a7c9d1d9d07ff_jpg.rf.bLOqndf0ZPAIL7N132NK.jpg,1024,683,2,25,297,601,609
armas (970)_jpg.rf.4KtpEjTHGkD6txs5LNgs.jpg,267,189,0,69,25,136,176
11efe34a2e833a024_jpg.rf.cze71Q4YDJ03hpdOgeOX.jpg,1024,685,2,0,6,1023,684
91eb028f3e27af8ad_jpg.rf.csiaTlajD0Qc9630cBfj.jpg,1024,768,2,0,0,1023,747
6172f19a8403ca5d3_jpg.rf.aPFSQ1v66EqA8crlhcZ0.jpg,684,1024,2,78,281,557,554
11dd0703b4170a9ba_jpg.rf.ba2apNac1VU0DuWn482r.jpg,680,1024,2,18,366,384,871
0102e1b2ba0ec004d_jpg.rf.1haAiZaIlk1gbJXSQS64.jpg,1024,680,2,223,253,449,466
0102e1b2ba0ec004d_jpg.rf.1haAiZaIlk1gbJXSQS64.jpg,1024,680,2,692,260,752,277
armas (927)_jpg.rf.1n3zMnK2F79eToNQOMs7.jpg,275,183,0,56,117,153,154
01600f88efab6d790_jpg.rf.232St6eywIz75AirMMzZ.jpg,1024,683,2,787,115,1023,640
armas (120)_jpg.rf.4qLshz6Enb0vZO8SC2Uc.jpg,450,300,0,77,163,112,285
d18219279164cb954_jpg.rf.5PcbmdyVUYnLcE37HicB.jpg,1024,686,2,0,181,744,493
armas (2061)_jpg.rf.QmNfgDsHSwAhkeY5kQ9n.jpg,640,456,0,161,124,530,362
armas (564)_jpg.rf.R1f3PCK0agAxgDiT32ff.jpg,640,480,0,65,1,564,443
c67bde046e9e57f2_jpg.rf.R3Ioet8O9lq4aJSyWNzT.jpg,1024,1024,0,93,329,986,811
armas (707)_jpg.rf.R5s2PLAYUh1cn2RzH8O7.jpg,1000,644,0,80,229,262,363
010000341_jpg.rf.RKspvN9s78y5SWvYPS6u.jpg,600,393,2,31,86,559,316
010000975_jpg.rf.RMGUGNREk0RT4x6QPOBp.jpg,600,600,2,27,138,600,473
613fd7a788b2c2d51_jpg.rf.ROW4lg2MmaamOzxZaPmI.jpg,1024,683,2,73,142,879,518
armas (2010)_jpg.rf.RPn70PkUg4QyyeeyDeFs.jpg,212,285,0,42,113,108,263
c139d12415f84acd1_jpg.rf.RlsNqQtVyKoJNs5gfGXS.jpg,1024,680,2,206,132,676,332
armas (2807)_jpg.rf.RpFySsU2JbnSHU7mrZV5.jpg,300,450,0,76,161,224,354
armas (771)_jpg.rf.RpLAw61ScKXYzVum9aoZ.jpg,300,199,0,7,13,291,192
armas (442)_jpg.rf.S1sRb5IMmA9V7cBqEjJE.jpg,682,1023,0,337,640,503,820
b19ca3253cf42ffc6_jpg.rf.S6FsZNJjoLeHM7njlsgM.jpg,1024,683,2,339,191,512,328
116f0e6361ab6bc49_jpg.rf.bUPOiJU4BCvUs0EMNQe6.jpg,1024,681,2,272,170,879,451
armas (2919)_jpg.rf.SO5FEayBjBwuhjwX5Zlu.jpg,168,118,0,37,36,76,62
armas (2919)_jpg.rf.SO5FEayBjBwuhjwX5Zlu.jpg,168,118,0,97,38,125,59
armas (2567)_jpg.rf.4bTKyq9Qjf7xG81wvwmr.jpg,160,120,0,2,2,158,116
11525f2ac9f73996a_jpg.rf.SrLDbpj0kPUO4isiGEYx.jpg,1024,576,2,725,113,990,237
11525f2ac9f73996a_jpg.rf.SrLDbpj0kPUO4isiGEYx.jpg,1024,576,2,259,208,1023,497
armas (2687)_jpg.rf.T876J99UKZrf9DtbVoL0.jpg,160,120,0,2,3,153,113
armas (748)_jpg.rf.TP9gP7YRtyVJWDWbgUgT.jpg,992,744,0,82,160,763,625
armas (2957)_jpg.rf.TPVCGICUtJw7iG1kT1Wc.jpg,771,505,0,25,24,734,477
01a7a9e434ba275e3_jpg.rf.TWnlWv8azsIcvcTwocS6.jpg,1024,768,2,0,0,1023,657
armas (2913)_jpg.rf.TkCCPylW3mOtuij96wo1.jpg,1300,865,0,437,75,867,585
i1mage54_jpg.rf.3COYWQegAFNHaS8vAE32.jpg,600,326,2,373,9,600,177
010000961_jpg.rf.3TBGvb3KnId9MQJsKvit.jpg,600,800,2,233,77,312,578
armas (839)_jpg.rf.3gF72kzvQ9zYt1Ny9hRn.jpg,188,268,0,91,122,144,258
d11f56aa5d7a9cf4_jpg.rf.4RJNI4l3UW7jM2KVDJIv.jpg,1024,685,0,264,159,968,603
71f48d203a4fe0841_jpg.rf.4jQ5AuU7lvESXtnoAHLb.jpg,1024,659,2,263,214,693,353
618d85f23acf08e5a_jpg.rf.ScXoQEm7YBo4GpDSXUY9.jpg,1024,683,2,515,85,795,369
518a984000934474d_jpg.rf.SOigit582f34OxApypIK.jpg,1024,526,2,0,1,198,149
518a984000934474d_jpg.rf.SOigit582f34OxApypIK.jpg,1024,526,2,210,85,977,311
5a3fe708b78018f2_jpg.rf.SfVfHDf5RJeXYNvz3rHy.jpg,1024,681,0,695,147,1006,296
11506ce246f26ccd9_jpg.rf.6UxKhu6txjtE0I4za3Bz.jpg,1024,685,2,345,172,789,414
410903697fc2237a5_jpg.rf.6sZpy7t91VhoLOf27bcN.jpg,1024,681,2,181,224,301,291
f1f9cfb133e1c4ed0_jpg.rf.6xer9LHNl5jjOKBTTaQ8.jpg,1024,768,2,30,0,1024,768
armas (2409)_jpg.rf.765ddEGjVjqGrqEIVTsl.jpg,160,120,0,2,1,157,120
913cb6f0e0a13c37b_jpg.rf.78OkStYrf6EckhMGdq13.jpg,1024,685,2,1,322,230,443
913cb6f0e0a13c37b_jpg.rf.78OkStYrf6EckhMGdq13.jpg,1024,685,2,1,119,348,257
913cb6f0e0a13c37b_jpg.rf.78OkStYrf6EckhMGdq13.jpg,1024,685,2,13,489,564,672
armas (807)_jpg.rf.7HqOSK91tNKtaC2t87KH.jpg,300,166,0,11,14,291,155
61bba659a8d678be8_jpg.rf.7Hvv6zj9glJmWgWHJPCF.jpg,1024,683,2,324,255,908,370
e14dd3f5882847a22_jpg.rf.QAY5UygEFiDdJolktJD6.jpg,768,1024,2,316,375,567,467
armas (313)_jpg.rf.Qa4Cp8oEOGt8IUfKAwu0.jpg,270,194,0,48,53,182,111
i1mage93_jpg.rf.SFTt60BA1mstDjj7ULxg.jpg,640,360,2,193,39,462,231
armas (2824)_jpg.rf.3h21P03EYp0ny35CnWDy.jpg,478,324,0,178,77,456,236
i1mage51_jpg.rf.5F7tHRbIBbUaqaayXvA6.jpg,575,382,2,15,18,562,369
010001127_jpg.rf.4C89zXhSf9UZwOkYKDfH.jpg,600,454,2,37,129,592,355
i1mage28_jpg.rf.STKFysrMb2BzT5kcMBiC.jpg,737,491,2,70,139,446,277
armas (2834)_jpg.rf.5f4aHp4673P3JPvMjOmx.jpg,958,805,0,129,261,681,574
0113677e3d8edeee7_jpg.rf.4seVywiMS9gaqAuIIHTi.jpg,1024,683,2,269,104,480,323
11ea35487e4bdb1dc_jpg.rf.5fOlVlnkLBB68rgmXfbL.jpg,1024,683,2,217,215,1023,483
010001038_jpg.rf.5w74keHVEewVtvpKMvtF.jpg,295,295,2,38,122,235,188
61609e88113885226_jpg.rf.45RaHR9bEQ8G6cxiib9L.jpg,1024,681,2,411,293,705,484
61609e88113885226_jpg.rf.45RaHR9bEQ8G6cxiib9L.jpg,1024,681,2,483,300,508,326
61609e88113885226_jpg.rf.45RaHR9bEQ8G6cxiib9L.jpg,1024,681,2,492,292,526,337
armas (1043)_jpg.rf.68BRT61vpSKR2C7SGoiN.jpg,268,188,0,83,20,142,74
01a983247f6a0b9bd_jpg.rf.RX8uGlVqdXopL89QxmIW.jpg,1024,683,2,143,59,643,436
i1mage33_jpg.rf.RhbigWoFSfe709cFZq0p.jpg,628,353,2,151,15,595,276
armas (1949)_jpg.rf.RlmuFc14Wo1rYbL0oj2G.jpg,1500,1100,0,662,113,824,210
8189761d340dda50d_jpg.rf.Rqc0ZgRRkXTERPmCt0zB.jpg,1024,768,2,540,255,754,471
8189761d340dda50d_jpg.rf.Rqc0ZgRRkXTERPmCt0zB.jpg,1024,768,2,706,332,1010,443
armas (19)_jpg.rf.S5tBCFhHI2X5VnIClgxq.jpg,480,480,0,268,171,355,334
armas (2271)_jpg.rf.SCvaCVZXPLkSy5lvRkuX.jpg,160,120,0,4,1,158,116
010000712_jpg.rf.SF2ecTz5kbVEG46fYMQh.jpg,600,375,2,217,188,359,216
010000712_jpg.rf.SF2ecTz5kbVEG46fYMQh.jpg,600,375,2,401,191,427,349
f10fa87daa9be11e0_jpg.rf.SmjD7frqMt7597kycPc5.jpg,1024,680,2,94,331,225,448
f10fa87daa9be11e0_jpg.rf.SmjD7frqMt7597kycPc5.jpg,1024,680,2,390,487,749,679
f10fa87daa9be11e0_jpg.rf.SmjD7frqMt7597kycPc5.jpg,1024,680,2,581,233,672,298
f10fa87daa9be11e0_jpg.rf.SmjD7frqMt7597kycPc5.jpg,1024,680,2,792,435,1022,614
f10fa87daa9be11e0_jpg.rf.SmjD7frqMt7597kycPc5.jpg,1024,680,2,946,326,1022,423
armas (1369)_jpg.rf.T37t29Wrn9TnOM9wlh9Q.jpg,334,500,0,247,122,308,163
armas (2932)_jpg.rf.TGMefvbPTFc34qZOcm7l.jpg,1280,720,0,242,12,1207,717
010000784_jpg.rf.TPT7dMpyKG27eHL5p6rK.jpg,600,398,2,56,43,557,357
armas (1476)_jpg.rf.TYlTj8hTlGtnCS5z5Gld.jpg,500,373,0,33,58,428,319
armas (990)_jpg.rf.TroSOgkhbqIFdEyUUIKf.jpg,240,181,0,3,21,23,39
armas (990)_jpg.rf.TroSOgkhbqIFdEyUUIKf.jpg,240,181,0,158,17,175,32
d1db6cc5a499f9676_jpg.rf.U0xELYlbc2EinurygnmF.jpg,1024,768,2,48,255,983,579
armas (2723)_jpg.rf.QWtFIYS5Iwrj3KCm38P5.jpg,160,120,0,1,1,156,118
010000665_jpg.rf.R1A8dexemqFmcS5hide4.jpg,600,220,2,3,1,598,218
010001bcc92282a38_jpg.rf.RNnv4nPgm2xDiJmEiZqG.jpg,1024,683,2,4,472,225,682
armas (2035)_jpg.rf.ROvyxOaml8TbqRHT6KqN.jpg,420,300,0,52,99,197,282
armas (2035)_jpg.rf.ROvyxOaml8TbqRHT6KqN.jpg,420,300,0,320,61,341,153
armas (1879)_jpg.rf.QdA1iIOuk7xiPw7BFoGn.jpg,500,400,0,20,42,411,212
b3cfca3d0149eb04_jpg.rf.J6wxz6WttSJTKKZES4sZ.jpg,1024,820,0,230,238,444,428
b3cfca3d0149eb04_jpg.rf.J6wxz6WttSJTKKZES4sZ.jpg,1024,820,0,505,258,660,437
armas (401)_jpg.rf.J8rjYITjvdLpyBmK4byt.jpg,1024,438,0,433,105,690,278
010000608_jpg.rf.JBJqSadrJ45zl5PvcfQN.jpg,600,399,2,59,63,570,263
010000772_jpg.rf.JCqzn53jxNJKdWeL1uzR.jpg,500,324,2,7,214,494,311
010000772_jpg.rf.JCqzn53jxNJKdWeL1uzR.jpg,500,324,2,7,23,401,96
01e8e5fe8026f4ff9_jpg.rf.JJjtMvEqrmma6UvoHBad.jpg,1024,681,2,153,178,200,199
01e8e5fe8026f4ff9_jpg.rf.JJjtMvEqrmma6UvoHBad.jpg,1024,681,2,225,210,878,425
017b44694fa0d31d6_jpg.rf.JOvAUskJgRctEwzpIw9J.jpg,1024,768,2,242,18,602,768
a102ded293fe41d31_jpg.rf.U9jluB7oJh2RtT5lhK8k.jpg,1024,683,2,105,188,287,320
a102ded293fe41d31_jpg.rf.U9jluB7oJh2RtT5lhK8k.jpg,1024,683,2,417,362,543,643
i1mage128_jpg.rf.IKGJvKKOPduBEpoz6uuc.jpg,540,355,2,70,68,403,176
d1fab4e0d6a20f946_jpg.rf.Ie36pFrUsAsbz3zXB4x1.jpg,1024,768,2,129,122,1010,758
e102151d336be08f1_jpg.rf.U7WdYhhRJAWVCbeTcRLj.jpg,1024,768,2,410,169,879,393
e102151d336be08f1_jpg.rf.U7WdYhhRJAWVCbeTcRLj.jpg,1024,768,2,101,197,340,259
armas (243)_jpg.rf.IoluqpXXrDktU68kuamm.jpg,700,525,0,163,183,426,313
79cf3a514632412e_jpg.rf.IL5srSbjdhIjf0gfzW9E.jpg,1024,1024,0,76,117,376,587
79cf3a514632412e_jpg.rf.IL5srSbjdhIjf0gfzW9E.jpg,1024,1024,0,172,16,681,751
i1mage133_jpg.rf.AUiMRsq96uKE7R8mBPn3.jpg,488,318,2,2,31,282,305
3194a7ccced667edf_jpg.rf.Az5Y5gewvkTbRK1gOZPV.jpg,1024,710,2,10,519,468,687
3194a7ccced667edf_jpg.rf.Az5Y5gewvkTbRK1gOZPV.jpg,1024,710,2,307,332,504,404
3194a7ccced667edf_jpg.rf.Az5Y5gewvkTbRK1gOZPV.jpg,1024,710,2,354,276,500,334
3194a7ccced667edf_jpg.rf.Az5Y5gewvkTbRK1gOZPV.jpg,1024,710,2,457,206,522,236
3194a7ccced667edf_jpg.rf.Az5Y5gewvkTbRK1gOZPV.jpg,1024,710,2,475,193,517,213
7195f7601c8de81e6_jpg.rf.B7cCibm8CQULXQIvfLvK.jpg,1024,683,2,330,401,635,682
armas (1872)_jpg.rf.BDicAwzELvXL6KpSL1Ye.jpg,800,533,0,535,183,705,296
armas (1681)_jpg.rf.BT2g01AkHbDD5I6r8aKB.jpg,375,500,0,240,220,265,243
armas (1681)_jpg.rf.BT2g01AkHbDD5I6r8aKB.jpg,375,500,0,231,128,278,146
armas (96)_jpg.rf.BTpWddwRlAwi02mQ285z.jpg,459,344,0,22,37,420,290
8ba709ac72cbbec8_jpg.rf.Bf4GVkiyfVahDvZkoPSt.jpg,1024,680,0,405,80,587,225
010000051_jpg.rf.BmVOyLLJrlMFl899okb4.jpg,600,178,2,9,6,595,174
017c3ae1c50f26533_jpg.rf.JvnCsMCjQCtaormY1S3s.jpg,1024,1024,2,51,518,569,768
010000137_jpg.rf.KVJszTqImHvCk1pPguYC.jpg,600,450,2,41,158,571,314
armas (2734)_jpg.rf.Jt0oZaePRGfMgylMLGpa.jpg,160,120,0,7,14,156,114
6fce6f21715f5aca_jpg.rf.KcMRxNrDdSpkQUesi9oI.jpg,1024,680,0,100,73,944,640
armas (2462)_jpg.rf.JfeuFjStMKXwkxMs57zD.jpg,160,120,0,2,3,156,116
armas (28)_jpg.rf.LH4e1V8ZPYu5PrZ3OLIz.jpg,1300,866,0,169,180,992,744
armas (2923)_jpg.rf.LlFd64og4oi3KnN25LI6.jpg,113,168,0,41,27,100,83
11a4f2c4ad6090de4_jpg.rf.JZfEi5fsRf3lsqeD4rXm.jpg,1024,683,2,98,168,883,496
armas (2479)_jpg.rf.Jy6L3m5a4J6FPapmQjpF.jpg,160,120,0,2,1,156,118
015eeef20056b9d2c_jpg.rf.LRUCy8KHOKE7EFMQqJ4F.jpg,1024,731,2,0,267,248,371
015eeef20056b9d2c_jpg.rf.LRUCy8KHOKE7EFMQqJ4F.jpg,1024,731,2,0,269,251,378
015eeef20056b9d2c_jpg.rf.LRUCy8KHOKE7EFMQqJ4F.jpg,1024,731,2,240,352,425,566
015eeef20056b9d2c_jpg.rf.LRUCy8KHOKE7EFMQqJ4F.jpg,1024,731,2,316,365,468,412
015eeef20056b9d2c_jpg.rf.LRUCy8KHOKE7EFMQqJ4F.jpg,1024,731,2,318,367,467,400
015eeef20056b9d2c_jpg.rf.LRUCy8KHOKE7EFMQqJ4F.jpg,1024,731,2,536,125,868,218
21c654a42e1ff3e3d_jpg.rf.L17zh62mE3ZRayUolTht.jpg,1024,768,2,96,147,318,393
010000771_jpg.rf.KtC5ezXZOdADsKPrtHh2.jpg,600,337,2,233,88,361,147
armas (1293)_jpg.rf.Cp4ptJEbhwlisxLSXt47.jpg,333,500,0,33,14,127,258
armas (2415)_jpg.rf.D0iXxl5jhkMY5VYZQd7T.jpg,160,120,0,2,2,156,115
armas (1560)_jpg.rf.DACnYwVawHJvRSwdiQGC.jpg,400,500,0,74,101,165,228
01e44b04485cf4f8b_jpg.rf.DJrrM6FpPkoEzpeLj15i.jpg,1024,681,2,482,373,819,656
010000738_jpg.rf.DMqfRK69bbxmls1k6uOg.jpg,600,450,2,103,210,158,356
010000738_jpg.rf.DMqfRK69bbxmls1k6uOg.jpg,600,450,2,291,105,484,252
armas (213)_jpg.rf.DncvGtdQg2jnISfIQXcx.jpg,728,481,0,286,207,568,416
010000377_jpg.rf.E3FRAzLNOWFsKlXz8NJr.jpg,600,450,2,1,92,573,450
armas (2633)_jpg.rf.E81i7Z6M9cfl1Apoqy8P.jpg,160,120,0,8,5,155,115
010000292_jpg.rf.eFssufuhEZptKh025W91.jpg,600,600,2,12,37,593,592
c197848784dee87f6_jpg.rf.eWdaTIy21nZym8D4j4rM.jpg,1024,576,2,226,157,951,375
c197848784dee87f6_jpg.rf.eWdaTIy21nZym8D4j4rM.jpg,1024,576,2,300,0,374,74
armas (2970)_jpg.rf.Khi14fDmRmo7vfyI3LWm.jpg,434,569,0,224,86,409,270
a1f986c1bcc8cef10_jpg.rf.C3xw5o31o7FGEp4kKclZ.jpg,1024,681,2,214,214,989,490
armas (486)_jpg.rf.CSTHnlUs9S2qGsW45R7V.jpg,1023,682,0,101,192,563,573
armas (361)_jpg.rf.CIunhIvAMLAYXttSviPf.jpg,640,956,0,25,206,609,549
710fe1c94099c2c15_jpg.rf.Cni06O6oZpomeSVkYc5r.jpg,1024,396,2,16,17,1013,389
010001010_jpg.rf.hQumtMNY9ZLQDeIYrmlG.jpg,600,267,2,1,54,597,219
armas (744)_jpg.rf.hh0RhnBAFxz6YMi61jez.jpg,1200,800,0,326,153,931,756
armas (545)_jpg.rf.2SCAShavRzZlQS54WsNW.jpg,275,183,0,68,18,252,147
armas (29)_jpg.rf.2NH2moLr5mCed5vX0TvL.jpg,866,1300,0,90,270,230,364
armas (1412)_jpg.rf.2LajrK1AC4CQqMEAKPT9.jpg,500,461,0,91,91,384,422
f128c28f6c4d37773_jpg.rf.2NCJ3jvbtcC8rYk50wI6.jpg,1024,680,2,468,29,667,383
armas (806)_jpg.rf.9AI411YlN3T57zvxpkWF.jpg,300,169,0,1,11,282,149
212c255ccdb0b065c_jpg.rf.9Jw3ecbquJryPfrdtshK.jpg,768,1024,2,416,473,579,1022
armas (2668)_jpg.rf.9Jmhmm390lElIHCczn7h.jpg,160,120,0,4,2,154,119
armas (2018)_jpg.rf.9Be32YAxTG5ClmSsa6x7.jpg,350,350,0,185,80,346,317
41d1f457b101ceb44_jpg.rf.9cZLVhgUUPjlFGoHsp8P.jpg,1024,680,2,403,220,985,483
41d1f457b101ceb44_jpg.rf.9cZLVhgUUPjlFGoHsp8P.jpg,1024,680,2,26,162,192,357
armas (2926)_jpg.rf.A1AJjVsa70hvn5bWtlYl.jpg,119,168,0,21,123,37,161
51a99258bac7c289a_jpg.rf.2vtJ1CuliyoLcTf4lu6d.jpg,1024,768,2,367,620,901,767
011782b33668edf82_jpg.rf.2YFq1aToXkjCxo81MKWs.jpg,1024,683,2,340,294,484,420
armas (1120)_jpg.rf.2v13IsAV3iDSQBhbbQBn.jpg,866,1390,0,109,495,326,622
01704e0466219ab24_jpg.rf.30H9dHLycz3Ui0CzMjXX.jpg,1024,681,2,161,95,345,680
115c6c10ea449ec6c_jpg.rf.9VrzvHc3FcdEMNhCflun.jpg,1024,683,2,248,360,926,525
5b37a417d7871bbb_jpg.rf.A3pYXiQEw75zcfbJI77w.jpg,1024,683,0,405,25,515,276
i1mage85_jpg.rf.ZgEU1ggCmokUkAuXlqvF.jpg,640,360,2,214,97,376,225
armas (68)_jpg.rf.ZwLIvrIVLYrOeVTxPIAV.jpg,168,113,0,100,73,125,100
410d836a8e6150c69_jpg.rf.aSARn4VQ76KzOMCFaVOL.jpg,1024,685,2,60,182,852,541
410d836a8e6150c69_jpg.rf.aSARn4VQ76KzOMCFaVOL.jpg,1024,685,2,283,297,897,684
armas (795)_jpg.rf.A499YsLlWBSS5BqrSQFT.jpg,300,151,0,15,16,285,144
91d08a6fe1e1f3e43_jpg.rf.Ze8H2ko00x6sHzgFPoto.jpg,1024,724,2,303,281,669,460
3d01415dc2912724_jpg.rf.35KuH5Y6K4fuRvvvouba.jpg,1024,768,0,466,44,1022,478
1d6c5b47ac435d2d_jpg.rf.bJ8Jj8DYvSy0oNArWE4m.jpg,1024,632,0,112,93,911,513
armas (1452)_jpg.rf.byRfZRjjjMh1IFJlTaXp.jpg,500,333,0,33,127,174,249
armas (1860)_jpg.rf.39i6MZRI0enBxiHMFU2g.jpg,640,480,0,185,167,403,288
c1fbe6905fe5be3a5_jpg.rf.cCNf3xOr3H9p2C8EErzf.jpg,1024,576,2,188,204,789,575
f11ddddd408c33cf6_jpg.rf.a0oCpUHCuokhyh6NV6MU.jpg,683,1024,2,0,391,373,596
f11ddddd408c33cf6_jpg.rf.a0oCpUHCuokhyh6NV6MU.jpg,683,1024,2,383,323,682,769
369ca978d1fc4aaa_jpg.rf.abCT2JrBi4kjAcaQiJLu.jpg,1024,768,0,0,99,1023,744
41fc6994977cbcbfc_jpg.rf.ajjPeQn3BLNaZUb8TQyu.jpg,1024,683,2,70,242,1001,617
armas (2948)_jpg.rf.cXlBcfffQuwccdzwJ3CV.jpg,640,457,0,177,280,377,449
armas (2948)_jpg.rf.cXlBcfffQuwccdzwJ3CV.jpg,640,457,0,62,27,370,271
armas (1023)_jpg.rf.ckICNp0r2JqFskEwZklU.jpg,275,183,0,66,56,112,173
33d3294103709f61_jpg.rf.cualUcxaGrQVRXYj7m0H.jpg,1024,683,0,178,56,760,612
33d3294103709f61_jpg.rf.cualUcxaGrQVRXYj7m0H.jpg,1024,683,0,617,361,1016,682
51149125c69ac32ed_jpg.rf.36YjXDp4VLljQJnT0c4e.jpg,664,1024,2,7,188,150,739
51149125c69ac32ed_jpg.rf.36YjXDp4VLljQJnT0c4e.jpg,664,1024,2,253,104,476,805
81d0dbb182950afc7_jpg.rf.zhhPYAGkEmCAcVgDLjTG.jpg,1024,680,2,97,253,507,472
010000984_jpg.rf.d6htvxlv20dNezXu4vOq.jpg,227,320,2,5,151,223,287
216820c477e9da109_jpg.rf.7yvy9a2ma1g0Mu5tRaYK.jpg,1024,360,2,86,111,944,273
armas (855)_jpg.rf.zzh3EUXTm16Fm0YdoTNY.jpg,213,237,0,83,92,183,125
armas (1658)_jpg.rf.7LJyOsISOlVeDLgW1oxW.jpg,500,456,0,86,143,476,425
01e4437a786da457d_jpg.rf.bOak43alDHnziGVJt1i8.jpg,1024,680,2,103,221,1023,487
01e4437a786da457d_jpg.rf.bOak43alDHnziGVJt1i8.jpg,1024,680,2,401,136,925,271
01e4437a786da457d_jpg.rf.bOak43alDHnziGVJt1i8.jpg,1024,680,2,531,85,777,147
i1mage144_jpg.rf.cUcRJMtm9t0pDNdTmtst.jpg,480,360,2,155,78,362,143
armas (1665)_jpg.rf.5WHEH6AMjoPvN74GsZ0n.jpg,500,399,0,57,133,359,365
armas (797)_jpg.rf.5aVfFflCWsWzkV29Fqh1.jpg,300,184,0,11,37,286,153
010000612_jpg.rf.5mDFj82pQCPV0FPoArBa.jpg,500,374,2,6,9,483,322
armas (994)_jpg.rf.5zORhYCoOvT0nvIUCNVV.jpg,343,147,0,103,68,239,147
010001112_jpg.rf.61BTRUmhuMbzFhfeOo2o.jpg,480,360,2,3,27,479,360
armas (81)_jpg.rf.62CDmzC7SVjqK5AERmhM.jpg,113,168,0,25,72,50,124
armas (512)_jpg.rf.64XnVCelgYj6xIDFw2Ug.jpg,192,203,0,64,26,83,44
armas (882)_jpg.rf.6FBgz9rCKLahaCNs8GVU.jpg,300,168,0,114,42,149,101
armas (1651)_jpg.rf.83uxYHC7A4cglzBacSNy.jpg,500,375,0,4,48,483,366
5147c656cfe525588_jpg.rf.5V2QqFy1NscbST4URqnu.jpg,1024,683,2,146,149,622,472
armas (2026)_jpg.rf.5UtrhXt0K9tgwQRmssuC.jpg,645,349,0,27,214,199,339
armas (1261)_jpg.rf.dGEbFqhwM0Xhlul3HmPf.jpg,500,375,0,37,72,290,297
010001024_jpg.rf.6vZCAf9Mr0nAj92TRCHV.jpg,600,450,2,4,185,593,351
armas (2945)_jpg.rf.7El2Miv2z2vr9lxiDaX3.jpg,400,400,0,23,78,396,340
armas (1166)_jpg.rf.7GGan0WWdK72YKRP1RUK.jpg,595,286,0,26,58,541,274
armas (2644)_jpg.rf.7REh2f9eBoeHxvhoGGEW.jpg,160,120,0,4,2,157,118
a12a1364cf89fe620_jpg.rf.7XniAWxfrQUhtN2x4qLj.jpg,1024,768,2,417,151,853,523
419d1fc220638fcc6_jpg.rf.d0hDOD4M2fn0Q2fiQNqX.jpg,1024,683,2,127,148,714,397
armas (867)_jpg.rf.7n502DFEBpK3REI9SKej.jpg,183,275,0,33,33,106,166
21320d4915cce1b21_jpg.rf.zqsnO3PZElTJuXsAEHQz.jpg,1024,806,2,201,153,609,464
armas (2236)_jpg.rf.85f9QIRifecyIuAazyJK.jpg,160,120,0,1,12,155,106
armas (1964)_jpg.rf.6lmqsWOaTIyuYuvKQvOr.jpg,620,465,0,1,1,479,395
armas (2391)_jpg.rf.87FPiwYMGPolPYvYUYpy.jpg,160,120,0,7,18,150,112
armas (1502)_jpg.rf.8CSJTR9bkLAt7V3zTSsc.jpg,500,375,0,117,93,395,303
armas (746)_jpg.rf.7gfJjxkVBl95dbD0qUgI.jpg,970,650,0,367,75,965,385
9132f07a1b911eda6_jpg.rf.6t6uloB24tAHfdPev8o5.jpg,1024,559,2,20,54,976,470
d13e1c58ae21e6d61_jpg.rf.6mLi5NZRnJBzwh840sxw.jpg,1024,576,2,238,268,871,456
9163223f5ca9582c6_jpg.rf.EZ81mA55UpYATAOjEfoA.jpg,1024,683,2,157,386,752,645
71b72fc403d366d8b_jpg.rf.EmSBMMkvardoNfajroJ3.jpg,1024,768,2,0,0,1022,430
71b72fc403d366d8b_jpg.rf.EmSBMMkvardoNfajroJ3.jpg,1024,768,2,0,492,1022,758
c960e5bd478d4890_jpg.rf.F57gNDYrj43ME165bOve.jpg,1024,682,0,468,340,514,368
c960e5bd478d4890_jpg.rf.F57gNDYrj43ME165bOve.jpg,1024,682,0,683,451,910,562
armas (1603)_jpg.rf.FBNRQjRhCPuBtrABwZib.jpg,500,347,0,28,34,461,326
armas (2532)_jpg.rf.FQVRVKg9G41UjYNIa4Mx.jpg,160,120,0,2,1,158,113
f143811e54d5f2234_jpg.rf.FShEKLKdw261GCNfrEb6.jpg,1024,680,2,332,124,687,566
armas (1770)_jpg.rf.FcZgGvHSbu8MQFRnkh3E.jpg,320,240,0,24,24,310,186
162ed8cf6fa49de2_jpg.rf.7rSCM2ZLMq4SLRv4fqOc.jpg,1024,768,0,1,234,878,676
9151d09ab574b26dc_jpg.rf.FgcYRLxIYmxFTTPWOLma.jpg,1024,683,2,59,258,195,296
9151d09ab574b26dc_jpg.rf.FgcYRLxIYmxFTTPWOLma.jpg,1024,683,2,266,303,838,505
9151d09ab574b26dc_jpg.rf.FgcYRLxIYmxFTTPWOLma.jpg,1024,683,2,544,271,746,381
7124c5a6c2c1c18e6_jpg.rf.G1RvuTnlJ5aJ9aHsONnM.jpg,1024,724,2,112,187,948,720
010000843_jpg.rf.8qjHFbOZj4Glak6prD2D.jpg,600,450,2,9,120,578,297
5118eadeb4d7a8fd1_jpg.rf.8DSTD3ZZgy3HamPgoygi.jpg,1024,683,2,61,252,538,408
armas (794)_jpg.rf.99itV3AK8ptskvf1YPA4.jpg,300,197,0,37,52,269,160
armas (1040)_jpg.rf.8nlTcRMY2bybGmD0Larv.jpg,261,193,0,139,44,239,99
010000543_jpg.rf.EQNsvSFbrwpqf2vDiOBC.jpg,236,156,2,6,81,232,128
010000721_jpg.rf.EKis7tWOwc20mFq0kmIT.jpg,600,337,2,56,114,533,252
armas (2794)_jpg.rf.ENrpnsPNN2HldxxRotVg.jpg,600,423,0,201,51,389,421
51fbf447356fb3415_jpg.rf.GdrLtiyHGT768GoUJEV5.jpg,1024,681,2,389,259,863,528
armas (2079)_jpg.rf.GnSNXFnc7obMfRJtZcCI.jpg,3000,2290,0,1030,270,2612,1148
b8db68fbaf910a71_jpg.rf.H2Px8dwjx59htBd6Y14C.jpg,754,1024,0,272,341,333,481
d1e5fe0440903c9d7_jpg.rf.HLjC7p8gcJWW9DaxhZkB.jpg,1024,423,2,68,52,971,422
ef3e00f81192ad70_jpg.rf.HNCLlg9rZotB5phQ0YXn.jpg,1024,680,0,33,115,914,635
d1504bf596ea210ac_jpg.rf.DT9Gd3BaOC6NV1hKduIk.jpg,1024,683,2,43,92,1007,683
armas (1117)_jpg.rf.DcG2CdVuS0jagkFnFL0E.jpg,600,400,0,375,77,548,190
armas (1785)_jpg.rf.Djy2iXDo1khD6FbN9XA9.jpg,160,89,0,22,1,158,70
0198883b5047486f2_jpg.rf.DqbOdrYQHHyt6zXMLS9R.jpg,1024,681,2,207,224,881,456
e10bf8849928afc85_jpg.rf.G0OhpGfDXPXUP3RF3aUZ.jpg,1024,679,2,463,0,602,316
6163a5067c9784f0b_jpg.rf.Dr2QE13ws7oK2PKxAsvj.jpg,1024,768,2,35,74,1007,516
armas (240)_jpg.rf.Dw5ZbW5kH7oDFiNlw9Jt.jpg,1132,1696,0,487,409,564,540
c1ff8b68151cc29fb_jpg.rf.E4UMzSf2zFfjgGzplbTN.jpg,1024,683,2,0,121,721,682
1166b1b591d126f78_jpg.rf.8cGYQIq5UILEl2sDByFh.jpg,1024,681,2,150,203,888,424
armas (805)_jpg.rf.ECF4MrbfWJKCDHx9MVBK.jpg,300,225,0,19,24,269,162
armas (2797)_jpg.rf.EK582rF972lOBwGKReY3.jpg,601,255,0,178,1,365,226
2168decf7c7522409_jpg.rf.GRd7AD5f4F9olzfbZ3ap.jpg,819,1024,2,389,216,649,458
armas (1746)_jpg.rf.G7mOO1b2T2Wrexsx73fw.jpg,378,500,0,8,32,372,475
f113b5059a0e4a350_jpg.rf.GCiiuS497pkh0wFQP0yL.jpg,973,1024,2,574,562,838,982
armas (2218)_jpg.rf.F6GiwMztQgdRO1FdrDtd.jpg,160,120,0,1,2,157,119
91f518515ecef8fc3_jpg.rf.F75kwizzJQ8jHwvoKua9.jpg,1024,683,2,394,187,886,367
585a787b124e9c1e_jpg.rf.FFnY9MhJxGI5BMFJMa2N.jpg,1024,650,0,0,66,1023,650
armas (1760)_jpg.rf.FFveM5sQbM67GV5T1EAb.jpg,242,375,0,41,160,91,270
armas (541)_jpg.rf.FGDG6tyTe7PrRRSoD7nH.jpg,275,183,0,35,35,209,161
armas (574)_jpg.rf.FHscgZyeD1ksDz9TVnz3.jpg,530,204,0,24,6,503,187
armas (2839)_jpg.rf.FWoAKgMwcppR2UHQcBvE.jpg,800,480,0,142,49,750,465
21ca16ba0f16ab549_jpg.rf.Fkn6kmSFqgAqvNhMN6xN.jpg,1024,683,2,609,269,934,538
a15d9a5dfc45db955_jpg.rf.93CDMopWInjGHg3JtBE5.jpg,1024,622,2,424,74,724,174
a15d9a5dfc45db955_jpg.rf.93CDMopWInjGHg3JtBE5.jpg,1024,622,2,174,227,351,306
5156d97297e1e7b33_jpg.rf.G6doowEhSgAFd8vfTTxx.jpg,1024,684,2,122,75,954,590
81cc9d7cbc0d6147b_jpg.rf.GBclUWKzx4Zs8leHdGN9.jpg,1024,683,2,107,351,579,527
81cc9d7cbc0d6147b_jpg.rf.GBclUWKzx4Zs8leHdGN9.jpg,1024,683,2,34,0,337,111
110e60d62fb9d6c6a_jpg.rf.EXfstJeKYLhZIQetcaoq.jpg,1024,683,2,0,261,672,449
019a5205eac973e56_jpg.rf.EuWgESz4rsDRThcJgOVe.jpg,1024,681,2,212,170,1013,486
71d28bcbd5e4d2a4a_jpg.rf.EPLNbuHNTlEL5uAuJ7Gl.jpg,1024,376,2,60,230,423,326
71d28bcbd5e4d2a4a_jpg.rf.EPLNbuHNTlEL5uAuJ7Gl.jpg,1024,376,2,395,61,961,154
armas (1677)_jpg.rf.QhQXsYZYFHUPRBTrMPXZ.jpg,491,248,0,4,2,481,244
d1e9e8fe430efc223_jpg.rf.R2dZh0MEU9trVLIG8e9y.jpg,1024,768,2,528,341,981,765
c11f22c52002cf259_jpg.rf.R3nst8jV8ysYSb6WWWaV.jpg,1024,575,2,214,240,577,461
armas (1056)_jpg.rf.hTX7TjnxqCugzrzK64yn.jpg,1024,683,0,386,197,726,414
11590e91ce2d153c7_jpg.rf.hwk1jPcJASgwH5Ayxp2S.jpg,1024,683,2,163,208,1023,557
armas (1177)_jpg.rf.hrNaMKv2lCS6YyvCfZAl.jpg,1000,630,0,376,46,970,476
armas (1052)_jpg.rf.IOdMEdLXFJmPFmbJ7umb.jpg,4272,2848,0,1302,750,3296,2090
armas (2233)_jpg.rf.MXAs4EVMKo2wtVTqFZ4Q.jpg,160,120,0,4,3,157,112
armas (2593)_jpg.rf.OSythqcoC63SFlY8S2zK.jpg,160,120,0,8,1,154,118
81487e7725bad3238_jpg.rf.LGguuKpsFp5srKLZK4Ll.jpg,1024,678,2,163,123,387,245
81487e7725bad3238_jpg.rf.LGguuKpsFp5srKLZK4Ll.jpg,1024,678,2,145,114,406,654
armas (1431)_jpg.rf.KCjR5dtZuUkYLTZZFYjJ.jpg,500,339,0,230,58,454,206
armas (100)_jpg.rf.1zB3Auuu3xW37kjl9wic.jpg,450,300,0,184,148,283,229
armas (1161)_jpg.rf.yoLYLuf6jsQHX8B9ocRI.jpg,2000,1000,0,528,268,1218,625
armas (1154)_jpg.rf.yz6eeSOzRYZogxwWXXep.jpg,637,510,0,359,337,422,375
armas (1154)_jpg.rf.yz6eeSOzRYZogxwWXXep.jpg,637,510,0,131,111,178,163
010001169_jpg.rf.zEI0CToMTlfMlLSeE0iV.jpg,512,333,2,82,16,193,199
010001169_jpg.rf.zEI0CToMTlfMlLSeE0iV.jpg,512,333,2,268,52,418,224
81b4e47df260b1bef_jpg.rf.zVBkY3dHeVKJowlu4ghp.jpg,1024,683,2,176,157,422,438
2477a84196c1d987_jpg.rf.zXLMtlonsyPYUFLxkI4k.jpg,1024,685,0,171,157,785,510
armas (1730)_jpg.rf.zllwBCypHzEhKJNZI0hz.jpg,500,333,0,134,88,446,281
armas (980)_jpg.rf.zmaXEDRGDj0dOePcQlOI.jpg,290,173,0,5,6,284,159
911c694a738180c6c_jpg.rf.zpZbInXCD49Iwah1gqxh.jpg,1024,683,2,227,281,567,419
armas (2084)_jpg.rf.ztNHDfw8O5pFLbFomDTo.jpg,600,420,0,321,13,413,129
215ee76521f01c377_jpg.rf.zw7q21wciMi66D71i3Mi.jpg,1024,836,2,5,54,642,605
armas (537)_jpg.rf.zxCUwrXrBuTRPQCRUWhI.jpg,260,194,0,46,139,110,182
armas (2693)_jpg.rf.fboUHFMDNlcgDiKjoKvm.jpg,160,120,0,1,2,158,116
b1897bf56c1234fe9_jpg.rf.fmaG2lXRHPCOIBKiNRAR.jpg,1024,569,2,5,265,303,380
armas (1614)_jpg.rf.fsVkBkGBOLzeryeXPHUE.jpg,500,263,0,153,106,175,124
b192087a934360927_jpg.rf.fxZTt3aifUSdnDToL5oz.jpg,1024,681,2,0,319,231,373
b192087a934360927_jpg.rf.fxZTt3aifUSdnDToL5oz.jpg,1024,681,2,0,448,296,525
b192087a934360927_jpg.rf.fxZTt3aifUSdnDToL5oz.jpg,1024,681,2,155,310,277,339
b192087a934360927_jpg.rf.fxZTt3aifUSdnDToL5oz.jpg,1024,681,2,189,277,302,299
b192087a934360927_jpg.rf.fxZTt3aifUSdnDToL5oz.jpg,1024,681,2,241,294,283,309
b192087a934360927_jpg.rf.fxZTt3aifUSdnDToL5oz.jpg,1024,681,2,261,268,309,285
b192087a934360927_jpg.rf.fxZTt3aifUSdnDToL5oz.jpg,1024,681,2,290,266,312,278
b192087a934360927_jpg.rf.fxZTt3aifUSdnDToL5oz.jpg,1024,681,2,298,262,310,268
armas (2820)_jpg.rf.fzO0gvISUKLoqMWHqN2I.jpg,920,588,0,144,285,203,392
311a298a14f0379e3_jpg.rf.gIEHf0FwTDXE4BMKRTlJ.jpg,1024,685,2,475,181,922,516
armas (2160)_jpg.rf.gTpc1WXZozJb23Jvi0LO.jpg,306,420,0,223,190,247,228
51f2d9913af2833a9_jpg.rf.1Qd7KKWTuqGxcAWBAEPe.jpg,1024,681,2,410,251,667,408
81dd1e9a6523cf837_jpg.rf.1Py1MEVHxZRlpOv16ECr.jpg,1024,683,2,131,205,1023,533
81dd1e9a6523cf837_jpg.rf.1Py1MEVHxZRlpOv16ECr.jpg,1024,683,2,491,97,1023,205
81dd1e9a6523cf837_jpg.rf.1Py1MEVHxZRlpOv16ECr.jpg,1024,683,2,619,15,1007,103
armas (1544)_jpg.rf.1LQBxjfKWjkSiTgNAG7q.jpg,500,375,0,181,136,289,279
armas (2827)_jpg.rf.1Xgew6X6uIpcDJsJAZet.jpg,800,556,0,24,19,743,281
31a3b21eabadc8df6_jpg.rf.gkLuvdRcTv3PJiB9aqEI.jpg,1024,769,2,139,403,289,643
31a3b21eabadc8df6_jpg.rf.gkLuvdRcTv3PJiB9aqEI.jpg,1024,769,2,569,299,759,504
i1mage81_jpg.rf.h1s77eqUGdRlW3ZbvQLj.jpg,520,234,2,10,50,514,194
armas (1801)_jpg.rf.hh47n5sRb2GmbVTSA4FP.jpg,900,599,0,268,97,557,447
armas (1801)_jpg.rf.hh47n5sRb2GmbVTSA4FP.jpg,900,599,0,134,107,465,592
armas (69)_jpg.rf.hrp7VbpakqCd8jweqm11.jpg,168,113,0,76,62,93,86
6107ee80e7e79f829_jpg.rf.i3WVwLSyVXylBvS46UQW.jpg,1024,683,2,14,42,545,535
armas (1378)_jpg.rf.iW5Ililpsbjp2fMLExO0.jpg,365,500,0,60,394,155,461
armas (1378)_jpg.rf.iW5Ililpsbjp2fMLExO0.jpg,365,500,0,207,386,337,476
armas (1378)_jpg.rf.iW5Ililpsbjp2fMLExO0.jpg,365,500,0,51,281,159,365
armas (1378)_jpg.rf.iW5Ililpsbjp2fMLExO0.jpg,365,500,0,176,275,319,365
armas (1378)_jpg.rf.iW5Ililpsbjp2fMLExO0.jpg,365,500,0,179,178,310,263
armas (1184)_jpg.rf.irU0wLcxGplQA3pEQKVY.jpg,705,705,0,554,299,671,361
armas (1966)_jpg.rf.iudiWDXKypDxdnSj0kvB.jpg,1300,956,0,133,327,543,651
armas (2468)_jpg.rf.ixBkGUmJAG70LtTrB70T.jpg,160,120,0,23,1,155,95
090897e8ebc8adf5_jpg.rf.jMOJfeKm0WUEavrFHtr6.jpg,1024,796,0,53,62,966,716
51df3623220861847_jpg.rf.jgdlmHmR3GKbG6aPGwrw.jpg,1024,540,2,562,238,831,462
b493f79098b1ac02_jpg.rf.JHGoSySZ9B51uk5Au79I.jpg,1024,683,0,184,36,906,409
armas (2276)_jpg.rf.JMHRulsCVYMJtm2WD9dC.jpg,160,120,0,5,1,155,115
01f9e1058e1c2398b_jpg.rf.JXxNS1kj5QPloqnXY5bk.jpg,1024,675,2,0,156,1023,674
armas (801)_jpg.rf.JfBlH7qsnd1UOmdisBYe.jpg,300,145,0,1,12,294,141
d14dd18c38f0fc4ae_jpg.rf.K7f06lVwLD1sJ6Clq6Us.jpg,1024,731,2,0,301,743,730
010000696_jpg.rf.KCUzb0PTyoJDTbj5dGUJ.jpg,600,450,2,25,148,584,315
armas (1156)_jpg.rf.KDWhuQXbuxT9Zkitzyf3.jpg,1536,1536,0,1026,543,1348,1285
armas (1156)_jpg.rf.KDWhuQXbuxT9Zkitzyf3.jpg,1536,1536,0,94,411,441,1514
010000742_jpg.rf.Kb8mjrdO7UQgoQ2Uq0L3.jpg,450,263,2,55,77,400,237
010000742_jpg.rf.Kb8mjrdO7UQgoQ2Uq0L3.jpg,450,263,2,10,46,443,197
armas (554)_jpg.rf.KoIVKe4ej3DyWeB2OIED.jpg,286,176,0,10,11,280,161
armas (1094)_jpg.rf.LNjRMwdaAxWpCjIKjwOl.jpg,1500,1125,0,9,336,538,691
armas (256)_jpg.rf.gcJsxrOcpsatNEo14RJx.jpg,634,395,0,325,96,390,139
010000951_jpg.rf.ggmXqwlODcls0svd5fvz.jpg,600,450,2,197,108,261,277
010000951_jpg.rf.ggmXqwlODcls0svd5fvz.jpg,600,450,2,450,108,514,305
010000951_jpg.rf.ggmXqwlODcls0svd5fvz.jpg,600,450,2,106,136,160,299
010000951_jpg.rf.ggmXqwlODcls0svd5fvz.jpg,600,450,2,391,356,418,450
010000951_jpg.rf.ggmXqwlODcls0svd5fvz.jpg,600,450,2,25,316,62,450
010000951_jpg.rf.ggmXqwlODcls0svd5fvz.jpg,600,450,2,11,134,57,243
010000951_jpg.rf.ggmXqwlODcls0svd5fvz.jpg,600,450,2,349,166,383,302
010000951_jpg.rf.ggmXqwlODcls0svd5fvz.jpg,600,450,2,109,66,154,194
010000951_jpg.rf.ggmXqwlODcls0svd5fvz.jpg,600,450,2,63,65,99,196
010000951_jpg.rf.ggmXqwlODcls0svd5fvz.jpg,600,450,2,164,45,206,164
010000951_jpg.rf.ggmXqwlODcls0svd5fvz.jpg,600,450,2,304,86,339,202
010000951_jpg.rf.ggmXqwlODcls0svd5fvz.jpg,600,450,2,465,2,520,165
010000951_jpg.rf.ggmXqwlODcls0svd5fvz.jpg,600,450,2,350,2,398,166
b121582f4c3cdba8a_jpg.rf.LgnmIo6uh8nRFMFjOa5i.jpg,1024,683,2,121,366,460,552
armas (1853)_jpg.rf.LscDU65HSmhlGxEic9dM.jpg,1280,720,0,690,465,909,636
111692b44320869a1_jpg.rf.LyatRg27FsfmhQjNp13o.jpg,1024,680,2,702,133,822,679
01eac164c4c3ef907_jpg.rf.M0WFzJ5PalCFQNIHQNvR.jpg,1024,682,2,328,269,620,421
01eac164c4c3ef907_jpg.rf.M0WFzJ5PalCFQNIHQNvR.jpg,1024,682,2,515,255,776,379
armas (756)_jpg.rf.MAvBHeZQgZcMz3FhUM0S.jpg,300,207,0,38,62,295,187
armas (1901)_jpg.rf.MLCzDwQIM7eQ1phulJ20.jpg,900,600,0,663,171,854,254
armas (1896)_jpg.rf.MWaMeXkwjDD0bpYM4haX.jpg,1300,1065,0,268,221,1200,711
armas (1939)_jpg.rf.MZ6co3d1yiDYycOlrhkP.jpg,1500,1312,0,557,464,937,1108
armas (2826)_jpg.rf.MmpS8VfseDUO6eH1Orfh.jpg,630,355,0,74,48,583,328
01ba6c88563a7a54a_jpg.rf.NQGcwttstQeCxxPPoFk9.jpg,682,1024,2,76,279,423,591
armas (1098)_jpg.rf.G8azcBl0lbUetzkX0SeP.jpg,1033,775,0,626,197,710,243
armas (2858)_jpg.rf.GnQbmyUmz51xSJwzaOhk.jpg,250,195,0,148,17,189,73
a1432ab1bb853203c_jpg.rf.GrWSSeSdanwGahLhAlPb.jpg,1024,768,2,508,0,820,767
armas (2884)_jpg.rf.GuxXNVlPZIwNABmrRygb.jpg,866,1300,0,138,141,504,795
i1mage19_jpg.rf.Gvhsz3dL5W7zNJ0ApDyq.jpg,600,400,2,166,97,439,400
i1mage27_jpg.rf.H4pRFjsstwc8iNA43UvB.jpg,513,800,2,17,117,506,776
615cf59e158ab5e58_jpg.rf.KDbHyNXqvPxRsOe1DjRS.jpg,1024,768,2,7,540,935,700
714d6f61566f70944_jpg.rf.LTyquSRsQzhff1uvySHj.jpg,681,1024,2,0,36,415,908
armas (589)_jpg.rf.HMkmIfWGMrlcIhvQ0JKx.jpg,333,500,0,75,349,175,456
armas (2758)_jpg.rf.HPC6zjd7nXM1RjNe8yS4.jpg,160,120,0,2,3,159,117
armas (139)_jpg.rf.HZ7GJdyRKINqbuSWimdT.jpg,1500,1277,0,182,297,280,453
armas (1106)_jpg.rf.Hv5nwUQa9ysOAFswj8q5.jpg,1080,720,0,21,15,1067,685
armas (2159)_jpg.rf.Hw8bnMJMacc8uqL7p5jD.jpg,634,422,0,155,125,613,378
919c5ba5c8ecb57fd_jpg.rf.IDnoNSFTFsbV8z3KQD6K.jpg,1024,680,2,73,288,796,572
armas (1041)_jpg.rf.GNsZgm7UBWeu2aG6OPRo.jpg,275,183,0,101,24,238,120
armas (1511)_jpg.rf.H6Pl60bi7gtVbBIMVIqJ.jpg,500,353,0,3,17,422,189
armas (2795)_jpg.rf.H6WIobilZzhQXvh5O6gK.jpg,600,399,0,278,12,517,346
armas (2261)_jpg.rf.H9hvbVUybWVVWSe7nP7A.jpg,160,120,0,4,3,157,114
armas (2474)_jpg.rf.HFiemRLhQtCCRfoan7FI.jpg,160,120,0,5,6,152,112
d989a46962f1e1ad_jpg.rf.Gi8OH5j2NZHoCa0YBCqb.jpg,1024,768,0,173,42,990,742
54ad1475cf3c1c81_jpg.rf.HAoCOUHGmLv8Xhc8dMcX.jpg,740,1024,0,69,219,465,410
02eff940ae3f0189_jpg.rf.b9LY55OaXfT1nCyF0GIq.jpg,1024,768,0,0,88,1004,764
armas (2782)_jpg.rf.bGJLnuslQJyo37KdORia.jpg,267,400,0,40,60,95,144
armas (468)_jpg.rf.bNuIvZ2z3qOyeEIurhSr.jpg,1023,682,0,286,246,486,562
e147b7f884518c8bd_jpg.rf.bOd95Q56aJaGyERUGajr.jpg,1024,680,2,378,183,519,383
e147b7f884518c8bd_jpg.rf.bOd95Q56aJaGyERUGajr.jpg,1024,680,2,588,237,699,567
armas (1116)_jpg.rf.bd2kbt271uZNQ2krsdre.jpg,520,540,0,76,176,189,354
armas (2304)_jpg.rf.bhAzPGQMsjdeuWcZhB0T.jpg,160,120,0,8,1,154,108
010000236_jpg.rf.YztLfamxKQrMYsuy2iEh.jpg,470,206,2,3,8,466,188
armas (591)_jpg.rf.YInnTgkCsUlUdzAiRkFV.jpg,800,490,0,547,73,592,124
5534d5df40bf1142_jpg.rf.YKxOuVOM1e3o9CThuHUP.jpg,1024,682,0,369,90,860,521
armas (657)_jpg.rf.Z1yPiBE2FdG5DFQPdFbF.jpg,400,412,0,138,30,298,354
150fc39014d4dda4_jpg.rf.YHyIUnklSQi4PoE4Rc3U.jpg,1024,768,0,109,165,816,706
b16be31e22ae89cbe_jpg.rf.Z3Gq2ZE7oZFwXsEQLyIA.jpg,1024,683,2,271,258,844,438
armas (2513)_jpg.rf.ZIcf54mZrehQkn8V23w3.jpg,160,120,0,4,1,158,116
armas (2206)_jpg.rf.PNqrUud4HtnNzKiznLmW.jpg,160,120,0,2,1,157,112
armas (2428)_jpg.rf.PTQTsVFAuClEHVt3XqV3.jpg,160,120,0,5,7,151,107
armas (2331)_jpg.rf.PbAKmSfMRPhgnG9eVyx5.jpg,160,120,0,1,1,157,116
armas (2877)_jpg.rf.Pc0yx2J0OC2LXUdpWRxf.jpg,340,227,0,1,16,337,168
010000596_jpg.rf.PlmkCMw3dE7jYkqucB0B.jpg,600,384,2,25,184,565,353
311d201ec2c1e19be_jpg.rf.Ppnxa3acPXcdkwwfB4ZF.jpg,1024,768,2,113,33,324,709
armas (1868)_jpg.rf.PzJ7icmathIxSGLXuhxS.jpg,450,333,0,191,120,247,199
81e943295a409e90e_jpg.rf.QCk27SMWTLm2nqHczd2P.jpg,1024,683,2,512,306,951,476
81e943295a409e90e_jpg.rf.QCk27SMWTLm2nqHczd2P.jpg,1024,683,2,75,512,512,606
c1f85827594b3d3ea_jpg.rf.bq817nrf2e9VUE9VCA6Y.jpg,1024,768,2,109,381,610,448
armas (1364)_jpg.rf.c0gCHsc1ishXJM2qcpYj.jpg,500,365,0,65,168,481,345
armas (962)_jpg.rf.OeQKM3bX0FYBg5TnSlRJ.jpg,186,256,0,21,79,134,243
51fa43013b39d7475_jpg.rf.bww3HkpfFMvxfqtVjnCV.jpg,1024,683,2,81,197,697,410
6d2118fb5c7e7eb8_jpg.rf.brDtnIpYDjLEid6auML0.jpg,1024,844,0,127,110,926,763
94d4d7d279b759c7_jpg.rf.P3ChdACq4gi9Rkmb99Bv.jpg,1024,876,0,31,35,871,858
94d4d7d279b759c7_jpg.rf.P3ChdACq4gi9Rkmb99Bv.jpg,1024,876,0,37,34,873,859
e18835f9f1e454061_jpg.rf.PEIoBzZrS9gZJe9tqkVU.jpg,1024,761,2,445,281,674,319
911ce9fd3fc050a6d_jpg.rf.PADQpF7djoh1xZYQhNI0.jpg,1024,680,2,427,328,1010,473
i1mage89_jpg.rf.SbhVqaEmyAwYNks2zt4c.jpg,603,441,2,298,122,490,203
b15dd137b0d458412_jpg.rf.StIECFyZUOFakUOFOz4R.jpg,1024,768,2,0,0,1021,608
armas (1601)_jpg.rf.SwOuDC4D8ktF1JJLusic.jpg,500,499,0,3,17,488,219
11d032f6a12f7dd27_jpg.rf.SxqV4UpWoDizlPe2qRZJ.jpg,1024,683,2,190,213,556,667
armas (2096)_jpg.rf.TB5v7AeefEqtICYKvkde.jpg,2000,1333,0,998,254,1901,870
armas (5)_jpg.rf.TCkzTw2Q8aooyNEeWBk1.jpg,1300,866,0,358,184,647,604
armas (5)_jpg.rf.TCkzTw2Q8aooyNEeWBk1.jpg,1300,866,0,621,10,817,361
armas (1123)_jpg.rf.TO8S0LK27JmCnhIMl9w2.jpg,800,430,0,258,163,560,365
armas (1714)_jpg.rf.TeOVubx1vUob96KbVvJP.jpg,500,333,0,341,77,397,103
armas (1011)_jpg.rf.ThnZvwaaNNIB1F3sHSlw.jpg,275,183,0,27,18,210,119
i1mage192_jpg.rf.TsmTQpbpHYVBf8yHCi1a.jpg,589,393,2,117,183,410,284
armas (2139)_jpg.rf.U2xaz4kWpS1QTH46p2ty.jpg,211,300,0,8,57,202,279
010001101_jpg.rf.R4Y7iMD8wBrzmXT1akgQ.jpg,600,359,2,5,1,357,353
armas (1353)_jpg.rf.QFaHdf3Zvayd7rw1dc9X.jpg,500,375,0,94,49,410,292
118b22a462ab44fa3_jpg.rf.R348iqXqrUin5E2TgD6X.jpg,1024,681,2,120,68,947,680
armas (2619)_jpg.rf.S9AAFsZe4rikYDnV9kFo.jpg,160,120,0,1,2,158,116
f15d0c77fcfc3e5de_jpg.rf.SM0kPkleBDz8UWa91mRd.jpg,1024,681,2,247,90,608,219
armas (1196)_jpg.rf.R3MmuLErZsEVeQuoSNsU.jpg,500,375,0,9,22,479,328
717db6ffd88a42d87_jpg.rf.SVErQJTYlcBPeRgVw0kK.jpg,1024,683,2,176,207,494,347
armas (1851)_jpg.rf.SBBMzVXjWOBoqG2TuHUB.jpg,700,467,0,229,163,304,313
4aaf0f68c7695031_jpg.rf.R5izkYTSETot6QcqfSA7.jpg,1024,1024,0,134,105,390,388
01a4c81c3f393e26c_jpg.rf.VYOA9zKJjfmTWarDPF93.jpg,1024,680,2,14,285,636,615
armas (1777)_jpg.rf.VZTi7yBjdKliOfOIiBXH.jpg,1920,1200,0,408,233,1836,1075
d1b0b7888b3b55b53_jpg.rf.VbrE5GYBqWX7SmX8U9fU.jpg,1024,683,2,178,181,696,520
armas (776)_jpg.rf.ViEJYuEoGynKcg6h2T7o.jpg,300,257,0,67,24,219,129
armas (1779)_jpg.rf.VijvZnmPLmhRmmuFXev8.jpg,1920,1200,0,645,150,1919,1196
b760ddeaf06d0a5b_jpg.rf.Vm2QsHKrUKYxGEK89Nfz.jpg,1024,680,0,350,112,964,528
armas (1288)_jpg.rf.Vv6sN64fJUevwNQgOKkY.jpg,500,375,0,125,131,146,150
51fc5eaa26697b5dd_jpg.rf.AR2RCTFeCsR9OPSQYrSH.jpg,1024,683,2,142,192,993,494
armas (1698)_jpg.rf.Avl9fqQ6kDYdFF40OCFI.jpg,500,375,0,3,50,494,330
armas (1014)_jpg.rf.UMRni5sEfchhqog1CcR5.jpg,192,240,0,150,26,167,81
c10fba27c3350e742_jpg.rf.UVplSUZUKkBeADz3Q3NM.jpg,1024,683,2,394,371,506,477
armas (2828)_jpg.rf.U5EVsH179eAtxE6Ao6Ky.jpg,661,496,0,144,216,393,457
armas (2828)_jpg.rf.U5EVsH179eAtxE6Ao6Ky.jpg,661,496,0,261,39,542,222
armas (2828)_jpg.rf.U5EVsH179eAtxE6Ao6Ky.jpg,661,496,0,301,190,630,418
armas (327)_jpg.rf.Udj2wKX6mJKEdlZGofyd.jpg,300,470,0,31,40,121,152
81c336de068a88946_jpg.rf.U3ChuCwmICfBqRy7Shxp.jpg,676,1024,2,206,95,470,393
ca86c81585a079e8_jpg.rf.DdRHM27BOKewkcG8dLl6.jpg,645,1024,0,164,724,554,913
armas (1216)_jpg.rf.DzbXKXcZPx9pXOFnyHgH.jpg,500,311,0,1,3,495,304
31a930d8d054b5b53_jpg.rf.E8v7NprLhUqE5SCjCkEM.jpg,1024,685,2,242,338,757,509
armas (458)_jpg.rf.EJNgv88Ni4rOFPeyMW94.jpg,1023,682,0,21,50,982,550
armas (1945)_jpg.rf.ES0X59CIakf8FHhNmyrx.jpg,1500,965,0,656,228,1221,647
armas (1055)_jpg.rf.Bln9ZtwWHiguIZfPMrD8.jpg,800,488,0,1,82,800,488
armas (1034)_jpg.rf.B2ncAaqmyZUV7fgSmuwv.jpg,275,183,0,130,46,247,124
116063545bd8b69f1_jpg.rf.B1FXWlYPc55UQmqYAYUn.jpg,1024,683,2,0,202,993,667
116063545bd8b69f1_jpg.rf.B1FXWlYPc55UQmqYAYUn.jpg,1024,683,2,563,307,847,436
116063545bd8b69f1_jpg.rf.B1FXWlYPc55UQmqYAYUn.jpg,1024,683,2,857,298,948,383
9136ff50a62a29d00_jpg.rf.C1FV548wrYv9ATCQFkRV.jpg,1024,768,2,179,247,762,740
armas (1020)_jpg.rf.AWnOrKfnLb0P9IvZBl8G.jpg,231,218,0,18,5,58,123
armas (2801)_jpg.rf.CZ8jsYuZX0vtCURp6f3W.jpg,366,450,0,26,75,82,116
01a39ad50433b43bd_jpg.rf.CanTSvfw9RXE6ltepqoG.jpg,1024,683,2,87,440,346,682
01a39ad50433b43bd_jpg.rf.CanTSvfw9RXE6ltepqoG.jpg,1024,683,2,428,88,858,448
5116abb6a2539b0d6_jpg.rf.D0QLCYjWTzaRU0cMFxTv.jpg,1024,680,2,199,253,595,657
31dff82202a07c3b1_jpg.rf.DBiX5izmsIhwKaWcZyGe.jpg,700,1024,2,35,378,358,465
31dff82202a07c3b1_jpg.rf.DBiX5izmsIhwKaWcZyGe.jpg,700,1024,2,365,79,449,483
armas (2136)_jpg.rf.CdrqfOXYjMyRKcdSpJYp.jpg,468,377,0,212,209,298,274
armas (1559)_jpg.rf.VxtdeM4GRsPeolLOyfOY.jpg,500,375,0,29,97,438,349
5138db2df623e3430_jpg.rf.sdJtAyN3ASVkT6eH8edl.jpg,1024,768,2,35,306,1023,508
61f6eff63c57ebe26_jpg.rf.sh71nYsF1kPafjck0uVE.jpg,1024,697,2,654,265,899,444
61f6eff63c57ebe26_jpg.rf.sh71nYsF1kPafjck0uVE.jpg,1024,697,2,446,319,557,366
3e86f494071c0584_jpg.rf.soFq700H3cAxCw3xezJL.jpg,1024,768,0,64,279,664,652
armas (1105)_jpg.rf.swMDDTSe7eiwlVRmwzwx.jpg,1200,1880,0,31,20,588,477
armas (1105)_jpg.rf.swMDDTSe7eiwlVRmwzwx.jpg,1200,1880,0,620,25,1171,497
armas (1105)_jpg.rf.swMDDTSe7eiwlVRmwzwx.jpg,1200,1880,0,325,300,879,517
armas (1105)_jpg.rf.swMDDTSe7eiwlVRmwzwx.jpg,1200,1880,0,45,582,377,1014
armas (1105)_jpg.rf.swMDDTSe7eiwlVRmwzwx.jpg,1200,1880,0,431,491,702,1022
armas (1105)_jpg.rf.swMDDTSe7eiwlVRmwzwx.jpg,1200,1880,0,762,548,962,954
armas (1105)_jpg.rf.swMDDTSe7eiwlVRmwzwx.jpg,1200,1880,0,1031,585,1117,942
armas (1105)_jpg.rf.swMDDTSe7eiwlVRmwzwx.jpg,1200,1880,0,45,1054,531,1454
armas (1105)_jpg.rf.swMDDTSe7eiwlVRmwzwx.jpg,1200,1880,0,577,1085,1157,1460
armas (1105)_jpg.rf.swMDDTSe7eiwlVRmwzwx.jpg,1200,1880,0,40,1474,531,1780
armas (2172)_jpg.rf.taUgoPz6KpT00lRsypal.jpg,160,120,0,2,1,157,113
armas (71)_jpg.rf.tbXQ9l03OhbM54Aa0D6B.jpg,638,479,0,304,169,596,362
816b191987c51b6a3_jpg.rf.tm2v9bA9eWnu1nR5PEJ1.jpg,1024,768,2,653,650,985,767
armas (633)_jpg.rf.tsT3jbFAa44P75lnDtoa.jpg,436,566,0,1,18,413,559
armas (2674)_jpg.rf.v4AMNn65xhk1EfFzsH7S.jpg,160,120,0,4,4,156,120
armas (1326)_jpg.rf.rCwpb1kB4wa1lc14OcbX.jpg,584,405,0,25,17,571,332
armas (1265)_jpg.rf.EiyfVBF3ppSPX48fcXZq.jpg,500,333,0,91,37,378,264
armas (1307)_jpg.rf.rk7mlbqTY8FqiGKEF3Le.jpg,500,373,0,21,21,471,357
91fc7ff34b94112ca_jpg.rf.DennJKYtEC3epflIWkzy.jpg,1024,394,2,13,28,1009,384
armas (299)_jpg.rf.rgVrehaos7WjuFVzlvHL.jpg,275,200,0,163,65,224,165
010000931_jpg.rf.Ep4PtZ5F5fUxAQRcAJWK.jpg,600,712,2,179,362,237,659
4c51a3a15ebf1b30_jpg.rf.rB6HzLxSoach1Zee7uXQ.jpg,1024,712,0,66,62,960,651
81fc772e291ddfcb9_jpg.rf.rmIsHT6U3oDpVirXdJiM.jpg,1024,768,2,414,258,690,380
6f99d8e21650ac0f_jpg.rf.FNTCmy2hgFwGwMMMoJTX.jpg,1024,768,0,322,81,736,658
armas (818)_jpg.rf.jvxEvAitAAxhMclcKQim.jpg,300,259,0,13,49,276,214
armas (1657)_jpg.rf.kGs8ySb6CkhJZ1edkwve.jpg,400,300,0,44,10,344,276
i1mage163_jpg.rf.kRR7ryVDMVZWAGCA7I1U.jpg,512,384,2,270,155,289,171
i1mage163_jpg.rf.kRR7ryVDMVZWAGCA7I1U.jpg,512,384,2,121,181,164,203
i1mage163_jpg.rf.kRR7ryVDMVZWAGCA7I1U.jpg,512,384,2,256,175,309,194
i1mage163_jpg.rf.kRR7ryVDMVZWAGCA7I1U.jpg,512,384,2,210,178,496,259
010000463_jpg.rf.lVMOtXYxFgzHIfJmxKDZ.jpg,600,337,2,4,67,580,309
armas (587)_jpg.rf.lvnSlpIMksKN35zlYUnu.jpg,620,465,0,52,40,583,427
8eb0b5c13957d034_jpg.rf.mITHDsfMnw1x2RhRmxKV.jpg,1024,830,0,112,310,888,608
010000409_jpg.rf.mJnPg9cQafyVjQpaa1iR.jpg,600,450,2,7,40,584,427
armas (701)_jpg.rf.mYzbSAP1IOMSi5DkV9aq.jpg,799,597,0,157,34,676,511
16106736b2149cea_jpg.rf.meDBySNAX2YSr8TItWRC.jpg,1024,709,0,59,50,995,689
armas (1181)_jpg.rf.mmnZe32F5YuQviKizLbG.jpg,600,338,0,1,149,126,235
91fafd2f326f5b7b4_jpg.rf.mn7f9V1ajOIaHpIXDyzk.jpg,1024,768,2,103,404,870,615
armas (2718)_jpg.rf.mveD45jbRd4LJx719HgT.jpg,160,120,0,2,1,158,115
armas (2129)_jpg.rf.v9rpof2L7929khrekfHa.jpg,634,620,0,301,132,375,209
418d2644125d4a5b6_jpg.rf.uObcc0ducfGLu5J1gB7o.jpg,1024,692,2,250,166,1024,462
010000076_jpg.rf.jjxcHP4sNkrcNFUswLW1.jpg,320,213,2,6,57,315,150
armas (2595)_jpg.rf.vEPeLY9ThZJRTLVhzuY4.jpg,160,120,0,4,1,156,120
015165ccd6c468eb5_jpg.rf.v4BN95eEGjMCzQPVB0Ab.jpg,1024,680,2,708,350,984,437
91aacbec1315ebe50_jpg.rf.uFJGcZUdP4fHpmz2esdU.jpg,1024,685,2,546,254,966,477
91aacbec1315ebe50_jpg.rf.uFJGcZUdP4fHpmz2esdU.jpg,1024,685,2,729,103,758,134
61483cdd865760c81_jpg.rf.vNx45CjRgEbQcVsaA1Hv.jpg,1024,909,2,605,616,932,788
61483cdd865760c81_jpg.rf.vNx45CjRgEbQcVsaA1Hv.jpg,1024,909,2,25,16,456,99
61483cdd865760c81_jpg.rf.vNx45CjRgEbQcVsaA1Hv.jpg,1024,909,2,33,75,331,170
61483cdd865760c81_jpg.rf.vNx45CjRgEbQcVsaA1Hv.jpg,1024,909,2,35,550,385,610
61483cdd865760c81_jpg.rf.vNx45CjRgEbQcVsaA1Hv.jpg,1024,909,2,36,367,391,432
61483cdd865760c81_jpg.rf.vNx45CjRgEbQcVsaA1Hv.jpg,1024,909,2,36,720,425,824
61483cdd865760c81_jpg.rf.vNx45CjRgEbQcVsaA1Hv.jpg,1024,909,2,37,684,397,742
61483cdd865760c81_jpg.rf.vNx45CjRgEbQcVsaA1Hv.jpg,1024,909,2,70,406,450,453
61483cdd865760c81_jpg.rf.vNx45CjRgEbQcVsaA1Hv.jpg,1024,909,2,214,236,603,294
61483cdd865760c81_jpg.rf.vNx45CjRgEbQcVsaA1Hv.jpg,1024,909,2,270,469,643,531
61483cdd865760c81_jpg.rf.vNx45CjRgEbQcVsaA1Hv.jpg,1024,909,2,335,287,700,345
61483cdd865760c81_jpg.rf.vNx45CjRgEbQcVsaA1Hv.jpg,1024,909,2,614,63,981,124
61483cdd865760c81_jpg.rf.vNx45CjRgEbQcVsaA1Hv.jpg,1024,909,2,621,143,969,267
61483cdd865760c81_jpg.rf.vNx45CjRgEbQcVsaA1Hv.jpg,1024,909,2,642,522,961,596
61483cdd865760c81_jpg.rf.vNx45CjRgEbQcVsaA1Hv.jpg,1024,909,2,642,381,1002,445
armas (2312)_jpg.rf.2dykMPFxzmhgPMAndAVb.jpg,160,120,0,7,1,156,119
11e35b9b3d040665a_jpg.rf.2h1d1J6xT0Uth1t9nPds.jpg,1024,768,2,119,199,1003,547
armas (919)_jpg.rf.2jHa0PGp5dIF4XK2FTGe.jpg,275,183,0,33,59,100,123
armas (881)_jpg.rf.2k2fbXOGZ8e17a6y52MS.jpg,262,192,0,116,17,148,41
armas (317)_jpg.rf.36Lw6HvOFEOhlEZu2j06.jpg,269,194,0,165,36,236,155
27a61fc9bf374a0d_jpg.rf.3Pe6Suj9RSnhHsiJHXan.jpg,1024,683,0,740,130,1022,345
armas (117)_jpg.rf.3SvjeY81cFl8BtyrVbZN.jpg,113,168,0,24,71,52,96
armas (2735)_jpg.rf.3vQh3Cru8yAGfJPQmiV6.jpg,160,120,0,5,3,158,113
i1mage161_jpg.rf.462VBYkn7We9zD7dsEKr.jpg,540,558,2,142,161,413,558
d1354790bbf6b5a21_jpg.rf.4BZpH5WlwDRBVBr9eKDm.jpg,1024,685,2,112,351,134,532
d1354790bbf6b5a21_jpg.rf.4BZpH5WlwDRBVBr9eKDm.jpg,1024,685,2,212,260,270,522
d1354790bbf6b5a21_jpg.rf.4BZpH5WlwDRBVBr9eKDm.jpg,1024,685,2,310,252,381,659
d1354790bbf6b5a21_jpg.rf.4BZpH5WlwDRBVBr9eKDm.jpg,1024,685,2,450,219,585,415
d1354790bbf6b5a21_jpg.rf.4BZpH5WlwDRBVBr9eKDm.jpg,1024,685,2,679,156,1023,318
armas (1346)_jpg.rf.4LdK7vJgJF6rb6CBVQYC.jpg,590,444,0,85,26,477,413
armas (263)_jpg.rf.4X2Vq3KD4yJ5OxTpzDJc.jpg,306,423,0,34,158,95,326
armas (2810)_jpg.rf.4v2s7tb7uSGKrERepqzC.jpg,728,546,0,223,202,318,274
armas (1702)_jpg.rf.5WD1Zj82hZFSYStFdYgO.jpg,450,300,0,38,22,409,285
armas (1409)_jpg.rf.66OyI3JfgRxZrSWSTaDM.jpg,500,375,0,30,57,468,297
armas (2278)_jpg.rf.6EcJYySMICAh6jOAMIgM.jpg,160,120,0,6,3,157,116
armas (1029)_jpg.rf.nBSCbc1Eivfgql6akwzo.jpg,260,194,0,25,54,166,158
514179d9003268b5f_jpg.rf.lcU6PrMay1WuQCKNt7Ja.jpg,1024,768,2,0,108,1024,300
514179d9003268b5f_jpg.rf.lcU6PrMay1WuQCKNt7Ja.jpg,1024,768,2,0,310,1024,511
514179d9003268b5f_jpg.rf.lcU6PrMay1WuQCKNt7Ja.jpg,1024,768,2,0,489,1024,768
d17957e8fd8e3b0bc_jpg.rf.0KudCoYjsBiR73k3XXL7.jpg,1024,564,2,184,144,794,310
armas (1558)_jpg.rf.1Eic26yn7tU6JKhEdzje.jpg,500,400,0,32,169,403,391
armas (478)_jpg.rf.1DvWs6H8FQrZwnBBQXkr.jpg,470,1024,0,2,124,158,333
886c9f609e6eb203_jpg.rf.nGapZuwBudmy0C0CcpYe.jpg,1024,768,0,130,0,1024,739
armas (2088)_jpg.rf.6YnrnPAP4JCe0PrgFLfd.jpg,841,1390,0,332,609,800,858
3220f0fa4d7ec2e4_jpg.rf.0FCHwdwuI0abZaOx1sZi.jpg,1024,768,0,62,209,952,499
armas (2131)_jpg.rf.0JmpjerniyMa5cs69bup.jpg,300,157,0,163,120,195,154
armas (2267)_jpg.rf.0MaYRZnEN3X5ScNTGNxL.jpg,160,120,0,2,2,157,120
armas (1529)_jpg.rf.0Oyg2RKoqz5MsUn5DEBj.jpg,500,375,0,96,13,499,373
010000281_jpg.rf.0Yg2ir5LVoOM1MjisTnm.jpg,600,424,2,22,4,597,375
010001034_jpg.rf.1ARlRuDpXK7AXfvAX8Px.jpg,600,800,2,58,3,451,767
010000908_jpg.rf.2EoXePpT8LtgLZOyjMhW.jpg,507,338,2,93,135,479,223
armas (983)_jpg.rf.2eLhRPiCO3MC4nbvoeZk.jpg,274,162,0,15,15,258,152
31fab0b71b192aa8c_jpg.rf.y8x0n6ykfIJMQFBEI6LT.jpg,1024,683,2,157,321,1023,678
31fab0b71b192aa8c_jpg.rf.y8x0n6ykfIJMQFBEI6LT.jpg,1024,683,2,501,235,1023,477
010000828_jpg.rf.yK5taPAU0OKpoUGj7ntt.jpg,480,800,2,1,142,471,548
armas (1501)_jpg.rf.yOg49asSOvZoCGfY8OG7.jpg,500,375,0,215,28,309,362
512274d6178120ce9_jpg.rf.ygumBeBzjUl1dAC6S5hJ.jpg,1024,683,2,165,215,862,636
armas (80)_jpg.rf.yrbV7jLyRMkoPtT35UQN.jpg,113,168,0,63,77,102,121
02363431c89e4f7c_jpg.rf.yvNObojOl3XC14pqGynz.jpg,1024,768,0,0,0,961,752
0106165f00fc70180_jpg.rf.z5vrZrn5XYatrpMorOrs.jpg,1024,686,2,390,166,914,334
armas (2245)_jpg.rf.zMnnJZtXoC9nFPbOcqcW.jpg,160,120,0,2,5,155,110
armas (1150)_jpg.rf.zOo1THOHH0wPQRkLQx7p.jpg,365,205,0,58,1,278,168
118300b0a9f07aef5_jpg.rf.zSQ1O0jfTlANyYMCFp98.jpg,1024,1024,2,0,212,781,515
b18072d66e4440a5c_jpg.rf.zTFlLy5dWkCSPGG6r4HJ.jpg,1024,682,2,479,306,846,427
b18072d66e4440a5c_jpg.rf.zTFlLy5dWkCSPGG6r4HJ.jpg,1024,682,2,543,167,777,283
b18072d66e4440a5c_jpg.rf.zTFlLy5dWkCSPGG6r4HJ.jpg,1024,682,2,553,138,609,168
b18072d66e4440a5c_jpg.rf.zTFlLy5dWkCSPGG6r4HJ.jpg,1024,682,2,752,129,821,272
armas (1880)_jpg.rf.zh39tXFA9wFeqqZSztkg.jpg,640,426,0,185,152,599,406
armas (1175)_jpg.rf.66Hl1LxCgCddNPQfPNSE.jpg,1280,1007,0,83,77,1239,945
armas (1507)_jpg.rf.5eY5h79zzDmPCi4D8Buy.jpg,500,375,0,13,20,486,246
armas (201)_jpg.rf.6SDaPoHwpsM5xUScHdGa.jpg,1300,942,0,185,155,1043,743
armas (177)_jpg.rf.zv8beMlhC9FolsOFdlKN.jpg,620,330,0,187,89,267,253
armas (1583)_jpg.rf.zzeffBmM8kIObWC7p1Di.jpg,333,500,0,8,66,302,238
1db3abae5f8b29d7_jpg.rf.nhjZ75is7vSJnqe1FExU.jpg,686,1024,0,113,193,662,963
1db3abae5f8b29d7_jpg.rf.nhjZ75is7vSJnqe1FExU.jpg,686,1024,0,400,186,685,547
41e030db7e2039d02_jpg.rf.nlEwHDe8n3fxGq2Marcr.jpg,1024,768,2,209,209,647,519
010000101_jpg.rf.oKMVmQLGJrP9eHc6MzcY.jpg,600,600,2,11,386,581,551
010000101_jpg.rf.oKMVmQLGJrP9eHc6MzcY.jpg,600,600,2,11,386,581,551
010000101_jpg.rf.oKMVmQLGJrP9eHc6MzcY.jpg,600,600,2,3,12,594,292
armas (2421)_jpg.rf.oNxq6vJRPFq4qaO8rWId.jpg,160,120,0,17,4,145,112
armas (2251)_jpg.rf.oSGaSV5TWK1E9YsterdK.jpg,160,120,0,7,1,157,113
armas (503)_jpg.rf.olbAnbMU1kSVbyrFvnvC.jpg,259,194,0,90,78,107,123
217f0769af257cfd3_jpg.rf.opv454zcEdRDvOoVSYgv.jpg,1024,321,2,96,43,925,270
armas (2960)_jpg.rf.pK7BqWeeHgWu0w5bCXIJ.jpg,300,202,0,15,24,286,147
51a40616623df8c56_jpg.rf.pNgylAB2KlXx2IjoBiTC.jpg,1024,683,2,854,339,1023,682
3193e8287958aedba_jpg.rf.pYS9YUkRynSUhKs3qdUn.jpg,1024,680,2,663,548,1023,679
armas (609)_jpg.rf.poZSYr1JpwelZoo74f67.jpg,980,653,0,305,318,496,481
a1e8da96871c90545_jpg.rf.q06hZp0im1x2d5NVAJyC.jpg,1024,768,2,208,400,1023,706
d1393293420eaac8e_jpg.rf.qVZDLac9ePj7MwUv7Rdb.jpg,1024,424,2,3,46,1010,401
armas (1465)_jpg.rf.zqdnUij67887kuD9uwsu.jpg,500,375,0,101,51,488,307
017fc1249f87750e7_jpg.rf.oHUOapxzUjMUuQMc4Rkm.jpg,1024,330,2,89,122,972,226
armas (1463)_jpg.rf.oas8HltRmboryWbgJh5q.jpg,500,375,0,197,189,385,315
armas (1463)_jpg.rf.oas8HltRmboryWbgJh5q.jpg,500,375,0,281,86,336,160
armas (853)_jpg.rf.oq82FFFtXuSwJo0pXwM8.jpg,275,184,0,176,72,239,129
armas (1514)_jpg.rf.ouesGE5Mdq6sl8yrGQCV.jpg,375,500,0,199,162,211,178
armas (2456)_jpg.rf.pJrEhkExsQmZ3xRKGS7w.jpg,160,120,0,8,8,142,113
armas (2604)_jpg.rf.pMdDvIoAQJbyoX0kwXAE.jpg,160,120,0,4,2,154,118
armas (445)_jpg.rf.pfLUZjYpVNLQx1aDoq2F.jpg,907,1024,0,100,330,786,979
71be13fc7ed069ff7_jpg.rf.pqkkLTuRL0jBzKnARyI3.jpg,1024,768,2,0,46,1024,739
armas (2404)_jpg.rf.prbIghIstaJ7YJs2HfyM.jpg,160,120,0,1,4,156,115
armas (2769)_jpg.rf.q2UGIDeAJGocbGDGwRqc.jpg,160,120,0,6,1,156,114
010e5eb7fe4a2db73_jpg.rf.qiG0DMHl3TdS1cospfPs.jpg,680,1024,2,265,385,643,566
41e6e81bf40148b7e_jpg.rf.rULIE6nZvFJiyeOQELPW.jpg,680,1024,2,132,333,447,1024
armas (1870)_jpg.rf.qshdIUdVqZH1st1Kg8FW.jpg,600,400,0,72,33,531,368
armas (1928)_jpg.rf.qmBPx2bS8pFdTIhWMHkr.jpg,550,310,0,61,33,269,164
armas (770)_jpg.rf.qy3ZvWuHrUPxNQPfSWLS.jpg,300,196,0,3,4,293,190
armas (826)_jpg.rf.rUm3VMkiysviYt39LTmF.jpg,300,213,0,11,22,276,181
armas (688)_jpg.rf.rWCl7mw0LUNmdSNSd8lu.jpg,507,600,0,1,338,411,599
armas (688)_jpg.rf.rWCl7mw0LUNmdSNSd8lu.jpg,507,600,0,4,5,507,304
armas (51)_jpg.rf.rdxUbDNn6kvfIPEVVVF7.jpg,1300,866,0,758,253,1164,610
9c431340cfdd3f74_jpg.rf.rHT1M3l92ECm7KIc36RW.jpg,1024,778,0,21,30,499,750
9c431340cfdd3f74_jpg.rf.rHT1M3l92ECm7KIc36RW.jpg,1024,778,0,521,27,1009,742
2110832733e2e762b_jpg.rf.dH4jo3QLx7syVe45ISq1.jpg,679,1024,2,46,291,363,589
armas (282)_jpg.rf.dUGBvElRqWcQaNnMnTvL.jpg,2000,1333,0,376,190,2000,1213
0149c41cf02e9567c_jpg.rf.df8d6cBkyc3bQIXGaaEK.jpg,1024,672,2,534,214,787,304
i1mage162_jpg.rf.e2DslUBFVqbE97bhAI7V.jpg,588,883,2,1,674,588,883
armas (2656)_jpg.rf.e4nx7H198XYY7rvqte28.jpg,160,120,0,2,3,158,118
818021d6ee3198f6e_jpg.rf.e5ewBxB2a6Y6jwudksfB.jpg,1024,685,2,41,193,1002,574
51bba333f7e8b2a8c_jpg.rf.e6LAoacBvxmkR8ammd3y.jpg,1024,668,2,87,132,1023,667
010000849_jpg.rf.nkESmP7uQMF6mXeKOQ7Q.jpg,600,349,2,26,16,594,335
010b2763788d0f905_jpg.rf.c8QMrf3939lqVmmCuXYq.jpg,1024,683,2,227,351,409,678
010b2763788d0f905_jpg.rf.c8QMrf3939lqVmmCuXYq.jpg,1024,683,2,663,348,768,682
armas (2390)_jpg.rf.cfiBtMbtYTz35LaReNeY.jpg,160,120,0,4,1,157,114
11a32866330cf5772_jpg.rf.cdfvCIE57mulWsj1uVZI.jpg,1024,681,2,207,294,622,476
armas (2302)_jpg.rf.cjC14r07AmE4PXcPd9w0.jpg,160,120,0,3,7,155,112
armas (1350)_jpg.rf.bfsNx3L6QCXkdTxosi99.jpg,500,330,0,91,36,456,253
9067286e7b3efd8c_jpg.rf.cnKCzsZgfgjD6jd0qNEv.jpg,1024,678,0,470,189,499,201
9067286e7b3efd8c_jpg.rf.cnKCzsZgfgjD6jd0qNEv.jpg,1024,678,0,591,190,732,311
armas (2881)_jpg.rf.cS3FthODRGgqaZ8yiJNx.jpg,1300,1033,0,807,59,982,339
armas (405)_jpg.rf.d1zEitGzp0dyFIjGIyaW.jpg,1023,682,0,136,62,878,531
armas (2439)_jpg.rf.caq6SgSNyS2PTyJSKVvi.jpg,160,120,0,11,9,143,102
a1b02227f71452482_jpg.rf.oSvTsv0t5dTxKV5lr9lM.jpg,1024,768,2,377,293,732,399
armas (2963)_jpg.rf.oUlyeVAAezji8tJA7N9e.jpg,685,1024,0,201,463,385,618
4c748aabec55feea_jpg.rf.oUuwI13O0UwwydPWgsNC.jpg,1024,768,0,0,86,1022,767
armas (1151)_jpg.rf.oaXVzSaWwwIRPAElIxHg.jpg,637,480,0,84,40,492,377
91a1833b87aa62adf_jpg.rf.ob8iR6CKE7DbeWtewN3b.jpg,1024,680,2,562,217,812,618
e1ff3892f5b705651_jpg.rf.ohBteBJRJr3LwgYH02JO.jpg,1024,577,2,59,157,908,414
e1ff3892f5b705651_jpg.rf.ohBteBJRJr3LwgYH02JO.jpg,1024,577,2,87,0,1024,155
armas (1724)_jpg.rf.ojFgmPVoAJwyd4GZaLJJ.jpg,358,500,0,19,61,74,198
armas (705)_jpg.rf.okqIh3vkBtNKZWyEGsJd.jpg,400,302,0,6,125,243,284
010000781_jpg.rf.p2u4Y5JiG967fGSe8zhA.jpg,600,450,2,7,159,564,300
armas (1533)_jpg.rf.e9HzJiwcqQPGoHsmPp6g.jpg,375,500,0,72,121,375,487
armas (306)_jpg.rf.nsHzqaBn0xvePsejrJov.jpg,420,315,0,6,17,410,267
41f38293fa434a1ca_jpg.rf.nx8mvqp9xQOlKjeT7sXz.jpg,653,1024,2,20,98,652,1009
armas (1545)_jpg.rf.oBU0zs6nz0syzN7IxPfY.jpg,500,333,0,109,57,396,284
010002075_jpg.rf.oSswmFqwrKOvWVPOOdHZ.jpg,480,360,2,70,63,390,298
3b2ee35460ab0b4f_jpg.rf.oMjqfdROwmSDjvpy0i8j.jpg,1024,765,0,162,39,918,695
d16577f796f18fbad_jpg.rf.o3JY7V0tMoV5VM6dEuwP.jpg,1024,682,2,532,198,755,454
d16577f796f18fbad_jpg.rf.o3JY7V0tMoV5VM6dEuwP.jpg,1024,682,2,159,116,322,420
d16577f796f18fbad_jpg.rf.o3JY7V0tMoV5VM6dEuwP.jpg,1024,682,2,763,293,874,473
217ff20599361e929_jpg.rf.Z4iysoLlwgH46kUrKJOf.jpg,1024,680,2,212,91,887,393
91f0d4579cb0cb64f_jpg.rf.b5hURDgI0gQaMLKeBCGH.jpg,685,1024,2,48,511,417,993
010000172_jpg.rf.cHmSDaZaIpVSXdgvDhrv.jpg,529,352,2,10,115,484,284
armas (1478)_jpg.rf.dcjXMGurYN07SosukIxw.jpg,500,333,0,120,93,444,300
armas (1478)_jpg.rf.dcjXMGurYN07SosukIxw.jpg,500,333,0,1,2,167,136
armas (2068)_jpg.rf.e9bp7FCfkYF2Nt1Oam7O.jpg,1024,650,0,359,129,635,281
armas (1750)_jpg.rf.fEDu8OU7LlBdCVWcXGcd.jpg,1131,744,0,19,12,1105,727
armas (281)_jpg.rf.fX6L15MCr3v2P7FqE74J.jpg,640,425,0,109,149,220,424
armas (1172)_jpg.rf.VhmWySdXa2IDg2Er9HRi.jpg,995,690,0,55,65,865,415
armas (1121)_jpg.rf.orEBRLSWApwJtX0FjFhV.jpg,1200,801,0,869,168,1099,396
armas (2745)_jpg.rf.VocEIH3umi5EJQsM9aQx.jpg,160,120,0,1,1,157,120
91f1ad1e59dbbe9ab_jpg.rf.WFek1SVrQJw22zNo4rHR.jpg,1024,683,2,29,107,1008,652
81a468b265a546d2f_jpg.rf.WPpmLjgfOHE5Ec4sMrkb.jpg,1024,768,2,357,302,1023,661
i1mage114_jpg.rf.WquvrICScGcB8q2BFpGC.jpg,440,573,2,30,123,105,243
i1mage114_jpg.rf.WquvrICScGcB8q2BFpGC.jpg,440,573,2,86,198,390,447
armas (1332)_jpg.rf.p5sooXggwGEuGpiArZjH.jpg,1024,993,0,318,717,614,881
armas (1332)_jpg.rf.p5sooXggwGEuGpiArZjH.jpg,1024,993,0,649,171,962,325
armas (1332)_jpg.rf.p5sooXggwGEuGpiArZjH.jpg,1024,993,0,357,275,624,415
armas (1332)_jpg.rf.p5sooXggwGEuGpiArZjH.jpg,1024,993,0,218,46,514,209
armas (2922)_jpg.rf.Y0118cIO2brPxnINjeS2.jpg,640,360,0,140,261,177,312
armas (2922)_jpg.rf.Y0118cIO2brPxnINjeS2.jpg,640,360,0,206,261,248,325
armas (211)_jpg.rf.YHYmgB5EoAmwt7C5IgRe.jpg,728,481,0,322,182,403,461
armas (1635)_jpg.rf.Y7lDfam0YgSvGlm3lhO0.jpg,485,500,0,307,143,351,184
armas (2876)_jpg.rf.YPZQTumViVVf0L9MisEW.jpg,400,282,0,20,76,169,264
armas (2876)_jpg.rf.YPZQTumViVVf0L9MisEW.jpg,400,282,0,241,76,394,273
i1mage87_jpg.rf.YUJZL3advmDibWpPci3Y.jpg,640,480,2,132,55,520,209
i1mage87_jpg.rf.YUJZL3advmDibWpPci3Y.jpg,640,480,2,75,228,527,358
armas (1136)_jpg.rf.YiLmF8uKB4XcdosNG9cO.jpg,620,475,0,384,141,544,263
010000826_jpg.rf.YtRDTCJJ6rULIAPgi1Sj.jpg,320,320,2,2,2,320,320
b1b873ccbd04ae4f0_jpg.rf.Z35ukTEMEH6Se518zp4g.jpg,1024,681,2,46,177,902,582
armas (787)_jpg.rf.ZAjyeEJtk3TGiWHtswMB.jpg,300,203,0,8,11,283,173
077baa4e85a2ece1_jpg.rf.ZEB2eD2vsSrJnSYsh7dk.jpg,1024,680,0,469,173,589,281
i1mage6_jpg.rf.ZQkeAbtz7vHxCGbFT5V6.jpg,602,365,2,244,80,436,202
armas (2683)_jpg.rf.ZT5rBj6UeGl6jO7pvqIF.jpg,160,120,0,1,1,157,118
21fa7253fca490bad_jpg.rf.ZzRJ79JC4mrK2fUZ80yP.jpg,1024,768,2,0,47,1022,767
815ab0404f8c73897_jpg.rf.a7KwVy7SbbXVsGQ42gqE.jpg,1024,373,2,9,10,1020,217
815ab0404f8c73897_jpg.rf.a7KwVy7SbbXVsGQ42gqE.jpg,1024,373,2,9,160,1017,362
010001199_jpg.rf.aAWWamu8za7fEvGqUpRr.jpg,385,296,2,13,16,371,283
armas (802)_jpg.rf.aPgtWVrcoaAmkqHpf4qU.jpg,300,300,0,8,62,278,237
armas (1244)_jpg.rf.ac05sdqMw0D5Pn79keeI.jpg,500,247,0,20,20,478,222
c1ef351c91617ed23_jpg.rf.fY08p0KjyJSqc6vwtGHm.jpg,1024,768,2,0,155,20,162
c1ef351c91617ed23_jpg.rf.fY08p0KjyJSqc6vwtGHm.jpg,1024,768,2,9,174,141,222
c1ef351c91617ed23_jpg.rf.fY08p0KjyJSqc6vwtGHm.jpg,1024,768,2,216,257,687,418
c1ef351c91617ed23_jpg.rf.fY08p0KjyJSqc6vwtGHm.jpg,1024,768,2,265,365,953,715
61b6952828b24c31e_jpg.rf.Xn8Nv8DAt8UGJdRFEJdq.jpg,829,1024,2,169,644,706,924
armas (1246)_jpg.rf.gUMli0laRo9879nMDWfl.jpg,376,500,0,90,132,282,253
armas (2444)_jpg.rf.XwrhG2T9fEVFtsNMYwnQ.jpg,160,120,0,1,8,159,78
010001266_jpg.rf.XmLigosi1xIfSXNnjeAs.jpg,480,360,2,144,166,386,253
armas (106)_jpg.rf.XqOsfzWEvkt4VtLMRw2W.jpg,1300,866,0,441,190,580,388
afadbeb981db64c9_jpg.rf.Y49YEPUvnjaNbHoFmCea.jpg,1024,725,0,60,62,960,712
010d7a87067115e88_jpg.rf.fkXnUtSuHFZEqLCBlo9S.jpg,1024,731,2,266,347,570,720
1122977ac631623a9_jpg.rf.Y2dmo1okR0I1EozgUO7V.jpg,1024,578,2,261,223,507,329
armas (2393)_jpg.rf.bKwC94gQW7r97KUBTqTs.jpg,160,120,0,3,3,156,115
010000120_jpg.rf.bMZ9NLmyMvQJC3DRLQnq.jpg,600,249,2,253,135,561,216
010000120_jpg.rf.bMZ9NLmyMvQJC3DRLQnq.jpg,600,249,2,15,23,551,134
b1c0650e005262660_jpg.rf.gubTrGJ2rfdHgGJLd6aN.jpg,1024,683,2,174,139,541,292
b1c0650e005262660_jpg.rf.gubTrGJ2rfdHgGJLd6aN.jpg,1024,683,2,704,247,842,393
61e95ba6333ef4c88_jpg.rf.hOQInTM4qNMUDHzaFEUA.jpg,1024,680,2,115,178,985,433
7125bcfa104363834_jpg.rf.hbsBzKO8MbyjVqFJGI61.jpg,1024,683,2,159,259,860,668
armas (1935)_jpg.rf.i99xSLN6ujrv8FpygPUv.jpg,1500,1221,0,141,201,958,823
armas (1012)_jpg.rf.iPgiN2zEgQAwdV1Yx1NG.jpg,183,275,0,20,17,160,247
a1100a9b4febd009e_jpg.rf.iS19ZxDKkIgHvCkFpVJ0.jpg,683,1024,2,140,256,623,613
armas (1115)_jpg.rf.iT5MeL9O48PZE3AdI84L.jpg,708,495,0,201,295,234,364
armas (2353)_jpg.rf.iVKFonaKopgBhVbjCDRV.jpg,160,120,0,2,3,157,116
armas (2398)_jpg.rf.iYJazFZL30pX6b2OYYEu.jpg,160,120,0,1,1,154,116
armas (2977)_jpg.rf.ihUHDncxApWsH4D7KWKp.jpg,760,448,0,34,13,734,410
010000373_jpg.rf.ac4iVQU5C4WkAwjdiSe5.jpg,600,450,2,25,43,583,412
e13f7b7bb9d89379d_jpg.rf.5Vfq9mqHQT4QRqyuEiIy.jpg,1024,576,2,418,38,1013,473
armas (294)_jpg.rf.5lv5YDXbdMpm8tRtNr74.jpg,346,540,0,26,176,112,322
armas (2537)_jpg.rf.5qHLPDuaus6JqFV0j3HR.jpg,160,120,0,2,1,155,110
armas (2706)_jpg.rf.5qHfUQmAh9MuC2VFCqmY.jpg,160,120,0,1,3,157,114
armas (2460)_jpg.rf.k1EzZ3OzSNqpFGMzWBXv.jpg,160,120,0,1,4,157,110
010000305_jpg.rf.jaHpnXPVJueY5axet888.jpg,320,320,2,30,33,295,105
armas (1142)_jpg.rf.jLmmgj6GN6kMcGdVXMFn.jpg,380,309,0,39,56,344,269
42149398785aca38_jpg.rf.kFTV2o8IFiY0pHhI774v.jpg,1024,683,0,601,233,723,308
d1b58f5a5a527ec08_jpg.rf.50w4Y7tmrNAnYHp9ePrB.jpg,1024,680,2,20,458,309,581
d1b58f5a5a527ec08_jpg.rf.50w4Y7tmrNAnYHp9ePrB.jpg,1024,680,2,694,419,1006,607
armas (2627)_jpg.rf.kXeTJOlvZ4TOvECO0r3n.jpg,160,120,0,1,1,155,115
91c4d7a8a8bfb50c4_jpg.rf.5GrwynWviOGQlDGIDOX6.jpg,1024,680,2,14,288,839,578
91c4d7a8a8bfb50c4_jpg.rf.5GrwynWviOGQlDGIDOX6.jpg,1024,680,2,162,123,334,167
armas (1823)_jpg.rf.5B5F1KkZtrZo9o5Pec3a.jpg,1024,1024,0,1,216,845,577
0255c5b642987e73_jpg.rf.5I6AzbN5HAFougm5NyVI.jpg,715,1024,0,147,402,260,534
0255c5b642987e73_jpg.rf.5I6AzbN5HAFougm5NyVI.jpg,715,1024,0,458,400,563,552
81024f57f50bc6a5e_jpg.rf.j9VmhdY78cjifwTyVb4N.jpg,820,1024,2,202,266,807,587
armas (654)_jpg.rf.jDSOZIhr0zlZ0aYRiuEb.jpg,320,210,0,77,94,162,134
armas (654)_jpg.rf.jDSOZIhr0zlZ0aYRiuEb.jpg,320,210,0,54,148,133,189
71184bc99ebd5a73f_jpg.rf.5IYcUYude4n9jEyiLnxa.jpg,1024,678,2,366,217,841,507
armas (2573)_jpg.rf.6uhTXM3vM6UJKcT8QKwQ.jpg,160,120,0,4,4,157,114
armas (1028)_jpg.rf.6w7u4k56VTs7Z7NkGheT.jpg,276,183,0,122,55,168,91
armas (2066)_jpg.rf.6wR1K4yNUkVymR2KiMgz.jpg,863,1392,0,347,70,434,227
119dac3dd17656298_jpg.rf.skXXD5vwq1FRLGf02p05.jpg,1024,681,2,488,124,743,462
4128d00cb00d2e003_jpg.rf.sp4TyC2YuxCeqZP3hfaE.jpg,1024,683,2,219,446,454,625
4128d00cb00d2e003_jpg.rf.sp4TyC2YuxCeqZP3hfaE.jpg,1024,683,2,310,176,411,404
4128d00cb00d2e003_jpg.rf.sp4TyC2YuxCeqZP3hfaE.jpg,1024,683,2,457,237,545,325
4128d00cb00d2e003_jpg.rf.sp4TyC2YuxCeqZP3hfaE.jpg,1024,683,2,740,173,848,431
81a01de01cecf7c4b_jpg.rf.sr9j3MLWH2CHuFg17UyN.jpg,1024,683,2,378,518,606,628
armas (2282)_jpg.rf.szN3hBN0ZhonQpZVF892.jpg,160,120,0,1,3,157,116
armas (1271)_jpg.rf.t5AMwxMTSeQfxZKNgjDX.jpg,500,333,0,311,139,337,166
armas (960)_jpg.rf.t5NPCSg4EDWbSotYLjTj.jpg,183,275,0,142,35,175,92
01f8a9ff40c9e23cf_jpg.rf.t65xcPqzupTJzoEcxPMh.jpg,1024,681,2,164,216,755,403
armas (1931)_jpg.rf.t9JWWeX6r1wqBfkgpj5T.jpg,1500,1100,0,762,311,1234,863
armas (946)_jpg.rf.tMgw1F4ouSxxJDk1bjlH.jpg,262,192,0,52,59,101,103
e1db773f8680a887a_jpg.rf.tMvLnX8fY5EjsXLvxaq2.jpg,1024,682,2,0,260,320,396
e1db773f8680a887a_jpg.rf.tMvLnX8fY5EjsXLvxaq2.jpg,1024,682,2,394,142,773,285
e1db773f8680a887a_jpg.rf.tMvLnX8fY5EjsXLvxaq2.jpg,1024,682,2,399,90,758,148
e1db773f8680a887a_jpg.rf.tMvLnX8fY5EjsXLvxaq2.jpg,1024,682,2,405,0,772,82
e1db773f8680a887a_jpg.rf.tMvLnX8fY5EjsXLvxaq2.jpg,1024,682,2,407,274,725,362
e1db773f8680a887a_jpg.rf.tMvLnX8fY5EjsXLvxaq2.jpg,1024,682,2,539,311,924,659
0104f4b4f5b0d4495_jpg.rf.6dxJep6UIZlxauGESYGB.jpg,1024,768,2,264,348,336,761
armas (2148)_jpg.rf.64PAZes3YwsHKQuHgxnY.jpg,1024,781,0,461,78,567,150
d1007c145e7a0943d_jpg.rf.65vl7pbsMxGVZd6tX04g.jpg,1024,680,2,12,180,968,573
armas (559)_jpg.rf.6Z2Jjz46LIWRvBZdbCG0.jpg,650,399,0,270,169,465,351
f1b1743d8342429e4_jpg.rf.6gE4nK7p23xVb1si6QMy.jpg,1024,683,2,341,203,793,626
e1f33f35df794c70b_jpg.rf.6q20MWr0zySgfIIIc3JE.jpg,1024,768,2,98,298,831,462
e1f33f35df794c70b_jpg.rf.6q20MWr0zySgfIIIc3JE.jpg,1024,768,2,358,226,385,246
e1f33f35df794c70b_jpg.rf.6q20MWr0zySgfIIIc3JE.jpg,1024,768,2,448,223,504,299
115fedc4e96221d4b_jpg.rf.5xB1xpoAmydwwFzU5kHD.jpg,1024,683,2,304,227,755,403
armas (1955)_jpg.rf.6BMqClrRojknIPrp7oeM.jpg,1500,1100,0,617,81,867,585
a13a47f044d975378_jpg.rf.6rkydiLE2GUkNHpIJUX7.jpg,1024,768,2,41,43,947,758
armas (2109)_jpg.rf.tRsLWWCsIbwckZV6OWhB.jpg,160,120,0,28,29,130,91
c1fc3467e3d06e5b2_jpg.rf.tWW4c3co6o1xgyUhP62b.jpg,1024,768,2,11,6,419,263
01096257ee13df853_jpg.rf.twTxGwW7D2xQkmsf5UTY.jpg,1024,768,2,0,0,274,767
armas (985)_jpg.rf.tyvmGdKeI2D0ewF3ZNUN.jpg,220,229,0,153,65,217,126
armas (97)_jpg.rf.u0H5bPaSwurE9nBlHV94.jpg,400,267,0,150,42,329,124
f1aace768aad73b99_jpg.rf.uGV5QB9uz8Rg7i3mGbzE.jpg,1024,683,2,325,210,1023,682
armas (461)_jpg.rf.uRjZzYpwnrLd0jeeSofM.jpg,1023,682,0,382,489,563,677
010000383_jpg.rf.eHj9r0MB4kqvoo13sxCg.jpg,600,275,2,17,21,580,177
armas (2671)_jpg.rf.eLIGX43xOxyLyLuw7Bxi.jpg,160,120,0,1,3,158,115
armas (1)_jpg.rf.eNZtz5ty7yx4oapidYRh.jpg,240,145,0,3,1,128,100
armas (1)_jpg.rf.eNZtz5ty7yx4oapidYRh.jpg,240,145,0,123,47,238,145
010000638_jpg.rf.eSZsoJQw0KN2tTnYLGAH.jpg,480,480,2,9,103,463,269
armas (1906)_jpg.rf.eXfozSG619NtEJoBcOXe.jpg,1300,1330,0,146,252,842,650
armas (2599)_jpg.rf.eeTpHoChsGqx7xOium4H.jpg,160,120,0,2,13,157,88
armas (619)_jpg.rf.exi8QwpUAxfDUpr3ZG9d.jpg,1680,1050,0,491,423,810,726
61e5cabf6c9c98144_jpg.rf.fJTv6V5jTdMuroYizVuV.jpg,1024,681,2,296,183,883,437
11711e6f749d5fddd_jpg.rf.fSrijCC3BaZuph720z1n.jpg,1024,294,2,57,100,979,221
013bdded70c708673_jpg.rf.fU8VeSfmILU9cvsoaYey.jpg,1024,683,2,256,382,1023,682
armas (693)_jpg.rf.fcGGNpoGGc4tfXGS0zuO.jpg,1600,1200,0,653,319,1321,991
armas (1600)_jpg.rf.swH3RdZnnhnKEfQcCuj0.jpg,500,331,0,225,172,277,247
armas (656)_jpg.rf.tQSrIAW7Javy5I7xJN12.jpg,700,480,0,148,82,442,305
017489c404a9b3a3f_jpg.rf.tHQ3Tt1ni5HmYHo9MrCb.jpg,1024,683,2,55,403,501,608
017489c404a9b3a3f_jpg.rf.tHQ3Tt1ni5HmYHo9MrCb.jpg,1024,683,2,439,393,800,535
017489c404a9b3a3f_jpg.rf.tHQ3Tt1ni5HmYHo9MrCb.jpg,1024,683,2,775,350,1023,433
010000513_jpg.rf.fud4EzZtwtrN5whqxmTG.jpg,295,200,2,2,53,63,192
armas (412)_jpg.rf.gDeIKYT2nJuO9IINf1ew.jpg,1023,682,0,524,246,921,454
918d863a458a6a16a_jpg.rf.gKH2kLlzvXjfTTsUobPK.jpg,994,1024,2,51,0,337,1020
armas (1979)_jpg.rf.gKzp4bsjhFlc45ZMCS3U.jpg,640,445,0,86,140,639,423
41d9e42ddae2b04fa_jpg.rf.gOOGjTLPcHg6bQflKnGn.jpg,1024,768,2,308,334,643,536
81f9ef390cca2058a_jpg.rf.gOyeeTUqxQfX7HQsiB9M.jpg,1024,681,2,397,316,802,620
619998e4a33316659_jpg.rf.gSBvVfd40Dgs6Kw1noTN.jpg,1024,683,2,0,226,560,616
01fc4752bdc216157_jpg.rf.gWDdAlGCRenP2Wp9kYpv.jpg,1024,647,2,84,69,983,636
010000530_jpg.rf.gWErb4Ye0dX7bQaDViXq.jpg,600,342,2,14,61,586,278
010000541_jpg.rf.QSzh3ipyWirn38cgOIPW.jpg,600,337,2,174,100,433,189
b123abcb57bc6ad89_jpg.rf.Qc61TiVw2n6gvS3ApRhy.jpg,1024,768,2,344,330,1024,763
armas (1996)_jpg.rf.QeCDN2I9X1TG7p7B8A32.jpg,837,418,0,75,39,730,417
armas (160)_jpg.rf.QsIekAHEhCY2gpNAvIvs.jpg,728,1024,0,64,327,171,433
armas (433)_jpg.rf.QuYjoOhFkPL4cu9ZlBnQ.jpg,449,298,0,105,41,345,212
d13a382a3dc543b2f_jpg.rf.QyGSJUZN2ZzRlrR0oZt9.jpg,1024,576,2,0,131,235,333
d13a382a3dc543b2f_jpg.rf.QyGSJUZN2ZzRlrR0oZt9.jpg,1024,576,2,840,311,923,474
0120898215cc2c4ae_jpg.rf.fkQlDj0n7ZhwrROvzY6b.jpg,1024,681,2,22,290,514,376
0120898215cc2c4ae_jpg.rf.fkQlDj0n7ZhwrROvzY6b.jpg,1024,681,2,254,109,401,165
0120898215cc2c4ae_jpg.rf.fkQlDj0n7ZhwrROvzY6b.jpg,1024,681,2,256,96,399,142
0120898215cc2c4ae_jpg.rf.fkQlDj0n7ZhwrROvzY6b.jpg,1024,681,2,914,177,1023,282
513d3f9e9f417621d_jpg.rf.ff6bYqdWRA8Lxbtxn0eQ.jpg,1024,768,2,140,125,455,236
011d0ba02a5b97d5c_jpg.rf.ftmKutkQNvR5m2fMiiE6.jpg,1024,680,2,351,383,850,587
armas (301)_jpg.rf.fiZX8eLK1WRyNuFX6IlC.jpg,750,750,0,67,135,683,611
51f221e7577fdf88e_jpg.rf.RqaMTpPHHxzqwIluBJP0.jpg,1024,683,2,53,0,214,575
51f221e7577fdf88e_jpg.rf.RqaMTpPHHxzqwIluBJP0.jpg,1024,683,2,321,0,944,680
armas (2673)_jpg.rf.RweHDNCwYK9NHtgCWpZx.jpg,160,120,0,3,1,158,115
0177560020014f836_jpg.rf.S1vnJAizE8bXm9Zr834e.jpg,1024,714,2,342,252,903,526
5143377e97d391596_jpg.rf.S4pBu33cvOUcWot0im8m.jpg,1024,765,2,454,143,791,438
01074fe5f0977b3b4_jpg.rf.S7kUXbdTbHRWYvoFZcZY.jpg,1024,807,2,61,367,275,466
01074fe5f0977b3b4_jpg.rf.S7kUXbdTbHRWYvoFZcZY.jpg,1024,807,2,243,595,435,696
01074fe5f0977b3b4_jpg.rf.S7kUXbdTbHRWYvoFZcZY.jpg,1024,807,2,258,441,554,526
01074fe5f0977b3b4_jpg.rf.S7kUXbdTbHRWYvoFZcZY.jpg,1024,807,2,332,333,522,423
01074fe5f0977b3b4_jpg.rf.S7kUXbdTbHRWYvoFZcZY.jpg,1024,807,2,752,340,888,447
e1fb4e3447badd8f_jpg.rf.SEGpFvc7FgKMUSrGdYqm.jpg,1024,768,0,174,82,927,634
010000379_jpg.rf.AtyomEJttSIEarOf43pd.jpg,500,500,2,111,24,467,488
armas (1531)_jpg.rf.AufzaqZWRmVcz2Q1qwHz.jpg,500,375,0,88,157,401,360
armas (2112)_jpg.rf.BN2TiXOR6IMoHfy9j6Ns.jpg,160,120,0,12,22,149,95
armas (2941)_jpg.rf.Bat8KKpdH8IKw4LuTIVH.jpg,643,360,0,59,27,549,288
11d2d011abf600958_jpg.rf.BfQE1piy8y79rnENFNRm.jpg,1024,671,2,23,188,918,510
i1mage1_jpg.rf.BtRcMh8MqaOnU0Dqx4Fg.jpg,552,368,2,257,185,436,353
71b59347090bc4248_jpg.rf.BxfCeGcslJ9sxymNhlCw.jpg,1024,768,2,367,319,608,639
21a3d641f6ab95fc0_jpg.rf.C3wjxeN92hlB4tkJgUWf.jpg,1024,309,2,15,11,1011,295
916058eecf259021b_jpg.rf.CL6IhduJbBF7pNAPNtLY.jpg,754,1024,2,374,205,704,488
916058eecf259021b_jpg.rf.CL6IhduJbBF7pNAPNtLY.jpg,754,1024,2,140,111,212,225
010000251_jpg.rf.CYJwIrC09Zuq6TuEAizZ.jpg,600,450,2,7,66,589,358
armas (951)_jpg.rf.CaVTIhUmPMD4eyRLogpk.jpg,356,141,0,14,3,287,131
7ebbce584a2c900c_jpg.rf.Qz3K3IyR7brhvTvbDq5X.jpg,1024,767,0,67,73,951,711
armas (2318)_jpg.rf.RMPxSvzReVGHq5eKfhrW.jpg,160,120,0,2,2,155,120
010000832_jpg.rf.ReCdh4pSu8PkBPvZ1SSj.jpg,600,240,2,7,42,584,223
911ef9defeedc733c_jpg.rf.RJdglOgH2fGeKbH9ayVs.jpg,1024,821,2,51,326,969,527
0194b93f96fd1a92c_jpg.rf.RRHYLLdL1x2M14sPh87n.jpg,1024,865,2,0,293,209,679
0194b93f96fd1a92c_jpg.rf.RRHYLLdL1x2M14sPh87n.jpg,1024,865,2,457,646,664,864
010000125_jpg.rf.RkAIrThoh2IPDbARa0wf.jpg,600,225,2,1,86,595,225
0166ec677e8e1f405_jpg.rf.Cxf73OmOr5g0lBzee4Rm.jpg,1024,725,2,185,306,905,527
d8cb267193521602_jpg.rf.DbMdaTAiHvAwjFryYzdu.jpg,1024,819,0,643,190,987,804
615a52f7e9c0bec49_jpg.rf.Dp0kQb9pAJOJB7tZSJfI.jpg,1024,576,2,70,303,1023,575
010001044_jpg.rf.E8vMizpijGGTD2uXqCh1.jpg,480,480,2,10,349,475,480
010001044_jpg.rf.E8vMizpijGGTD2uXqCh1.jpg,480,480,2,55,183,416,323
010001044_jpg.rf.E8vMizpijGGTD2uXqCh1.jpg,480,480,2,9,16,475,147
armas (2575)_jpg.rf.EALngdEUseIc75GmEjtJ.jpg,160,120,0,1,4,158,115
b7aebc8d24bd72aa_jpg.rf.EifkP6IYRQnxMo8j8BEm.jpg,1024,680,0,21,98,959,620
armas (1138)_jpg.rf.v5phYZwNtxKhXU8qZgoV.jpg,300,199,0,49,13,256,188
e122bc5fb35da699a_jpg.rf.v9JzjzuOdvYYQysmRcPh.jpg,1024,683,2,169,176,1023,366
armas (485)_jpg.rf.CtpscUn1DvIyx9Oz8G8k.jpg,1023,682,0,221,212,428,642
i1mage76_jpg.rf.Chr9q6pTEWEZ5mx5lcm1.jpg,736,443,2,4,156,570,349
i1mage76_jpg.rf.Chr9q6pTEWEZ5mx5lcm1.jpg,736,443,2,137,129,238,155
10acbbd6db8862cf_jpg.rf.vxYJlz1YfYN0v40ZlFyj.jpg,1024,768,0,302,265,718,604
armas (987)_jpg.rf.w4rA33xt7P1JYAa0WxZt.jpg,259,194,0,74,63,86,73
b1f7b28e33c453f4a_jpg.rf.vBnhD229Bj8VnGEU8lJF.jpg,1024,768,2,164,178,752,545
e1b86aa15799fbc0a_jpg.rf.Eeg9jtnHYSRxu7xodeyz.jpg,1024,683,2,378,211,907,501
armas (1375)_jpg.rf.vAyC6aY4ZDe2TQ8h1VWO.jpg,500,375,0,93,1,500,371
012792cd530f2d505_jpg.rf.vDYo5pIV4UrU3KctXh1f.jpg,680,1024,2,299,266,645,875
armas (2388)_jpg.rf.vQJo5v7T9W6pHuVhIbKF.jpg,160,120,0,4,1,155,113
010000488_jpg.rf.vMrR6kjz9X0rTIZ7iULv.jpg,600,375,2,211,4,538,342
armas (1233)_jpg.rf.vQtuvSA900TCQY8pWqD4.jpg,500,321,0,1,5,498,317
armas (1605)_jpg.rf.vNPaN3GPLNBEYG3KB3q3.jpg,500,298,0,379,156,463,220
armas (518)_jpg.rf.vVeVXMjTKEGoBzTeoqzT.jpg,244,206,0,1,87,177,205
armas (518)_jpg.rf.vVeVXMjTKEGoBzTeoqzT.jpg,244,206,0,38,1,240,83
c19e1dd25b51b8534_jpg.rf.vVCy7QgRWq3IUDYGaaFc.jpg,1024,678,2,280,241,512,436
c19e1dd25b51b8534_jpg.rf.vVCy7QgRWq3IUDYGaaFc.jpg,1024,678,2,642,155,865,277
41c469ffafb12c879_jpg.rf.vmPm989HPdedUQhCpChz.jpg,1024,683,2,352,175,700,467
armas (1299)_jpg.rf.vm5RxFiSLoOT5vFKI5yx.jpg,450,338,0,43,12,406,317
31a80773c08342850_jpg.rf.vL3I3iEDvLaEVKmcEcrR.jpg,1024,680,2,35,264,813,546
31a80773c08342850_jpg.rf.vL3I3iEDvLaEVKmcEcrR.jpg,1024,680,2,343,95,392,115
31a80773c08342850_jpg.rf.vL3I3iEDvLaEVKmcEcrR.jpg,1024,680,2,345,108,448,148
armas (2007)_jpg.rf.vbM3uIcBa1gf50StezoJ.jpg,800,483,0,9,36,799,452
armas (958)_jpg.rf.FVCl0UHIRZKE9Q735Skp.jpg,251,201,0,4,20,205,112
armas (832)_jpg.rf.FYz9VigVevgvhq1Gg7cd.jpg,300,172,0,3,4,294,162
armas (800)_jpg.rf.FaJNAZMXBXANywnShrXU.jpg,300,191,0,1,18,294,145
armas (525)_jpg.rf.FdFT7Ul76v24sXZldosh.jpg,279,180,0,95,42,255,154
armas (2114)_jpg.rf.EVksygicfHGcbuYu9YMZ.jpg,5879,4279,0,962,1439,2256,2019
f1b4e3cb7a1f2edd7_jpg.rf.vwPGeBoTLW2sZ457bsk1.jpg,1024,683,2,351,187,629,433
f1b4e3cb7a1f2edd7_jpg.rf.vwPGeBoTLW2sZ457bsk1.jpg,1024,683,2,0,404,151,457
c1057d3b9d9a55ebe_jpg.rf.vvIz6F2GIskTYEVpKODY.jpg,678,1024,2,388,607,677,839
e11b3369f18d28d21_jpg.rf.wMAO7c7FAhTILXvvKRH8.jpg,1024,664,2,413,83,956,394
41528c3a65afa8d08_jpg.rf.EtyHIXmaW9meJOiVYnZ2.jpg,1024,680,2,321,396,597,555
41528c3a65afa8d08_jpg.rf.EtyHIXmaW9meJOiVYnZ2.jpg,1024,680,2,657,340,825,488
armas (2962)_jpg.rf.F9fQO1wkEME2GXs9RIEO.jpg,1425,725,0,837,181,1193,459
armas (1484)_jpg.rf.EnpmoAQ9Eq8Asg8dOMbS.jpg,500,281,0,2,28,500,281
armas (2248)_jpg.rf.FGwthylrpXOVroyk5263.jpg,160,120,0,2,1,157,111
919d59a914247ef9f_jpg.rf.FS4mxJQcM93jh42aaTVg.jpg,1024,681,2,69,267,842,537
919d59a914247ef9f_jpg.rf.FS4mxJQcM93jh42aaTVg.jpg,1024,681,2,290,12,583,298
i1mage82_jpg.rf.WU2uhEB3w26hobs6e2Jd.jpg,560,373,2,137,16,517,257
armas (922)_jpg.rf.WWUKIxMqMov5m0Cctlqt.jpg,260,194,0,70,73,132,106
armas (922)_jpg.rf.WWUKIxMqMov5m0Cctlqt.jpg,260,194,0,46,116,109,149
armas (922)_jpg.rf.WWUKIxMqMov5m0Cctlqt.jpg,260,194,0,137,87,188,125
armas (922)_jpg.rf.WWUKIxMqMov5m0Cctlqt.jpg,260,194,0,189,20,242,54
armas (922)_jpg.rf.WWUKIxMqMov5m0Cctlqt.jpg,260,194,0,178,58,236,95
armas (1818)_jpg.rf.WaAkTipUrSgu2qpII6SX.jpg,512,364,0,144,233,183,285
armas (2651)_jpg.rf.WxRB63jiQEZHDRlvDrh9.jpg,160,120,0,2,3,158,116
5115485de81de3aea_jpg.rf.X26qBc6ZO2pZUMY5pFwf.jpg,1024,824,2,65,272,998,629
armas (2499)_jpg.rf.XsyrX0s7jSEVhb77Je3x.jpg,160,120,0,2,1,155,117
armas (2676)_jpg.rf.Y96avm67Gv6XQF6o79Zu.jpg,160,120,0,2,1,156,119
010001154_jpg.rf.VxDN7Dt4pPyaiFG3yxYD.jpg,600,448,2,1,29,598,425
01f27a11c98daa746_jpg.rf.VxbsUiQ4LtD7I9OnQOGw.jpg,1024,683,2,320,190,1024,404
armas (1894)_jpg.rf.dgJrwjeVKUAXUmQOw9l9.jpg,2000,1333,0,354,225,1766,1225
a1ccf942ad296576a_jpg.rf.dhnnuIWMFAisfdIy7nHI.jpg,1024,680,2,447,279,997,577
a1ccf942ad296576a_jpg.rf.dhnnuIWMFAisfdIy7nHI.jpg,1024,680,2,140,434,721,679
armas (89)_jpg.rf.e7EvPua7mUlgNjDzOlQg.jpg,168,113,0,32,24,56,80
armas (1521)_jpg.rf.eDDDqjgeDDEEs4J1Nqv8.jpg,900,675,0,29,128,764,452
armas (1521)_jpg.rf.eDDDqjgeDDEEs4J1Nqv8.jpg,900,675,0,314,272,870,609
armas (362)_jpg.rf.eGbvmuwJvVX5QBdFTTu7.jpg,750,471,0,10,19,716,436
armas (2269)_jpg.rf.ejxCRbYdkIvAmNzGm7z1.jpg,160,120,0,4,4,158,115
811717fafd8852118_jpg.rf.fXhpDVeLbRKRRkv80x3v.jpg,683,1024,2,139,463,505,604
811717fafd8852118_jpg.rf.fXhpDVeLbRKRRkv80x3v.jpg,683,1024,2,185,591,677,867
armas (1728)_jpg.rf.g8wq57xcDNCNoJNgLSUn.jpg,500,375,0,313,122,383,157
71e75c40500ca822a_jpg.rf.Y6H0YUaxphLi7iFCZlZ7.jpg,1024,683,2,0,275,224,623
71e75c40500ca822a_jpg.rf.Y6H0YUaxphLi7iFCZlZ7.jpg,1024,683,2,282,321,614,683
71e75c40500ca822a_jpg.rf.Y6H0YUaxphLi7iFCZlZ7.jpg,1024,683,2,628,337,924,668
71e75c40500ca822a_jpg.rf.Y6H0YUaxphLi7iFCZlZ7.jpg,1024,683,2,958,549,1023,682
armas (689)_jpg.rf.YlTPbKs0kI85OzImbb96.jpg,800,600,0,464,242,566,297
armas (689)_jpg.rf.YlTPbKs0kI85OzImbb96.jpg,800,600,0,440,364,543,407
115960047720e9ac5_jpg.rf.Ypa3iJMcGK6cFET6HPo0.jpg,1024,683,2,324,203,580,306
115960047720e9ac5_jpg.rf.Ypa3iJMcGK6cFET6HPo0.jpg,1024,683,2,163,186,277,320
115960047720e9ac5_jpg.rf.Ypa3iJMcGK6cFET6HPo0.jpg,1024,683,2,598,212,780,305
115960047720e9ac5_jpg.rf.Ypa3iJMcGK6cFET6HPo0.jpg,1024,683,2,866,172,938,312
f1ac6aa8ff2d40bb9_jpg.rf.YZ1ARbt17TLJqur6PHXW.jpg,1024,683,2,249,196,922,423
f1ac6aa8ff2d40bb9_jpg.rf.YZ1ARbt17TLJqur6PHXW.jpg,1024,683,2,745,285,935,356
armas (1113)_jpg.rf.dG6iQKeEbcxWfRt42M1c.jpg,560,370,0,16,9,551,349
armas (846)_jpg.rf.ZqYMJ95C9VqTjOwAjClc.jpg,273,185,0,67,8,255,138
armas (825)_jpg.rf.Zg1VCH2wzzgSjVFCl1U7.jpg,300,196,0,38,64,214,168
armas (2437)_jpg.rf.dRLNlnt3C2cekQfF9f99.jpg,160,120,0,4,1,154,117
010000041_jpg.rf.a1ucn3E5yoEqV0kIBsxu.jpg,600,600,2,5,228,597,375
0152bc4ee3df97d8e_jpg.rf.dYwztXrfm8m7Qh6N0aHF.jpg,1024,680,2,0,350,187,560
0152bc4ee3df97d8e_jpg.rf.dYwztXrfm8m7Qh6N0aHF.jpg,1024,680,2,106,199,976,589
0152bc4ee3df97d8e_jpg.rf.dYwztXrfm8m7Qh6N0aHF.jpg,1024,680,2,695,109,980,449
011256417e9026eaf_jpg.rf.YMgLygt6khvqOsGXGwGH.jpg,1024,681,2,612,216,669,629
armas (90)_jpg.rf.iR0FBH5LgsJfHWdr8Gvt.jpg,270,186,0,2,6,233,179
armas (1961)_jpg.rf.icNOBGDmZWlzv2zf72nL.jpg,167,150,0,65,118,112,146
414342a60232e50cb_jpg.rf.ij1PK8Se79FZVONXpsom.jpg,1024,435,2,10,20,1015,419
010001543_jpg.rf.06p9fBnUgxrN0oV94F6D.jpg,256,320,2,5,3,212,124
010001543_jpg.rf.06p9fBnUgxrN0oV94F6D.jpg,256,320,2,22,22,218,133
010001543_jpg.rf.06p9fBnUgxrN0oV94F6D.jpg,256,320,2,21,64,232,155
010001543_jpg.rf.06p9fBnUgxrN0oV94F6D.jpg,256,320,2,21,127,132,199
010001543_jpg.rf.06p9fBnUgxrN0oV94F6D.jpg,256,320,2,121,86,252,173
010001543_jpg.rf.06p9fBnUgxrN0oV94F6D.jpg,256,320,2,15,131,212,232
010001543_jpg.rf.06p9fBnUgxrN0oV94F6D.jpg,256,320,2,10,182,140,268
010001543_jpg.rf.06p9fBnUgxrN0oV94F6D.jpg,256,320,2,77,124,244,280
armas (1790)_jpg.rf.0FitYnB48xwLjPfP3NMs.jpg,610,404,0,124,65,320,403
armas (2301)_jpg.rf.0QiZtXYS70mcK18twnaX.jpg,160,120,0,1,18,157,104
armas (76)_jpg.rf.0fTZt6l69nmnhyp4ZwAX.jpg,640,409,0,148,6,573,238
armas (1739)_jpg.rf.0hXXGW72gGctwLQdAwAc.jpg,500,376,0,32,47,474,323
armas (228)_jpg.rf.0m7swHsbdl4CoJzc81Cm.jpg,700,393,0,251,140,600,344
armas (2100)_jpg.rf.wabXcHjvypNKZOQ9OCPJ.jpg,636,361,0,53,21,372,320
armas (1238)_jpg.rf.whWdurg0HxbtxrYraOtu.jpg,500,375,0,11,43,478,341
b18e837b5e0f27233_jpg.rf.wnxtIdzot4hwZof46u3m.jpg,1024,445,2,0,98,974,332
e10c3834ae4ab0f86_jpg.rf.fqmAnD9wnktYp4K29Awe.jpg,1024,765,2,279,160,1002,764
armas (350)_jpg.rf.exWxSx8XDVi8PjgztO3n.jpg,640,480,0,554,333,584,377
armas (1266)_jpg.rf.iOIKyigHKiwvtA5Kjlt5.jpg,500,333,0,282,98,367,131
e118272e124e90a35_jpg.rf.i5cv3izqqkcoWrUru856.jpg,1024,263,2,0,22,1022,262
armas (1711)_jpg.rf.hyqrbiHSaX2lkEP0MTSF.jpg,500,375,0,82,15,470,355
armas (735)_jpg.rf.ggFIO83qgghEGNuLziHE.jpg,1748,1744,0,77,139,1504,1008
armas (1368)_jpg.rf.zBwTnJMWfb2elIYRbm5l.jpg,500,334,0,333,71,441,166
91332de65a11104ac_jpg.rf.zO3dAp3wfdIgKql5tOuB.jpg,1024,680,2,83,282,676,388
91332de65a11104ac_jpg.rf.zO3dAp3wfdIgKql5tOuB.jpg,1024,680,2,398,502,795,606
78754d1d7af8a545_jpg.rf.zxOuXq1Ke4xX7IC5xAPu.jpg,1024,510,0,297,27,1000,472
91a22f24285a1c43f_jpg.rf.v6tobrh7CoNE4FT7xVpt.jpg,1024,768,2,161,121,911,530
armas (1131)_jpg.rf.vRJwT0drRL1hFItWFXhV.jpg,1000,685,0,104,26,567,685
armas (886)_jpg.rf.vZdqKhLTYWvFXuvAMsc0.jpg,252,200,0,157,12,191,67
armas (2775)_jpg.rf.vd6ksTWu0Hm8uzS8wO2e.jpg,160,120,0,2,3,159,118
armas (57)_jpg.rf.vg0cPVbFijVDU2QMPcLE.jpg,645,437,0,172,35,424,325
armas (576)_jpg.rf.vibFPdU81yMZihkIApP1.jpg,600,337,0,155,174,434,328
armas (698)_jpg.rf.vmRKbTi2z2FXT28MkHMB.jpg,652,360,0,248,25,405,360
armas (582)_jpg.rf.vtaDU8uFwtlFRFuYdqlh.jpg,300,173,0,10,59,98,123
armas (1021)_jpg.rf.vvOzomvEFFp8DDZldQvk.jpg,275,183,0,149,35,246,163
313b847e642767d99_jpg.rf.vyWwGAFldh6ajy7n8COF.jpg,683,1024,2,178,317,424,610
armas (439)_jpg.rf.w41gzOGgZ1pTiuORPR66.jpg,765,1023,0,21,401,295,818
armas (109)_jpg.rf.w9m7rsRKFQMzvpft7rHy.jpg,685,1024,0,9,222,194,518
armas (1710)_jpg.rf.wfGQWN101BGpWOXgahsA.jpg,500,375,0,34,45,478,360
d1cafa14180e4e0e6_jpg.rf.wqhy7yMo1P88vn28z7Qp.jpg,1024,768,2,0,177,1023,526
18ecd241b66559dc_jpg.rf.wujV723LPzg9Y8zQuKnr.jpg,1024,768,0,0,0,716,284
18ecd241b66559dc_jpg.rf.wujV723LPzg9Y8zQuKnr.jpg,1024,768,0,210,217,874,762
11fa0b4be16d86808_jpg.rf.ys6NWYUdgBhtGjhgHJeP.jpg,1024,681,2,205,187,975,540
cf1b66cd18d5258f_jpg.rf.xCvjmMtYYmex1csjurUT.jpg,1024,887,0,52,67,621,486
cf1b66cd18d5258f_jpg.rf.xCvjmMtYYmex1csjurUT.jpg,1024,887,0,370,369,965,789
armas (2724)_jpg.rf.xYxeaUxstrUUPIAEgzc8.jpg,160,120,0,4,2,155,113
armas (1781)_jpg.rf.xBblMG8JV2e20DQB9Ufp.jpg,240,160,0,19,45,223,100
armas (723)_jpg.rf.xuhi6JRPS6oXgLkuKLzB.jpg,2768,2067,0,315,574,934,1330
armas (2935)_jpg.rf.xDqF7j3kX6LRspc7U9KB.jpg,343,450,0,233,91,315,178
armas (2935)_jpg.rf.xDqF7j3kX6LRspc7U9KB.jpg,343,450,0,33,43,122,151
11c9f6dcca1df5fb5_jpg.rf.xIbAkxj7ndQwMzS4UHW5.jpg,1024,686,2,77,108,951,618
218479b6ac5151bed_jpg.rf.xUW9ZQeAH1FuKmoTEePw.jpg,1024,680,2,53,312,603,465
218479b6ac5151bed_jpg.rf.xUW9ZQeAH1FuKmoTEePw.jpg,1024,680,2,378,175,858,340
218479b6ac5151bed_jpg.rf.xUW9ZQeAH1FuKmoTEePw.jpg,1024,680,2,690,205,993,286
armas (343)_jpg.rf.xdaYrYVDmg2QflV2nTE4.jpg,632,480,0,398,294,440,366
f1cbce9d608f7968f_jpg.rf.xnNpuU90Iv892VvKEZBF.jpg,1024,681,2,611,282,818,465
1ededbc86092a178_jpg.rf.xsBsmxFGNmAZ3m8M4iQb.jpg,1024,768,0,52,198,889,754
f18f8f451c1c447e0_jpg.rf.yRYDomDF42SgDRKFME9S.jpg,1024,768,2,260,515,447,627
f18f8f451c1c447e0_jpg.rf.yRYDomDF42SgDRKFME9S.jpg,1024,768,2,434,48,763,539
e1e13c854c49af4e2_jpg.rf.yUrZhWm6P4hvq7VgwQnQ.jpg,1024,678,2,179,173,1023,677
0191daebbaba21814_jpg.rf.yZL1Um1VX8u7xZcfyzvu.jpg,1024,768,2,269,297,826,504
0103e17bf335ca518_jpg.rf.KRkvRzxA5EguoyQ9jWtC.jpg,1024,680,2,551,178,648,257
91167245443a1eccc_jpg.rf.KuzYOwrNOH8esunCIxuX.jpg,1024,683,2,364,400,802,641
c0d5907640b8a1e4_jpg.rf.L4Ji55h6MtE4W5toE0qI.jpg,1024,768,0,93,164,688,491
9135cba4bbfb2bc85_jpg.rf.LBNO4wzC6R1NBWSLqNkU.jpg,1024,678,2,106,233,992,634
armas (1659)_jpg.rf.LOBCugILu7fJ25Fm13dw.jpg,450,500,0,251,74,332,193
armas (2204)_jpg.rf.LgMpotZsakHz6kSx4J3z.jpg,160,120,0,14,11,151,109
f1d4628be3f0267c1_jpg.rf.LgWHTbxSvemAZlMGDUZJ.jpg,1024,732,2,374,35,865,202
f1d4628be3f0267c1_jpg.rf.LgWHTbxSvemAZlMGDUZJ.jpg,1024,732,2,464,272,675,378
f1d4628be3f0267c1_jpg.rf.LgWHTbxSvemAZlMGDUZJ.jpg,1024,732,2,478,401,662,466
f1d4628be3f0267c1_jpg.rf.LgWHTbxSvemAZlMGDUZJ.jpg,1024,732,2,529,472,659,517
91cc85c804c0b61e0_jpg.rf.M1fJWjmWYbfcWDDS36NP.jpg,1024,681,2,493,278,780,595
armas (934)_jpg.rf.MPKQM2uaF3nZZUB5d5mI.jpg,245,206,0,31,71,179,145
843bf90c68f97c8a_jpg.rf.weDhEoMIUuPe55CtHNbl.jpg,1024,768,0,162,352,426,590
armas (2900)_jpg.rf.wnd81f0Xk5O9NJ0oYUbb.jpg,1300,909,0,97,77,652,887
010000564_jpg.rf.O3QGomu8jUHBoXg2Fzbn.jpg,600,600,2,3,53,600,262
71bd1011f5e84e8b8_jpg.rf.ODHJePJ1e9QvUjLyBEkf.jpg,1024,764,2,59,195,561,417
e1cdf34558e756ee5_jpg.rf.OmLSAHIqkgJsbrqup5Lb.jpg,1024,768,2,317,132,893,664
61b2b6760734414f4_jpg.rf.Orue9rhCO9KeSwdmL9zJ.jpg,1024,768,2,0,180,1023,610
417f558a6c742d8d6_jpg.rf.P2R4AzWyVmMBv5e51b1h.jpg,682,1024,2,262,298,445,713
armas (1821)_jpg.rf.P58iHr3syDab3z8HTVbZ.jpg,1024,1024,0,1,207,851,818
armas (1267)_jpg.rf.PHtbUDKap41H5xRmojZy.jpg,333,500,0,133,241,172,333
armas (647)_jpg.rf.PKIRMBNKJCoxd9AKdkHZ.jpg,1240,800,0,22,15,1211,768
d1fd15436c41e8fd6_jpg.rf.gyGJvXdpgnCsmur49s8b.jpg,1024,683,2,229,83,651,682
010000574_jpg.rf.h7otvJdQYQajgwSLxYQv.jpg,600,392,2,40,56,573,385
armas (2102)_jpg.rf.h8LOBwbvUqUUmdqUlD9I.jpg,866,1390,0,178,431,436,775
01185f8322c3900c2_jpg.rf.hQ0eqWrMLf4OZQxDlOdK.jpg,1024,680,2,394,219,717,570
01185f8322c3900c2_jpg.rf.hQ0eqWrMLf4OZQxDlOdK.jpg,1024,680,2,751,201,1022,371
armas (2461)_jpg.rf.Mf3aRkHn83efZuXlkv1r.jpg,160,120,0,10,12,148,110
armas (2357)_jpg.rf.MSSQCzy00zoxOL3pAgQk.jpg,160,120,0,5,3,155,103
armas (2517)_jpg.rf.MZREoPsKUFBer47IFUrj.jpg,160,120,0,1,1,155,116
armas (1089)_jpg.rf.Mj30uXun3LvtxiUcl2Ma.jpg,800,602,0,241,94,713,469
e1432f98cd3f48415_jpg.rf.Ml1fwZ3XzZBvbuZsvaSf.jpg,1024,682,2,55,0,1010,681
armas (943)_jpg.rf.jC2FfxW17nroGDJiG89T.jpg,276,183,0,31,23,132,135
010000278_jpg.rf.jE6RtJuTH5vrwmRavc3g.jpg,480,360,2,93,97,314,201
armas (494)_jpg.rf.jJ7mENcaRE2md3GnYtR1.jpg,259,194,0,134,74,196,137
013de9e04639fc3f4_jpg.rf.jZg27ISJvi0UiFXoO9vi.jpg,1024,680,2,400,439,1024,583
558b45e62f32d4fa_jpg.rf.jiMFuIMnziws74sFkjdr.jpg,1024,1024,0,160,445,383,719
armas (1460)_jpg.rf.k1lGyy61WxbuFJFTZG43.jpg,500,375,0,26,96,498,348
armas (1443)_jpg.rf.kFzYwpsMekxvhBl0hMT9.jpg,500,375,0,47,46,482,267
armas (2158)_jpg.rf.kPqXfntTvHyK6vOe8Q0z.jpg,634,816,0,163,300,270,493
armas (2158)_jpg.rf.kPqXfntTvHyK6vOe8Q0z.jpg,634,816,0,371,314,506,562
armas (1101)_jpg.rf.hoCpxQmGVugvPpKK52aE.jpg,380,253,0,110,82,271,174
a18b0b69e692861ea_jpg.rf.i8Pga2lEXAFnwxK1Bbo5.jpg,1024,680,2,350,289,946,484
013103b8afc87f51e_jpg.rf.i8eIH9mTBk3LvSrDaZtI.jpg,1024,707,2,260,299,384,437
013103b8afc87f51e_jpg.rf.i8eIH9mTBk3LvSrDaZtI.jpg,1024,707,2,722,327,771,391
010000034_jpg.rf.iUfLMzbO3Q5Nh85yc8Pb.jpg,500,389,2,56,42,444,322
armas (2064)_jpg.rf.j3KoADyNP9D0qljHjEYo.jpg,615,345,0,417,145,543,255
612e28f4e22727aa2_jpg.rf.hm9sjHpy9Ief4CiKJZeQ.jpg,1024,576,2,363,261,1023,575
010000775_jpg.rf.hbWm7zr42MKkKvp2NHjG.jpg,600,375,2,5,159,598,373
91f66d47b6cae7980_jpg.rf.iiOkZhkBEPE9WrHoXKG1.jpg,1024,680,2,47,285,445,612
9c7ea74cee59d5da_jpg.rf.90lPiT90H2WgUIe9pHS3.jpg,1024,768,0,228,203,767,592
0139dc7e58298f1d9_jpg.rf.9QqCmvsqWJT08dHcLXiC.jpg,1024,631,2,21,227,194,399
0139dc7e58298f1d9_jpg.rf.9QqCmvsqWJT08dHcLXiC.jpg,1024,631,2,570,176,737,353
armas (283)_jpg.rf.9rSgGlH906HJgaIpg9OC.jpg,2000,1333,0,335,109,2000,1106
armas (621)_jpg.rf.A6QOC02yBjNJwRBzhvsC.jpg,661,496,0,136,11,550,479
d17942125e771fbc8_jpg.rf.AFVGi9oirGAlZrULvbXu.jpg,1024,680,2,656,71,739,316
d17942125e771fbc8_jpg.rf.AFVGi9oirGAlZrULvbXu.jpg,1024,680,2,756,79,906,302
21382b5a0447fedae_jpg.rf.Aa2x47nyZBzDb29qfrye.jpg,1024,451,2,17,181,982,331
e1179eb757fa79e9b_jpg.rf.AvbrkXV3vdXemsR3B6oR.jpg,1024,681,2,121,226,901,452
armas (721)_jpg.rf.BBbd92UmaYOx9Kl7FULB.jpg,667,580,0,1,5,655,578
armas (930)_jpg.rf.kckZKBDIihtDftqNom7A.jpg,238,212,0,104,39,195,209
armas (2262)_jpg.rf.7gadsAvuaPQJslXvOc7D.jpg,160,120,0,3,2,158,117
81996d88c00f817b4_jpg.rf.km0KtDUG1AufPoLwJzcb.jpg,1024,683,2,248,318,650,544
11acf96491f92ed81_jpg.rf.8Y2FnJguCMWegPmycioO.jpg,1024,681,2,150,198,921,453
armas (2528)_jpg.rf.8YPMTqeojJesfD24gGAE.jpg,160,120,0,5,6,157,112
armas (697)_jpg.rf.qboXR5oIywleq9qMI9u4.jpg,425,282,0,191,82,362,217
910c1b6f1590be882_jpg.rf.J6bbEBpawEZVepKjq4Ew.jpg,925,1024,2,176,258,876,982
armas (297)_jpg.rf.JMCr5LSakGorcMXZ680j.jpg,600,399,0,222,46,483,101
0678842cb5745a0b_jpg.rf.KYSwLwpMsmdVpCD0WMXo.jpg,1024,1024,0,30,359,333,876
0678842cb5745a0b_jpg.rf.KYSwLwpMsmdVpCD0WMXo.jpg,1024,1024,0,430,390,661,785
0678842cb5745a0b_jpg.rf.KYSwLwpMsmdVpCD0WMXo.jpg,1024,1024,0,646,428,987,875
26f50b38c60ea2d9_jpg.rf.Key6xmiQbQhXOUgEoZtk.jpg,1024,678,0,149,0,1023,677
armas (2580)_jpg.rf.K9fHeZv61ztpTNIELlDF.jpg,160,120,0,3,1,157,114
d118301e10de1d6ae_jpg.rf.LN8dCfQZgmlImAN1Q2uL.jpg,1024,768,2,59,299,966,540
a5e8777a4b431c70_jpg.rf.Rs90WiswoeUNExf1p7MC.jpg,1024,682,0,0,0,419,680
armas (2075)_jpg.rf.S3oSdGz7Z12Yavr86ZBv.jpg,450,420,0,41,124,292,367
armas (454)_jpg.rf.S7bAZJkQlBdPbPjsecY0.jpg,1023,683,0,124,151,221,316
armas (454)_jpg.rf.S7bAZJkQlBdPbPjsecY0.jpg,1023,683,0,748,154,859,308
21bbb9ff8a395d4b3_jpg.rf.qgdvQkF7jYbXRUhUhKIW.jpg,1024,768,2,134,0,508,213
21bbb9ff8a395d4b3_jpg.rf.qgdvQkF7jYbXRUhUhKIW.jpg,1024,768,2,282,223,392,411
010000018_jpg.rf.qjKfIDUVx9UclQfOaBGp.jpg,600,400,2,170,137,490,397
armas (718)_jpg.rf.SGi8nS4keofYmX2yDAw3.jpg,863,1390,0,287,280,550,887
a1c19ab01751437c1_jpg.rf.Rw6HkmVCJvTkgFlhOIqx.jpg,1024,680,2,67,236,1024,468
armas (1748)_jpg.rf.qkvVP5KQNPBbrE9a9t7E.jpg,500,323,0,7,29,476,296
armas (1597)_jpg.rf.TPiWjkS0M8t4aYxFzlh6.jpg,500,334,0,187,26,217,48
armas (208)_jpg.rf.SUvh2nlV5dGM9XtM3APv.jpg,728,546,0,6,50,711,498
armas (1198)_jpg.rf.rBkUztSPuq3ttK0adDE5.jpg,500,341,0,1,4,494,322
b1243c8b887c773ca_jpg.rf.TKVxCgKTzvA1k6OIem2L.jpg,778,1024,2,118,129,448,274
11ae2903da19989a5_jpg.rf.TtUcfXkrzBBtn4JWMy0p.jpg,1024,899,2,218,363,920,762
armas (1199)_jpg.rf.FIzYNhSLFNsktypcGzK1.jpg,500,375,0,19,7,447,321
armas (2764)_jpg.rf.EtF6z46diJmnj6K3uUHn.jpg,160,120,0,3,1,155,118
armas (2927)_jpg.rf.TyNlinBvCThHk4XlO7q3.jpg,111,168,0,18,29,41,85
armas (2783)_jpg.rf.UB9ZhB8RdTP1tFed072c.jpg,299,400,0,8,281,62,362
f15c35271d7d6bb4b_jpg.rf.TOTBMD5nuZUSonAhcrZs.jpg,1024,681,2,353,227,915,500
010000190_jpg.rf.rBmJqDkVZREHSLnwYbhM.jpg,600,324,2,12,12,550,252
armas (1217)_jpg.rf.TaPE1nJ8mLQyHh3P5Fmj.jpg,500,333,0,87,72,199,168
armas (524)_jpg.rf.CIOrPNJwfIrjV7yyqxXM.jpg,309,163,0,10,3,158,102
armas (618)_jpg.rf.UDKknXifZrGsJh7EyKBv.jpg,640,444,0,465,143,577,315
armas (829)_jpg.rf.UEQrbuKQF8TlZkZBpMP5.jpg,300,171,0,8,3,290,156
armas (1587)_jpg.rf.F7iJJ9XZex0HZgzZUKmE.jpg,500,386,0,339,111,368,128
armas (1551)_jpg.rf.UPOopA2fkURUgiYdmSUd.jpg,334,500,0,192,224,247,249
armas (1551)_jpg.rf.UPOopA2fkURUgiYdmSUd.jpg,334,500,0,136,180,167,221
armas (1647)_jpg.rf.UXE28moLyZHlRQJfW8VU.jpg,500,375,0,69,45,468,324
5fb1779480f31a71_jpg.rf.r7Z1YfXjbN2gQd24YSz1.jpg,1024,681,0,673,314,798,424
d118084aacf1e83a1_jpg.rf.qlQjV9HVScGe1JFBmgTy.jpg,1024,612,2,320,146,764,549
61957bf32ce7e99b8_jpg.rf.UudHS6UjlVGLDp0hQnNi.jpg,1024,683,2,390,252,997,507
armas (2867)_jpg.rf.GFGaaFk6rO0glZsHgXCE.jpg,450,470,0,312,140,444,251
010000817_jpg.rf.IkyNNHo5YnUa6qWqCEdf.jpg,500,210,2,7,4,491,175
armas (370)_jpg.rf.V19TeDFIJ3AEkbVEqU1P.jpg,800,430,0,410,34,522,398
armas (1262)_jpg.rf.uRMPgoy540hE1uUNCoce.jpg,640,480,0,360,260,523,396
armas (2621)_jpg.rf.uhxepYWIUZUnvFBrDT1R.jpg,160,120,0,3,1,156,118
d10eaee5309d8007a_jpg.rf.Tb3Bw8QKers8ipDCQ0Av.jpg,1024,658,2,339,92,1023,514
1126fa3a772406f68_jpg.rf.UBeKAeVQBCz5T4ihpcW4.jpg,1024,732,2,226,184,1023,639
armas (1269)_jpg.rf.ulCHcIOqr3cCSXdw3zSJ.jpg,500,339,0,94,25,206,286
armas (1269)_jpg.rf.ulCHcIOqr3cCSXdw3zSJ.jpg,500,339,0,303,120,382,259
armas (502)_jpg.rf.usVNecGtb2WI9pqCWCV9.jpg,275,183,0,32,45,252,157
213042fd467549db3_jpg.rf.vGCrW8ANuz0gKcU3lr2s.jpg,1024,768,2,85,269,998,641
1147efb815aa85c07_jpg.rf.UJUSgvUbfYHIQxdL1Rbr.jpg,468,1024,2,11,36,450,924
armas (85)_jpg.rf.vOGFKsnyymUehpqWzoro.jpg,1300,867,0,74,99,319,387
11d260429f37b3ca0_jpg.rf.vUmSh14V5tL0nyL5Jxny.jpg,1024,683,2,460,297,789,537
216abec4b12fd393d_jpg.rf.vZn6DzW1sLgSejfglJ3J.jpg,1024,683,2,6,36,940,645
armas (2771)_jpg.rf.vg5x0BciD9CI4vFnimYg.jpg,160,120,0,2,3,157,117
710c23661f4e0655a_jpg.rf.qrTvhWcqjACHHiYF4TdX.jpg,1024,683,2,0,306,108,381
710c23661f4e0655a_jpg.rf.qrTvhWcqjACHHiYF4TdX.jpg,1024,683,2,270,260,329,305
710c23661f4e0655a_jpg.rf.qrTvhWcqjACHHiYF4TdX.jpg,1024,683,2,310,280,377,331
710c23661f4e0655a_jpg.rf.qrTvhWcqjACHHiYF4TdX.jpg,1024,683,2,323,300,604,473
010000391_jpg.rf.vquZyMrSMBggPNVVw1Gi.jpg,199,300,2,102,22,178,245
armas (407)_jpg.rf.vtVSka3sK0SYxS8BwECQ.jpg,682,1023,0,91,653,401,974
010001258_jpg.rf.IbQ2FcWooKrboZwQFOwj.jpg,540,540,2,2,83,539,399
armas (2453)_jpg.rf.vwUAqI8bpqngSMkCa7tZ.jpg,160,120,0,3,2,157,117
01bb77d79af53a581_jpg.rf.CusidvyuBQBAONhluRiM.jpg,1024,661,2,0,170,343,660
armas (234)_jpg.rf.Dsm5GFqDkd507mFYfzZi.jpg,3000,1853,0,1398,314,2963,1326
41f4c36208501a674_jpg.rf.xL8rZTP7hvdvo0cF1SLh.jpg,1024,768,2,674,475,894,683
i1mage151_jpg.rf.xbfNCFu2UGvza8w6YYQZ.jpg,600,400,2,128,114,400,338
i1mage151_jpg.rf.xbfNCFu2UGvza8w6YYQZ.jpg,600,400,2,302,77,526,372
4175b43600e5caf0d_jpg.rf.xd456cqS7azXpQUY9jzI.jpg,1024,683,2,261,247,1023,558
4175b43600e5caf0d_jpg.rf.xd456cqS7azXpQUY9jzI.jpg,1024,683,2,654,74,1023,208
4175b43600e5caf0d_jpg.rf.xd456cqS7azXpQUY9jzI.jpg,1024,683,2,684,1,1023,100
armas (1241)_jpg.rf.xiulNrKSSYrVfWmqLb7w.jpg,500,406,0,56,50,431,358
armas (626)_jpg.rf.3sQienfWIQE29kSSMmxn.jpg,600,400,0,142,78,527,324
armas (2778)_jpg.rf.3wF8iJtzIm5JFloYdoDO.jpg,160,120,0,5,2,152,115
010000202_jpg.rf.417DI3tB1hcwvfzuQvEu.jpg,600,313,2,35,67,586,287
a183c06754d3c8d4c_jpg.rf.48V2bcsAXSGvjvco1Xol.jpg,1024,869,2,104,437,911,741
a183c06754d3c8d4c_jpg.rf.48V2bcsAXSGvjvco1Xol.jpg,1024,869,2,388,267,493,677
armas (150)_jpg.rf.4TW75NVUjnmZo1cuvzH7.jpg,450,298,0,203,1,268,94
010001042_jpg.rf.4tsLn6KgebzfzkkFh0dn.jpg,600,600,2,16,14,568,569
armas (2478)_jpg.rf.5Q7Be15Ml4wCTQhBopxO.jpg,160,120,0,5,3,156,112
c1983d59daeb5e8e7_jpg.rf.HmBXwTRRvxVE0b8rgeRO.jpg,765,1024,2,63,102,650,959
armas (365)_jpg.rf.5dID3qFrPGChawnHzQdO.jpg,640,427,0,125,26,330,212
armas (1145)_jpg.rf.EhUD15sxl1JTBiMUzOyx.jpg,2569,2389,0,40,102,2568,2342
c1e41af5ae820fe69_jpg.rf.CrIVNWZiSwTlS4P5yQ58.jpg,1024,680,2,180,245,513,436
c1e41af5ae820fe69_jpg.rf.CrIVNWZiSwTlS4P5yQ58.jpg,1024,680,2,766,313,889,408
11ed8b9f689412f2d_jpg.rf.FjYaN7Rr5Yp55TIbBVDg.jpg,1024,680,2,32,153,675,600
e12c59d20a3aac67e_jpg.rf.G6Or1fo1b2WnsVSkwH6a.jpg,1024,681,2,280,278,830,474
armas (2134)_jpg.rf.wMTxEz8fSbmgIXBfBEoC.jpg,800,482,0,60,74,720,389
110f5460909605036_jpg.rf.w3sW4Hci6iYyxA5JYewq.jpg,1024,683,2,210,240,851,458
21ebb03ccfc5a4944_jpg.rf.whlQFaew8uzNFVIQ54TP.jpg,1024,678,2,254,304,612,654
21ebb03ccfc5a4944_jpg.rf.whlQFaew8uzNFVIQ54TP.jpg,1024,678,2,377,274,932,575
armas (1838)_jpg.rf.wdclJErw0budtMgrzC1u.jpg,1500,897,0,40,44,1457,877
armas (372)_jpg.rf.623ekmmuzOI7WPDWZi9H.jpg,410,227,0,58,138,146,227
7179862c308ac8b25_jpg.rf.6I1dRH0P6EKFx29EH1Ru.jpg,1024,681,2,111,181,238,547
7179862c308ac8b25_jpg.rf.6I1dRH0P6EKFx29EH1Ru.jpg,1024,681,2,253,76,480,404
7179862c308ac8b25_jpg.rf.6I1dRH0P6EKFx29EH1Ru.jpg,1024,681,2,539,296,897,443
01d232a2d6ad4eed5_jpg.rf.6g3Pzrg3HcfjfFZKCtxp.jpg,1024,683,2,596,70,732,329
armas (738)_jpg.rf.6iwzeYe6nRncflorPD8I.jpg,1100,733,0,206,104,1006,692
1113213f52efdee15_jpg.rf.6pGJA793RwceymR3oRTN.jpg,1024,680,2,123,228,668,427
0186121e3ec099a94_jpg.rf.6sngvfx6Oq4R81x4GL4V.jpg,683,1024,2,132,328,554,499
armas (352)_jpg.rf.7D8YYibv5LnklebnAuhn.jpg,1920,1200,0,100,475,636,922
armas (1389)_jpg.rf.7F02KonVxQeC47b6mStd.jpg,500,357,0,27,171,118,249
b1d5977adc018accf_jpg.rf.7G7ShhIlpxzp0PjU5aKz.jpg,800,1024,2,144,289,537,654
71b3a921a202294e5_jpg.rf.C2furxAV2p8Ezp8gBlMD.jpg,1024,680,2,184,235,925,589
armas (1118)_jpg.rf.C4970sixgrdBPgHxmjyB.jpg,866,1390,0,77,433,303,763
armas (2237)_jpg.rf.CAM26xkR57Xr64FFTdHc.jpg,160,120,0,3,3,156,118
armas (2719)_jpg.rf.CI3PP9Oat7yN2zzfLqds.jpg,160,120,0,2,1,157,116
armas (1301)_jpg.rf.ClxEfEZOaOUbqgF5nuCL.jpg,500,375,0,50,57,478,317
0e6275396999530d_jpg.rf.D37Lwu5fB5ZwwHUAlEpJ.jpg,1024,612,0,18,143,778,554
11ff4c350693df2f0_jpg.rf.wcItjQE81rd83ttBSvsm.jpg,1024,683,2,582,415,1024,661
armas (1394)_jpg.rf.5zf1YiMH0W4ZPfseIuUu.jpg,375,500,0,211,154,296,224
armas (889)_jpg.rf.5zc1VkvJmpYA8OVIw2lJ.jpg,275,183,0,100,70,141,113
armas (1518)_jpg.rf.EjP5DwWcLBJhYvFEwxyw.jpg,375,500,0,185,258,208,275
armas (2140)_jpg.rf.Eo5neHwm0dqX4RC7jUOI.jpg,300,370,0,62,49,195,119
armas (2140)_jpg.rf.Eo5neHwm0dqX4RC7jUOI.jpg,300,370,0,48,197,187,275
armas (2140)_jpg.rf.Eo5neHwm0dqX4RC7jUOI.jpg,300,370,0,100,224,227,319
armas (2140)_jpg.rf.Eo5neHwm0dqX4RC7jUOI.jpg,300,370,0,142,271,244,358
armas (2140)_jpg.rf.Eo5neHwm0dqX4RC7jUOI.jpg,300,370,0,147,127,281,198
armas (2346)_jpg.rf.F5x5k8ti8Ul4X5MyX9OF.jpg,160,120,0,2,2,158,114
armas (2090)_jpg.rf.FQ18QXdSSJg5Xrro7zjS.jpg,900,598,0,31,106,221,262
5f3f9825f1b8242c_jpg.rf.FXDsWt4BSLinSb1qZr1w.jpg,1024,632,0,117,95,917,516
41004c7fb2f606e42_jpg.rf.FYotWmLTTa7aIplsMnRh.jpg,1024,555,2,294,280,762,554
armas (703)_jpg.rf.FsN1OxKuaj4hZxhny1FR.jpg,900,1350,0,25,937,419,1249
armas (703)_jpg.rf.FsN1OxKuaj4hZxhny1FR.jpg,900,1350,0,492,952,865,1255
armas (703)_jpg.rf.FsN1OxKuaj4hZxhny1FR.jpg,900,1350,0,10,640,431,909
armas (703)_jpg.rf.FsN1OxKuaj4hZxhny1FR.jpg,900,1350,0,468,640,877,928
armas (703)_jpg.rf.FsN1OxKuaj4hZxhny1FR.jpg,900,1350,0,7,328,407,597
armas (703)_jpg.rf.FsN1OxKuaj4hZxhny1FR.jpg,900,1350,0,492,334,843,603
armas (703)_jpg.rf.FsN1OxKuaj4hZxhny1FR.jpg,900,1350,0,25,3,368,258
armas (703)_jpg.rf.FsN1OxKuaj4hZxhny1FR.jpg,900,1350,0,483,21,850,279
a1d22dac58c9e99c2_jpg.rf.G6oxiowAGUbad1iaO0f1.jpg,723,1024,2,359,170,579,843
armas (17)_jpg.rf.N4KYKQwVzkW7A4Nrldei.jpg,1300,870,0,858,356,1125,635
armas (1568)_jpg.rf.Nxqh5yt5EGvvH4ZmNHZS.jpg,500,281,0,162,21,285,235
armas (1165)_jpg.rf.ORTzKEV2yJjGsWIPyoVq.jpg,2000,1000,0,1153,405,1676,999
50df4f4bf7d955af_jpg.rf.PGNGVLPVJGotdaVAHO7r.jpg,1024,680,0,48,206,972,547
010ee6363cc8e011c_jpg.rf.QFS5WxXLKJhBgj9qfQcm.jpg,1024,680,2,552,287,597,485
armas (1784)_jpg.rf.5p8WLnza4LnE3n7F1UC8.jpg,1920,1080,0,1008,64,1102,243
armas (1784)_jpg.rf.5p8WLnza4LnE3n7F1UC8.jpg,1920,1080,0,1355,726,1472,953
armas (965)_jpg.rf.CtJxkvRHUNhekd9CuwoE.jpg,183,275,0,114,17,169,94
11035cf7cae07b543_jpg.rf.E2lEfaOhXuteu6bPxZnL.jpg,1024,681,2,255,348,767,571
b1e11c3b8a57df0d0_jpg.rf.EMxMp9nG7y45rsp2qnQa.jpg,1024,683,2,224,176,764,362
armas (863)_jpg.rf.EQdU1FtKiN6vBadCnHvU.jpg,183,275,0,87,90,162,224
c1df1bbf588ba016e_jpg.rf.DBS4HcAatnhZcoM49sS1.jpg,1024,578,2,105,204,357,337
c1df1bbf588ba016e_jpg.rf.DBS4HcAatnhZcoM49sS1.jpg,1024,578,2,704,300,747,362
armas (107)_jpg.rf.SOmYW2ansepGbKQ12edJ.jpg,156,235,0,43,52,75,130
armas (905)_jpg.rf.ShOWT6JdPO68ihG6RF9m.jpg,285,177,0,144,40,178,70
armas (2744)_jpg.rf.SsqqJoZF8frZfo2FniUr.jpg,160,120,0,1,3,155,116
armas (2255)_jpg.rf.TF32LqIkO4UhwYf81L5j.jpg,160,120,0,3,1,158,115
010001123_jpg.rf.TVpitPdzQtNHb9k9tNd4.jpg,600,276,2,44,25,586,98
5a2974d792a69b5e_jpg.rf.TWhg0qIVuzocTjNvOe98.jpg,1024,819,0,26,610,258,786
5a2974d792a69b5e_jpg.rf.TWhg0qIVuzocTjNvOe98.jpg,1024,819,0,510,609,864,817
4175d67fc473d0989_jpg.rf.TqnKviCANHTi5F8TeCZJ.jpg,662,1024,2,334,750,450,1023
4175d67fc473d0989_jpg.rf.TqnKviCANHTi5F8TeCZJ.jpg,662,1024,2,530,494,613,866
armas (479)_jpg.rf.U92SSPhs2ZRzJwjQCI5L.jpg,168,111,0,14,39,36,73
armas (2781)_jpg.rf.UIBywPFu3vjVAcVaSZ3q.jpg,634,350,0,196,154,282,226
armas (2280)_jpg.rf.URZlNYzKauMemi6HMjOW.jpg,160,120,0,2,1,158,119
41fb14531445ee0e6_jpg.rf.UdJxdQKxoDMYaZQJWCIN.jpg,1024,680,2,45,277,819,573
41fb14531445ee0e6_jpg.rf.UdJxdQKxoDMYaZQJWCIN.jpg,1024,680,2,282,141,469,187
armas (526)_jpg.rf.UzsNteNCugWauJJuYXGr.jpg,262,192,0,49,21,185,137
012925351bb3ca378_jpg.rf.D3iq8UR6aILrRTalTMKe.jpg,1024,682,2,301,215,902,509
010000287_jpg.rf.Qt86jE5g2caHFoXQHgT0.jpg,600,414,2,263,49,308,267
010000287_jpg.rf.Qt86jE5g2caHFoXQHgT0.jpg,600,414,2,60,108,91,383
010000287_jpg.rf.Qt86jE5g2caHFoXQHgT0.jpg,600,414,2,469,42,565,300
armas (2509)_jpg.rf.QLGcRClhMqTzOy4umIM4.jpg,160,120,0,1,1,159,117
a1547f03a0329b6ef_jpg.rf.RANj6YJ44X2kub9BVvfo.jpg,1024,768,2,0,171,974,765
d1302a224a0cf1ff7_jpg.rf.Qs7PGxuNbwO7fVlCrfO9.jpg,1024,768,2,109,65,846,562
2139c2ab8be7d5ced_jpg.rf.SOYnxWDa6viXY9j1W6pX.jpg,1024,683,2,288,281,737,488
81076458565ab55ab_jpg.rf.b1GUP2Ui6vRyQGSgRJRm.jpg,1024,678,2,40,203,1023,457
a1ec697bf9046bca0_jpg.rf.b2WCUV0rBe2UR6YhG7Cl.jpg,1024,687,2,210,137,325,237
0a4579d3deb36479_jpg.rf.bCWMqkAPhyYrHA1t9QDy.jpg,1024,638,0,509,210,608,289
324059297afc8c15_jpg.rf.bFEq8ysV8X5OXw1uNt3w.jpg,1024,680,0,0,0,420,197
324059297afc8c15_jpg.rf.bFEq8ysV8X5OXw1uNt3w.jpg,1024,680,0,168,277,437,656
324059297afc8c15_jpg.rf.bFEq8ysV8X5OXw1uNt3w.jpg,1024,680,0,584,278,853,654
324059297afc8c15_jpg.rf.bFEq8ysV8X5OXw1uNt3w.jpg,1024,680,0,599,0,1023,198
armas (185)_jpg.rf.bIlhrh9ema2e9isMM4hy.jpg,634,507,0,305,291,369,339
010000320_jpg.rf.bzr5swaVajCSkgQdzo9u.jpg,600,337,2,95,69,591,214
armas (1631)_jpg.rf.c4yrLi6h5rYfYBRnQ6V6.jpg,500,281,0,18,16,476,243
616df0518c9dfd52d_jpg.rf.c7fpwqE3fxBkNR8YEFku.jpg,1024,768,2,2,159,300,752
816258dfa892a73d9_jpg.rf.cH7mIbk5fXjcYRxdkRWo.jpg,1024,683,2,266,167,692,500
010000350_jpg.rf.VCV8SBiG9L1uy4SDKFVZ.jpg,600,306,2,50,79,476,227
armas (1824)_jpg.rf.aGkJMU4iWozqmSvBitCf.jpg,600,337,0,217,124,420,336
91bd7c49a9a08a28b_jpg.rf.asIgMXG10RHc0066JwCf.jpg,1024,753,2,0,276,848,657
3164e11fec3af69af_jpg.rf.V7JtorPlMrfQZetM1ZlG.jpg,768,1024,2,70,745,448,970
010000499_jpg.rf.azXbPatXA7cRzfDocCu3.jpg,320,320,2,19,19,297,280
i1mage58_jpg.rf.axWvvWjPE4e7OpkiNJqk.jpg,648,360,2,326,99,635,360
i1mage58_jpg.rf.axWvvWjPE4e7OpkiNJqk.jpg,648,360,2,43,122,228,300
010000397_jpg.rf.assfp14vh2pNuvvy8w0z.jpg,600,337,2,367,15,528,334
010001098_jpg.rf.0dkN3LKPC5ziU8uLsxMp.jpg,600,933,2,251,88,584,790
i1mage120_jpg.rf.0eOsO3uaobi1nGf4Yr8o.jpg,560,336,2,68,203,529,336
armas (41)_jpg.rf.0jLaa2ujMyKqPCObEhSr.jpg,1500,1124,0,1126,247,1287,458
armas (2899)_jpg.rf.0jgq6DU8gIjc9NUPALYR.jpg,1300,863,0,177,124,602,824
8116764d35c808024_jpg.rf.1DA9zv0PyGztCJwTVmrc.jpg,1024,653,2,133,77,1022,407
armas (2608)_jpg.rf.1LiYDNOAZLUP3O8Te9wi.jpg,160,120,0,1,1,157,107
armas (1376)_jpg.rf.1OnN2QyOa5gxRUYiVbtj.jpg,335,500,0,17,111,335,443
49b1fd053c5bfa17_jpg.rf.dKKgDv2KEFYP86UM5oMy.jpg,1024,683,0,356,308,492,496
armas (712)_jpg.rf.cyk0OCYhXAgUpyaocRm8.jpg,640,440,0,228,78,410,327
armas (1797)_jpg.rf.dU8BXWq0Xze9t6xhIpts.jpg,1280,853,0,134,99,1127,851
armas (1268)_jpg.rf.clcNIJdSJHTRO9JNkoN8.jpg,500,339,0,91,27,202,289
armas (1268)_jpg.rf.clcNIJdSJHTRO9JNkoN8.jpg,500,339,0,308,120,386,257
f1a78939c9bb9f7f4_jpg.rf.dpWzERGaXS9CZbpnozQ7.jpg,683,1024,2,162,374,641,710
f1a78939c9bb9f7f4_jpg.rf.dpWzERGaXS9CZbpnozQ7.jpg,683,1024,2,451,161,582,380
armas (789)_jpg.rf.dv8wtfMDDKp4s2M40rtL.jpg,300,164,0,17,37,282,135
i1mage164_jpg.rf.di5ER3XgxdkbInXP4U4X.jpg,800,593,2,48,317,538,560
01292f223183b9bbc_jpg.rf.cSpKct4tuqBUx3kV2tgA.jpg,1024,768,2,251,231,846,423
e112eeb6474b3ec80_jpg.rf.05UGTm8xXdKFuNjmRRta.jpg,1024,575,2,204,220,876,467
3103144456fc5ef45_jpg.rf.36FGfenpVjP34A7Tw4CM.jpg,680,1024,2,404,556,679,764
81988a1651565d43d_jpg.rf.3AgW5RoxmJIEY5LtYaMe.jpg,1024,485,2,14,63,1007,469
armas (241)_jpg.rf.3dGh1yOiooQ9FSgvnnEq.jpg,620,457,0,279,142,320,180
010000532_jpg.rf.3lQjhO4l6qK3vU5G6pjc.jpg,600,434,2,4,170,592,307
610af7576e869f8e0_jpg.rf.3pReGNpKbNj7WrhKHjQ8.jpg,1024,681,2,55,457,707,680
c188b7bb2fa4a9d1a_jpg.rf.0Ge0pmlZtnziN4ccg47h.jpg,1024,683,2,2,200,597,454
11a885ee4bdb896ad_jpg.rf.0IvOQKbdgi5LSZQAdecb.jpg,1024,681,2,97,46,168,63
11a885ee4bdb896ad_jpg.rf.0IvOQKbdgi5LSZQAdecb.jpg,1024,681,2,225,191,874,429
010000999_jpg.rf.0MM3uSEcxQlnMaOFARM3.jpg,600,450,2,29,185,583,344
armas (1415)_jpg.rf.0PNLOUEUNHRu44QmwL5U.jpg,500,375,0,22,67,438,276
armas (1855)_jpg.rf.0RXQIRfMLkzYY5G23Cp4.jpg,640,360,0,65,89,117,125
31714f9b06365316a_jpg.rf.sIzRppUudABBUIKjTvnD.jpg,1024,314,2,27,39,1022,306
e16519c72ab889470_jpg.rf.sP35KQVmtfgbZ6jyMacn.jpg,1024,683,2,166,277,541,360
armas (664)_jpg.rf.sRqbcSP3cQGQyv3CCTE8.jpg,640,368,0,125,28,525,291
d1da21d69d333393a_jpg.rf.sbQfQGCvLNA0KdTyQ2Jo.jpg,1024,681,2,143,251,887,538
d1da21d69d333393a_jpg.rf.sbQfQGCvLNA0KdTyQ2Jo.jpg,1024,681,2,273,470,660,533
armas (1064)_jpg.rf.t1WWD71mPkHa0LkUUGzp.jpg,356,540,0,67,15,91,187
armas (2281)_jpg.rf.1bgEsmApTbJEfjQcU4bu.jpg,160,120,0,1,1,157,112
armas (2216)_jpg.rf.1byqNF0AUeCykPKhmCyz.jpg,160,120,0,2,2,159,111
armas (2029)_jpg.rf.1iYfbbPoqlNP9D5PJEPj.jpg,661,496,0,321,151,342,181
armas (2029)_jpg.rf.1iYfbbPoqlNP9D5PJEPj.jpg,661,496,0,453,144,466,157
armas (2815)_jpg.rf.2vIfmT9W2lCTQEG0EUfh.jpg,259,194,0,3,1,3,2
armas (2815)_jpg.rf.2vIfmT9W2lCTQEG0EUfh.jpg,259,194,0,36,39,216,186
armas (2367)_jpg.rf.20G4iP3aXRQ3CH1jAVnY.jpg,160,120,0,1,3,158,115
51042f82122105bfa_jpg.rf.1zMMpEGIEZpSQVyL5M3i.jpg,1024,576,2,182,121,957,527
armas (650)_jpg.rf.2Idlcvryxa3yGJyROBEd.jpg,955,900,0,30,4,954,870
a1515490a7bc3ebbc_jpg.rf.2unkA58uSvsXTTjZpDjl.jpg,1024,575,2,0,170,916,575
armas (60)_jpg.rf.1eYuss8SilAGt1BP3bFC.jpg,600,338,0,185,100,598,301
armas (1270)_jpg.rf.tfeqhaXlPmmB3NUdi3dT.jpg,500,400,0,49,181,354,373
0178bf4dad010105e_jpg.rf.uvMhT2P96r8suWsC1TCM.jpg,1024,683,2,31,224,565,682
0065a51ab60e59fe_jpg.rf.vFWANspW8S8MFjIaH6FE.jpg,1024,702,0,135,82,795,571
armas (607)_jpg.rf.vXlpR3VaeUi3N2deQkoN.jpg,764,625,0,36,174,707,504
31c1cae4b78bc8ae4_jpg.rf.w6F2t4VZBr7MN1IK2Mbd.jpg,1024,681,2,76,197,1014,418
d1f871c3094d5b9a7_jpg.rf.xhyypFci3t2nMBqw4Hpc.jpg,1024,680,2,43,290,767,551
d1f871c3094d5b9a7_jpg.rf.xhyypFci3t2nMBqw4Hpc.jpg,1024,680,2,352,155,473,197
i1mage36_jpg.rf.yIpwXBreoK6rEVCNaDo0.jpg,723,406,2,261,72,514,143
i1mage36_jpg.rf.yIpwXBreoK6rEVCNaDo0.jpg,723,406,2,140,124,714,295
c1769719ecdb69c01_jpg.rf.yv2Xdo7GRYHfYy7XQGng.jpg,1024,679,2,249,191,713,441
84f0dee34080ba3f_jpg.rf.zoRwxJOsUeymXuqVhIrN.jpg,1024,576,0,183,0,1024,575
armas (375)_jpg.rf.zohzof9Pn2mGpdfLFlk6.jpg,800,556,0,268,58,522,331
armas (920)_jpg.rf.SWIHRSnurYdsTJ5agDsc.jpg,221,229,0,51,140,81,185
010000138_jpg.rf.SjHoBsf6minvucJv9k6R.jpg,600,531,2,26,287,584,497
010000138_jpg.rf.SjHoBsf6minvucJv9k6R.jpg,600,531,2,16,26,584,222
armas (2445)_jpg.rf.Sqe2KeVLUe6UYxYlhVfL.jpg,160,120,0,4,1,157,117
armas (765)_jpg.rf.SruQnfs7TZQLJ81LDXVo.jpg,300,241,0,23,45,288,228
armas (2893)_jpg.rf.Td85TC083y0oxjqHiL7a.jpg,450,301,0,117,99,203,139
armas (2893)_jpg.rf.Td85TC083y0oxjqHiL7a.jpg,450,301,0,301,265,331,301
2123d1927a9ed1fb4_jpg.rf.TnHpbd1vA2VgzhC2yqMs.jpg,1024,731,2,342,291,873,660
2123d1927a9ed1fb4_jpg.rf.TnHpbd1vA2VgzhC2yqMs.jpg,1024,731,2,591,0,763,164
91f4334e5052050c3_jpg.rf.V9KiH7nC5ZxTc4fsTtv5.jpg,1024,711,2,238,339,789,565
armas (491)_jpg.rf.VaUn2xMPJwyqydDmN033.jpg,268,188,0,13,23,256,175
armas (1137)_jpg.rf.W0XXGUFt42C8HNRZfwgI.jpg,750,418,0,90,4,685,417
armas (887)_jpg.rf.tIwoEHiYxBfEPU76P2Tu.jpg,252,200,0,21,32,162,142
armas (981)_jpg.rf.aMIBYyXdwxoG2Skos5gs.jpg,254,199,0,14,80,79,115
armas (981)_jpg.rf.aMIBYyXdwxoG2Skos5gs.jpg,254,199,0,95,78,158,118
armas (981)_jpg.rf.aMIBYyXdwxoG2Skos5gs.jpg,254,199,0,180,79,240,120
010000827_jpg.rf.aMoVUoMbWeqWahD0vjht.jpg,600,450,2,45,97,537,275
c185b5ed44747477d_jpg.rf.aQRXfajIiG1eGVdWTDfI.jpg,1024,680,2,124,145,1009,499
armas (1517)_jpg.rf.alHrNMWTyBEspGVcFq80.jpg,500,375,0,253,115,279,136
armas (1083)_jpg.rf.b9MN8uTPC7Fde9RoWEwH.jpg,136,170,0,66,4,85,55
armas (590)_jpg.rf.bScmK61MTkaqKUfpiWjn.jpg,1300,1008,0,475,71,1152,916
armas (1990)_jpg.rf.bboXvMxuL8ABJFJO3k43.jpg,640,472,0,86,36,556,259
01c4ef283cb2d7be0_jpg.rf.VAeJyH8tHbteN3yKUMol.jpg,1024,683,2,0,118,1023,682
010000972_jpg.rf.WUGAJs9f16LbyX7khjbX.jpg,320,180,2,129,95,206,142
41acfd673130de92_jpg.rf.ZiD7We1YkctkWBRQ4kR7.jpg,1024,768,0,93,135,812,758
armas (2889)_jpg.rf.YkNyTmyodnRtGf0z5DHb.jpg,1300,911,0,177,293,912,753
719a7975b3d8232b5_jpg.rf.X37cJ9DpiQtdg7dZ0bpK.jpg,1024,768,2,294,425,754,711
719a7975b3d8232b5_jpg.rf.X37cJ9DpiQtdg7dZ0bpK.jpg,1024,768,2,457,158,687,346
8955aad4e43a960b_jpg.rf.9WO45cKqzmtTgwNvTCf7.jpg,1024,677,0,277,257,482,340
armas (874)_jpg.rf.9WdKUkrCuX82Z760IuyN.jpg,300,168,0,164,111,197,159
e1d8f9ea6a73059a9_jpg.rf.9fOxJkMRavOh8e6U2tZ6.jpg,1024,680,2,0,29,947,678
armas (126)_jpg.rf.ADZRy6MLWTjov92lKW3q.jpg,300,450,0,1,1,298,271
armas (675)_jpg.rf.AJjRDYIM2Nz62K33Uz9K.jpg,300,300,0,19,44,282,207
armas (2457)_jpg.rf.AOp5G112xmqTVw110tjB.jpg,160,120,0,1,3,159,116
armas (1087)_jpg.rf.8PRY9wwfnVk2NJgDfU21.jpg,600,436,0,57,18,567,412
7111fbfa40b208b59_jpg.rf.8TeGvUY5fIW4pUUmqK95.jpg,1024,768,2,271,199,1023,703
armas (2187)_jpg.rf.8ibGHOYE5bWUHrbDC6Lw.jpg,160,120,0,2,1,159,108
armas (2447)_jpg.rf.8inEd4CnIjrzctYx0xvm.jpg,160,120,0,2,3,158,116
012d534f4aa4e9be5_jpg.rf.8vFq9SIouCV7ayuCFmYJ.jpg,1024,683,2,295,276,650,682
armas (1114)_jpg.rf.8lMEh2uiKiikttPIjHZG.jpg,600,425,0,42,141,166,203
010000528_jpg.rf.8yUqr2DWtldMkKlDIIuz.jpg,600,400,2,2,119,526,211
515b02aa79bced9b8_jpg.rf.97O6mKjpXwMW6zwPqz0s.jpg,1024,670,2,38,70,616,483
515b02aa79bced9b8_jpg.rf.97O6mKjpXwMW6zwPqz0s.jpg,1024,670,2,611,368,894,630
armas (1846)_jpg.rf.9AU4n5Mnuw6HNPTCxLXx.jpg,475,356,0,69,47,304,268
armas (612)_jpg.rf.8cEairSmsTzpRve79QvI.jpg,3486,2490,0,743,341,3350,2125
armas (1454)_jpg.rf.bZ00dGeXklRs9A3HfpV8.jpg,500,340,0,248,103,280,139
armas (2147)_jpg.rf.bAbTs6aTYxlsA4KmLwFe.jpg,656,490,0,178,204,332,273
armas (2147)_jpg.rf.bAbTs6aTYxlsA4KmLwFe.jpg,656,490,0,123,302,275,370
armas (2147)_jpg.rf.bAbTs6aTYxlsA4KmLwFe.jpg,656,490,0,354,236,467,293
armas (2147)_jpg.rf.bAbTs6aTYxlsA4KmLwFe.jpg,656,490,0,446,166,575,216
armas (2147)_jpg.rf.bAbTs6aTYxlsA4KmLwFe.jpg,656,490,0,475,75,616,127
armas (2147)_jpg.rf.bAbTs6aTYxlsA4KmLwFe.jpg,656,490,0,552,119,647,147
i1mage60_jpg.rf.9GHnNetowQjqG1naPiPC.jpg,504,378,2,75,8,394,330
b125ba8764030035b_jpg.rf.ExYqcXae60upQg3LEJHh.jpg,1024,731,2,371,230,744,514
armas (542)_jpg.rf.F7tRK7ZJZ0HEIAQEl79t.jpg,245,206,0,169,59,200,118
armas (2422)_jpg.rf.FJtxQB8VwuFqbUHDgVzZ.jpg,160,120,0,2,3,156,116
81c7f44b0fc2ad5c0_jpg.rf.FMPRBW6mtzmHVmo6mfDH.jpg,1024,683,2,237,170,707,440
31d828a82865709d6_jpg.rf.Fk0KPUmVKfom7I50hClv.jpg,1024,680,2,47,288,1024,632
armas (1134)_jpg.rf.FuUuX3K3Fb72ZYaBJD4K.jpg,560,368,0,201,41,456,303
armas (2938)_jpg.rf.FyUTxqOfSPhSQPePPJRQ.jpg,1300,816,0,5,185,1107,816
armas (2721)_jpg.rf.G0779M8AgIwAptwZtDYh.jpg,160,120,0,2,1,157,115
010000759_jpg.rf.G4TYnP4vjljpOvGbNbiC.jpg,600,215,2,4,23,277,188
01eda26a12087b6f2_jpg.rf.G5Y8eWfDEWZFB0jVEbaE.jpg,1024,685,2,378,256,953,441
60a715433ef7ba49_jpg.rf.G97XOx4OwT9UthIuABzY.jpg,1024,900,0,34,33,843,427
60a715433ef7ba49_jpg.rf.G97XOx4OwT9UthIuABzY.jpg,1024,900,0,106,340,999,862
713ed2e18947f3416_jpg.rf.GObli8GC1lfRBxaCr6lJ.jpg,730,1024,2,174,153,661,391
armas (209)_jpg.rf.GSm5iKRkTjppcDaSsNDy.jpg,728,546,0,344,286,668,501
319f3e5c397c4fc59_jpg.rf.GjQzBf6e6J1iCqVtn1yc.jpg,1024,685,2,69,180,1023,484
419ffd4eb496e4f1b_jpg.rf.GkPmjtdZwcWQuSYTq40C.jpg,1024,768,2,314,469,882,767
0148c4e77ea54960_jpg.rf.H4F4re21LORAhDr15GuL.jpg,1024,687,0,48,58,962,642
armas (1914)_jpg.rf.Am3Y7OQ2qEqnFLDszHaD.jpg,788,1000,0,76,87,758,696
armas (2503)_jpg.rf.ApybcgHl6UGHRzoqt9FE.jpg,160,120,0,3,1,155,118
armas (704)_jpg.rf.AyU4WHurkvG0BIFCRkFg.jpg,450,336,0,12,133,321,334
armas (704)_jpg.rf.AyU4WHurkvG0BIFCRkFg.jpg,450,336,0,128,10,434,233
611afbea5642a2e92_jpg.rf.AQlzO57M46GDw7IB5Z0I.jpg,1024,601,2,41,0,1023,500
armas (246)_jpg.rf.AnPs1gbJbsSxJ2epjBou.jpg,1608,1258,0,118,163,724,1161
armas (326)_jpg.rf.AzbRiwCO4R7JJF05tl2U.jpg,450,284,0,1,72,151,166
armas (326)_jpg.rf.AzbRiwCO4R7JJF05tl2U.jpg,450,284,0,296,73,440,166
9ada53baacff84b6_jpg.rf.kkrosnIr4u29GWEH0FrY.jpg,1024,752,0,612,221,845,375
armas (1380)_jpg.rf.l2ZcTxa7shiJBNFx2u06.jpg,500,314,0,382,1,499,183
71856e915ee203713_jpg.rf.l9IkUsqlQCqWiEzBcFKD.jpg,1024,638,2,171,164,1023,581
1196ef44480b7b304_jpg.rf.WafKDasYTf9CvlWosozH.jpg,1024,325,2,50,67,994,268
41fe42df40579a9c4_jpg.rf.WXjPdgjQo2aeURTAglE2.jpg,1024,678,2,454,378,739,600
010000282_jpg.rf.Nb5HZqe68WbySkgJaRQa.jpg,550,295,2,40,98,526,237
012d4091784731e26_jpg.rf.NlqBRcHC8JELBpw46dix.jpg,1024,681,2,0,247,141,644
armas (792)_jpg.rf.NtStUARFZpCHIWjRq5fz.jpg,300,243,0,84,50,210,118
armas (709)_jpg.rf.WagBIXYoRnW39ova2UtQ.jpg,300,182,0,1,1,222,163
armas (2366)_jpg.rf.O2RspiR5jz3WpxaQFmQk.jpg,160,120,0,5,3,155,72
armas (827)_jpg.rf.OGIEiyjUorikj2gGN2VO.jpg,190,300,0,1,91,188,211
armas (1827)_jpg.rf.OBiHxPAY8F0uIPhSoIv7.jpg,396,286,0,132,84,219,131
5f953a156f41fb9f_jpg.rf.WjS8EyGOE1Ac9iHlKMlS.jpg,1024,683,0,58,176,978,558
114394b8a8fadd0ce_jpg.rf.OK3t9XwWCCovWufXbtMk.jpg,1024,683,2,103,502,652,661
81aafb07f4ea4e112_jpg.rf.ON8xU0JkR6iaQasVHgvU.jpg,1024,309,2,46,95,969,245
45c2169b2fa939bd_jpg.rf.WfXIXnInl6bpmZGVcrkk.jpg,1024,824,0,94,162,886,624
419fc84cec7dc78b4_jpg.rf.WjRw5Z8UHPDD20logEGZ.jpg,1024,768,2,148,487,739,531
419fc84cec7dc78b4_jpg.rf.WjRw5Z8UHPDD20logEGZ.jpg,1024,768,2,210,424,700,604
419fc84cec7dc78b4_jpg.rf.WjRw5Z8UHPDD20logEGZ.jpg,1024,768,2,336,390,673,436
armas (910)_jpg.rf.OV2CONVfWNuJslvXuMIE.jpg,285,176,0,34,43,82,85
armas (2982)_jpg.rf.Ue2AmYHFjsu6GCgRu6Hk.jpg,500,375,0,179,120,316,252
armas (1128)_jpg.rf.OlnvLnV1FaeYy0zfMq7w.jpg,640,447,0,36,72,301,267
armas (840)_jpg.rf.WnZt1r3m1SzRUtmumjfO.jpg,275,183,0,85,18,225,167
armas (78)_jpg.rf.OT4Q7l8wxHaDOo2ofioD.jpg,300,450,0,36,112,157,276
armas (2902)_jpg.rf.OOcZwVvYgdhN6sMcdVS5.jpg,168,112,0,23,5,52,70
51a4f49b339805e09_jpg.rf.OpUC177RQueFqOLDSlPi.jpg,1024,680,2,401,180,671,415
armas (646)_jpg.rf.WyEkLneOCPEjUX5KVCYN.jpg,400,300,0,71,115,242,217
0107f84b220311739_jpg.rf.Uh1XplbdoiCLifkYT5QZ.jpg,1024,683,2,283,242,936,682
i1mage32_jpg.rf.OgVjI8ZpaX8uAXUohNfx.jpg,800,533,2,26,249,589,489
armas (2852)_jpg.rf.VATrvg1augIl0wu7jUpa.jpg,808,606,0,290,101,787,386
armas (2852)_jpg.rf.VATrvg1augIl0wu7jUpa.jpg,808,606,0,44,213,490,489
armas (2880)_jpg.rf.X0n95YcTN0wzUS1zFSne.jpg,1300,870,0,502,232,1152,682
b15d8ba9d0e4db250_jpg.rf.XHAsiwiv2dKKQUotvomd.jpg,1024,681,2,110,82,985,597
armas (854)_jpg.rf.X7BaFQP4fM7otm07zxkb.jpg,313,161,0,47,43,152,119
armas (854)_jpg.rf.X7BaFQP4fM7otm07zxkb.jpg,313,161,0,161,45,263,114
e1f48c7223b3d9c54_jpg.rf.UxBANrcpmOVCkh2U3nZ1.jpg,1024,683,2,75,208,705,612
armas (555)_jpg.rf.Uz7fuPX2seTbmodzYi5x.jpg,250,202,0,49,54,161,110
armas (1458)_jpg.rf.UzN8NBtT9EYT6oF2Wjym.jpg,500,336,0,31,89,463,259
armas (2293)_jpg.rf.V7RUjsjqXQYt6jFSvUkd.jpg,160,120,0,7,2,157,116
010000209_jpg.rf.V253ovPeZiWL5V332N8P.jpg,600,400,2,251,165,518,371
214092f3660591e4e_jpg.rf.Vp5WlSPLRfq4WayO7cI2.jpg,1024,683,2,0,262,753,570
armas (597)_jpg.rf.VuLDpVMMf7cR0DuzxLlT.jpg,661,496,0,150,1,448,495
f118cbd8ae8394e16_jpg.rf.XQXsxz49BNM97zCx4Txs.jpg,1024,767,2,36,240,984,606
4d001671b68d493c_jpg.rf.XAr71wvlYMpE5fMlg6OX.jpg,1024,795,0,348,640,617,795
armas (1727)_jpg.rf.VuLgIhVn86M2PTs87rMS.jpg,500,172,0,5,6,239,167
armas (1727)_jpg.rf.VuLgIhVn86M2PTs87rMS.jpg,500,172,0,262,7,493,164
armas (2298)_jpg.rf.W1o54acIVrhvpSAcTS7R.jpg,160,120,0,4,5,152,113
armas (856)_jpg.rf.VZGPJ5A6GQEDpt8rSpZ1.jpg,297,170,0,22,4,262,97
armas (1441)_jpg.rf.Vmvmj9f3ZPsHDRACbkBS.jpg,500,333,0,103,46,417,241
e1a454edb3538c6e6_jpg.rf.WQ6vr31USpMYraOTyIv7.jpg,680,1024,2,177,364,516,1022
d1af044e384757423_jpg.rf.X7cydRlAOGBclwhIRP4F.jpg,1024,576,2,753,207,794,411
armas (2322)_jpg.rf.VscwMy5M9N2xQOek5DCx.jpg,160,120,0,3,1,156,118
010000337_jpg.rf.W7dWZgnIxFXB169y5jci.jpg,600,600,2,3,135,599,467
15c84af90d8f2aba_jpg.rf.W4GLc8Wu1wJICsPgqAPd.jpg,1024,683,0,368,143,716,439
armas (1127)_jpg.rf.17yZ5AYzLYERRy6DaJpw.jpg,300,470,0,70,154,110,182
016a465c2a232b4b5_jpg.rf.XSMOux3esZUizr6pZ0vr.jpg,542,1024,2,81,285,495,393
010001632_jpg.rf.1HeRX6l0nRrSUqsgB6n4.jpg,600,400,2,21,65,389,241
armas (2560)_jpg.rf.N85eSRnPvgMmTuy0NZLO.jpg,160,120,0,3,2,156,115
armas (510)_jpg.rf.N7LFKrQZV9EYguciM9IA.jpg,300,168,0,167,69,211,108
41f9a37becc570cb7_jpg.rf.W2J4ueqLH3RGSwnGsEoe.jpg,1024,1021,2,89,579,569,816
11ee4e105f2bac346_jpg.rf.VxcrCTbszJEZYfe4wUfq.jpg,1024,768,2,246,121,974,629
armas (2074)_jpg.rf.0qvr15ya9d9IuKB2kdzc.jpg,690,388,0,90,68,583,304
armas (1920)_jpg.rf.0rL40vb3CEE9Q17BmAKI.jpg,1024,176,0,5,22,186,151
armas (1144)_jpg.rf.N987mdcqY8nSSZmAAR8x.jpg,550,309,0,188,165,238,228
armas (1144)_jpg.rf.N987mdcqY8nSSZmAAR8x.jpg,550,309,0,440,108,491,163
011b53aaa04bf4c0d_jpg.rf.0fGPozLcDdtgHY0zsTZr.jpg,1024,683,2,47,261,654,517
armas (488)_jpg.rf.0oLDCBJ1AKSlSdb07T0Y.jpg,450,450,0,154,47,407,258
armas (152)_jpg.rf.0xPjibLZNCDGNgIMaUx1.jpg,300,450,0,150,82,186,155
armas (2712)_jpg.rf.Xf7kdoE28xO8RCqMuPbz.jpg,160,120,0,1,3,157,115
armas (2741)_jpg.rf.1Lp47uawOKqO9ByriY1R.jpg,160,120,0,8,7,156,111
armas (527)_jpg.rf.1NsrZoOW4ymLJGwVlluf.jpg,259,194,0,17,5,230,118
01d46cdefc930e6e9_jpg.rf.1SxxjXs7DpmUEQ1ct6jb.jpg,1024,512,2,9,134,679,451
armas (2538)_jpg.rf.1bS7KDGazXWGqM7u0RGs.jpg,160,120,0,5,1,157,118
012e3e9a3bdeae9fb_jpg.rf.1goSyv76mwoTdtbJFIIY.jpg,1024,682,2,0,189,1023,681
armas (1251)_jpg.rf.1vbFr8Ji86vgNypQJY5c.jpg,500,375,0,16,22,495,359
armas (397)_jpg.rf.XixGIYgByKQ0MhU3T2p4.jpg,682,1023,0,344,494,614,671
armas (1330)_jpg.rf.131juZ7iNEKAuKp9dMIJ.jpg,570,415,0,3,60,556,388
armas (831)_jpg.rf.NDfPs3T3GoXOZkyOPTP3.jpg,300,217,0,1,33,281,215
armas (1892)_jpg.rf.NCW8eLC0NuJWQaxUXBGz.jpg,470,152,0,24,62,249,126
019db3800b249e10b_jpg.rf.1KD9t5ExYasailpaFNE6.jpg,1024,585,2,127,146,778,406
114b1ddcbdc8d7678_jpg.rf.1IMYOVGt4iv3wm29cvDd.jpg,1024,683,2,473,443,933,573
c2fa42287fbcb21f_jpg.rf.1L7QvkMzBm4cjaOWvFkM.jpg,1024,680,0,27,148,930,556
d1985acfeacedf709_jpg.rf.JuKX0nvIpH1BjApAZOXW.jpg,1024,680,2,269,371,809,585
0127cf8617e6b52f_jpg.rf.K1NRA990WfzjgttpGKw7.jpg,1024,711,0,62,287,259,420
armas (2549)_jpg.rf.KAJdkpHPFf9gDcg8Bq8l.jpg,160,120,0,10,3,158,115
armas (1183)_jpg.rf.KafCOav3uQK7xWAhSypm.jpg,705,705,0,496,263,583,374
armas (1015)_jpg.rf.KdZmQVwZtGPLXWNQ0Soe.jpg,268,188,0,114,84,137,129
91f4798d6c82cb077_jpg.rf.0veE4QLGUU6skqNRUyYA.jpg,1024,683,2,150,244,1024,572
armas (82)_jpg.rf.KguBeosDgBn1iN9Nf5vc.jpg,866,1300,0,147,438,358,846
014970ac1c9d4b54e_jpg.rf.NEwj2oM7xH6hwrJ2xc1X.jpg,1024,683,2,251,312,298,415
armas (2103)_jpg.rf.KkMoNct5m4JUYM0djHvp.jpg,346,540,0,102,242,203,394
armas (1924)_jpg.rf.NISBjuHJDlSBrAoozsSH.jpg,815,516,0,3,3,813,512
armas (968)_jpg.rf.JSQzAup5RxxfHlMoXUBD.jpg,183,275,0,37,207,68,246
armas (61)_jpg.rf.JoZerngoAwYBGgEe5foI.jpg,1300,866,0,492,51,900,569
010001078_jpg.rf.JsZbHmkEjEPKpDMaZjYL.jpg,600,450,2,100,114,521,268
26abec4b12fd393d_jpg.rf.JVoOrwNiPFpc8ux678Jy.jpg,1024,683,0,86,31,927,682
b036a7b742284b79_jpg.rf.JS41gjk1uqO2F0v6WoIT.jpg,1024,687,0,45,45,978,669
010000378_jpg.rf.JXFarAC3smZOucWxvEy0.jpg,600,399,2,173,177,474,294
armas (1365)_jpg.rf.d1FREXMhvG542WTfAgpS.jpg,500,333,0,17,12,494,323
armas (560)_jpg.rf.dHc69brYnMZQnXWiVy72.jpg,3872,2592,0,361,754,3061,2304
91c1faf140eae2cf6_jpg.rf.dId8kmJ91XIRLIuqs9DH.jpg,1024,977,2,109,616,897,974
armas (1337)_jpg.rf.1Yl6CnooKmQ4hA8eVwQw.jpg,1024,683,0,179,134,867,543
71d913cc6bcd06d93_jpg.rf.dJFelW2p9Td4dRZvDRWI.jpg,1024,731,2,293,112,1023,558
armas (1112)_jpg.rf.dj3MhFLSvWwKOoMumE3w.jpg,600,400,0,389,72,502,269
armas (79)_jpg.rf.dsBvFj2LprNbynr78E2q.jpg,113,168,0,25,63,45,99
01467e808dc59bb19_jpg.rf.dspBWtafl2B7PF28uUWy.jpg,682,1024,2,469,530,653,627
i1mage86_jpg.rf.e6ixLa7YVN7AIztz5sVp.jpg,558,800,2,61,309,470,624
armas (1678)_jpg.rf.eNs9Akb0fVIqHPOCnN0p.jpg,375,500,0,128,64,325,404
a1cf1c9333d60e3b0_jpg.rf.N6YUYi0KFyRXVpKUbFtm.jpg,680,1024,2,44,341,198,393
a1cf1c9333d60e3b0_jpg.rf.N6YUYi0KFyRXVpKUbFtm.jpg,680,1024,2,366,164,634,545
21c6c90bd94cc640b_jpg.rf.eaSKWxkdYY7Qop40GzMe.jpg,1024,683,2,180,304,715,463
21c6c90bd94cc640b_jpg.rf.eaSKWxkdYY7Qop40GzMe.jpg,1024,683,2,556,57,799,174
21c6c90bd94cc640b_jpg.rf.eaSKWxkdYY7Qop40GzMe.jpg,1024,683,2,589,81,934,214
21c6c90bd94cc640b_jpg.rf.eaSKWxkdYY7Qop40GzMe.jpg,1024,683,2,724,20,934,73
613e9f08480ef04a8_jpg.rf.eaqODkKkglZL1tCyY1eg.jpg,680,1024,2,99,813,680,1024
1189527d86032669f_jpg.rf.JScL3WAEPYZF8zOJhsq7.jpg,1024,683,2,434,176,718,303
1189527d86032669f_jpg.rf.JScL3WAEPYZF8zOJhsq7.jpg,1024,683,2,372,342,490,480
armas (2320)_jpg.rf.KmkidBcxP2vtx3IQNybr.jpg,160,120,0,1,1,158,118
armas (1503)_jpg.rf.KKOsJighc5T9GDCVooWX.jpg,500,375,0,120,71,403,290
armas (2207)_jpg.rf.KqFQIzY8cKQfFtyaGNdl.jpg,160,120,0,3,3,158,106
armas (1805)_jpg.rf.d0lPnoRLSZyp1xx5fbE5.jpg,346,540,0,205,170,238,270
54687f638bd8bae1_jpg.rf.KpwUUma9JtWJZrFQ8V2P.jpg,1024,776,0,64,80,888,709
armas (2761)_jpg.rf.Knb4JO15M2jCfdevlcUf.jpg,160,120,0,1,1,158,118
012b8337f171fa966_jpg.rf.eojshN6knDXNgj5YQtyb.jpg,1024,731,2,267,155,666,422
armas (1426)_jpg.rf.euWxcUH8ceL5tsHDU6oC.jpg,500,442,0,102,84,386,411
01757541df0effe5b_jpg.rf.ev65h9o2xIhDLwD655bh.jpg,1024,691,2,0,302,1023,529
armas (1258)_jpg.rf.evBm0bVOSpkXfsgcmmbP.jpg,500,288,0,307,104,360,137
armas (1258)_jpg.rf.evBm0bVOSpkXfsgcmmbP.jpg,500,288,0,328,126,369,150
armas (1258)_jpg.rf.evBm0bVOSpkXfsgcmmbP.jpg,500,288,0,368,96,428,127
armas (1258)_jpg.rf.evBm0bVOSpkXfsgcmmbP.jpg,500,288,0,385,117,447,144
armas (1258)_jpg.rf.evBm0bVOSpkXfsgcmmbP.jpg,500,288,0,397,137,444,169
armas (1258)_jpg.rf.evBm0bVOSpkXfsgcmmbP.jpg,500,288,0,413,157,466,187
armas (2073)_jpg.rf.f69Ve9Lda6Hr8bs5pVDF.jpg,800,977,0,249,231,396,618
i1mage16_jpg.rf.OrwioqhP5IMllD0dG9zJ.jpg,560,420,2,60,162,73,178
i1mage16_jpg.rf.OrwioqhP5IMllD0dG9zJ.jpg,560,420,2,236,146,501,234
a19204cfd7803df96_jpg.rf.OsiXBQnVhlqS1tW0CsmE.jpg,1024,576,2,0,119,560,373
armas (1654)_jpg.rf.Ouapa0KPnSFMweqh5L0p.jpg,500,333,0,35,20,453,313
e1ecda63690edfd83_jpg.rf.OuzIX1gLl0ldy6v3A8NW.jpg,1024,1024,2,0,544,865,995
e1ecda63690edfd83_jpg.rf.OuzIX1gLl0ldy6v3A8NW.jpg,1024,1024,2,384,702,1022,1022
010000549_jpg.rf.OvNuUMxkM1zSNbDwuqcA.jpg,600,400,2,48,2,573,400
010000459_jpg.rf.Oy5fNEg06nFJ1krVH9z8.jpg,600,435,2,510,183,596,356
010000459_jpg.rf.Oy5fNEg06nFJ1krVH9z8.jpg,600,435,2,415,164,496,355
010000459_jpg.rf.Oy5fNEg06nFJ1krVH9z8.jpg,600,435,2,316,176,391,364
010000459_jpg.rf.Oy5fNEg06nFJ1krVH9z8.jpg,600,435,2,176,151,261,355
010000459_jpg.rf.Oy5fNEg06nFJ1krVH9z8.jpg,600,435,2,38,182,137,364
010001049_jpg.rf.eZBneIGWwMrGPrsfG4lj.jpg,600,449,2,41,57,584,374
8293e083375072ed_jpg.rf.enXcWaDRp3o8U1glTmL4.jpg,1024,681,0,70,71,935,680
913395fd177fcced2_jpg.rf.emK9PPITFPOuMPwPAj4s.jpg,768,1024,2,243,473,575,590
018a4ad48defa5fd9_jpg.rf.em0CF2zzXj9Oc6H3Nb0n.jpg,1024,685,2,99,380,286,488
armas (1936)_jpg.rf.PVFqsKepsEBKS4rGXqZO.jpg,1500,1600,0,785,317,1329,958
armas (1044)_jpg.rf.PfGnkfZZbVdZaogqXNYD.jpg,212,238,0,3,48,47,90
01527ddf0ce2aa83e_jpg.rf.PjWeAflvoywFqmULe14m.jpg,1024,683,2,284,310,985,552
armas (2545)_jpg.rf.PxrxrUWeEPtnkXPuzrSE.jpg,160,120,0,2,1,157,117
armas (2028)_jpg.rf.PzU3I12akYw0WUWYP4j5.jpg,661,496,0,197,162,235,187
armas (2634)_jpg.rf.Q7uYPttcFQ1muF3YRHvp.jpg,160,120,0,16,6,156,116
a13008c1dd500f633_jpg.rf.QBlt2Hyknvcuj1ncZTGW.jpg,1024,768,2,1,10,1024,748
armas (1148)_jpg.rf.QE5CDpPLLivqpMwpWEWY.jpg,1280,854,0,40,235,386,759
armas (1148)_jpg.rf.QE5CDpPLLivqpMwpWEWY.jpg,1280,854,0,306,99,624,587
armas (1148)_jpg.rf.QE5CDpPLLivqpMwpWEWY.jpg,1280,854,0,522,261,856,801
armas (1148)_jpg.rf.QE5CDpPLLivqpMwpWEWY.jpg,1280,854,0,664,83,968,567
armas (1148)_jpg.rf.QE5CDpPLLivqpMwpWEWY.jpg,1280,854,0,898,205,1244,737
21a2a1d0ab1895bff_jpg.rf.QEstJQqpnraZhRbjlrRk.jpg,1024,768,2,182,262,954,550
010001261_jpg.rf.QJhvHGREgzZgHFvUwhqt.jpg,480,360,2,169,137,299,228
611c2e5584cf5ab75_jpg.rf.QNGxrnK6I888ckJ9IEsa.jpg,1024,683,2,632,277,972,417
611c2e5584cf5ab75_jpg.rf.QNGxrnK6I888ckJ9IEsa.jpg,1024,683,2,172,216,276,532
611c2e5584cf5ab75_jpg.rf.QNGxrnK6I888ckJ9IEsa.jpg,1024,683,2,392,256,622,453
114da850bb14ad9a2_jpg.rf.b9aveO6AE5hR2oR9JqJj.jpg,1024,768,2,1,3,1023,767
01e34d4ca97923aec_jpg.rf.ejqPGHe4N7Qw7n45o3bZ.jpg,1024,691,2,272,211,526,356
armas (266)_jpg.rf.bENZVh166BeJCKcGVXYC.jpg,640,476,0,335,201,487,303
c19cf31abe3e817fa_jpg.rf.P2gl13XbzvGHcFRJ1Hz7.jpg,683,1024,2,510,597,610,1000
i1mage134_jpg.rf.P2Y9Dop92aQfd0lQudzM.jpg,600,326,2,109,139,272,326
61b536944cfb19ba8_jpg.rf.P9Qd8Wzizl8og6tm6ruF.jpg,1024,683,2,134,154,999,487
armas (269)_jpg.rf.PPpvK8e3oJ1QMvZA2hbj.jpg,640,487,0,217,199,408,372
e1b9d605c3cb0ad10_jpg.rf.PH8NVI2itNwd0ChNI6Uv.jpg,1024,683,2,0,298,739,616
armas (2652)_jpg.rf.PUfIxpxz29CTDlTtGSQ4.jpg,160,120,0,2,4,157,119
armas (2410)_jpg.rf.PSHflXcd1qr8vkrZfxSW.jpg,160,120,0,3,1,155,118
armas (1649)_jpg.rf.PNYJ4Q3qyybDdcU94nhm.jpg,500,327,0,58,46,439,230
41b91a42e15ed5f8b_jpg.rf.be3CeUDpndCfh9Y9Fo71.jpg,1024,683,2,285,171,491,225
armas (2903)_jpg.rf.bfmGuYN0JvXhxiyKCvRl.jpg,168,112,0,33,33,60,72
armas (1978)_jpg.rf.c4jYe9JBHYI6j68CkVZX.jpg,1300,953,0,456,2,1220,554
armas (2392)_jpg.rf.c5NpGrbgEE2SiAawj1Av.jpg,160,120,0,5,21,155,111
i1mage57_jpg.rf.c9xfSmSAReCrFzEWSG5W.jpg,500,331,2,200,118,358,178
f190674c175ebd273_jpg.rf.cBW0XEohK5aeXMYQGtZr.jpg,1024,768,2,124,273,695,368
31216c41f3ef4289c_jpg.rf.cI5ma4wAR7Nsu8aplb32.jpg,1024,1024,2,203,286,561,415
armas (880)_jpg.rf.cMkK7RcolFdlpq1W2mlN.jpg,208,242,0,54,46,145,188
armas (1479)_jpg.rf.cRukks7JIiPnmQujT6jQ.jpg,500,334,0,73,92,423,305
b18604f53492653cc_jpg.rf.cnMEwy2sEYrn1rPOZxmd.jpg,1024,682,2,101,302,649,562
917677c4a882f7559_jpg.rf.cqBqLoP70ASD6wvz9OEQ.jpg,1024,683,2,330,151,1023,544
01380112f4e056f72_jpg.rf.ctPQrmxiEtuGotRre7Gx.jpg,1024,424,2,526,148,832,286
01380112f4e056f72_jpg.rf.ctPQrmxiEtuGotRre7Gx.jpg,1024,424,2,600,163,829,214
armas (1923)_jpg.rf.cwdACZNcAtl3aIw9yAUO.jpg,400,545,0,53,102,102,131
armas (1634)_jpg.rf.cz450asyrilnaH6GwNNC.jpg,479,367,0,92,54,374,259
91b10654008917659_jpg.rf.PEiw9OGdsdiCgDMeb8OO.jpg,687,1024,2,143,361,686,653
91b10654008917659_jpg.rf.PEiw9OGdsdiCgDMeb8OO.jpg,687,1024,2,414,368,493,429
armas (1285)_jpg.rf.bMfKRW5U0DrfKW2KMZLk.jpg,500,339,0,34,26,470,317
31e2451628e353b6a_jpg.rf.bY0SsTK9gjxWcdjh8osp.jpg,747,1024,2,204,46,475,169
e71c4edff69ee93f_jpg.rf.a1EHkYxLUTRzFvb1pSLm.jpg,1024,680,0,153,113,886,651
ec1f5dd8db133612_jpg.rf.aPZtQUa40v2ZRH6yDYya.jpg,1024,754,0,0,135,493,460
ec1f5dd8db133612_jpg.rf.aPZtQUa40v2ZRH6yDYya.jpg,1024,754,0,58,0,528,192
ec1f5dd8db133612_jpg.rf.aPZtQUa40v2ZRH6yDYya.jpg,1024,754,0,287,431,904,753
ec1f5dd8db133612_jpg.rf.aPZtQUa40v2ZRH6yDYya.jpg,1024,754,0,348,219,895,431
ec1f5dd8db133612_jpg.rf.aPZtQUa40v2ZRH6yDYya.jpg,1024,754,0,569,0,850,103
ec1f5dd8db133612_jpg.rf.aPZtQUa40v2ZRH6yDYya.jpg,1024,754,0,584,30,808,219
ec1f5dd8db133612_jpg.rf.aPZtQUa40v2ZRH6yDYya.jpg,1024,754,0,767,135,994,333
ec1f5dd8db133612_jpg.rf.aPZtQUa40v2ZRH6yDYya.jpg,1024,754,0,918,155,1023,279
armas (2972)_jpg.rf.aPn3YSGnUWs3t6Ibc7Nm.jpg,1918,816,0,701,265,1024,634
f1a0467a0cc6c4c69_jpg.rf.aQFMFXpgQpU9CQcivNcH.jpg,1024,680,2,164,152,1023,594
31143c9de703519a3_jpg.rf.aQb5kEu0o1RFStHZC0Ii.jpg,1024,802,2,369,144,852,716
010000011_jpg.rf.aTOcVXdIp9EZ9EJeMnM6.jpg,320,212,2,22,67,306,148
3632ed446a133656_jpg.rf.ZPRIs4COOZqfbsQIzPt0.jpg,1024,768,0,84,143,932,733
armas (2338)_jpg.rf.ZUub5mDcvhylv2FpD4NM.jpg,160,120,0,5,3,155,113
31b7e25ae9ef9822b_jpg.rf.ZrPBuK7qQ67SYW5BWPJE.jpg,1024,685,2,0,96,613,630
armas (360)_jpg.rf.ZfWnawLjJGoKcYbQWJqz.jpg,661,496,0,30,261,198,494
i1mage64_jpg.rf.ZZY0jjmzqxZgBZ98LLqN.jpg,382,497,2,1,140,356,402
armas (937)_jpg.rf.ZTQiMED8KAoZTffRbwdd.jpg,266,189,0,31,45,189,163
938ba42e8411c4c1_jpg.rf.Zxns6IKMAx87cBp46SE2.jpg,1024,548,0,51,0,1023,446
armas (1495)_jpg.rf.WLnVVWW02sIrfBt4mR0l.jpg,500,375,0,15,20,489,280
armas (253)_jpg.rf.WmigZ28uy1owzRp5Kde9.jpg,634,322,0,129,89,233,167
armas (2482)_jpg.rf.WsRobAQFMcBII0Eu4FkY.jpg,160,120,0,14,1,143,115
b9ffaf9090a96add_jpg.rf.Wz8Gnn7U6WtXBksmWmK6.jpg,1024,678,0,39,95,1023,632
c1d0b54261c0cb60b_jpg.rf.X7NonTGgZqR2WvYsxVRV.jpg,655,1024,2,135,289,587,632
9190c2f195e2ca35c_jpg.rf.ZhuW1TaJ169bxrC1xj4v.jpg,1024,683,2,240,350,1024,555
4089a15321ddc99f_jpg.rf.afuZDyeigg50ULqHdcS0.jpg,1024,680,0,18,104,924,638
armas (1620)_jpg.rf.agAehZjFDOoLVcLgGJuK.jpg,500,333,0,29,82,464,252
armas (1813)_jpg.rf.VFuJCaenmLuNgmex9dOU.jpg,482,659,0,113,257,223,364
51163df807c8da685_jpg.rf.b3iNbWe3U3bxNpAjIILF.jpg,683,1024,2,333,676,682,942
armas (236)_jpg.rf.aTgCjUvzsuAVLOfZKFeB.jpg,2560,1600,0,616,122,1706,1172
armas (87)_jpg.rf.av9YwH13ATK4Qq0AzCdU.jpg,1300,1108,0,839,78,1052,515
armas (1248)_jpg.rf.WGAD5lVgnB3GHEGtmuf1.jpg,500,493,0,87,81,189,138
armas (1248)_jpg.rf.WGAD5lVgnB3GHEGtmuf1.jpg,500,493,0,54,310,160,375
armas (1248)_jpg.rf.WGAD5lVgnB3GHEGtmuf1.jpg,500,493,0,336,334,437,386
armas (1248)_jpg.rf.WGAD5lVgnB3GHEGtmuf1.jpg,500,493,0,311,69,438,135
armas (2380)_jpg.rf.VVfD4bCCk8A8fZvnPn22.jpg,160,120,0,4,15,158,112
010000794_jpg.rf.W2MF76NaKJGPPkgo62N5.jpg,480,360,2,262,95,337,138
armas (513)_jpg.rf.Vg4zIqTxGI9nI3v0B51u.jpg,262,192,0,101,46,125,63
216870c7625758bea_jpg.rf.anunyeW6SWr6Lp7hwEBy.jpg,1024,727,2,280,302,1023,583
019a155f82e988945_jpg.rf.7EhxLFeGzT1rRglN0OJy.jpg,1024,678,2,62,170,989,509
5100d185bee9ea0fe_jpg.rf.7Gwn194dDdwygr9Em5ca.jpg,1024,685,2,0,252,733,491
armas (2117)_jpg.rf.7HWk7OF81PteY5nkLHhd.jpg,852,480,0,517,62,831,231
010000321_jpg.rf.7NHH6QlbF6TrogSkLnxc.jpg,480,360,2,203,147,292,213
armas (1877)_jpg.rf.7cRlr4bcZBPh6bNETn1K.jpg,800,492,0,503,221,713,356
1c7365887d7cbea7_jpg.rf.7dpFSgzklR1CyOGR73TB.jpg,1024,768,0,237,146,756,566
21c560e5658387351_jpg.rf.7eDN6Kxeq8PNic2oGy4e.jpg,1024,535,2,35,151,933,466
armas (812)_jpg.rf.7hT9l6xaarCDdG0SQ7HH.jpg,300,224,0,30,15,300,206
armas (171)_jpg.rf.7hhSFg0IKlTUgZSq3wcV.jpg,640,480,0,28,24,441,448
0164d2f3f23c6e90e_jpg.rf.7i0ouuhM5oabpN4lJ9O5.jpg,1024,683,2,528,423,733,600
armas (135)_jpg.rf.XBFWBXgnLN1GnxZIhnQY.jpg,450,322,0,222,139,271,194
armas (992)_jpg.rf.XK28wfmMpy3YbvY4Q3MB.jpg,259,194,0,183,1,253,58
3191a71409341fba5_jpg.rf.XMdedXCuDTEvp1n1mj2j.jpg,683,1024,2,134,642,497,997
41ce628b988edd438_jpg.rf.XaBC6Ax1TO7DwiMMkc5i.jpg,1024,678,2,109,414,752,633
51d4d3070cbba7d3d_jpg.rf.XnRSRlTxZf1heDHnnt5u.jpg,770,1024,2,52,16,436,144
armas (1033)_jpg.rf.XfLmO0CTln88HPrIk3YO.jpg,183,276,0,42,106,62,131
027c5d8272d87b32_jpg.rf.XnpOIb717qPN7vRlYjFr.jpg,1024,768,0,187,227,651,513
armas (2848)_jpg.rf.7535trdl4dKiPp1eTaN9.jpg,590,420,0,16,161,268,311
armas (2848)_jpg.rf.7535trdl4dKiPp1eTaN9.jpg,590,420,0,421,138,589,396
armas (2848)_jpg.rf.7535trdl4dKiPp1eTaN9.jpg,590,420,0,30,51,328,126
armas (2848)_jpg.rf.7535trdl4dKiPp1eTaN9.jpg,590,420,0,1,20,267,79
0bd63662e7cd0810_jpg.rf.8KKNmMsBPcieGUwAVeBA.jpg,877,1024,0,205,319,334,507
armas (1354)_jpg.rf.8KSnKgYpj0V9GgDpJMgJ.jpg,500,458,0,18,25,478,346
010000678_jpg.rf.gxu1fJ3RX8EN8YWXwCuI.jpg,600,337,2,11,114,580,279
010000509_jpg.rf.h36cqN0eXWzdlIvNVpEK.jpg,600,450,2,102,58,579,444
i1mage38_jpg.rf.h6zyFfKL1H5bDQLUCAqe.jpg,540,326,2,81,103,509,221
01ff4c9825a4a110e_jpg.rf.hEty5H6FpTfp0ynvjCkW.jpg,831,1024,2,30,186,613,814
918b548155c70b99e_jpg.rf.hFTapm1bObMPk2DIjhcH.jpg,1024,768,2,91,131,1023,556
117b81981782be866_jpg.rf.hG10ERmb6Y6io2F4Kv7s.jpg,1024,873,2,8,626,1017,861
117b81981782be866_jpg.rf.hG10ERmb6Y6io2F4Kv7s.jpg,1024,873,2,23,305,1004,554
117b81981782be866_jpg.rf.hG10ERmb6Y6io2F4Kv7s.jpg,1024,873,2,32,3,973,250
i1mage7_jpg.rf.hNhqxZOxUgLX9HiCZXZy.jpg,560,372,2,64,73,531,339
armas (2722)_jpg.rf.hOmrWgnIc8ESoMnBULox.jpg,160,120,0,10,3,154,115
81be1fd4af9afd051_jpg.rf.84HLbtqfn5885yTaE6df.jpg,681,1024,2,3,175,680,598
i1mage12_jpg.rf.8JPMliZSljq26caghyOl.jpg,360,480,2,27,186,96,426
armas (548)_jpg.rf.8KAU9aDwEbwjyaQjs8mw.jpg,275,183,0,1,56,77,160
armas (548)_jpg.rf.8KAU9aDwEbwjyaQjs8mw.jpg,275,183,0,42,47,150,154
armas (548)_jpg.rf.8KAU9aDwEbwjyaQjs8mw.jpg,275,183,0,117,46,213,146
armas (548)_jpg.rf.8KAU9aDwEbwjyaQjs8mw.jpg,275,183,0,169,39,273,142
armas (99)_jpg.rf.7sbv6darAS90T3tBTkaL.jpg,1500,1564,0,930,393,1403,909
7a69da07c620869f_jpg.rf.7vvj6oosy3GWXT76MiD8.jpg,1024,483,0,156,0,1023,330
armas (1392)_jpg.rf.8IiNRAtwNEVsmAK0PFGQ.jpg,3262,2446,0,2,256,1683,2446
armas (1392)_jpg.rf.8IiNRAtwNEVsmAK0PFGQ.jpg,3262,2446,0,1606,111,3044,2039
armas (1918)_jpg.rf.8IjWVZSi6jgAd5Ffhclg.jpg,3000,2208,0,605,631,1936,1390
armas (1918)_jpg.rf.8IjWVZSi6jgAd5Ffhclg.jpg,3000,2208,0,1781,1145,2881,1931
armas (1918)_jpg.rf.8IjWVZSi6jgAd5Ffhclg.jpg,3000,2208,0,1467,324,2853,1252
armas (1606)_jpg.rf.j3pzbfJgN8e5KKmdQzxh.jpg,450,306,0,64,36,389,282
armas (2063)_jpg.rf.j9u3HnIVxjIrBR0t29iS.jpg,640,360,0,140,143,202,197
armas (2063)_jpg.rf.j9u3HnIVxjIrBR0t29iS.jpg,640,360,0,322,150,362,189
armas (2340)_jpg.rf.jA4tE1AMCLPKDLe1GHdw.jpg,160,120,0,8,5,154,115
armas (2623)_jpg.rf.SENXtHxHq0og1py6thEU.jpg,160,120,0,1,1,156,114
armas (2354)_jpg.rf.SPmAmr6FSPKJa9KPEKqo.jpg,160,120,0,8,1,154,115
9184d97627400b68b_jpg.rf.SR9NmYKFpB6bj2JrOZNB.jpg,1024,683,2,75,437,1024,682
armas (2785)_jpg.rf.ScNRMGhxaFoQaijyXWbw.jpg,400,320,0,17,23,387,293
armas (1202)_jpg.rf.Se1lbipSEqNA2Vby0rA3.jpg,500,375,0,177,134,208,168
0132018f3a6fe1f78_jpg.rf.SoHzc9h6x1gSF3QJUbTB.jpg,1024,576,2,574,272,1022,575
010000885_jpg.rf.Sw7SKOx1VsSZdvnFrqdk.jpg,600,1154,2,30,33,600,1154
c1ea79f995038e615_jpg.rf.Szvwld8v9r24lPBfL2En.jpg,1024,680,2,178,160,971,469
10bb17fe71f55a0c_jpg.rf.TCpZYrEB2wx1PwRoRPix.jpg,1024,682,0,113,141,941,550
armas (2564)_jpg.rf.THgq0XO1GyNePddRwEgh.jpg,160,120,0,2,3,155,118
91604f7a076109692_jpg.rf.TXigtDMkWcBdz2vhXKRM.jpg,1024,681,2,96,227,691,391
91604f7a076109692_jpg.rf.TXigtDMkWcBdz2vhXKRM.jpg,1024,681,2,621,259,691,287
0124f05451e4942bd_jpg.rf.i0p1baxUE7VlUV0c591M.jpg,1024,680,2,42,270,830,540
0124f05451e4942bd_jpg.rf.i0p1baxUE7VlUV0c591M.jpg,1024,680,2,340,134,456,172
0124f05451e4942bd_jpg.rf.i0p1baxUE7VlUV0c591M.jpg,1024,680,2,343,116,418,130
armas (116)_jpg.rf.hkvHXGqYwmwZAtGyFtUM.jpg,1300,1033,0,923,526,1207,738
armas (602)_jpg.rf.iI03BigbQst2enXkYVYB.jpg,661,496,0,202,34,389,440
armas (620)_jpg.rf.iWDLc0EsXvRIXP1LGxte.jpg,600,400,0,201,23,506,248
armas (436)_jpg.rf.iMOfb2ooIlpKOapp3bXh.jpg,720,1024,0,520,505,682,629
armas (2855)_jpg.rf.j0uQ7W40Ym8afdvQmqlQ.jpg,648,486,0,39,36,610,458
010001033_jpg.rf.iiHaEoKWHAQZXHweg2IM.jpg,600,337,2,13,1,595,323
51a21389067737f36_jpg.rf.hCsg8LfpLMzFYFTjCujm.jpg,1024,683,2,293,261,1023,662
armas (627)_jpg.rf.TZxqvmx83NTAhVF0EnDm.jpg,661,496,0,336,279,526,440
21be1385699a8b804_jpg.rf.Ti2raK44vnCCfgjio1tB.jpg,1024,682,2,0,123,730,431
5c236cf6cc594831_jpg.rf.Tu7P494KWMHBDJ7e2Y7g.jpg,1024,693,0,71,304,521,538
armas (714)_jpg.rf.Tz6N9oh0tnvLaFl8u8ge.jpg,626,626,0,14,153,428,423
516261e49970d1d87_jpg.rf.U4nYbb0SXS5KfCvOrQJx.jpg,1024,683,2,0,0,1024,683
armas (2727)_jpg.rf.USCFV88L7GmxWRvHiVNf.jpg,160,120,0,2,3,157,115
813253eabd046f233_jpg.rf.Sx038UiMgfsTOiLbZFp0.jpg,1024,680,2,390,221,549,527
armas (969)_jpg.rf.TGSaqSqy7ZU0YhK7GS5F.jpg,183,275,0,13,38,47,98
616ca240c5234f5b0_jpg.rf.29qSSUiKXAnMantPvQF5.jpg,1024,683,2,0,0,624,661
armas (1494)_jpg.rf.1vsezozSzE5x176Sf8rb.jpg,500,375,0,15,24,491,324
armas (359)_jpg.rf.2B2m47u2TBdr1SNAmMv2.jpg,581,329,0,77,60,444,228
010000332_jpg.rf.UQyqtiCscspMaiOT2aQO.jpg,228,180,2,28,60,200,113
713178fcac392b3d0_jpg.rf.2ca5RkPXx1R6y7suvHm2.jpg,1024,627,2,157,99,713,380
armas (2502)_jpg.rf.2T8Slo3C1kUBkU8sWdLV.jpg,160,120,0,1,3,157,115
i1mage90_jpg.rf.UEE72vyq12tEpDwlpkGQ.jpg,600,337,2,299,89,370,196
i1mage90_jpg.rf.UEE72vyq12tEpDwlpkGQ.jpg,600,337,2,379,87,599,304
i1mage90_jpg.rf.UEE72vyq12tEpDwlpkGQ.jpg,600,337,2,113,13,374,325
armas (1830)_jpg.rf.2SIJmJdIIlMxLLgSyFcF.jpg,640,401,0,43,74,409,322
98eca605430fa574_jpg.rf.2K46jXtiQaN62yDVihMq.jpg,1024,771,0,202,309,847,530
a11fd7cc6967adffa_jpg.rf.2gDdBm8j1TudRObUTw6k.jpg,1024,683,2,372,198,689,249
a11fd7cc6967adffa_jpg.rf.2gDdBm8j1TudRObUTw6k.jpg,1024,683,2,381,273,705,308
armas (1391)_jpg.rf.2gDWoxkbImtpNI1zl3OF.jpg,500,375,0,247,112,286,152
armas (1224)_jpg.rf.2hkoRqcP3cmKs3gyVX9k.jpg,570,359,0,6,31,534,336
armas (2689)_jpg.rf.2eAfeTE2JukuPv2deQxX.jpg,160,120,0,1,1,154,115
5145ca2fef0b7ef66_jpg.rf.20NSUAfldcksKPs9FDnU.jpg,1024,817,2,0,314,473,609
armas (2164)_jpg.rf.2f4Z6yc5UkRMGE37esX4.jpg,252,182,0,26,17,232,154
010001275_jpg.rf.SChlTc5gcsTVzEJFlp5Y.jpg,600,600,2,24,152,355,271
armas (1290)_jpg.rf.SBuYHBZZNqKIPf3hdvDo.jpg,500,348,0,160,44,351,162
armas (30)_jpg.rf.SFQYtpK43opaZAW16rgG.jpg,866,1300,0,110,386,232,528
58ef48346d1a0cb3_jpg.rf.SEAjJv94h7DMVdm5BJey.jpg,1024,768,0,25,141,973,733
011afa394e9591a98_jpg.rf.SqFPpatwHCqvXutQiXyf.jpg,1024,1024,2,251,26,409,480
011afa394e9591a98_jpg.rf.SqFPpatwHCqvXutQiXyf.jpg,1024,1024,2,367,432,501,795
i1mage111_jpg.rf.SdGuRLJsRv2lF783sFpb.jpg,400,603,2,109,198,296,480
216053d43ca24eb8c_jpg.rf.STLTSUuab1kYMyzXfAfu.jpg,1024,698,2,350,627,813,697
216053d43ca24eb8c_jpg.rf.STLTSUuab1kYMyzXfAfu.jpg,1024,698,2,388,420,570,513
216053d43ca24eb8c_jpg.rf.STLTSUuab1kYMyzXfAfu.jpg,1024,698,2,457,309,625,420
216053d43ca24eb8c_jpg.rf.STLTSUuab1kYMyzXfAfu.jpg,1024,698,2,464,224,516,337
216053d43ca24eb8c_jpg.rf.STLTSUuab1kYMyzXfAfu.jpg,1024,698,2,636,186,703,418
012e7330f7b76b7a5_jpg.rf.1eywSDw9vzeDfJeFfyLb.jpg,1024,576,2,0,233,1023,575
51f3de808e123f061_jpg.rf.x0h6RHk4zGHwu4nT2jbh.jpg,1024,637,2,47,174,306,299
51f3de808e123f061_jpg.rf.x0h6RHk4zGHwu4nT2jbh.jpg,1024,637,2,532,189,894,307
armas (2211)_jpg.rf.x0hCJtM88t7Z9dO81iIZ.jpg,160,120,0,2,3,156,112
armas (2792)_jpg.rf.x3u4u7kAXyU1mcJaiu5R.jpg,600,480,0,148,247,251,370
21dc42e199f5d2251_jpg.rf.xF2Lb8kxMKnhTAFNL8ra.jpg,1024,768,2,50,46,978,741
21dc42e199f5d2251_jpg.rf.xF2Lb8kxMKnhTAFNL8ra.jpg,1024,768,2,864,0,1024,409
0133bfa59fbbd037e_jpg.rf.xySDc7b0mcMoT93DVhmj.jpg,1024,683,2,255,192,398,463
0133bfa59fbbd037e_jpg.rf.xySDc7b0mcMoT93DVhmj.jpg,1024,683,2,487,310,650,389
0133bfa59fbbd037e_jpg.rf.xySDc7b0mcMoT93DVhmj.jpg,1024,683,2,703,227,727,262
01ddffb9c25141999_jpg.rf.yD2K71ZmK76bG9RD9NHU.jpg,1024,813,2,284,306,466,359
01ddffb9c25141999_jpg.rf.yD2K71ZmK76bG9RD9NHU.jpg,1024,813,2,340,190,672,294
01ddffb9c25141999_jpg.rf.yD2K71ZmK76bG9RD9NHU.jpg,1024,813,2,514,71,828,198
armas (2287)_jpg.rf.yLudfFNukMCBWzvwxuIm.jpg,160,120,0,3,4,157,116
11265b7be721adaac_jpg.rf.314DRR0DXWDcf8D8qXxq.jpg,1024,680,2,67,299,808,569
armas (2151)_jpg.rf.zCSd34dHdIBE16XwHGvn.jpg,480,360,0,139,105,195,134
armas (2763)_jpg.rf.zHlPQ069bnyxqnEaB24P.jpg,160,120,0,2,1,152,114
armas (390)_jpg.rf.0hLK0foXOB66NK6DYm7i.jpg,563,299,0,22,18,518,276
09383bdb52bfc8be_jpg.rf.1AN1KoqDUv1skg7g6oZ9.jpg,1024,681,0,98,281,257,347
armas (2051)_jpg.rf.13nn3xCKHBppH5NDMKgK.jpg,750,573,0,15,3,739,562
armas (892)_jpg.rf.162CFb0uLrAY9nkNSL3b.jpg,279,180,0,33,30,184,109
armas (1859)_jpg.rf.1LbP0iC0KxgYko5pXl1w.jpg,2592,1944,0,1144,874,1300,1254
e125e0569a16decfc_jpg.rf.1D5xPSotyo3PiYaERgFH.jpg,1024,575,2,28,235,344,365
e125e0569a16decfc_jpg.rf.1D5xPSotyo3PiYaERgFH.jpg,1024,575,2,27,140,215,221
e125e0569a16decfc_jpg.rf.1D5xPSotyo3PiYaERgFH.jpg,1024,575,2,141,124,636,286
e125e0569a16decfc_jpg.rf.1D5xPSotyo3PiYaERgFH.jpg,1024,575,2,230,140,295,203
e125e0569a16decfc_jpg.rf.1D5xPSotyo3PiYaERgFH.jpg,1024,575,2,241,135,826,381
armas (670)_jpg.rf.1XaQSQNyy9yzMnurMUMA.jpg,391,479,0,171,298,320,394
armas (670)_jpg.rf.1XaQSQNyy9yzMnurMUMA.jpg,391,479,0,94,245,267,353
c1060687168ff6914_jpg.rf.ht1DxgjcvOYuxrXNhoGw.jpg,678,1024,2,3,247,24,369
c1060687168ff6914_jpg.rf.ht1DxgjcvOYuxrXNhoGw.jpg,678,1024,2,82,335,178,657
c1060687168ff6914_jpg.rf.ht1DxgjcvOYuxrXNhoGw.jpg,678,1024,2,304,250,626,423
armas (2767)_jpg.rf.iIzjzhYABiLIxla6qWnL.jpg,160,120,0,4,3,154,117
d137fa0ac4c62cd98_jpg.rf.ieGXBlgVeXEEW71BlDmH.jpg,1024,768,2,17,356,467,680
d137fa0ac4c62cd98_jpg.rf.ieGXBlgVeXEEW71BlDmH.jpg,1024,768,2,285,259,603,383
a10cac2d722241d3a_jpg.rf.j9IKhYWI61UTokSEXmLE.jpg,1024,683,2,424,284,765,373
2158f0ce536f866bd_jpg.rf.jF9Rmaj8YzLjIF5fTYQe.jpg,1024,768,2,0,549,528,735
armas (1263)_jpg.rf.jGHAsoWqIT6GowSy8Mhb.jpg,500,324,0,94,11,449,209
i1mage122_jpg.rf.zT7Q43EPBprNkXlvj8bJ.jpg,819,547,2,221,227,664,356
31349bec22b2f2f39_jpg.rf.zWrNTExgd9xkkwFdNWmh.jpg,1024,768,2,0,190,400,567
318c0e0d81f122d3c_jpg.rf.zrMsaH5g5PiHgHW6M0Qo.jpg,1024,680,2,0,132,785,658
5b2a1b57d2e6e57d_jpg.rf.hjIvib8azSiFLnsvq6Kx.jpg,1024,768,0,0,190,1005,660
armas (1306)_jpg.rf.hV86YIuotSa76kMlNUTU.jpg,500,347,0,8,11,496,336
armas (1295)_jpg.rf.hCoT7YaZX6vmmRXvUn7U.jpg,496,487,0,69,88,282,470
armas (1295)_jpg.rf.hCoT7YaZX6vmmRXvUn7U.jpg,496,487,0,278,17,482,348
i1mage78_jpg.rf.hOL5gyScLxos9KrEuHvT.jpg,640,440,2,211,221,534,433
i1mage78_jpg.rf.hOL5gyScLxos9KrEuHvT.jpg,640,440,2,555,139,640,272
armas (2274)_jpg.rf.e95ItEgKDEfRvmikaEgU.jpg,160,120,0,1,1,158,120
armas (2590)_jpg.rf.eSeJA30yh65IBzjpSdHW.jpg,160,120,0,5,3,155,115
armas (2594)_jpg.rf.edEgN3T4llvmcIRDmaES.jpg,160,120,0,4,1,156,119
5130f05dad528fae4_jpg.rf.emAzXML2lC82EsqqGPmJ.jpg,1024,731,2,175,193,973,405
armas (2606)_jpg.rf.fE0rKa6v8hW8U3cU06On.jpg,160,120,0,4,2,156,116
c17f16b6c598e4c52_jpg.rf.fS7re3VvVyceuJgG8cS2.jpg,1024,768,2,229,209,714,398
armas (2003)_jpg.rf.fYDh1qj1w7Q0avUrEoUb.jpg,320,252,0,39,56,273,210
5197d403a4c12cb44_jpg.rf.jbCq8l0FljyeW7jy18fl.jpg,1024,1024,2,28,220,814,700
armas (762)_jpg.rf.kAAdG8uCnE2VFhKLydKf.jpg,300,207,0,51,55,286,195
armas (1967)_jpg.rf.jzzqu140bvqXIoih1vFs.jpg,1280,720,0,436,300,536,426
41c1de85d42796f1a_jpg.rf.k9H8eKqF5WJVRGwFAhii.jpg,1024,697,2,404,280,883,486
010000363_jpg.rf.l5RwaxH38y2ivnWS6kqF.jpg,567,388,2,4,139,567,269
armas (1554)_jpg.rf.lQTvhYxUtahfrYPFmiWs.jpg,334,500,0,127,287,162,325
f1d8d2e7209a9d6e0_jpg.rf.jAc2ehiKvaRDPIZ7pgvS.jpg,1024,680,2,235,565,1018,679
010000368_jpg.rf.e5ptlRHimr01UwJttj9M.jpg,600,338,2,206,102,584,239
armas (27)_jpg.rf.kMGhNm5Vbk5jKPIWoTVd.jpg,866,1300,0,42,382,168,660
armas (27)_jpg.rf.kMGhNm5Vbk5jKPIWoTVd.jpg,866,1300,0,708,412,820,684
a1c962b6397671ca0_jpg.rf.kIVs7a1oUUHKM0vKLoOu.jpg,1024,735,2,64,262,941,706
armas (1712)_jpg.rf.drn4j2nSJViqw033ORue.jpg,500,375,0,16,25,500,349
712c0fdd77727488f_jpg.rf.gHVDo6K8czvqpQhMyJGH.jpg,1024,768,2,0,7,1023,529
armas (1396)_jpg.rf.gM5yEpOenkCwTmeK5bEo.jpg,500,375,0,143,96,333,308
armas (549)_jpg.rf.goUKIrISurYHSsKsmR5x.jpg,275,183,0,100,70,141,94
5062b5fd0df2031e_jpg.rf.gqzm0v84SjB3ozfDIYNe.jpg,1024,680,0,81,143,950,472
armas (1662)_jpg.rf.h1cfBqLIrECLUzx4oZgu.jpg,500,375,0,137,52,472,275
0120642497e813f98_jpg.rf.h84lMMSYWBaAVhE50Odw.jpg,1024,683,2,368,266,708,654
414beba00e3bce062_jpg.rf.hAvwPbzaCFLB70rzGm0u.jpg,1024,681,2,355,356,752,546
a18bc1ac430ecfa22_jpg.rf.hBjRSvPepgBKw1r4KTsy.jpg,1024,683,2,673,255,1009,554
3151e58fbb51e604_jpg.rf.hBtRLsyA0KNhmEeq27RF.jpg,768,1024,0,0,9,752,1024
e17e1a24bf7df873b_jpg.rf.jbWAQMZEnGq58W1vBYT5.jpg,1024,632,2,0,0,1023,549
armas (1917)_jpg.rf.4UjUHKrYLpUDmgnMpg8j.jpg,635,474,0,238,1,554,474
armas (501)_jpg.rf.4VodfMVUYSsObPiWwSLb.jpg,262,193,0,1,1,213,129
010000537_jpg.rf.flOPcDHecWb6xGlWQ3jB.jpg,600,401,2,171,98,587,235
010000537_jpg.rf.flOPcDHecWb6xGlWQ3jB.jpg,600,401,2,11,122,353,256
010000985_jpg.rf.faDTxDPJ43fDqb80ucXS.jpg,400,439,2,26,372,273,417
010000985_jpg.rf.faDTxDPJ43fDqb80ucXS.jpg,400,439,2,130,123,180,351
010000505_jpg.rf.fqXZF5qZaLbnvqDB2Tqg.jpg,600,450,2,12,153,592,312
c10cbea64dfb6108c_jpg.rf.g2dNohtcHHkGNOefpETg.jpg,1024,819,2,190,328,567,544
armas (1572)_jpg.rf.fpi94i5A1zKfC90OcyMG.jpg,500,340,0,13,26,482,296
armas (521)_jpg.rf.fsOJHFVNr5bq6dMqslrz.jpg,286,176,0,207,40,286,105
armas (2062)_jpg.rf.5D2H1OMVHyFK08tWbCcZ.jpg,1000,719,0,44,79,757,627
01df8d3db92532d3e_jpg.rf.5QowKhmyVIISDAmbQIFh.jpg,1024,683,2,157,233,749,447
armas (2937)_jpg.rf.5y41x7TrA7kZ19mNPuvo.jpg,113,168,0,72,41,110,122
61a7b79a80eb7b76e_jpg.rf.63HMUqwGsHiV2z4bDXs6.jpg,1024,680,2,173,195,959,458
cb1d603597f7fd67_jpg.rf.66NjJjZ6X9vMmgzjDVAM.jpg,1024,683,0,0,0,870,546
armas (308)_jpg.rf.6T58cEvUGbMCIOKsAfnh.jpg,1280,960,0,408,722,573,960
armas (308)_jpg.rf.6T58cEvUGbMCIOKsAfnh.jpg,1280,960,0,901,757,1030,960
21146511d00ee7cfb_jpg.rf.6VbgUsJd8ZYhWV8UyvEa.jpg,1024,640,2,372,188,850,401
armas (871)_jpg.rf.6WUhRHsC3kT2N705zdoi.jpg,275,183,0,62,50,215,160
31ed6ec4b1a846f92_jpg.rf.6ZjXbtVs2SGcdO6XYSBO.jpg,1024,683,2,141,366,928,682
43f1106f06f5882f_jpg.rf.HuN1esABq68DPV3xn657.jpg,1024,683,0,321,259,445,354
armas (270)_jpg.rf.4YTUAC72VH9Sq8TkmtdB.jpg,1200,900,0,174,465,960,652
21f9a340aa2a83a7d_jpg.rf.4U0pQjsOhHfuUYBBsByo.jpg,1024,683,2,202,207,767,654
21f9a340aa2a83a7d_jpg.rf.4U0pQjsOhHfuUYBBsByo.jpg,1024,683,2,522,300,928,519
010000969_jpg.rf.4l3JhQroUDYFQMbyD25P.jpg,600,900,2,153,82,195,93
010000969_jpg.rf.4l3JhQroUDYFQMbyD25P.jpg,600,900,2,148,92,198,101
010000969_jpg.rf.4l3JhQroUDYFQMbyD25P.jpg,600,900,2,163,102,199,116
010000969_jpg.rf.4l3JhQroUDYFQMbyD25P.jpg,600,900,2,129,115,197,130
010000969_jpg.rf.4l3JhQroUDYFQMbyD25P.jpg,600,900,2,129,135,185,149
010000969_jpg.rf.4l3JhQroUDYFQMbyD25P.jpg,600,900,2,67,153,181,179
010000969_jpg.rf.4l3JhQroUDYFQMbyD25P.jpg,600,900,2,80,208,244,254
010000969_jpg.rf.4l3JhQroUDYFQMbyD25P.jpg,600,900,2,2,376,276,448
armas (247)_jpg.rf.4yVfz3VaN5GHClK5q0z6.jpg,500,334,0,159,220,275,287
armas (979)_jpg.rf.57b86M2jR309sREgxDBl.jpg,259,194,0,49,33,85,55
2f04ddbb2583fbff_jpg.rf.4Vwwrb18exExwc2dEI3J.jpg,1024,824,0,220,217,870,652
819e5505d36301ffa_jpg.rf.54whlwuA86RSruGiNSHl.jpg,1024,680,2,461,221,1024,571
armas (86)_jpg.rf.Ioa8hnzdLRPJasxs7klA.jpg,450,300,0,327,90,432,176
armas (1869)_jpg.rf.Iq8Q4I1VJ0FtexjP1172.jpg,426,282,0,37,99,158,200
armas (335)_jpg.rf.IvJt6jckGXhAPezIytBQ.jpg,379,470,0,274,63,316,202
armas (1358)_jpg.rf.J5NXLAHaKUtZgyg3CTy0.jpg,500,404,0,16,31,223,284
armas (1358)_jpg.rf.J5NXLAHaKUtZgyg3CTy0.jpg,500,404,0,267,36,478,292
dad195b684cec5d4_jpg.rf.J7CelwGMnvsG4uaStod3.jpg,1024,683,0,350,289,490,583
armas (1951)_jpg.rf.JIHJbRJ2o7IViyiDLdqj.jpg,300,470,0,96,322,132,365
ae3f559265032474_jpg.rf.JIqWTuM9XLa07qJIIz2z.jpg,1024,768,0,32,155,948,634
c76bc9b1b5bcd7e0_jpg.rf.JVEQ7SWo2p4iZ28OXnMR.jpg,1024,768,0,129,79,839,707
1cdb986cd69f46f5_jpg.rf.JoYXvGXfkKecHRliBGtB.jpg,1024,685,0,132,131,903,633
3184c05c5fe7d416f_jpg.rf.JwDXr9DixOvRxYEX8HVM.jpg,1024,683,2,252,0,382,682
015cee6e5f0497086_jpg.rf.KEQ3p9aT77xnxIZuWe8a.jpg,766,1024,2,0,91,753,1023
71310a259ab037d66_jpg.rf.KJVBsZYwBlcn0SdgOTs0.jpg,1024,683,2,319,228,809,357
71310a259ab037d66_jpg.rf.KJVBsZYwBlcn0SdgOTs0.jpg,1024,683,2,547,232,703,315
armas (2399)_jpg.rf.KfK6SXcO4mpUnqgjX3pT.jpg,160,120,0,1,1,157,117
armas (651)_jpg.rf.KkclQ6vkbdTsoUry8kdI.jpg,300,194,0,117,10,298,155
armas (2672)_jpg.rf.Kl5WyMMXzq8r3HFFelW2.jpg,160,120,0,2,1,157,120
01030b3c791b172ae_jpg.rf.KtUfhAxOpIoPigi1686R.jpg,1024,681,2,581,287,673,345
cecb119df9f3e9d3_jpg.rf.qn7ZpVXQvYTFs0xYKjT1.jpg,1024,576,0,330,31,842,526
7020d5772191c771_jpg.rf.I0unc0dHjkUrgSxC3i7Q.jpg,1024,708,0,14,15,676,476
91cf5d511e8f33a07_jpg.rf.6eldrPlnBsvdlmCfDWIF.jpg,822,1024,2,126,621,557,806
4dea139b941b5405_jpg.rf.I711xYnQVZI0FcuQeqyr.jpg,768,905,0,33,18,695,450
4dea139b941b5405_jpg.rf.I711xYnQVZI0FcuQeqyr.jpg,768,905,0,85,441,728,888
i1mage176_jpg.rf.IOCndeEBJBACP2Glvkjr.jpg,534,324,2,1,41,433,251
armas (1032)_jpg.rf.IgnO6TqPAzHsimIWTF91.jpg,168,300,0,108,115,168,160
9111fedf67da973e6_jpg.rf.IR5eNT7V7tJ9x5cinS96.jpg,1024,680,2,50,273,826,541
armas (1995)_jpg.rf.IhDFUAmTrj9UXsAAmrpD.jpg,316,450,0,236,14,312,67
e1e64648afa086dd5_jpg.rf.6cLRrQi2TMjkB9OatyE7.jpg,760,1024,2,191,487,426,664
i1mage115_jpg.rf.qtQLwPVUj7EP15QrKYDg.jpg,784,441,2,556,234,737,340
i1mage115_jpg.rf.qtQLwPVUj7EP15QrKYDg.jpg,784,441,2,268,120,574,417
armas (694)_jpg.rf.r1Z2xuep1KbOmnnhtdWO.jpg,458,348,0,15,109,435,301
710d7afe920bea370_jpg.rf.r5vdReTjtzwQNXQZ3Gjv.jpg,1024,680,2,569,350,821,485
armas (24)_jpg.rf.r6vcyUsxzIozDFXvDjaV.jpg,662,440,0,290,74,634,283
81cb3f91f9e057742_jpg.rf.r8c6K6B4CKMvz5qjUzc1.jpg,1024,681,2,123,267,564,434
81cb3f91f9e057742_jpg.rf.r8c6K6B4CKMvz5qjUzc1.jpg,1024,681,2,174,365,291,432
81cb3f91f9e057742_jpg.rf.r8c6K6B4CKMvz5qjUzc1.jpg,1024,681,2,220,329,304,355
010001148_jpg.rf.rU2fGkcyiKjVxQ1jKL4K.jpg,600,600,2,19,404,542,600
010001148_jpg.rf.rU2fGkcyiKjVxQ1jKL4K.jpg,600,600,2,50,234,507,384
010001148_jpg.rf.rU2fGkcyiKjVxQ1jKL4K.jpg,600,600,2,7,9,583,204
armas (2906)_jpg.rf.rfbdM9pvNj6gWXMBzL5C.jpg,640,360,0,335,169,389,210
armas (2491)_jpg.rf.rnPWntmCZghhSYKestrX.jpg,160,120,0,3,1,158,117
11fb3b679dd8f8d40_jpg.rf.rolQN4DX4BJzxfE4Yewn.jpg,683,1024,2,49,233,654,631
11fb3b679dd8f8d40_jpg.rf.rolQN4DX4BJzxfE4Yewn.jpg,683,1024,2,55,403,400,1023
f1ed92de5ba3697fb_jpg.rf.rrVe8pDUNb1keCGvAfVP.jpg,1024,667,2,0,163,470,563
f1ed92de5ba3697fb_jpg.rf.rrVe8pDUNb1keCGvAfVP.jpg,1024,667,2,496,304,762,666
armas (217)_jpg.rf.ruqfMvSgEuNaBEZE202r.jpg,660,437,0,141,212,543,392
i1mage70_jpg.rf.sPFXnCsINxtFVRlyXlN5.jpg,660,371,2,433,126,645,306
i1mage70_jpg.rf.sPFXnCsINxtFVRlyXlN5.jpg,660,371,2,62,56,332,150
011008e1fc52a5f36_jpg.rf.sVyV0opFM91AjOXE61NF.jpg,685,1024,2,364,381,543,543
armas (1455)_jpg.rf.sY2vvznJ84mCrYv30cZ3.jpg,500,334,0,317,153,362,188
3e7f0964bc53226b_jpg.rf.sd1RoILvABkqnhLD0skV.jpg,1024,680,0,7,100,987,607
armas (250)_jpg.rf.BBLYALEYWai4RWFRKRm6.jpg,379,261,0,10,4,371,253
armas (2765)_jpg.rf.BEFwX18Hp7rZCWsxXnB9.jpg,160,120,0,1,3,155,114
armas (931)_jpg.rf.BJGHbMviBxHvPWKjqQuc.jpg,193,262,0,30,129,75,187
armas (1084)_jpg.rf.CNrAaBFRVAL8QWHixHOq.jpg,450,319,0,49,110,248,241
armas (355)_jpg.rf.CPdlEasfbJpGi1XU2Kz1.jpg,400,260,0,1,1,394,252
b1c29def4de2fbc0b_jpg.rf.CcShyuoju7hrpU9KkPn0.jpg,1024,837,2,135,319,892,578
010000599_jpg.rf.CejRZlGSIOz556hjDtG4.jpg,474,367,2,10,17,465,332
41a58f5d73725910c_jpg.rf.CkMRzHWyJwfgopbjgb2N.jpg,768,1024,2,0,0,766,1022
41a58f5d73725910c_jpg.rf.CkMRzHWyJwfgopbjgb2N.jpg,768,1024,2,659,0,767,1022
f1b3b08bc1e05b61b_jpg.rf.CuEryjCg5SYYHTdgmjG0.jpg,1024,863,2,87,378,584,475
712cf779a2bbe17b7_jpg.rf.w0U0EjA7OAZ099BNACAu.jpg,1024,683,2,0,137,1023,593
2f626f0fb1a84fbf_jpg.rf.Bkuksqzejd1VInfVMGTo.jpg,1024,577,0,16,35,1009,548
010000102_jpg.rf.BUjtj47RcpDexXrqjJU9.jpg,600,450,2,10,7,582,430
5147bb6a18f602d87_jpg.rf.BlMK9rVh31gUw65f0ZLz.jpg,1024,637,2,80,108,1023,559
armas (2946)_jpg.rf.BcovPYEt8VySVyB3vjRf.jpg,640,380,0,184,52,201,86
armas (2946)_jpg.rf.BcovPYEt8VySVyB3vjRf.jpg,640,380,0,501,32,530,88
armas (1783)_jpg.rf.CEwD4IedhWhXf6VXYJEV.jpg,470,600,0,26,146,456,467
31a14d081c3e9e1e2_jpg.rf.BMkX05ETZefWzqFO9Qnm.jpg,1024,683,2,393,228,546,423
armas (1164)_jpg.rf.CGfTa7SbL6khO3dFlRmc.jpg,1300,972,0,219,343,559,700
010001017_jpg.rf.xBaBoiaLd6vcE80CC6J2.jpg,600,218,2,16,47,578,195
armas (1333)_jpg.rf.xL3LlwbHjYXxEiBnv4OS.jpg,1024,768,0,1,108,992,552
010001001_jpg.rf.xjwF2gjiXxADQQ6rkKqI.jpg,600,123,2,3,8,597,120
010000861_jpg.rf.xwDIXtgYTUQZp7zjAtK5.jpg,600,963,2,287,304,475,373
armas (639)_jpg.rf.yAFcZsXZyL00d5TA1b1u.jpg,600,435,0,113,107,400,326
armas (2699)_jpg.rf.yYZxuPlfhWVcK6xziitR.jpg,160,120,0,7,7,154,113
armas (2175)_jpg.rf.yu2oFtlP4d7QfpglcqZO.jpg,160,120,0,3,2,156,117
3115317fce57d3276_jpg.rf.yvNPjXv0s153J4pCuCxX.jpg,1024,321,2,7,7,1017,314
armas (2420)_jpg.rf.vua23NhbRRyDEaO9XyvW.jpg,160,120,0,4,7,155,116
71c1df1065d9910af_jpg.rf.w5waIdyiixT0hHiCFuY6.jpg,1024,683,2,456,127,594,171
armas (1059)_jpg.rf.CmuUk0aQJMijO6MJY144.jpg,640,480,0,1,1,637,480
a1cd926a9681c2215_jpg.rf.wtzqr0GzDWa0K9jOP8YV.jpg,1024,767,2,22,26,992,762
010001259_jpg.rf.xARt6sdidkXgblfJy81j.jpg,600,337,2,217,81,579,237
010000177_jpg.rf.wCd5md3EpiwFp5kgfK5J.jpg,600,324,2,26,23,583,255
d18e76595f5e14c74_jpg.rf.waykSdHWav9dkA4fVOWT.jpg,683,1024,2,119,162,607,337
1149f466b3c8b5d11_jpg.rf.CNn3sYp9j3lcDYXbbsej.jpg,1024,768,2,0,158,1023,669
armas (808)_jpg.rf.wPrLcRJAZYZq0Qwe60kh.jpg,300,225,0,13,16,281,218
3725b748f0139e04_jpg.rf.CV77duozDziZ1P5FHjlu.jpg,1024,768,0,35,116,953,677
a160f98234217c32b_jpg.rf.w8dQDpabe8RY8pMUstJn.jpg,1024,681,2,210,330,844,527
a160f98234217c32b_jpg.rf.w8dQDpabe8RY8pMUstJn.jpg,1024,681,2,366,155,634,260
armas (1749)_jpg.rf.LjUtHr6eW3kHg6bcH242.jpg,413,423,0,100,90,375,393
armas (1505)_jpg.rf.LuaGCegbX9r1ZJMIXz35.jpg,375,500,0,108,16,354,481
a92913a0868db5ba_jpg.rf.xcRr5isstVgs3B5SLOD0.jpg,1024,768,0,703,634,933,744
51df5dd4e32f5bc52_jpg.rf.zIo7Jq3rdUtMXtS9me0s.jpg,1024,382,2,28,126,991,294
21b0225728d489a89_jpg.rf.zGIbbVMpI8UCEWdX1Dk8.jpg,1024,758,2,87,32,1014,320
d91ac80a32f7a053_jpg.rf.zEtGZjkMIwmZIgtRZisP.jpg,1024,680,0,196,92,885,574
armas (1795)_jpg.rf.LXmpAjsjLMAOCjVlht2h.jpg,379,261,0,6,2,365,251
010001003_jpg.rf.M949cpMjKw7TJK10JBjt.jpg,600,398,2,96,125,577,277
armas (2425)_jpg.rf.LgF4ihwQO8nROXcZn87A.jpg,160,120,0,4,3,153,119
010000656_jpg.rf.LwFxhq7A60gUkjKpEkUa.jpg,250,187,2,13,44,238,178
armas (745)_jpg.rf.MXFCkpJqqnkezfHpnQuJ.jpg,650,500,0,37,46,645,397
armas (396)_jpg.rf.NEqoydKKKlBHX31CE6cd.jpg,1023,805,0,148,181,474,423
913398d48231dce7c_jpg.rf.MPopWS2BweNN6kvzCcNf.jpg,1024,678,2,264,315,752,439
913398d48231dce7c_jpg.rf.MPopWS2BweNN6kvzCcNf.jpg,1024,678,2,464,301,556,318
armas (2859)_jpg.rf.MbCdadgVomT1KxN5i1Z1.jpg,1280,720,0,128,5,1051,486
00d1e939c70f17f0_jpg.rf.MaTkYOAD2nQ9lR3pQbYp.jpg,1024,681,0,0,5,819,390
armas (2286)_jpg.rf.MtHRw7BvqcNgEsxbPqiI.jpg,160,120,0,2,4,158,115
01b19b57b99ea7d55_jpg.rf.MYke1gnBq8K7QFGq7GgQ.jpg,1024,680,2,45,46,216,87
01b19b57b99ea7d55_jpg.rf.MYke1gnBq8K7QFGq7GgQ.jpg,1024,680,2,180,187,899,426
armas (1197)_jpg.rf.NVk5BB46ytWHtmhlGfCo.jpg,500,375,0,13,136,359,364
armas (1197)_jpg.rf.NVk5BB46ytWHtmhlGfCo.jpg,500,375,0,78,7,492,218
armas (976)_jpg.rf.MdmNaOOX3syt2be7bi7c.jpg,275,183,0,24,21,229,166
d197f2a3e726ee5fd_jpg.rf.5GJmGypq99yx96UE7CIW.jpg,1024,443,2,35,93,974,343
i1mage69_jpg.rf.5ivYc7G5Q7gjyxKJLAuG.jpg,550,432,2,45,87,456,285
816c0f8b339ca9b82_jpg.rf.NQjpPeP1SfH9yEHUaVsr.jpg,1024,683,2,284,166,735,277
armas (2297)_jpg.rf.7Jw97e8hK68QisJwipGE.jpg,160,120,0,6,1,154,115
917ed0ba503783baf_jpg.rf.7KwRY5Aycgu2OKaDp5KP.jpg,1024,700,2,185,0,978,525
armas (496)_jpg.rf.7P9leMTXA0Uf6LRPobug.jpg,300,168,0,83,23,243,159
151c7597b15bb428_jpg.rf.7VcsQwBmB0TQeGZWsrn9.jpg,1024,683,0,656,251,840,343
31e4551b3de41dda1_jpg.rf.5bYhDwMpwtiHQu0prAnB.jpg,1024,680,2,2,211,498,547
d1424d8d0ca8f0142_jpg.rf.NWVsC8RVWXhY2GiYw3WB.jpg,1024,683,2,338,286,642,500
d1424d8d0ca8f0142_jpg.rf.NWVsC8RVWXhY2GiYw3WB.jpg,1024,683,2,444,87,496,99
010001359_jpg.rf.Li8z0xy2kjAEuxlTwBdN.jpg,600,337,2,212,143,351,197
armas (1550)_jpg.rf.5rVBF7KxCWPR12dnebNi.jpg,500,432,0,1,75,246,276
armas (926)_jpg.rf.7Hf0B9TGurXAdH2wHbZw.jpg,270,187,0,75,51,245,149
81c54f73e56016a46_jpg.rf.73Htcah96Ppv2rQTF7BP.jpg,1024,685,2,379,171,824,471
71c18e834a4faa003_jpg.rf.66xgaCb0JGQeO1RdcFXT.jpg,1024,680,2,243,13,369,97
012026c76bde7e6ea_jpg.rf.tcvdsFHW06j7ZCLYY7ys.jpg,1024,1024,2,0,545,1022,1022
012026c76bde7e6ea_jpg.rf.tcvdsFHW06j7ZCLYY7ys.jpg,1024,1024,2,78,0,1005,379
armas (2603)_jpg.rf.tnny2TIW0evoL2J8rWk9.jpg,160,120,0,1,2,158,116
010000169_jpg.rf.trEjKgQv6dNEx9ZeMAyN.jpg,480,480,2,4,132,478,330
c121b40fdb2834f96_jpg.rf.u4S2SH7ziZZXbfNupk0Y.jpg,1024,682,2,48,168,435,314
c121b40fdb2834f96_jpg.rf.u4S2SH7ziZZXbfNupk0Y.jpg,1024,682,2,581,429,1023,581
armas (2377)_jpg.rf.uTRFau4IFp5l8m1LyvAc.jpg,160,120,0,2,1,156,103
010000821_jpg.rf.ue5cDGjsAMeR2jQui48L.jpg,600,401,2,21,121,558,318
01e2c9229b89c6968_jpg.rf.vNBJaJnks7KwDOBtRLm0.jpg,1024,632,2,86,174,457,423
01e2c9229b89c6968_jpg.rf.vNBJaJnks7KwDOBtRLm0.jpg,1024,632,2,546,182,987,356
armas (443)_jpg.rf.6WftRvNZ9EvjoFhUd0UA.jpg,1024,567,0,10,1,900,567
010d71b0afcf0e508_jpg.rf.7o8aClXA6m58YQuchD7a.jpg,768,1024,2,163,234,568,496
010000040_jpg.rf.7uSOKnaEuW9VaeFz7Lfe.jpg,600,225,2,29,32,580,199
armas (316)_jpg.rf.96hLJeFAOOi339B9QFcR.jpg,269,194,0,165,64,183,117
i1mage53_jpg.rf.8yvZZ6XEeeOs5aYYUJKW.jpg,494,371,2,25,175,428,306
armas (6)_jpg.rf.8GsSU9MxnvnfITatkDER.jpg,1114,741,0,274,203,949,616
91bf94cf433634bb7_jpg.rf.8EM0yuDkDHWa4veQUxfu.jpg,1024,731,2,44,351,573,630
91bf94cf433634bb7_jpg.rf.8EM0yuDkDHWa4veQUxfu.jpg,1024,731,2,226,137,487,227
91bf94cf433634bb7_jpg.rf.8EM0yuDkDHWa4veQUxfu.jpg,1024,731,2,747,246,1023,381
armas (1421)_jpg.rf.80LnWV9zpmkNigmFPLbI.jpg,500,334,0,22,153,233,246
armas (1421)_jpg.rf.80LnWV9zpmkNigmFPLbI.jpg,500,334,0,265,136,478,247
armas (750)_jpg.rf.tBKfqrCzwyatwjR3snNA.jpg,786,596,0,80,221,380,502
armas (750)_jpg.rf.tBKfqrCzwyatwjR3snNA.jpg,786,596,0,408,148,617,369
c11f4a9f66af6e038_jpg.rf.tE0Aqv7NRIXWDoNgkPFt.jpg,1024,768,2,178,22,997,282
01a7b9a17a0dfcdb8_jpg.rf.6197W1gCCfNXvPLHfvQp.jpg,1024,681,2,218,387,868,569
01a7b9a17a0dfcdb8_jpg.rf.6197W1gCCfNXvPLHfvQp.jpg,1024,681,2,381,185,874,451
010f4ec9ee8901d37_jpg.rf.tHMgcfw0xh7D14dbQhbq.jpg,662,1024,2,105,302,184,549
d1a2ec08c50b6101e_jpg.rf.9dZxnerpdtZp4flclz6H.jpg,1024,731,2,375,239,784,640
a17218cd3e66cfad3_jpg.rf.tCTpbzIYV0HkFn5IcpA0.jpg,699,1024,2,243,159,452,677
armas (877)_jpg.rf.vlFTLOTrGx50SUB7chKu.jpg,237,213,0,21,75,61,135
61131fc0c827ddcb7_jpg.rf.vmuurDB7FHGkvdEewpA1.jpg,1024,628,2,24,174,633,436
266a1ed2789eec8c_jpg.rf.vnUDPG2sXKuZOnI6BnC1.jpg,1024,768,0,101,174,882,665
01a7b7f2078f26bc1_jpg.rf.vsrxLrlkdJ278sXJJqno.jpg,1024,683,2,0,239,626,536
armas (1397)_jpg.rf.vu6LEelRS4RF0lZi0kwI.jpg,336,495,0,116,137,154,181
311bdb1eeda01e634_jpg.rf.wJy4EIdXCGvc3Oez6Y0J.jpg,1024,680,2,685,214,1006,353
311bdb1eeda01e634_jpg.rf.wJy4EIdXCGvc3Oez6Y0J.jpg,1024,680,2,384,241,712,591
armas (1809)_jpg.rf.1oHyHTWBvYizqYmz58xR.jpg,640,500,0,399,191,469,253
armas (2031)_jpg.rf.1uTV71wftF8TOqzp19qZ.jpg,661,496,0,85,157,135,206
armas (2709)_jpg.rf.1xqYIQJNQdAIVyUKpScg.jpg,160,120,0,2,2,155,115
a1334a54004eb46c8_jpg.rf.1zHZNn7ve6zQtPA7gcPO.jpg,1024,683,2,208,205,958,380
010dadebf247473de_jpg.rf.2fxw3zMfLXmpOKS7AhuM.jpg,1024,769,2,178,77,655,170
armas (1733)_jpg.rf.2jjaQ74s4lbo6wzzajbW.jpg,400,600,0,89,84,304,198
armas (1733)_jpg.rf.2jjaQ74s4lbo6wzzajbW.jpg,400,600,0,15,319,374,590
armas (2667)_jpg.rf.vCCEtYTZM3eesM1fM9Mh.jpg,160,120,0,4,1,157,117
armas (2030)_jpg.rf.v2C5o9BNOjexrVo2JSMg.jpg,661,496,0,355,229,435,335
010001052_jpg.rf.viIHdRLcewb2Q08CrZUT.jpg,600,449,2,97,20,586,400
71fc51738425d9189_jpg.rf.vRzKNTFzBnLHYGamNfz7.jpg,1024,688,2,61,314,396,679
71fc51738425d9189_jpg.rf.vRzKNTFzBnLHYGamNfz7.jpg,1024,688,2,639,278,1023,687
armas (635)_jpg.rf.4YFGejvajdnid1V3nfzm.jpg,600,336,0,13,16,551,306
4f5462043ce89254_jpg.rf.4bQFFpE9ALljKH27CPzL.jpg,1024,681,0,440,311,493,369
078137c87ab2c4d0_jpg.rf.4tnNrcAuIXqB3fi7VVGe.jpg,1024,680,0,22,60,929,655
armas (2489)_jpg.rf.56Wshjo8JxDckmT0noZr.jpg,160,120,0,1,1,157,116
i1mage127_jpg.rf.SYxMdncMxyazoCHCK3tf.jpg,567,378,2,77,106,479,280
51f9d63cc6f0e0975_jpg.rf.SvO43vUMrfd6tqWK18pD.jpg,683,1024,2,205,473,653,716
armas (474)_jpg.rf.T8ixbEMSU1W6GvAJxLMi.jpg,682,1023,0,239,384,352,579
010001160_jpg.rf.2kisTiHss4RpPY9XO0P0.jpg,600,450,2,36,160,598,343
armas (1221)_jpg.rf.3Pdo7X5iU0xCvoaVwMSQ.jpg,290,495,0,15,91,81,123
armas (1950)_jpg.rf.2pqutCE0Thgu5UPjZo4C.jpg,1500,1100,0,555,275,734,371
armas (1254)_jpg.rf.2olxNufrFkmGEAOH47Ih.jpg,500,370,0,289,167,482,307
armas (1254)_jpg.rf.2olxNufrFkmGEAOH47Ih.jpg,500,370,0,232,70,410,237
armas (1254)_jpg.rf.2olxNufrFkmGEAOH47Ih.jpg,500,370,0,116,32,246,253
armas (1254)_jpg.rf.2olxNufrFkmGEAOH47Ih.jpg,500,370,0,13,107,191,304
armas (2441)_jpg.rf.3ZYfAKU2EeRDGmWEFepc.jpg,160,120,0,2,1,157,115
01a6de9d0d9692797_jpg.rf.2bEvlZJOfOeUlb6iCAd4.jpg,1024,683,2,244,325,507,387
i1mage113_jpg.rf.3z4Chmxz4NU3CkHWpNmO.jpg,576,324,2,18,20,552,292
a196929cd15c990c4_jpg.rf.4LeCVzYlZnnljSYwIiYj.jpg,1024,1024,2,39,154,963,859
611af7d361b164d2e_jpg.rf.VeFEAH0bZ9481mvjTy0W.jpg,1024,446,2,33,59,997,408
21363e49d896ad226_jpg.rf.4JJJ9gvmLqVaYWU8mUez.jpg,1024,683,2,180,253,995,537
armas (1590)_jpg.rf.TsuB2ltCqHgDnl6OrB3O.jpg,500,375,0,44,199,290,362
armas (1590)_jpg.rf.TsuB2ltCqHgDnl6OrB3O.jpg,500,375,0,131,109,361,271
armas (1590)_jpg.rf.TsuB2ltCqHgDnl6OrB3O.jpg,500,375,0,203,17,427,177
armas (1286)_jpg.rf.TRJL7bwYBKtWrebppf79.jpg,500,333,0,26,32,318,255
010000938_jpg.rf.U5O7Cmz892ftItgQRizj.jpg,223,297,2,29,48,157,211
f1b1bbd5e6219c596_jpg.rf.Ux6ymrSFKHnWK1iZtpTb.jpg,1024,681,2,119,165,209,395
f1b1bbd5e6219c596_jpg.rf.Ux6ymrSFKHnWK1iZtpTb.jpg,1024,681,2,343,124,406,189
f1b1bbd5e6219c596_jpg.rf.Ux6ymrSFKHnWK1iZtpTb.jpg,1024,681,2,675,210,1003,374
715753af3e1691b39_jpg.rf.VYuCEgw43zbsTrNRAmGj.jpg,1024,566,2,39,130,647,501
armas (2800)_jpg.rf.WF0i3zrlPLYz61vcX9VY.jpg,300,450,0,180,164,222,219
armas (1909)_jpg.rf.WEgEk4riHeWn1O0MaSyD.jpg,220,165,0,50,1,171,158
01366a3352e8affd0_jpg.rf.VGmRgmhUTiCh8FRUzVxF.jpg,1024,680,2,246,271,787,456
armas (2407)_jpg.rf.WODlRbKvSTvQwXZLWnzt.jpg,160,120,0,3,1,158,119
ee24d9e28181773a_jpg.rf.VqkoJFIIxjSEOfntMEeK.jpg,1024,1024,0,221,367,529,539
armas (1723)_jpg.rf.UjOaKtKwk42TIfO6Qzso.jpg,768,1024,0,42,110,705,994
armas (233)_jpg.rf.B1FLkvJeprnlCu6aDf8S.jpg,1600,974,0,442,688,585,799
770a8d4469d50c3b_jpg.rf.B3Gj72wp7gD4ig8PCPHl.jpg,1024,494,0,7,10,692,467
armas (572)_jpg.rf.U5jpnt4fvKBpni7hIFWa.jpg,899,628,0,61,41,719,425
010000583_jpg.rf.TIbAg5QQps3eOAa8miPD.jpg,600,337,2,382,268,568,324
010000583_jpg.rf.TIbAg5QQps3eOAa8miPD.jpg,600,337,2,123,197,466,300
armas (2174)_jpg.rf.BJNgFT2rkUftzMadGejj.jpg,160,120,0,5,2,154,116
armas (2578)_jpg.rf.B1ai340p5oRAjOdgyZlD.jpg,160,120,0,3,3,158,118
armas (2270)_jpg.rf.BNFNmraXMc7p77iBpXue.jpg,160,120,0,3,4,157,116
armas (2663)_jpg.rf.K5jiwLEBFhqAYa4ZOANo.jpg,160,120,0,1,1,154,118
79ad9c02ca6d2cb1_jpg.rf.KzmZrHo3G5DutPp6IVj4.jpg,1024,678,0,0,0,1023,678
2197d3a3139bddcd6_jpg.rf.L71MypcGBnZlBwH70u71.jpg,1024,374,2,133,28,520,284
armas (1787)_jpg.rf.L9e2QJ82KvHfaVjxLfqn.jpg,2560,1600,0,698,142,2551,1015
armas (1787)_jpg.rf.L9e2QJ82KvHfaVjxLfqn.jpg,2560,1600,0,63,255,1766,1535
armas (2452)_jpg.rf.D1DuS8Enk6mzgtZswtqx.jpg,160,120,0,8,5,155,116
armas (473)_jpg.rf.CaYyPnAWwEbvVlnqzoVV.jpg,1023,682,0,271,54,413,254
armas (1429)_jpg.rf.CAqretQlMD5tACR5LVLH.jpg,500,375,0,72,37,413,375
armas (2155)_jpg.rf.CIUq8XNRCgqncmqOxvF2.jpg,284,160,0,80,24,110,96
armas (393)_jpg.rf.Kw0mctKCYd2qZeQ1fQVc.jpg,448,298,0,1,41,428,298
armas (130)_jpg.rf.p9JvXIMaZY8eAYFeUSxI.jpg,450,300,0,139,74,226,258
armas (2757)_jpg.rf.pbSmZCmFb9d1jZ7wOHuk.jpg,160,120,0,2,1,157,117
armas (1247)_jpg.rf.pbagLR8LLKFRkla38IJz.jpg,1024,762,0,151,1,999,744
armas (2959)_jpg.rf.phzgWJkj3ZbUNyWKRSTC.jpg,535,411,0,21,20,517,394
armas (280)_jpg.rf.HZ2wL2R5lh2GfT3Pb6HV.jpg,347,540,0,173,172,205,342
dfc79ecda60183d6_jpg.rf.CjfcqWqYGDqx8ZcMTCwT.jpg,1024,725,0,216,210,869,559
armas (2966)_jpg.rf.DxITQAR8CHYwn0OAyu0G.jpg,396,395,0,53,220,329,390
armas (1989)_jpg.rf.Lg87Dg1sBUCOv3dKHDXm.jpg,620,412,0,302,95,607,316
armas (1466)_jpg.rf.CJGvqfv5bb6rSvpbLgkr.jpg,500,333,0,40,35,474,290
armas (2546)_jpg.rf.CeTV3paaQQ0cbnAOe11Z.jpg,160,120,0,3,2,152,116
armas (1069)_jpg.rf.pt1N28LJtOJUXNorR5H6.jpg,2634,2340,0,1029,132,2517,2078
armas (1069)_jpg.rf.pt1N28LJtOJUXNorR5H6.jpg,2634,2340,0,179,545,1521,2211
a172960fa1ee6eecd_jpg.rf.q0JRJGQtSUwN9UIKvCku.jpg,1024,683,2,269,113,930,220
armas (2429)_jpg.rf.q4YPsc7YtVQWlfmsaYKb.jpg,160,120,0,2,1,157,119
517f23e67cb49ecfb_jpg.rf.pgMdDyOztQmocF0LoXDN.jpg,1024,693,2,282,99,867,276
armas (457)_jpg.rf.q8h0DkxBP0Zu3rlgYbSg.jpg,1024,678,0,813,179,983,344
armas (611)_jpg.rf.HiZbM1pVxg741IfrUPde.jpg,615,409,0,223,57,268,90
010001059_jpg.rf.qHlU3lWbnyH0dTpjFZ6Z.jpg,600,337,2,10,23,595,322
010000953_jpg.rf.CRrzUjdb8Czael8chb3W.jpg,600,847,2,244,397,578,685
d18ba94b6f999937e_jpg.rf.CVShWwnwnEFekpdw7SOV.jpg,1024,768,2,675,556,934,767
e11084a0e2c8760a3_jpg.rf.DjbqD8qgWr8JJo1Zppvb.jpg,1024,678,2,466,329,951,478
armas (2850)_jpg.rf.ppQsiOLELnsM7FskbwCo.jpg,1154,1154,0,69,323,656,908
c1d57ce48558d2c7e_jpg.rf.poxyDVOgsRnEcKf3uNYf.jpg,1024,486,2,16,65,1004,469
010000269_jpg.rf.Ln6f2YmLoBtAR0vYZXxk.jpg,600,336,2,232,155,597,258
010000269_jpg.rf.Ln6f2YmLoBtAR0vYZXxk.jpg,600,336,2,26,47,352,157
010000269_jpg.rf.Ln6f2YmLoBtAR0vYZXxk.jpg,600,336,2,3,105,349,293
010000269_jpg.rf.Ln6f2YmLoBtAR0vYZXxk.jpg,600,336,2,189,62,533,302
26dff505256728ff_jpg.rf.LsPiIHAGAidwbuMg2jrp.jpg,1024,759,0,107,61,903,713
armas (2979)_jpg.rf.LvcUW0cLfct7dhUPLKUb.jpg,2000,1300,0,73,7,1957,1161
413b86522a10f4417_jpg.rf.LwmmbIWGx36AKkRdGk3O.jpg,1024,694,2,0,0,477,692
413b86522a10f4417_jpg.rf.LwmmbIWGx36AKkRdGk3O.jpg,1024,694,2,363,0,462,647
413b86522a10f4417_jpg.rf.LwmmbIWGx36AKkRdGk3O.jpg,1024,694,2,635,0,975,603
11005d87b8399e887_jpg.rf.M4lXSwbVQ5Bbp1JrbXla.jpg,1024,681,2,409,200,839,402
010000470_jpg.rf.MENwDbMzQMFdm7hGFsqd.jpg,300,169,2,22,71,283,132
41dcf8f1e6831024c_jpg.rf.N46p8IZwUa1MnznrE5xg.jpg,768,1024,2,231,430,458,505
41dcf8f1e6831024c_jpg.rf.N46p8IZwUa1MnznrE5xg.jpg,768,1024,2,248,543,453,607
41dcf8f1e6831024c_jpg.rf.N46p8IZwUa1MnznrE5xg.jpg,768,1024,2,251,233,479,316
41dcf8f1e6831024c_jpg.rf.N46p8IZwUa1MnznrE5xg.jpg,768,1024,2,256,642,480,716
41dcf8f1e6831024c_jpg.rf.N46p8IZwUa1MnznrE5xg.jpg,768,1024,2,255,125,498,204
41dcf8f1e6831024c_jpg.rf.N46p8IZwUa1MnznrE5xg.jpg,768,1024,2,258,765,482,844
f126a8197846749f8_jpg.rf.qNDp76PNeXUxe76eaAnM.jpg,1024,687,2,76,20,995,669
21c872883c9fbb500_jpg.rf.CPdaFRSuKgEXoCr7Fryh.jpg,1024,683,2,0,249,673,458
armas (1667)_jpg.rf.N6qQfPnPpZCnkTBqj56p.jpg,415,500,0,3,57,206,406
a148df8f33964f152_jpg.rf.pkrqzf720QnEYp6llVpb.jpg,681,1024,2,0,98,196,1016
armas (1541)_jpg.rf.qUz4LwzvhRO4XPcqqtGL.jpg,350,376,0,14,11,335,252
armas (175)_jpg.rf.IjIxQu8yyrqiDyx8Q166.jpg,640,360,0,273,105,355,171
armas (324)_jpg.rf.qGN9KDv0nUSC3tPfMjO9.jpg,208,194,0,154,13,195,86
armas (290)_jpg.rf.qRq23yKVKTpsUOXAQSvW.jpg,900,601,0,637,185,779,367
armas (929)_jpg.rf.NoGKRV0hAb3aaMpy1WPy.jpg,281,179,0,119,17,179,74
f1309226592b296f1_jpg.rf.NpuVg9AaJlyXXj7n4HVI.jpg,1024,768,2,327,162,1023,768
31ddb0757d0b9c1db_jpg.rf.NvSJP24d6nGXkVAs9Vnc.jpg,1024,678,2,32,196,410,600
31ddb0757d0b9c1db_jpg.rf.NvSJP24d6nGXkVAs9Vnc.jpg,1024,678,2,717,374,926,677
816bb454dafac8d91_jpg.rf.NwvgTUFYncM2FZ9znBDI.jpg,1024,681,2,276,230,860,556
716d333ade85ab249_jpg.rf.O0RR7gs9Wy50Qy7n2Ino.jpg,1024,768,2,440,359,606,657
76aa5be0745ad2b9_jpg.rf.OHL8He6Y58DnrAJTem0C.jpg,1024,1024,0,136,233,1016,767
010001226_jpg.rf.OHptHqMfQkijy6sKVOcA.jpg,320,320,2,17,221,274,315
010001226_jpg.rf.OHptHqMfQkijy6sKVOcA.jpg,320,320,2,13,114,310,212
010001226_jpg.rf.OHptHqMfQkijy6sKVOcA.jpg,320,320,2,6,1,312,112
e51a4fb343ffc402_jpg.rf.OPWJLefL09Cz0FQe9j2u.jpg,1024,768,0,103,277,976,655
cd97edd3e538f40e_jpg.rf.NWOPnbQ5Y9Ud9MbwBKup.jpg,1024,683,0,0,294,384,536
armas (1096)_jpg.rf.DOby6KVWEn3hSBIqGx80.jpg,1650,1100,0,317,198,1396,952
b1af82593237054e9_jpg.rf.DuSjBMLkT4OteVmu6Vt4.jpg,1024,657,2,190,188,705,404
armas (2494)_jpg.rf.OWxa6Z4Sql86HojwSuTi.jpg,160,120,0,4,6,157,113
a170ef5666bb3e2aa_jpg.rf.E3TrHUzX9nxILg7SgJwM.jpg,1024,683,2,108,480,575,641
112ee9af4ed3c213e_jpg.rf.Hy3RAkD5uyXOxa6cjTwP.jpg,1024,683,2,190,174,1023,585
91d7ac9802bfd0148_jpg.rf.NblhhxmHxmhBXJNwfFFu.jpg,1024,546,2,67,96,897,395
d11f130ccb972f9d2_jpg.rf.NgsNiYN2KWKVw4QQmvdz.jpg,1024,576,2,20,183,1023,576
110bb4c76dbbe5386_jpg.rf.NmtOtlpdJZAL4zycHFGx.jpg,845,1024,2,154,162,828,429
armas (893)_jpg.rf.fQBtiBKz0ZvWxWh0tZLs.jpg,260,194,0,86,73,106,91
armas (1483)_jpg.rf.ftRxt5oN7R0iZOKw9XQZ.jpg,250,138,0,16,14,227,117
012f79be0e0656a52_jpg.rf.gJ6GPJ0iTJo9baamVbxr.jpg,1024,685,2,251,351,731,492
41a0346819a753048_jpg.rf.gQHBVNfkGJ56Hj26BClk.jpg,1024,680,2,228,176,507,524
armas (1897)_jpg.rf.gcbntiRkFKnnQwaMxmFz.jpg,650,455,0,33,10,600,422
81bc260aa5fe7b5f6_jpg.rf.ghrHfos813YsaLrV4LsE.jpg,1024,678,2,448,156,893,432
51a1eaacfbe6d5f90_jpg.rf.OPKr47iPklOcUH3X5LQf.jpg,1024,683,2,0,240,690,446
d1f982067fac35d9f_jpg.rf.IYdZ8wfUSw1gKlON25VM.jpg,1024,681,2,258,324,674,680
armas (225)_jpg.rf.OQdXwStQU9nL0GtkAeL5.jpg,615,409,0,166,25,376,293
armas (1965)_jpg.rf.OuBWdyfxiqnx2hDrgvsF.jpg,256,197,0,72,61,102,112
015a7a5b042419839_jpg.rf.fONHb1M51H7ZGkthdN6y.jpg,1024,681,2,74,273,753,497
a1c169ff71a3748ba_jpg.rf.fEdE0al2Yea8zvtbP2RX.jpg,1024,768,2,0,0,1024,767
010000837_jpg.rf.YLnSIAdcc8NX4Y3xUB3C.jpg,390,259,2,2,3,388,257
3179de4723c254868_jpg.rf.YV9R0h8ibpauZJVxgCSO.jpg,1024,681,2,272,263,986,615
3179de4723c254868_jpg.rf.YV9R0h8ibpauZJVxgCSO.jpg,1024,681,2,392,263,990,611
eddfd612d47961e6_jpg.rf.YetDEzPLIBt793mY7SkV.jpg,1024,768,0,39,176,1000,659
91445b3428ddff0a8_jpg.rf.qeWIIDMatizBtnAGrEtk.jpg,1024,683,2,357,132,819,242
armas (1399)_jpg.rf.fCsaGLBgOzYKd9U3ACXZ.jpg,500,422,0,17,170,318,398
armas (1399)_jpg.rf.fCsaGLBgOzYKd9U3ACXZ.jpg,500,422,0,138,13,483,276
39ca9b377b4d48ee_jpg.rf.gOCwCiVMgouZyBnqccCW.jpg,1024,766,0,213,189,787,583
2abaad7f5d0ba83a_jpg.rf.h4FsLBjQtOIxcCVjD7zz.jpg,1024,683,0,0,0,1024,683
armas (2875)_jpg.rf.hRWsm9tTFLk6PYSPFI0G.jpg,400,259,0,45,12,235,164
armas (2875)_jpg.rf.hRWsm9tTFLk6PYSPFI0G.jpg,400,259,0,169,95,367,248
d1e6f0786b621f196_jpg.rf.gykCHClIwD8Ou1iGuAaw.jpg,1024,1024,2,35,615,1022,848
d1e6f0786b621f196_jpg.rf.gykCHClIwD8Ou1iGuAaw.jpg,1024,1024,2,52,512,1022,726
91392ecc00428986a_jpg.rf.hGKmtZY4e5p8aZQMT073.jpg,1024,685,2,98,233,771,487
57889567831b68c0_jpg.rf.iNmaoSCImlchnd2U5Yne.jpg,1024,768,0,8,161,968,723
218545c3f51125591_jpg.rf.iK6AnQ6cXo1wniGYTt3Y.jpg,1024,731,2,679,227,920,311
218545c3f51125591_jpg.rf.iK6AnQ6cXo1wniGYTt3Y.jpg,1024,731,2,89,274,358,368
218545c3f51125591_jpg.rf.iK6AnQ6cXo1wniGYTt3Y.jpg,1024,731,2,475,279,674,452
218545c3f51125591_jpg.rf.iK6AnQ6cXo1wniGYTt3Y.jpg,1024,731,2,574,244,770,377
01c9c32cf7df2eab5_jpg.rf.gxiqtlyz8TeYNunmcjP0.jpg,1024,683,2,332,164,585,456
01005b2913ba46ddf_jpg.rf.ZkbIuvJ6PHikEtVf23Ym.jpg,834,1024,2,65,306,310,429
8198533b6697223ba_jpg.rf.ZlZSseE6lAsJK46tJGSC.jpg,1024,768,2,28,222,976,554
armas (2535)_jpg.rf.ZmSgaDils2WWWgLWXK9f.jpg,160,120,0,4,1,154,113
010000593_jpg.rf.ZpX9Bf2gX8oyMXs7gQPy.jpg,480,268,2,92,107,480,233
01cbb580284f71cfa_jpg.rf.ZrjozpHELOzRlYqd8Xuv.jpg,1024,683,2,171,329,776,532
c17dea4b065e7631c_jpg.rf.hq0FtVwzGHG2ldJgYIIM.jpg,1024,768,2,690,585,1023,766
armas (630)_jpg.rf.iC3cOWz9dlhi04koNXXJ.jpg,474,360,0,227,102,417,199
armas (2119)_jpg.rf.hAy2rm1r7VaqREXD04hy.jpg,650,400,0,1,3,608,267
armas (1366)_jpg.rf.YunURFegNZnGkx1ZbMtP.jpg,333,500,0,81,169,126,275
armas (865)_jpg.rf.YnNikPiUBQYeDCiEBOpF.jpg,336,120,0,28,10,158,111
armas (865)_jpg.rf.YnNikPiUBQYeDCiEBOpF.jpg,336,120,0,189,13,335,119
armas (101)_jpg.rf.ZAa2dW6Qccq78thz9uGh.jpg,1000,1620,0,141,195,341,447
5a6a131333a3641c_jpg.rf.Yuqqxfx2L7JClcOYjQ8d.jpg,1024,685,0,409,92,1023,487
armas (2624)_jpg.rf.ZN6BXf3tkjVYqfUdG0hW.jpg,160,120,0,7,1,151,113
armas (2395)_jpg.rf.Z11M3bgXQQ4vuppghvQO.jpg,160,120,0,3,3,157,116
armas (2375)_jpg.rf.ZFHTNQNwNmzKlPoQRFxw.jpg,160,120,0,4,1,157,111
armas (2167)_jpg.rf.ZaUqmvJp94Ip0H30Z1gs.jpg,160,120,0,3,9,154,107
armas (616)_jpg.rf.ZEWD5CliQmyQAGzOixJd.jpg,380,236,0,130,97,163,141
21549969a519576ad_jpg.rf.bsf53cWbU82KFnD1lafR.jpg,1024,683,2,0,245,748,554
i1mage77_jpg.rf.0C1ZJpkgxTZxfp6K8bDx.jpg,460,268,2,18,24,312,172
armas (2845)_jpg.rf.0EwjCTNzR2wAuarqi81D.jpg,2250,1478,0,865,359,1071,521
61a350e430aef6e63_jpg.rf.12FZHrLzJsC7bwVdlRKA.jpg,1024,681,2,310,329,499,484
61a350e430aef6e63_jpg.rf.12FZHrLzJsC7bwVdlRKA.jpg,1024,681,2,626,207,848,489
6143c6def1e54fad0_jpg.rf.163TYzIcruEZwEk5VcGS.jpg,1024,685,2,130,36,941,685
010c539777dc025be_jpg.rf.1CtEgHwGTJ56mRiPjdOT.jpg,1024,683,2,390,253,749,682
010000841_jpg.rf.1Fm70EhzQM0sk9pNwt0I.jpg,550,450,2,50,168,494,293
010000152_jpg.rf.1HqrOyzyQzBTidrJbvkc.jpg,236,236,2,5,12,232,184
010000183_jpg.rf.b59jD7dIWjGJZLwMQtMc.jpg,600,270,2,51,11,566,254
010000423_jpg.rf.bKmKa333dsLHGe0LoVso.jpg,600,524,2,48,244,507,465
010000423_jpg.rf.bKmKa333dsLHGe0LoVso.jpg,600,524,2,14,49,580,248
armas (1491)_jpg.rf.bXbQBYUi8psy37RjejIl.jpg,333,500,0,22,11,320,434
armas (1491)_jpg.rf.bXbQBYUi8psy37RjejIl.jpg,333,500,0,2,223,325,500
armas (8)_jpg.rf.bLP3V2WWjlznVplTeQYa.jpg,866,1300,0,586,359,860,553
b199ef92e53ad9523_jpg.rf.aw1bZ5fRPhsTWprsvWRN.jpg,1024,683,2,0,0,1023,608
armas (1837)_jpg.rf.bZhnVRpnZF0nLxDkr6jj.jpg,610,915,0,151,183,207,232
armas (1837)_jpg.rf.bZhnVRpnZF0nLxDkr6jj.jpg,610,915,0,401,186,433,235
armas (1837)_jpg.rf.bZhnVRpnZF0nLxDkr6jj.jpg,610,915,0,80,506,125,557
armas (1837)_jpg.rf.bZhnVRpnZF0nLxDkr6jj.jpg,610,915,0,391,515,422,593
armas (1837)_jpg.rf.bZhnVRpnZF0nLxDkr6jj.jpg,610,915,0,76,838,111,904
armas (11)_jpg.rf.bIPy650nbUIWOxUMEhbX.jpg,866,1300,0,251,414,417,658
armas (11)_jpg.rf.bIPy650nbUIWOxUMEhbX.jpg,866,1300,0,269,38,491,202
413f520f2eb946d80_jpg.rf.zrlCog6FqLg3gZOjKoWj.jpg,1024,755,2,24,15,841,740
01872eaf3283800bc_jpg.rf.jH0gV04ukclYlagyKJDh.jpg,1024,683,2,217,0,790,680
41c78ef8267c893d6_jpg.rf.jcX69lW4QNzBVyx17EAO.jpg,1024,289,2,63,96,993,238
armas (2417)_jpg.rf.jcm2CT05BrFFOXOMyWnm.jpg,160,120,0,2,2,157,115
21b04435f0318172f_jpg.rf.jfBDFqNyo1sgdu59kZQP.jpg,1024,684,2,154,618,951,683
21b04435f0318172f_jpg.rf.jfBDFqNyo1sgdu59kZQP.jpg,1024,684,2,358,25,521,559
21b04435f0318172f_jpg.rf.jfBDFqNyo1sgdu59kZQP.jpg,1024,684,2,440,0,716,587
21b04435f0318172f_jpg.rf.jfBDFqNyo1sgdu59kZQP.jpg,1024,684,2,798,257,1023,350
armas (2583)_jpg.rf.jhEoRlmCpQKRLA6Zp0Qf.jpg,160,120,0,1,1,156,115
armas (2363)_jpg.rf.jlMQs1ylBZGYfVumQVVN.jpg,160,120,0,11,35,143,107
61f7ecd99b60db716_jpg.rf.jrRHGxzfBbleEITZRXf5.jpg,1024,682,2,59,333,637,569
61f7ecd99b60db716_jpg.rf.jrRHGxzfBbleEITZRXf5.jpg,1024,682,2,238,99,578,238
armas (170)_jpg.rf.jt214VmcohyWz2pIECrG.jpg,384,256,0,1,74,106,230
armas (170)_jpg.rf.jt214VmcohyWz2pIECrG.jpg,384,256,0,64,64,207,215
armas (170)_jpg.rf.jt214VmcohyWz2pIECrG.jpg,384,256,0,160,65,294,202
armas (170)_jpg.rf.jt214VmcohyWz2pIECrG.jpg,384,256,0,230,48,376,186
armas (170)_jpg.rf.jt214VmcohyWz2pIECrG.jpg,384,256,0,327,59,383,159
11578c5fec12e869c_jpg.rf.jxFu2zFNambtif9g1CG6.jpg,1024,683,2,178,198,894,527
a15f387550ce2cde4_jpg.rf.k2tvjrgF3YXLFQh9pRPg.jpg,1024,682,2,204,329,848,538
armas (1561)_jpg.rf.aFQzGtZvlfutbQLWTGhs.jpg,500,375,0,9,68,488,284
armas (1873)_jpg.rf.1lrJNKUM5OOv50Du5SQf.jpg,450,381,0,24,47,398,309
f152b614c352629f8_jpg.rf.2WANmI2SXPqCTVg3Los4.jpg,681,1024,2,52,523,521,1023
61625bbe3b001001e_jpg.rf.zlsMF66NrLmGvRZer6v2.jpg,1024,576,2,395,141,866,348
armas (191)_jpg.rf.2y0j7hITSmMidz9pw2lh.jpg,962,639,0,170,314,335,413
armas (122)_jpg.rf.24ArryRRXJ9Q4zSJIOzO.jpg,1300,1300,0,51,500,501,735
armas (1796)_jpg.rf.zgjOnNvxmytH7fzIiUJb.jpg,1280,853,0,106,123,1097,688
armas (528)_jpg.rf.2sTQqzGrTLs1yhBpBV13.jpg,259,194,0,15,8,240,131
1195be2c26d182780_jpg.rf.zLH5wjxbVqJnWJKQxzCN.jpg,1024,683,2,323,150,551,366
1195be2c26d182780_jpg.rf.zLH5wjxbVqJnWJKQxzCN.jpg,1024,683,2,643,200,819,320
armas (1794)_jpg.rf.1Q52ic7EKYTpByXoxo9h.jpg,1024,576,0,130,64,866,477
010000444_jpg.rf.kRSaKe3l8mSvJsZKJ7kP.jpg,600,600,2,313,216,392,490
armas (2188)_jpg.rf.khpsaeKBLv2sJztMq6yE.jpg,160,120,0,4,1,154,114
fb31d55b4b9ae8bf_jpg.rf.klHjynHoVZQZXb6h9IcV.jpg,1024,681,0,493,184,992,382
31fa467a970a729a4_jpg.rf.kng6xvwfwokLISsybfNb.jpg,1024,685,2,436,299,988,684
31fa467a970a729a4_jpg.rf.kng6xvwfwokLISsybfNb.jpg,1024,685,2,297,161,517,372
31fa467a970a729a4_jpg.rf.kng6xvwfwokLISsybfNb.jpg,1024,685,2,320,280,421,402
armas (2514)_jpg.rf.kssWJtFhElE1ZfG7RDge.jpg,160,120,0,4,1,158,115
armas (1564)_jpg.rf.kunfTINZyla8u5HtWz7D.jpg,500,375,0,18,71,489,274
418d25423a8013f1d_jpg.rf.kwPiCqNte0NWUjVCf8es.jpg,683,1024,2,293,263,486,548
armas (398)_jpg.rf.BE2cf4iWLrH1L3KW5hwN.jpg,682,1023,0,401,302,585,558
armas (637)_jpg.rf.BJVUVO5yZr4Vmx7Ag9Zf.jpg,267,400,0,81,53,152,203
111f7bea42eb77a4e_jpg.rf.BNVB0h5uvMJSaHTVO56F.jpg,680,1024,2,49,408,605,974
11e7891657b92e4de_jpg.rf.BVQkSTDBOxGjZmt6fTDi.jpg,1024,576,2,189,215,501,361
11e7891657b92e4de_jpg.rf.BVQkSTDBOxGjZmt6fTDi.jpg,1024,576,2,80,307,262,416
11e7891657b92e4de_jpg.rf.BVQkSTDBOxGjZmt6fTDi.jpg,1024,576,2,452,148,579,285
b5041f67dd98349f_jpg.rf.BWqDZCFYZN13j4hb7JG9.jpg,1024,768,0,687,108,866,230
i1mage118_jpg.rf.Bzko5S6AqMVN3veXq8Ds.jpg,600,400,2,154,124,571,313
i1mage178_jpg.rf.C28Xi48sbj9yOV5bi8yy.jpg,675,450,2,208,185,503,399
0106fd953d2fb5221_jpg.rf.C61QxOoKqXkUKmpDAlZu.jpg,678,1024,2,73,590,480,872
i1mage107_jpg.rf.CS2JhVLYScopYsZt73zF.jpg,533,800,2,176,68,256,277
91faf9d35a7385ad5_jpg.rf.CT7cPmQFgu8YuUN9XYOM.jpg,1024,683,2,229,207,1023,411
010000071_jpg.rf.CTIaK4GHJHzMnta04g9O.jpg,600,428,2,153,104,550,387
armas (819)_jpg.rf.k8iULHOyNzDjhl6oAUL2.jpg,300,173,0,2,1,296,158
armas (2038)_jpg.rf.k463fYzjtCgXVxruGiqk.jpg,450,355,0,3,1,449,354
armas (2387)_jpg.rf.kIAWJ11VA9pQW7Qoc6HG.jpg,160,120,0,3,1,155,116
d146ebb7a6d424ade_jpg.rf.Cf3HGQkPw7w05ke2ZbV8.jpg,1024,685,2,650,366,989,493
armas (773)_jpg.rf.Cjhv3MbQpmIPtcSw4lMp.jpg,300,206,0,23,7,271,198
armas (1747)_jpg.rf.CsZkM91cGWuuPFds3zeq.jpg,500,478,0,16,20,489,457
armas (1688)_jpg.rf.CsvHMN9MXEQUz4EcpFVh.jpg,500,329,0,134,81,291,161
armas (2130)_jpg.rf.D1QaPOFgoIm94w65h8F2.jpg,736,552,0,27,67,719,486
01bcabf76c4e8c6cf_jpg.rf.DD9oKtdym2gSqnZFA4sr.jpg,1024,376,2,12,58,1015,335
e12a355ab710485f8_jpg.rf.Dleru0FbI2JESYwfZjl0.jpg,1024,492,2,15,68,1014,369
armas (2156)_jpg.rf.E2p7fwL3WDN9tvlfxiXW.jpg,354,200,0,57,31,307,200
010001233_jpg.rf.O7CVG77lvvHNGbydavtX.jpg,600,450,2,2,243,600,435
armas (1245)_jpg.rf.OErCnKi4C9v08etGPzR2.jpg,540,406,0,23,38,517,377
e1587145acf6fe1bd_jpg.rf.OJFmZlwkz4Yk2y8djstv.jpg,982,1024,2,0,354,720,909
319b25e9eb931c0ed_jpg.rf.OfBRBhhoikNG9lxTK0Y5.jpg,681,1024,2,178,222,512,472
armas (2857)_jpg.rf.OrmaiqQlM2FAOT0Pej9k.jpg,1300,841,0,417,193,1167,728
b1bf4fa575c0f077f_jpg.rf.OvGv48Ho6mzhwUX4Rboz.jpg,1024,681,2,311,413,390,678
416ed01b60ef3769b_jpg.rf.PCKkNNBFslaHLm8zpnGC.jpg,1024,681,2,130,319,771,516
armas (2669)_jpg.rf.PNPuSo9gY5LF5g3VrEIe.jpg,160,120,0,1,2,158,115
1113ee87d8394ff58_jpg.rf.PePlSKS8xSRMd4zIbXWQ.jpg,1024,683,2,183,346,532,486
1113ee87d8394ff58_jpg.rf.PePlSKS8xSRMd4zIbXWQ.jpg,1024,683,2,326,439,662,548
d131b67646523cc8b_jpg.rf.Q128NUyfxrhDEiIYRxty.jpg,1024,604,2,128,139,699,519
d131b67646523cc8b_jpg.rf.Q128NUyfxrhDEiIYRxty.jpg,1024,604,2,665,324,854,396
armas (2572)_jpg.rf.CYNs9sPgl4AvsjkaEJlH.jpg,160,120,0,5,1,154,119
013795d03f8615578_jpg.rf.CZNTPQuYmCLP9ZMS6VDs.jpg,1024,629,2,188,143,684,245
013795d03f8615578_jpg.rf.CZNTPQuYmCLP9ZMS6VDs.jpg,1024,629,2,518,293,826,378
armas (1912)_jpg.rf.CeY3u4qiDIYekIP7dJiy.jpg,267,300,0,36,150,125,204
a137b3e6745a46877_jpg.rf.R7zQ7rI6K3WQvrwNoMh9.jpg,680,1024,2,0,620,450,781
armas (1226)_jpg.rf.ROLTMDavbLtpmLHCCMAk.jpg,450,300,0,249,87,296,120
armas (1226)_jpg.rf.ROLTMDavbLtpmLHCCMAk.jpg,450,300,0,297,93,334,114
11172ba5fda6fbfb6_jpg.rf.RPVOKGj2sHaYXWFJb4V0.jpg,1024,681,2,109,221,955,491
9f5236d74203b669_jpg.rf.Rc1aeuzCKzCE6piev70b.jpg,1024,768,0,93,137,860,683
armas (14)_jpg.rf.RdsKXY5Y7ORufdFCSHOr.jpg,112,168,0,71,56,91,111
0132f3e3584bd7333_jpg.rf.SDUd8h0Z76f6SkfsYw9D.jpg,1024,678,2,36,210,323,450
0132f3e3584bd7333_jpg.rf.SDUd8h0Z76f6SkfsYw9D.jpg,1024,678,2,580,382,659,677
armas (2754)_jpg.rf.sxXUGUYks6izNoKrYiVy.jpg,160,120,0,9,37,149,103
armas (2501)_jpg.rf.tMX0ZpP42D8hFaFzsbWY.jpg,160,120,0,1,2,156,115
010001234_jpg.rf.tnztjjlhb8iLcDK2oxmI.jpg,500,333,2,1,17,476,333
armas (353)_jpg.rf.u3XWnPRdkYFG0zZ5Q6Hb.jpg,1100,647,0,2,17,1099,646
a16a6686989134040_jpg.rf.uDZRnCjIWMaw5MkVcQ5b.jpg,1024,685,2,0,0,942,668
armas (1861)_jpg.rf.uLJcFo1YKbnaS2t3WuhU.jpg,1300,1134,0,230,618,685,996
e11cdd5225bd3148d_jpg.rf.uUI9vxV8qWZ5SbVyNFij.jpg,1024,589,2,0,37,1023,553
armas (580)_jpg.rf.jhmUvNfMA6SpQffpMaSH.jpg,6016,4016,0,1308,1543,3093,3715
armas (1759)_jpg.rf.QCvywp75oL6FveDfCjTI.jpg,400,300,0,2,16,105,157
armas (1759)_jpg.rf.QCvywp75oL6FveDfCjTI.jpg,400,300,0,192,43,317,129
armas (1759)_jpg.rf.QCvywp75oL6FveDfCjTI.jpg,400,300,0,243,77,396,227
armas (544)_jpg.rf.QUbv7K3vj5Qp2mYVdG5v.jpg,183,275,0,63,22,171,182
armas (1171)_jpg.rf.R0LFint42gW8sejHk0YW.jpg,1024,623,0,3,6,1017,595
112ef6bd3929ebf3e_jpg.rf.vmOhKqABd0txSkLJZgNQ.jpg,768,1024,2,363,277,683,431
1116d4cec3527050a_jpg.rf.vrB5qiqEO2wbH9plCsIG.jpg,681,1024,2,280,296,643,1024
armas (1900)_jpg.rf.w1hg1LxI5X9EPJkW0wMy.jpg,708,495,0,414,181,642,273
818ee02c7857c1821_jpg.rf.wEMPK9sFhm2nI0as6Tjf.jpg,1024,755,2,105,233,714,477
010000353_jpg.rf.wHWHLIZabd65ZlYOz4oX.jpg,358,512,2,88,37,219,343
armas (1281)_jpg.rf.cEdQBzyW4CanQtkQDGKA.jpg,500,375,0,84,98,370,237
010001073_jpg.rf.cVLExj5TTiwAWkKHgVz2.jpg,300,225,2,2,6,297,222
7162ed1785307a1c0_jpg.rf.crrRYCqAYV5EHu495qqM.jpg,1024,683,2,208,252,611,515
24e933e136a16790_jpg.rf.d7PtNCSt1HIMwXNI3csR.jpg,1024,768,0,27,86,996,685
0141ec0633447b467_jpg.rf.daA4OQvshVNwUD9Ojgot.jpg,1024,768,2,238,219,695,363
0141ec0633447b467_jpg.rf.daA4OQvshVNwUD9Ojgot.jpg,1024,768,2,336,62,748,224
0141ec0633447b467_jpg.rf.daA4OQvshVNwUD9Ojgot.jpg,1024,768,2,353,352,880,448
0141ec0633447b467_jpg.rf.daA4OQvshVNwUD9Ojgot.jpg,1024,768,2,378,444,744,605
1124e10480eff0e0b_jpg.rf.drsRPRk1wVwfO1zbUHjy.jpg,1024,682,2,242,438,700,631
armas (2403)_jpg.rf.dxi0lm4LVqXRdig3n5Zf.jpg,160,120,0,23,19,152,101
armas (1811)_jpg.rf.e0B29v9e2FipbteVj0n4.jpg,866,1390,0,457,565,791,1226
2126f1f04d5ef589e_jpg.rf.e2hLGSlyy72Vg6DJxrFa.jpg,1024,683,2,197,197,428,294
1143fccdc8134b43c_jpg.rf.e39m0rrm7ckT7EacoTo2.jpg,1024,681,2,238,297,851,507
010000039_jpg.rf.ujHE7riOUkDeg0CX1Wti.jpg,600,600,2,160,240,380,382
010000039_jpg.rf.ujHE7riOUkDeg0CX1Wti.jpg,600,600,2,245,288,400,434
010000039_jpg.rf.ujHE7riOUkDeg0CX1Wti.jpg,600,600,2,6,160,367,381
61816f2090a88712f_jpg.rf.RdqLYfqNBrhC7szrpf5Q.jpg,682,1024,2,71,496,652,753
armas (50)_jpg.rf.vGq8RyO2lvaovvMS1Jlj.jpg,299,450,0,70,156,210,357
armas (251)_jpg.rf.veZxP8pX0Oi1HImcD1na.jpg,634,458,0,377,161,486,245
010001214_jpg.rf.vcahl8cwKNVE8NJc8EK3.jpg,600,450,2,7,157,569,304
1824cc6dd3f7ce7c_jpg.rf.v5HxNFLuMOKFmmt0NNvw.jpg,1024,768,0,261,372,649,556
armas (2040)_jpg.rf.uwx4wnGOWy1y73ooCJ4h.jpg,1300,956,0,1,1,1264,866
armas (2598)_jpg.rf.v8XmcPD2iQ3QfqFXGi6L.jpg,160,120,0,2,12,157,107
armas (1674)_jpg.rf.eA4aiZffMtBYBCR9K29M.jpg,500,334,0,1,1,498,333
c2999dd19b85de61_jpg.rf.eCj2Jn8NPh1rgAcfhQQ1.jpg,1024,768,0,123,236,966,484
armas (2658)_jpg.rf.eHC8zecC9cVp1NtXNGvR.jpg,160,120,0,4,3,157,116
51400e0eed01bd74c_jpg.rf.eT8vSKCBBneeYhMEuvAV.jpg,1024,768,2,110,267,932,541
armas (2768)_jpg.rf.euIACfZTSVeineXd3RrP.jpg,160,120,0,3,1,156,117
01f7b06e1c18f611f_jpg.rf.f8VzI7pyoBon9gFYvd30.jpg,1024,845,2,78,19,991,814
01137710960addb4e_jpg.rf.UEV6etuokyfPJWEuwm7n.jpg,1024,680,2,0,3,1023,679
armas (2364)_jpg.rf.UMd8arB4mf6vR5YxKKhV.jpg,160,120,0,17,18,141,107
armas (1222)_jpg.rf.VD6JitbVgcdxeebT7y68.jpg,500,313,0,57,43,404,276
010000842_jpg.rf.VqlM5BTlLq2kPIqVqAyi.jpg,298,195,2,102,65,279,131
c2a0f81064f0b92a_jpg.rf.wAErAoZaUFZwgCw9xvqL.jpg,1024,768,0,83,109,910,672
91caf4a7a5e5e7aa7_jpg.rf.e5ICV2IXXB67bQduUQO2.jpg,683,1024,2,0,113,181,886
91caf4a7a5e5e7aa7_jpg.rf.e5ICV2IXXB67bQduUQO2.jpg,683,1024,2,140,78,382,882
armas (421)_jpg.rf.XlE86ZrCzfenHFbTipA8.jpg,682,1023,0,293,443,378,623
b002a4af56e028e5_jpg.rf.XqctER3egA8v9gfi3JsF.jpg,1024,765,0,86,0,1023,400
c19ae831b87c1807d_jpg.rf.XvMassNh1tBTo0MUY6LE.jpg,1024,683,2,164,174,1006,618
4151b05b1edc8443b_jpg.rf.YGdJPCDXGQ8QMAhPoOuq.jpg,1024,683,2,530,297,923,382
4151b05b1edc8443b_jpg.rf.YGdJPCDXGQ8QMAhPoOuq.jpg,1024,683,2,18,0,821,382
4151b05b1edc8443b_jpg.rf.YGdJPCDXGQ8QMAhPoOuq.jpg,1024,683,2,411,577,713,682
armas (1304)_jpg.rf.eI1u4XSWZRPP9ruUKwux.jpg,300,382,0,1,186,297,379
armas (1304)_jpg.rf.eI1u4XSWZRPP9ruUKwux.jpg,300,382,0,1,3,297,185
armas (2697)_jpg.rf.WRxCgghcaCV5sSSxck48.jpg,160,120,0,2,1,158,118
i1mage91_jpg.rf.VZmxssgpZ9G5sXP5CNRa.jpg,423,645,2,64,153,172,575
armas (2041)_jpg.rf.Whkr5AMMsUTufPKLraeS.jpg,615,410,0,268,93,439,230
armas (2166)_jpg.rf.XIGSDGJudX8QT0tMRG5f.jpg,160,120,0,3,1,157,108
armas (821)_jpg.rf.XOdrXVjSIUn4SbF9u2CY.jpg,300,165,0,19,23,288,141
010000239_jpg.rf.XQpBwikBO2YCzjw8AIyM.jpg,600,400,2,150,96,197,178
010000239_jpg.rf.XQpBwikBO2YCzjw8AIyM.jpg,600,400,2,274,120,310,243
511325b208afb5464_jpg.rf.XieeIy2XyOyPZELBtCKb.jpg,1024,671,2,0,272,702,541
511325b208afb5464_jpg.rf.XieeIy2XyOyPZELBtCKb.jpg,1024,671,2,429,195,478,227
511325b208afb5464_jpg.rf.XieeIy2XyOyPZELBtCKb.jpg,1024,671,2,476,195,537,206
511325b208afb5464_jpg.rf.XieeIy2XyOyPZELBtCKb.jpg,1024,671,2,539,181,606,226
511325b208afb5464_jpg.rf.XieeIy2XyOyPZELBtCKb.jpg,1024,671,2,624,183,666,231
511325b208afb5464_jpg.rf.XieeIy2XyOyPZELBtCKb.jpg,1024,671,2,632,155,713,195
511325b208afb5464_jpg.rf.XieeIy2XyOyPZELBtCKb.jpg,1024,671,2,693,248,747,331
511325b208afb5464_jpg.rf.XieeIy2XyOyPZELBtCKb.jpg,1024,671,2,774,217,952,305
armas (939)_jpg.rf.ejUkIejGt4p69GZBVHZD.jpg,206,244,0,8,3,202,137
armas (579)_jpg.rf.XWb2Nu6c96PaoZ0eFKva.jpg,262,193,0,11,7,257,165
011903b1621080721_jpg.rf.XLNnGBG1EYJZhxtDirwc.jpg,1024,683,2,267,309,712,360
armas (2406)_jpg.rf.XkQAcqxgeOsMXrGxvbNB.jpg,160,120,0,11,4,151,112
armas (1905)_jpg.rf.VZB2SXeQUGjmzsQgRZO1.jpg,1300,1330,0,144,254,836,640
armas (151)_jpg.rf.oLzDF63hpNdPjcABw16e.jpg,450,298,0,174,97,281,176
2119921b6b2abdf23_jpg.rf.oWxUnOipx18ZU8hkooNz.jpg,1024,291,2,31,90,977,226
armas (1762)_jpg.rf.Ygfbb39GbjtYl2SEetOV.jpg,508,256,0,13,14,496,243
11485210675775bb3_jpg.rf.YZKO4m1KRC2OsINpX5od.jpg,1024,1024,2,541,420,877,579
armas (2492)_jpg.rf.n69o9LWGg13PD3dRhtiw.jpg,160,120,0,2,1,157,118
a226a22c866e0b4d_jpg.rf.niCkW4qUvQWwGcNHHLfS.jpg,1024,768,0,35,64,971,676
armas (2755)_jpg.rf.nXBLd5qCk0WRUEP8waYR.jpg,160,120,0,1,3,158,117
armas (842)_jpg.rf.nV1a68ndLjtBKk18ABqg.jpg,281,179,0,96,26,254,130
010000038_jpg.rf.nxnJSylVsTKKipHoxXzI.jpg,600,450,2,19,9,597,402
7130efb0115bc70c9_jpg.rf.7wpp7BhpzEHj3yd26LZL.jpg,1024,809,2,127,329,861,457
d18972329087d4d4b_jpg.rf.8FxahQGiOwgGmnGG44hU.jpg,683,1024,2,103,254,289,327
armas (2180)_jpg.rf.8IgAlwQZd6gVum5FfhnO.jpg,160,120,0,1,1,154,91
armas (275)_jpg.rf.8cEyAcsjntVeObcftMek.jpg,346,540,0,43,1,269,277
armas (565)_jpg.rf.8pLgZek952RjxMjxxABR.jpg,800,450,0,98,62,753,399
armas (284)_jpg.rf.nzG8tBwjBbXeFYPnTid7.jpg,1200,973,0,1,15,1162,940
319a76c181f7098ab_jpg.rf.ou9uShAWmtobXc6f7GyJ.jpg,678,1024,2,245,357,580,551
319a76c181f7098ab_jpg.rf.ou9uShAWmtobXc6f7GyJ.jpg,678,1024,2,67,326,217,447
010000770_jpg.rf.pU4BqNiaQ2eHUK1IlbRm.jpg,600,367,2,5,34,597,313
armas (2779)_jpg.rf.ogxo5VeDqnAOiaZlVuVQ.jpg,590,300,0,105,11,480,295
armas (136)_jpg.rf.pKOvAafrZxmqMEnDO1I0.jpg,450,300,0,47,30,348,196
81bf20eb0c9c6e7d2_jpg.rf.otQUNKxoSnxDQQ74sdkZ.jpg,1024,604,2,23,136,994,486
51753cacaaa3213ea_jpg.rf.oJsd6g2lDV0ioSkVCxRe.jpg,768,1024,2,289,279,621,532
armas (790)_jpg.rf.ofZTe4VgibWcCl3aL7Bf.jpg,300,202,0,25,37,263,162
armas (482)_jpg.rf.pUgazn5ikRCeZztLgCWR.jpg,1024,737,0,325,105,775,639
518c90c433c16a620_jpg.rf.pauK8oK1SIcJdhTCtmYj.jpg,683,1024,2,263,622,616,1022
armas (1352)_jpg.rf.pr4aNARtIUCgjfCXfDOv.jpg,500,333,0,113,40,497,284
117d8c22a78a1ba18_jpg.rf.q4E8hT7PLBSLHEz13YxF.jpg,1024,640,2,584,219,804,327
armas (404)_jpg.rf.7wLpCQ9DXwpTCyeJpVo9.jpg,682,1023,0,83,238,585,748
armas (374)_jpg.rf.pyHIs9UukvxlW1qWkPrZ.jpg,2762,1921,0,864,266,1764,1154
61adad34dd4541e28_jpg.rf.pdZELkUzHxtxmuH7mjwO.jpg,1024,817,2,217,284,523,500
5113bbc9afa896c91_jpg.rf.9IBJaZV1Or0Rdz9GOslV.jpg,1024,640,2,531,109,722,327
armas (2424)_jpg.rf.9MfhpzICkJQ8LY4Ahhsp.jpg,160,120,0,5,2,157,118
c19ac3253f6df9622_jpg.rf.9bf9tnO8xtjFV0zlPe32.jpg,1024,683,2,140,436,1024,683
010000447_jpg.rf.9dRsO48h4G2muVECfiff.jpg,480,320,2,33,73,396,217
armas (2954)_jpg.rf.9om2kgiLrxoiRp4fmEjW.jpg,1000,744,0,9,1,986,739
armas (431)_jpg.rf.9r2EMC6d7zqDXZ6VM0oX.jpg,168,112,0,11,20,116,87
a16f2dfdb275217bc_jpg.rf.9uGW2SRrPDRWGTWGJiwO.jpg,1024,681,2,271,199,929,517
armas (72)_jpg.rf.AAiCrKHrVKf2n1ykcEOH.jpg,113,168,0,40,47,68,115
armas (719)_jpg.rf.EC5m82YL70jb52VTLOMF.jpg,1024,771,0,273,13,755,729
armas (1689)_jpg.rf.EbeQWZ3mvcYqYnISDA7R.jpg,500,375,0,331,147,355,173
armas (205)_jpg.rf.EehSHW7zweAPjzhjyh3x.jpg,728,546,0,2,109,290,498
armas (357)_jpg.rf.EkljW75A40a1PGQNL7MQ.jpg,450,320,0,195,101,353,204
010000823_jpg.rf.7n05pNYv8mVIcIcSBCuI.jpg,600,337,2,53,98,577,274
010000144_jpg.rf.93qBwANg25HtnoGh2yI1.jpg,600,450,2,21,19,597,359
cbfda7f05c1ecf69_jpg.rf.8Re08P42wMJKubEGsmZM.jpg,1024,768,0,0,628,112,767
cbfda7f05c1ecf69_jpg.rf.8Re08P42wMJKubEGsmZM.jpg,1024,768,0,0,134,170,356
cbfda7f05c1ecf69_jpg.rf.8Re08P42wMJKubEGsmZM.jpg,1024,768,0,230,113,890,391
cbfda7f05c1ecf69_jpg.rf.8Re08P42wMJKubEGsmZM.jpg,1024,768,0,292,456,965,767
cbfda7f05c1ecf69_jpg.rf.8Re08P42wMJKubEGsmZM.jpg,1024,768,0,873,251,1023,341
cbfda7f05c1ecf69_jpg.rf.8Re08P42wMJKubEGsmZM.jpg,1024,768,0,974,451,1021,502
5113dbd3f0c5c8463_jpg.rf.92jDFwDv7UkhN3VNc6gf.jpg,1024,681,2,0,0,842,627
61783d0522d97aa15_jpg.rf.8HC2OSi4dRql48c5vDip.jpg,682,1024,2,178,265,545,533
010000472_jpg.rf.FJox1HrycF1Ydx6sETxz.jpg,225,159,2,11,50,202,129
91a761f5bcf8fc06f_jpg.rf.9cV07OxEISFRy1S3VN5z.jpg,1024,683,2,160,213,877,622
21c0cf0d83f8f75c5_jpg.rf.FNAEps8jeFzSEc6lFAEO.jpg,1024,683,2,210,417,986,680
010000297_jpg.rf.FPWlOE0w5ECRrzTb23F2.jpg,320,180,2,26,2,292,157
018b07350225e5ace_jpg.rf.FVDFVrnq8AoJ5jDeR3YV.jpg,1024,809,2,327,203,1023,477
armas (1231)_jpg.rf.FZBBAoKuNO3WUfPfuwcn.jpg,500,400,0,273,120,375,244
armas (1508)_jpg.rf.AUK0FWPBJB6HxZfmaN4y.jpg,500,268,0,184,47,350,177
b1f5b58b0409bca84_jpg.rf.Fwvbxt47htHM4dpUx5HW.jpg,1024,681,2,176,257,845,436
armas (1310)_jpg.rf.GRwQQKlgScg25UZh2uKo.jpg,1024,682,0,81,74,972,549
armas (1669)_jpg.rf.fxqQMG1GCTENVJFyjlR4.jpg,500,375,0,11,19,345,348
a1ce06fcb9d43b5ed_jpg.rf.g5OoLmWqQ3KT5yNxSGar.jpg,1024,646,2,39,151,968,497
armas (363)_jpg.rf.g4ql2dgCeEE9xENyVxpo.jpg,1000,678,0,36,40,978,663
015495f53f7872c78_jpg.rf.gFKfWEj2wNsyLrWOT27b.jpg,1024,683,2,0,259,655,435
armas (37)_jpg.rf.o8o1nvlonau3boO6KctX.jpg,301,450,0,180,110,293,234
armas (849)_jpg.rf.o9ohpwnQgPCJxWMGU3E9.jpg,269,187,0,145,50,237,120
armas (232)_jpg.rf.oABxPNmbtsDPTu4a1GPE.jpg,434,578,0,284,189,332,239
aeb293af4d94d665_jpg.rf.ufngarQfKXNBAYRwJZAy.jpg,1024,575,0,147,23,867,508
0167a6252cdd1c887_jpg.rf.mk1oE4X2XX7wXCYzt2IM.jpg,1024,683,2,0,161,747,400
d1095c901e6afe92b_jpg.rf.nEdQ69FKziHcjEJ1ww3Z.jpg,1024,683,2,166,282,733,340
armas (1576)_jpg.rf.nO15eemRkPtAeUyKvu3j.jpg,500,375,0,8,119,488,287
armas (184)_jpg.rf.fW5MdWcg4pJTrWnLaUiz.jpg,634,718,0,372,179,486,278
31bf93688cb550b7f_jpg.rf.nQolTfneceFxEtC9Y3F2.jpg,1024,685,2,0,236,302,364
31bf93688cb550b7f_jpg.rf.nQolTfneceFxEtC9Y3F2.jpg,1024,685,2,318,277,960,467
armas (1088)_jpg.rf.nbOfo0e7sMWUiQac5yTl.jpg,2804,2104,0,783,633,2056,1147
armas (1488)_jpg.rf.mbpcrkPkcB9c99zA81NA.jpg,500,375,0,56,85,406,286
armas (1586)_jpg.rf.nphd4y0IrbKX00edVZdV.jpg,500,375,0,1,72,500,303
a164a4194e805364e_jpg.rf.nHQSGZLIOsuxvm1vcCtb.jpg,1024,686,2,441,170,539,244
e1b13d28f32be38a7_jpg.rf.wpwZkj0PQlkUonVVaQ3U.jpg,1024,685,2,377,346,639,423
armas (124)_jpg.rf.wyKvOLXm2jWqSA3c533J.jpg,1496,1620,0,205,281,1040,860
i1mage45_jpg.rf.x0tjZCwYUUV6FCEZIwNh.jpg,450,305,2,2,103,399,219
f13e965a579e36155_jpg.rf.xEuWUruUjArDZdsL3cbQ.jpg,1024,680,2,49,290,187,407
f13e965a579e36155_jpg.rf.xEuWUruUjArDZdsL3cbQ.jpg,1024,680,2,304,350,489,454
f13e965a579e36155_jpg.rf.xEuWUruUjArDZdsL3cbQ.jpg,1024,680,2,534,233,673,339
f13e965a579e36155_jpg.rf.xEuWUruUjArDZdsL3cbQ.jpg,1024,680,2,727,210,962,295
armas (1516)_jpg.rf.xPYYJgbBDdmmwKYojlxM.jpg,500,375,0,93,91,435,333
60aadb02550d295c_jpg.rf.xRk5424KCvHmd4AcX7H1.jpg,1024,617,0,20,28,1017,486
010000586_jpg.rf.xRruffj277okuzy1tAwy.jpg,600,600,2,30,247,562,385
010000096_jpg.rf.xRvWsaQJbnIeBes6kJpt.jpg,600,337,2,179,138,560,320
010000096_jpg.rf.xRvWsaQJbnIeBes6kJpt.jpg,600,337,2,179,138,560,320
armas (836)_jpg.rf.xVT3HJhk1laeF5q7QCvg.jpg,620,350,0,23,66,559,345
armas (73)_jpg.rf.vGq3X3T2FDYfE0r4usQ3.jpg,1001,1620,0,145,208,620,1057
213cad5630b44181c_jpg.rf.oEzLVswMaDvg0SHGOWtc.jpg,1024,683,2,340,344,611,492
armas (1864)_jpg.rf.vetKPPxoyvLs51691RDw.jpg,1169,794,0,24,72,1133,778
armas (2641)_jpg.rf.uinhzM2QsrmsCcTL4UAW.jpg,160,120,0,2,1,155,119
armas (1038)_jpg.rf.wKMrS096U2kQFrakUCGm.jpg,275,183,0,36,8,210,128
212c165a3e51e8e5b_jpg.rf.ofJ1Civpyl1ivUljAkVI.jpg,1024,680,2,372,322,970,619
212c165a3e51e8e5b_jpg.rf.ofJ1Civpyl1ivUljAkVI.jpg,1024,680,2,3,295,117,342
212c165a3e51e8e5b_jpg.rf.ofJ1Civpyl1ivUljAkVI.jpg,1024,680,2,157,277,204,320
212c165a3e51e8e5b_jpg.rf.ofJ1Civpyl1ivUljAkVI.jpg,1024,680,2,168,345,328,409
armas (75)_jpg.rf.w3Y707BSKZePq7yur2K2.jpg,678,1024,0,198,266,541,845
21afe1623391b0081_jpg.rf.vmTg3AG5OxYcNB9TD4Hf.jpg,1024,575,2,50,343,687,574
armas (2315)_jpg.rf.wnByhI4vc2Hmg8BDJNLt.jpg,160,120,0,5,1,150,116
armas (1764)_jpg.rf.wBB0nnEV0C2jsDyYfPWH.jpg,500,391,0,63,78,457,297
armas (2739)_jpg.rf.w9u5FtWzdy0vPPGZyNGJ.jpg,160,120,0,4,3,156,119
armas (2483)_jpg.rf.vhiraJ4tpw20kyCdTFxb.jpg,160,120,0,3,3,156,117
armas (2423)_jpg.rf.PMHYvtDxIbbg8YPJg2lX.jpg,160,120,0,5,1,154,118
armas (1745)_jpg.rf.PisVXyEmHDAGIPwVZHKB.jpg,500,350,0,12,19,492,330
c134ef5d2ed4c95d1_jpg.rf.QD7rkEcG94xON37gekmV.jpg,1024,819,2,0,523,734,818
41cf6d3b7ac31d2c_jpg.rf.QIGHoDDNEJUjUB0bq3jY.jpg,1024,650,0,199,198,706,403
armas (94)_jpg.rf.QMThZOw0gXecFybf7LI7.jpg,682,1024,0,198,259,234,362
3114071389b4a1b67_jpg.rf.QUUHZtNEQo7GppXTaM2f.jpg,1024,575,2,168,129,704,574
31fe83bc6c8ceceb5_jpg.rf.RAuLx7VdnR1sL6PsLnxv.jpg,992,1024,2,190,227,582,427
i1mage136_jpg.rf.RGClMo9DloB5pY2eqMhO.jpg,635,357,2,393,77,467,357
9134ae590ae0548c0_jpg.rf.RIZNzp7zHtEhMR3mqrBP.jpg,681,1024,2,212,441,556,678
9134ae590ae0548c0_jpg.rf.RIZNzp7zHtEhMR3mqrBP.jpg,681,1024,2,0,408,376,800
5abec6609b72bc64_jpg.rf.RYBJBGDTeIRxGe4kgZRy.jpg,1024,576,0,0,78,226,162
5abec6609b72bc64_jpg.rf.RYBJBGDTeIRxGe4kgZRy.jpg,1024,576,0,182,174,801,460
5abec6609b72bc64_jpg.rf.RYBJBGDTeIRxGe4kgZRy.jpg,1024,576,0,901,346,1023,537
311315f4df7ede550_jpg.rf.RZ4zFgdM9ZrtyAUekzlq.jpg,1024,765,2,0,448,724,677
311315f4df7ede550_jpg.rf.RZ4zFgdM9ZrtyAUekzlq.jpg,1024,765,2,332,195,605,347
armas (2344)_jpg.rf.S2NCFVSYbuDnrFULEV7r.jpg,160,120,0,5,3,153,112
armas (1546)_jpg.rf.S7fSi3WhueM8BQIzqenU.jpg,500,333,0,85,9,432,333
71166723247707e59_jpg.rf.xwJWy8bxCHNxmfqROgL6.jpg,1024,672,2,69,277,456,663
71166723247707e59_jpg.rf.xwJWy8bxCHNxmfqROgL6.jpg,1024,672,2,660,289,1004,577
armas (207)_jpg.rf.P78lQHWCVwzLXjmN7KgZ.jpg,728,546,0,4,15,621,258
f1c6d36cd31f71e20_jpg.rf.PBKpmRMSqbNagDyGp15c.jpg,1024,657,2,48,266,458,562
010000741_jpg.rf.y1tMIfeb72Rbn91cvxOu.jpg,600,401,2,55,18,527,366
armas (227)_jpg.rf.UjUm2PBvw2HHdrfGWd1Y.jpg,254,198,0,15,12,118,81
armas (227)_jpg.rf.UjUm2PBvw2HHdrfGWd1Y.jpg,254,198,0,142,16,245,80
armas (227)_jpg.rf.UjUm2PBvw2HHdrfGWd1Y.jpg,254,198,0,21,105,118,182
armas (227)_jpg.rf.UjUm2PBvw2HHdrfGWd1Y.jpg,254,198,0,130,116,247,175
armas (2685)_jpg.rf.Upp5PMKuXGdasm3xHKVw.jpg,160,120,0,2,2,157,116
31ecdfb50f3ff741f_jpg.rf.VZJCC6EsuSXZX5RiGkzi.jpg,1024,768,2,199,299,544,511
armas (334)_jpg.rf.VZZAOO5f5cZaiwDPzw2A.jpg,450,320,0,27,10,439,294
armas (2947)_jpg.rf.VxDMzQU0Q0FTIPLIDPrD.jpg,640,380,0,221,69,274,96
armas (2947)_jpg.rf.VxDMzQU0Q0FTIPLIDPrD.jpg,640,380,0,470,64,489,93
armas (2701)_jpg.rf.W54DmA3vO6UMDmMK0OhL.jpg,160,120,0,3,1,157,117
010000439_jpg.rf.WTbV9QaFlR67mk57Kldw.jpg,600,450,2,12,175,515,262
armas (2048)_jpg.rf.WiY39yNFonRU3yZByUh5.jpg,835,900,0,546,366,655,458
armas (2048)_jpg.rf.WiY39yNFonRU3yZByUh5.jpg,835,900,0,479,755,641,800
armas (2048)_jpg.rf.WiY39yNFonRU3yZByUh5.jpg,835,900,0,549,774,735,834
armas (2048)_jpg.rf.WiY39yNFonRU3yZByUh5.jpg,835,900,0,625,800,814,858
019bfb6ea7846181a_jpg.rf.WkYRYjSWZuoCy0p01mR1.jpg,1024,768,2,72,232,887,362
019bfb6ea7846181a_jpg.rf.WkYRYjSWZuoCy0p01mR1.jpg,1024,768,2,146,443,849,558
019bfb6ea7846181a_jpg.rf.WkYRYjSWZuoCy0p01mR1.jpg,1024,768,2,151,119,877,262
019bfb6ea7846181a_jpg.rf.WkYRYjSWZuoCy0p01mR1.jpg,1024,768,2,153,445,851,561
019bfb6ea7846181a_jpg.rf.WkYRYjSWZuoCy0p01mR1.jpg,1024,768,2,156,8,886,165
019bfb6ea7846181a_jpg.rf.WkYRYjSWZuoCy0p01mR1.jpg,1024,768,2,184,561,842,686
019bfb6ea7846181a_jpg.rf.WkYRYjSWZuoCy0p01mR1.jpg,1024,768,2,187,686,835,767
61a4ea44d8b93f2cb_jpg.rf.X1TNMSidGALMeZBY5aGo.jpg,1024,576,2,0,146,905,559
armas (2720)_jpg.rf.X20iT0uKqVOdidCDf0Qj.jpg,160,120,0,1,2,154,112
armas (378)_jpg.rf.XOy9vP9t1JJC60btKaKf.jpg,800,531,0,25,21,537,400
f1c19b88f48a6ffea_jpg.rf.XppLhgUvq746EWwlU0xR.jpg,1024,681,2,172,404,623,569
f1c19b88f48a6ffea_jpg.rf.XppLhgUvq746EWwlU0xR.jpg,1024,681,2,186,201,590,363
armas (1538)_jpg.rf.XwgVV6NujmoK1dZsroKF.jpg,333,500,0,182,176,200,198
armas (2105)_jpg.rf.Sod2HJydZXVGhz3nJaBY.jpg,1300,956,0,262,305,500,502
armas (671)_jpg.rf.S8eQgx5wvM4RYWvr6yce.jpg,670,447,0,42,122,479,346
b1e2ccc1057bcdb5e_jpg.rf.SywJhlr8kHEVVs3XDshy.jpg,1024,683,2,308,177,986,469
21886fe208463a3dc_jpg.rf.UEWX0v9NmnhB2UiLs4ij.jpg,1024,681,2,350,86,991,571
b1ccfeecb948fd98e_jpg.rf.UFH0iqAVDunrCgvvSoiU.jpg,1024,682,2,404,295,809,443
51431b5c7519182cb_jpg.rf.UfL8HlAXuk6KeCJPvKSb.jpg,1024,680,2,96,170,1023,679
71ad5092f8255889d_jpg.rf.UUTdzp1VDmW1GK0OMsZH.jpg,1024,683,2,84,179,1023,640
01075bcaef3de1f81_jpg.rf.TkiVmGoo7WUnJHTzfzsl.jpg,1024,683,2,330,233,453,514
91d7de09d2f5fe613_jpg.rf.089SeInsWNHESiDqATR6.jpg,1024,702,2,0,75,1023,631
917f0f0c069dca0c1_jpg.rf.0NNByctRPQzGeZpRUafK.jpg,1024,768,2,0,1,998,687
armas (1474)_jpg.rf.0UIqK1JSoIB5Ez6XS5Fp.jpg,375,500,0,91,266,129,357
armas (1179)_jpg.rf.0WaE0mX0D1oLpc3jJ66F.jpg,640,360,0,88,177,104,207
armas (1179)_jpg.rf.0WaE0mX0D1oLpc3jJ66F.jpg,640,360,0,291,122,333,216
8155d1361e097d9fb_jpg.rf.0ldqULTxnKfydWGran2H.jpg,1024,768,2,363,427,836,735
armas (2336)_jpg.rf.0lxYiEvjUCiYLU86TJuB.jpg,160,120,0,3,1,157,116
72e7742b833e5544_jpg.rf.0riptgMrCxwVhyPnADZJ.jpg,1024,632,0,78,64,904,503
31599133e3ed0de28_jpg.rf.1H1xZO3keZ5SxhKnrMwX.jpg,1024,762,2,0,143,180,212
31599133e3ed0de28_jpg.rf.1H1xZO3keZ5SxhKnrMwX.jpg,1024,762,2,483,269,987,624
armas (2394)_jpg.rf.1PqFaZccjGUZqMTxXNZo.jpg,160,120,0,7,1,155,119
armas (1758)_jpg.rf.1UNeN4tzDujguD98PxM2.jpg,170,127,0,2,47,162,119
armas (851)_jpg.rf.1WjTdT1lHq2Aj5elHHUK.jpg,262,192,0,29,57,115,159
i1mage24_jpg.rf.1ZCciehOoQQPPOdO0ftC.jpg,580,364,2,112,114,476,294
armas (1442)_jpg.rf.yGeVWOcFb7abLwLfYJXP.jpg,500,334,0,65,23,484,203
010000174_jpg.rf.yqZOF6JaY8L28PfKmbT7.jpg,600,337,2,165,40,599,328
017c470a3f4120e2d_jpg.rf.yvLxLR7qvYxjUu96mVdL.jpg,1024,647,2,422,239,857,481
219435cb93519e9eb_jpg.rf.z0oE1rwBRzxoJzIBkArh.jpg,1024,385,2,0,33,1022,357
armas (244)_jpg.rf.zCRNGNWiCIqDzMH2OQpi.jpg,346,540,0,133,130,162,200
armas (2766)_jpg.rf.zY0W5bG6GgtUi2PHI2p1.jpg,160,120,0,2,2,157,115
c11aaf9a9384f3f3a_jpg.rf.zaFHgwlFSD75LKUdkUwX.jpg,1024,683,2,258,229,1024,613
c8da5ef6abdfc6cf_jpg.rf.XmsbvNwXFM2sUsgKufpb.jpg,1024,1021,0,101,368,947,922
819f03d05008c5ee5_jpg.rf.Xgh8HJ7jKRFJHngROwBH.jpg,687,1024,2,178,148,394,342
819f03d05008c5ee5_jpg.rf.Xgh8HJ7jKRFJHngROwBH.jpg,687,1024,2,224,90,393,207
c1abc2340d8d386fc_jpg.rf.Y6uxHQNRPdts9NYdA6bd.jpg,1024,768,2,0,33,1023,441
c1abc2340d8d386fc_jpg.rf.Y6uxHQNRPdts9NYdA6bd.jpg,1024,768,2,0,462,1023,768
7b7e8324396efa9a_jpg.rf.YSRkhe8WrgqM2YtPNs2x.jpg,1024,776,0,85,118,879,683
4ac103cc863345ce_jpg.rf.YUdSgWJ6w56ql1tsSJyd.jpg,1024,858,0,383,118,775,830
armas (1771)_jpg.rf.YWjLocki9C3O1w0n5DCJ.jpg,300,403,0,4,24,280,360
010000200_jpg.rf.YcC0FTPmevWX0oruCnL2.jpg,600,449,2,165,235,548,391
armas (2557)_jpg.rf.YjSjTF8GA8NpW566v1na.jpg,160,120,0,4,1,157,117
f1b9e6079558f740e_jpg.rf.YoKngrxgpSZyoosR8rKW.jpg,1024,683,2,123,242,230,423
f1b9e6079558f740e_jpg.rf.YoKngrxgpSZyoosR8rKW.jpg,1024,683,2,317,419,371,466
f1b9e6079558f740e_jpg.rf.YoKngrxgpSZyoosR8rKW.jpg,1024,683,2,333,147,387,229
f1b9e6079558f740e_jpg.rf.YoKngrxgpSZyoosR8rKW.jpg,1024,683,2,363,389,426,483
f1b9e6079558f740e_jpg.rf.YoKngrxgpSZyoosR8rKW.jpg,1024,683,2,668,216,872,388
f1b9e6079558f740e_jpg.rf.YoKngrxgpSZyoosR8rKW.jpg,1024,683,2,796,287,879,505
armas (1852)_jpg.rf.YpRlW8ZpTAapAEuxoBMP.jpg,648,369,0,45,1,171,250
a04f3f2311a4c0d0_jpg.rf.Ysz1eIq5dq5QumTlJypj.jpg,768,1024,0,252,600,454,732
d11b5a48e46402a24_jpg.rf.YwlEsN7GKDDynmpzhc7b.jpg,616,1024,2,101,758,348,1023
armas (1926)_jpg.rf.Z0xbT5YZhszT78LaQoW6.jpg,640,424,0,35,1,640,360
i1mage193_jpg.rf.Z53jlhOVvOrGG15XGiv4.jpg,400,600,2,61,209,384,553
armas (2577)_jpg.rf.Z59Kf39uFkQ1U8LZrLyd.jpg,160,120,0,5,1,155,116
armas (2179)_jpg.rf.ZGM5xU57UU49bKD9hnZT.jpg,160,120,0,1,2,154,116
armas (113)_jpg.rf.ZhR9OMASbQDdN4vX2O2e.jpg,928,1300,0,508,344,626,698
i1mage188_jpg.rf.ZhtiKMlD2P7KE3yTVRoy.jpg,610,342,2,236,112,579,287
armas (267)_jpg.rf.a0WgzT8srah13YaCUPO2.jpg,640,345,0,11,14,621,326
i1mage95_jpg.rf.aAIeqkHp5yaYntCOwGWz.jpg,691,460,2,159,199,646,407
armas (2347)_jpg.rf.aQWLZcfFTjs0l0VVudbG.jpg,160,120,0,2,1,155,117
armas (2650)_jpg.rf.zbVG0pdDvVwNQIZDcBAx.jpg,160,120,0,11,11,148,117
armas (2642)_jpg.rf.YKfSYPrXaoqexQReHqAf.jpg,160,120,0,1,1,154,115
b12e3c7af74c81c44_jpg.rf.YD9zFJoWTMpmSe3IC8s7.jpg,1024,685,2,71,164,1024,467
i1mage25_jpg.rf.JlFaoxwFJsFBABSzv9my.jpg,469,700,2,50,163,178,621
armas (1049)_jpg.rf.JpKbQkESvwGZGRnaeKIt.jpg,259,194,0,10,14,215,121
61f50b0ece3408154_jpg.rf.JzjZv4yNawXCX2d4CGQX.jpg,1024,683,2,13,257,828,438
010000912_jpg.rf.K5PoFBa7oUcoS5VPRQip.jpg,600,400,2,48,57,518,318
armas (2169)_jpg.rf.KCjzez6wdtdY13XKjeFL.jpg,160,120,0,2,4,157,115
armas (1887)_jpg.rf.KKh7ReHDLuOvCKCllaiy.jpg,390,285,0,68,40,173,219
armas (547)_jpg.rf.KQ1BVQ4PtIA13uknDYpG.jpg,283,178,0,1,41,238,177
armas (2440)_jpg.rf.KQJlKfcY7SVaPU9NoaVZ.jpg,160,120,0,4,6,154,110
f1814a4ce53cd7d50_jpg.rf.KVGGKHs2vRsRNEWrJzye.jpg,1024,908,2,30,48,993,908
010000078_jpg.rf.KYJEXkWFgNRScicAgPSt.jpg,600,450,2,20,33,554,415
010000782_jpg.rf.KkEzWV2kKKDFgD9pctMj.jpg,268,151,2,8,15,259,95
21a66f427cd8b0628_jpg.rf.KpZHJG3VJYd5K6slonwm.jpg,1024,765,2,311,346,450,699
21a66f427cd8b0628_jpg.rf.KpZHJG3VJYd5K6slonwm.jpg,1024,765,2,834,381,922,443
armas (2953)_jpg.rf.KvSHJPgebAH3f8vbn927.jpg,225,225,0,21,53,206,185
armas (1193)_jpg.rf.LFisRZx4XGT6PzT0dMpm.jpg,450,354,0,13,45,441,331
armas (2372)_jpg.rf.LoStMW3QcCFVP3pc1Z3b.jpg,160,120,0,8,5,154,103
armas (1036)_jpg.rf.aYOvM3Eoc9MRw14YyXZO.jpg,251,201,0,162,34,207,115
8df6d0760f84982e_jpg.rf.JbLB82kb71VucZ4WNVV4.jpg,1024,768,0,99,232,984,749
armas (1957)_jpg.rf.aT0es4MF5VuYFq7kR6k0.jpg,1001,1600,0,172,736,416,870
armas (2490)_jpg.rf.aWCIlSPgl7WxNERoj9pz.jpg,160,120,0,1,1,158,115
armas (2524)_jpg.rf.vPV0BOZvp3F9Re8VLIiz.jpg,160,120,0,7,1,148,110
2128280cd469620db_jpg.rf.vgMACTBJDai5clfyAiZB.jpg,1024,753,2,249,412,602,638
i1mage105_jpg.rf.vn9uhB27StcCCHN8MGEo.jpg,650,488,2,70,213,541,432
armas (2212)_jpg.rf.wCsyEEuhZMUeqK3yLJBt.jpg,160,120,0,2,1,158,115
4160a2d0dc183c55c_jpg.rf.wRqaShgIhnVTP63LbmDL.jpg,1024,680,2,0,308,494,678
4160a2d0dc183c55c_jpg.rf.wRqaShgIhnVTP63LbmDL.jpg,1024,680,2,320,135,738,599
4160a2d0dc183c55c_jpg.rf.wRqaShgIhnVTP63LbmDL.jpg,1024,680,2,651,168,1021,588
armas (1180)_jpg.rf.wTwPxp66qSmNAp5bJsXw.jpg,500,369,0,15,9,488,342
armas (1297)_jpg.rf.wWcrWPhAIzjgslrPAozE.jpg,500,311,0,216,76,427,311
armas (1297)_jpg.rf.wWcrWPhAIzjgslrPAozE.jpg,500,311,0,28,109,278,311
armas (2153)_jpg.rf.wWeRyGIWBKP3ReDk2jGe.jpg,600,450,0,32,101,100,154
armas (279)_jpg.rf.wYS7wF6EBXNoxmd0Mt1L.jpg,560,341,0,99,152,162,312
armas (279)_jpg.rf.wYS7wF6EBXNoxmd0Mt1L.jpg,560,341,0,375,139,442,308
fc8f5f9c3e2fc9f0_jpg.rf.wjcXY8gw7ncaVw8RLInm.jpg,1024,1024,0,0,122,1024,794
01e5f4c4c4b9885a2_jpg.rf.x9w2j9U6l1RCuIVp0SIM.jpg,1024,680,2,130,129,906,573
armas (83)_jpg.rf.xNemVffehvQmPHvTlaF3.jpg,113,168,0,32,74,73,134
armas (1185)_jpg.rf.xkqBWzYYdYQfTf1hvhxt.jpg,640,480,0,130,7,591,331
2888503469d8da09_jpg.rf.xztjYas1HM18oflDuVLD.jpg,1024,768,0,11,126,952,593
armas (896)_jpg.rf.y48SRVYT9UDSFcAkOAs3.jpg,300,168,0,2,1,169,162
f17a66c74595bbfd9_jpg.rf.yX6XHhGD9zSs1wWKddWC.jpg,1024,702,2,326,325,628,619
208de556fa323b60_jpg.rf.yY8sRFKzeP65r8UK3HIz.jpg,1024,576,0,74,30,988,523
armas (784)_jpg.rf.yetx0U6p5UQxgesRQkhx.jpg,300,163,0,3,2,288,147
armas (570)_jpg.rf.z3BmfKnVXTMwoITtZJqr.jpg,400,240,0,1,137,28,173
armas (570)_jpg.rf.z3BmfKnVXTMwoITtZJqr.jpg,400,240,0,60,156,120,190
armas (570)_jpg.rf.z3BmfKnVXTMwoITtZJqr.jpg,400,240,0,98,153,158,198
armas (570)_jpg.rf.z3BmfKnVXTMwoITtZJqr.jpg,400,240,0,140,161,198,211
armas (570)_jpg.rf.z3BmfKnVXTMwoITtZJqr.jpg,400,240,0,186,170,254,212
armas (570)_jpg.rf.z3BmfKnVXTMwoITtZJqr.jpg,400,240,0,242,174,320,220
armas (570)_jpg.rf.z3BmfKnVXTMwoITtZJqr.jpg,400,240,0,141,92,204,132
armas (2292)_jpg.rf.MWiBRpTmDqma2JVvQayv.jpg,160,120,0,5,4,152,113
81f3e395193fc9391_jpg.rf.LzUspKSuX40ZBnUVObLm.jpg,1024,768,2,31,28,963,741
i1mage13_jpg.rf.MivTUkMj1zMwxGJbtPm6.jpg,400,266,2,113,109,396,197
armas (2696)_jpg.rf.MWsW0Nen6xo5mcgkeL7T.jpg,160,120,0,1,1,157,119
010000764_jpg.rf.MbrKi337eewE1ocS2GvG.jpg,600,289,2,15,38,600,237
armas (1058)_jpg.rf.MX9ZAjAb3AH2OC74qr7M.jpg,660,471,0,1,1,610,399
e1cbf0928a3d6aff0_jpg.rf.z7oL7ax3xjDIoAfsWZC4.jpg,1024,681,2,159,193,994,447
armas (2726)_jpg.rf.zGUtnPm25dfx4ODgiAmB.jpg,160,120,0,1,2,158,114
41fe485907d0fd964_jpg.rf.zQyDLADrt36hzk5guzXz.jpg,1024,683,2,41,254,591,485
b1acdd5a1698b7902_jpg.rf.zddYViknydOnTF6BWMIv.jpg,1024,675,2,113,194,337,254
b1acdd5a1698b7902_jpg.rf.zddYViknydOnTF6BWMIv.jpg,1024,675,2,224,283,345,343
b1acdd5a1698b7902_jpg.rf.zddYViknydOnTF6BWMIv.jpg,1024,675,2,529,274,604,341
armas (2555)_jpg.rf.MqEuYCU0wEvm0J0tQTCF.jpg,160,120,0,5,4,152,109
armas (347)_jpg.rf.MtS68rMkwLaiavJPo3qm.jpg,500,350,0,325,49,456,206
51de2172bbf9db442_jpg.rf.NRAVWMb9LTlWXLzrIdd1.jpg,1024,682,2,0,0,707,681
51de2172bbf9db442_jpg.rf.NRAVWMb9LTlWXLzrIdd1.jpg,1024,682,2,861,0,932,427
51de2172bbf9db442_jpg.rf.NRAVWMb9LTlWXLzrIdd1.jpg,1024,682,2,926,0,1023,473
a1fe0ef8f43040c70_jpg.rf.OFxBHkDhdkI5WqtJ2T2y.jpg,769,1024,2,243,290,722,809
armas (2411)_jpg.rf.OHs3hEXxTAz5X58oVWDb.jpg,160,120,0,1,2,158,114
010000322_jpg.rf.OVTmJrMO06UrvlavVCyH.jpg,600,337,2,319,94,475,110
010000322_jpg.rf.OVTmJrMO06UrvlavVCyH.jpg,600,337,2,326,67,472,86
010000322_jpg.rf.OVTmJrMO06UrvlavVCyH.jpg,600,337,2,185,101,474,143
010000322_jpg.rf.OVTmJrMO06UrvlavVCyH.jpg,600,337,2,42,138,539,281
014d86cd21bcda1f1_jpg.rf.OVl0R3oD631Da0Tvq1y4.jpg,1024,462,2,27,19,1024,452
f1aea6e5a65c8d1f5_jpg.rf.OnDpvoWkbssG7dlJTJyq.jpg,1024,680,2,218,269,649,359
216ea34575d7faa54_jpg.rf.OqpWMfL3zDhNdjzJ8SMi.jpg,1024,768,2,32,62,990,589
518995b988d8217b8_jpg.rf.P3XqmP2bWH37laJdMAeY.jpg,1024,768,2,340,304,598,480
112536fcf9f01eac6_jpg.rf.PKjxXoulKxeNtnzvNDwi.jpg,1024,715,2,9,550,437,637
112536fcf9f01eac6_jpg.rf.PKjxXoulKxeNtnzvNDwi.jpg,1024,715,2,453,527,847,628
010000776_jpg.rf.PKnjVkkacsamQh0EtMQE.jpg,600,450,2,21,14,575,350
armas (2333)_jpg.rf.PMXuALYWlnK1jBzTAVj4.jpg,160,120,0,2,2,156,119
armas (1903)_jpg.rf.PmcnC5UntCyl7L6ChkWb.jpg,1300,1330,0,526,687,1202,1073
010000871_jpg.rf.PwyzlGaaX1JbJHQQYONT.jpg,600,600,2,311,211,599,557
010000871_jpg.rf.PwyzlGaaX1JbJHQQYONT.jpg,600,600,2,7,84,320,229
010000871_jpg.rf.PwyzlGaaX1JbJHQQYONT.jpg,600,600,2,27,107,367,275
010000871_jpg.rf.PwyzlGaaX1JbJHQQYONT.jpg,600,600,2,63,146,468,304
010000871_jpg.rf.PwyzlGaaX1JbJHQQYONT.jpg,600,600,2,1,54,252,141
010000871_jpg.rf.PwyzlGaaX1JbJHQQYONT.jpg,600,600,2,183,165,564,449
armas (1686)_jpg.rf.hilESwOPS14KeDreGNZ4.jpg,500,375,0,290,167,323,199
717a02446e382387d_jpg.rf.hzPOlX1dOm0XiUR8aBHf.jpg,1024,683,2,0,199,626,409
armas (1799)_jpg.rf.iPxEOOVbk7z39lzaRs7l.jpg,1280,853,0,64,103,1235,752
61fca519105417a52_jpg.rf.iWTUjHdtkrKaLZYmBVDe.jpg,1024,612,2,137,42,861,453
61f7e86ff24aaf1c2_jpg.rf.EPUxKaGDujiFRIxd5bU4.jpg,1024,652,2,188,167,740,480
armas (2473)_jpg.rf.EWHJKWsPdE9vSoLRAWDf.jpg,160,120,0,2,1,155,117
f842b61569b8dba7_jpg.rf.eLR7GCtr9ylpRFrrziZu.jpg,1024,693,0,110,86,867,613
armas (2748)_jpg.rf.fsvyvaMIT4KeiMBocMZP.jpg,160,120,0,3,4,152,115
81ddb9177cceb7640_jpg.rf.eE1AHE1InCzZOBajn3DE.jpg,1024,683,2,0,201,367,629
81ddb9177cceb7640_jpg.rf.eE1AHE1InCzZOBajn3DE.jpg,1024,683,2,296,249,503,622
81ddb9177cceb7640_jpg.rf.eE1AHE1InCzZOBajn3DE.jpg,1024,683,2,475,188,721,565
81ddb9177cceb7640_jpg.rf.eE1AHE1InCzZOBajn3DE.jpg,1024,683,2,654,173,986,567
armas (777)_jpg.rf.fQcYnLRoIADq8CYFrHTn.jpg,300,163,0,6,10,294,152
armas (1958)_jpg.rf.fxDnFxLpcrNS5UA8kyZC.jpg,1119,1600,0,446,236,721,695
armas (1800)_jpg.rf.gTCyV427zbRCQ0Z9spfK.jpg,300,202,0,199,73,281,104
armas (583)_jpg.rf.fXPJdL6N7RCksjimgduQ.jpg,300,370,0,16,70,277,306
armas (451)_jpg.rf.ghUFrz4QucWMVSAgth9N.jpg,1024,766,0,75,173,652,665
f1a1b0b11ef5de7be_jpg.rf.g0PZMt1Qf9RBoarTPdGB.jpg,1024,713,2,184,221,549,539
f1a1b0b11ef5de7be_jpg.rf.g0PZMt1Qf9RBoarTPdGB.jpg,1024,713,2,593,255,954,342
51fe7529cf213740f_jpg.rf.h4H8mEJVKtYCY7TpsRKH.jpg,1024,683,2,109,174,219,213
51fe7529cf213740f_jpg.rf.h4H8mEJVKtYCY7TpsRKH.jpg,1024,683,2,540,223,955,372
61fd5bb3d17d90bb2_jpg.rf.GFuvgjQBZinnsmBITnVO.jpg,681,1024,2,341,479,556,685
61fd5bb3d17d90bb2_jpg.rf.GFuvgjQBZinnsmBITnVO.jpg,681,1024,2,439,874,680,948
armas (2515)_jpg.rf.Gkw6U2UaitKpxVHrmMd5.jpg,160,120,0,3,3,158,118
11fadb36a0d1dcb97_jpg.rf.HBFdno8sEwnDxgXvu8JH.jpg,1024,685,2,418,247,819,466
9f41a9e5a3296b30_jpg.rf.HkZQwm2MHKK6HpUgAPfI.jpg,1024,681,0,684,160,837,245
87307ceb82922add_jpg.rf.HnmgNtl8y8t171mtrkCg.jpg,1024,768,0,61,79,970,704
51031e51ac03f39e6_jpg.rf.HoEZDK86qdBs02GBJhcm.jpg,1024,683,2,278,285,563,487
armas (1317)_jpg.rf.HoL7lHqhoC0JQNsj5IAm.jpg,1000,730,0,35,35,958,671
armas (2730)_jpg.rf.I3kYD2tJ2LmGbG6tE1lS.jpg,160,120,0,4,1,156,116
armas (2809)_jpg.rf.nf13ZieGIW5amtvvKft5.jpg,961,606,0,160,286,574,604
412c098ca7c5bbe9c_jpg.rf.nxMR5V9vzkQYWkR8xowz.jpg,1024,608,2,63,247,978,465
armas (1362)_jpg.rf.nzfjuOWt79meWzjqm3Hv.jpg,500,334,0,216,53,381,205
036cced2d11ec245_jpg.rf.o12ze8p39st5XF9fVHhH.jpg,1024,683,0,281,174,530,393
armas (1240)_jpg.rf.oCP021E9E3XA4pxXsHMl.jpg,500,333,0,207,12,477,224
83aa0fb117f71587_jpg.rf.oITUrloacQTQ0nEFmD39.jpg,1024,974,0,329,91,721,661
b671a105622f1995_jpg.rf.ExNdbNonDfefXXX3boZ6.jpg,1024,768,0,77,401,579,767
11c462da2b9bee128_jpg.rf.FO8W6PNDVyRYcrNfvwj3.jpg,1024,768,2,47,86,987,644
armas (1016)_jpg.rf.EbCbuNukOKw4cLoi8hps.jpg,183,275,0,56,8,104,44
armas (1016)_jpg.rf.EbCbuNukOKw4cLoi8hps.jpg,183,275,0,54,87,86,138
18aee0943958c9fc_jpg.rf.FDoU9q2TrlDDDmWrc489.jpg,1024,824,0,136,275,899,678
armas (2986)_jpg.rf.FqiDa6fRw9HegYdt27cc.jpg,343,203,0,21,28,327,187
armas (2220)_jpg.rf.Fl2pKXj7pUk72ScJ7ap1.jpg,160,120,0,2,1,156,117
f15ee6c9926ea50d7_jpg.rf.GBRALAXKyDI7Hkiimq3K.jpg,1024,681,2,13,148,1023,674
419bbca71f13c466b_jpg.rf.pLCYYFetHv3vGkKs6TI2.jpg,1024,683,2,77,385,853,612
818a73aa5101b0a46_jpg.rf.pLu6fQiAgjUXFoRhI4HU.jpg,1024,830,2,106,146,1002,682
319d43579baadbcbe_jpg.rf.pZPOAd0iVghLuQowKMiF.jpg,1024,768,2,0,73,1023,627
010000535_jpg.rf.pb6Fi48HJy4eoBkKzmhB.jpg,600,480,2,11,239,597,460
010000535_jpg.rf.pb6Fi48HJy4eoBkKzmhB.jpg,600,480,2,72,66,596,233
armas (1082)_jpg.rf.q3jNvN4DoaZMdbnzuxzH.jpg,703,535,0,340,32,537,103
armas (1886)_jpg.rf.q4X5NN0mbWoYXbVxhOEH.jpg,800,430,0,346,65,456,394
010000819_jpg.rf.qHNpIxyEU8GGdGDDJMwv.jpg,600,400,2,280,125,424,166
010000819_jpg.rf.qHNpIxyEU8GGdGDDJMwv.jpg,600,400,2,209,170,454,324
armas (1360)_jpg.rf.qaOhO1btvd4zRxVnnjr4.jpg,500,333,0,24,5,243,178
010000576_jpg.rf.qfCu5u2MSZCxVDJ2ages.jpg,596,640,2,84,33,504,517
810e506f226e90047_jpg.rf.qoET9sND3JzwyytAoDUL.jpg,1024,680,2,312,105,580,257
armas (1938)_jpg.rf.r8KLmkZn53IupN7TOEHe.jpg,450,412,0,165,196,290,287
a15eefe74d74e1b57_jpg.rf.rAsjrJi4wlVXeRqnfa2d.jpg,1024,683,2,67,197,559,469
8900150c0ff9ff73_jpg.rf.jTsFX3Y2wlwzaxbGv8KQ.jpg,1024,768,0,0,94,1022,665
armas (2670)_jpg.rf.jkHQrSlTzDUgY6uvl5jd.jpg,160,120,0,2,1,157,116
armas (908)_jpg.rf.jqhwMULhzrKvZjB7jpRS.jpg,211,239,0,56,88,77,134
5c556a24ef9786de_jpg.rf.k36XwR6WgaZ4IsrvIcR6.jpg,1024,680,0,119,66,959,618
0a46f9b3afe642f2_jpg.rf.k4E0DlQUqN6PKvLgMgtC.jpg,1024,683,0,77,221,990,635
i1mage80_jpg.rf.k4bUW8PLYmG7XoemNamf.jpg,480,360,2,1,149,454,280
504da6fe12aaadcd_jpg.rf.pAbMKx14Lcw8AGqg1O8i.jpg,768,917,0,51,195,462,508
armas (2143)_jpg.rf.p2IxMokviVhBIpcHIFNN.jpg,661,496,0,484,137,632,244
61e638b1571765e30_jpg.rf.oxQFJUm4vfi5DCjLWDfu.jpg,1024,683,2,57,297,538,559
010000453_jpg.rf.pKxdGKspFLbDCErU0eEN.jpg,600,408,2,267,215,546,312
armas (2057)_jpg.rf.lVbmAB8claxxfPu3qoP5.jpg,555,640,0,385,354,451,449
012e777ca05730e04_jpg.rf.lyuzZbgtYRPGZQrOQYc1.jpg,1024,683,2,446,255,763,543
612074107154713dd_jpg.rf.m70jHDEUMeWyoc4PgwnD.jpg,1024,768,2,0,191,1023,660
armas (751)_jpg.rf.m8IEpckrHFXw1Q76kDX3.jpg,504,275,0,45,143,164,205
armas (751)_jpg.rf.m8IEpckrHFXw1Q76kDX3.jpg,504,275,0,17,5,130,51
armas (346)_jpg.rf.mAxnmwueGIKcF82jYUfM.jpg,256,171,0,61,34,81,55
019bfcd982ad9f59b_jpg.rf.mLln41qINRGqEoGrPdDL.jpg,1024,683,2,79,232,806,482
armas (162)_jpg.rf.mNgcAIXz669wdmjjLZE6.jpg,300,450,0,58,5,87,52
i1mage96_jpg.rf.lHILBSwrjxm15Dp55nqM.jpg,553,368,2,328,69,345,115
i1mage96_jpg.rf.lHILBSwrjxm15Dp55nqM.jpg,553,368,2,441,81,466,146
i1mage96_jpg.rf.lHILBSwrjxm15Dp55nqM.jpg,553,368,2,168,64,191,111
i1mage96_jpg.rf.lHILBSwrjxm15Dp55nqM.jpg,553,368,2,135,57,166,114
i1mage96_jpg.rf.lHILBSwrjxm15Dp55nqM.jpg,553,368,2,94,63,123,148
i1mage96_jpg.rf.lHILBSwrjxm15Dp55nqM.jpg,553,368,2,507,90,550,161
i1mage96_jpg.rf.lHILBSwrjxm15Dp55nqM.jpg,553,368,2,31,39,81,155
i1mage96_jpg.rf.lHILBSwrjxm15Dp55nqM.jpg,553,368,2,113,184,512,360
c1403dbff0189045c_jpg.rf.lHfHX1j8hJZsHs9y2Srn.jpg,678,1024,2,95,269,482,672
armas (32)_jpg.rf.kL7wgKgOz8xoqo3UIbzq.jpg,919,1300,0,88,404,260,512
91e397ccef327cfdd_jpg.rf.N1z6Y4u2V5IiF37Qtjzi.jpg,1024,685,2,0,160,1023,496
b1be11a9410b15a6e_jpg.rf.Nkt8YiUi31WgXyC0cgMF.jpg,1024,919,2,67,50,959,919
e536faea366a3699_jpg.rf.mIlhNvruv29F3PGZRurC.jpg,1024,683,0,32,29,996,656
e536faea366a3699_jpg.rf.mIlhNvruv29F3PGZRurC.jpg,1024,683,0,84,29,976,584
010000548_jpg.rf.mt2aBmNGzck9feVoReej.jpg,389,370,2,149,117,378,181
41748a2657d02d7f5_jpg.rf.n9cw8bKWR5sxV3S5NQbA.jpg,1024,660,2,643,260,949,580
010000642_jpg.rf.n1rbLuhG9HeuenMfHId9.jpg,600,337,2,253,85,332,283
a18cd1d012c299ec4_jpg.rf.LuNX4pNA6lqLBpRUx3kk.jpg,1024,680,2,320,232,899,490
010000062_jpg.rf.McyzGpf2BTxlqOEp0qBH.jpg,600,337,2,4,115,553,226
e1b9b62cfeaf4a617_jpg.rf.M0N94y8rpTwpp4cPr0E5.jpg,1024,733,2,297,353,809,718
01573e51110b8ad45_jpg.rf.LuTntLThZ19An1aRBYQP.jpg,1024,683,2,106,273,218,682
armas (894)_jpg.rf.Mo54a6cjjssEXIECgNx9.jpg,300,168,0,167,49,184,65
armas (2851)_jpg.rf.MHCh0YlQwqAePyEQ6PIR.jpg,577,812,0,223,365,272,425
01594ecef74729d71_jpg.rf.mSoIFqtNZoqT7fIcViNx.jpg,1024,678,2,677,323,758,569
armas (2227)_jpg.rf.mkwXvxuavO1Ac6AeJzDn.jpg,160,120,0,10,19,148,115
armas (1255)_jpg.rf.MvOdtS4aOJKq6j66BDTE.jpg,500,375,0,2,1,219,162
armas (1255)_jpg.rf.MvOdtS4aOJKq6j66BDTE.jpg,500,375,0,79,7,429,170
armas (1255)_jpg.rf.MvOdtS4aOJKq6j66BDTE.jpg,500,375,0,152,102,500,286
armas (1255)_jpg.rf.MvOdtS4aOJKq6j66BDTE.jpg,500,375,0,112,219,500,372
i1mage130_jpg.rf.Mlo7QNyfyr0GlqI21JYW.jpg,400,612,2,40,69,308,510
armas (1026)_jpg.rf.n5Fh3bQZhozKh0UfSaNw.jpg,275,183,0,94,20,183,109
d11568bf2147d1cb7_jpg.rf.OhQRXZmlxOFmfV6pmaPf.jpg,1024,683,2,205,329,1024,554
811fbd1bf80fb33fc_jpg.rf.Omx6MOMB7aURaPxbyOQj.jpg,683,1024,2,431,187,597,567
e1e03d870ebfb0ff4_jpg.rf.OtwoL4Cq5Kj2qGDuW55C.jpg,1024,682,2,113,494,504,682
e1e03d870ebfb0ff4_jpg.rf.OtwoL4Cq5Kj2qGDuW55C.jpg,1024,682,2,281,505,903,681
e1e03d870ebfb0ff4_jpg.rf.OtwoL4Cq5Kj2qGDuW55C.jpg,1024,682,2,391,484,986,649
e1e03d870ebfb0ff4_jpg.rf.OtwoL4Cq5Kj2qGDuW55C.jpg,1024,682,2,507,280,672,448
010c1dc12f68f23f7_jpg.rf.nPph9NPRnA5yUMo4HmCW.jpg,1024,735,2,407,143,513,494
armas (982)_jpg.rf.nUoZIrAYL89XA13xfP7E.jpg,203,248,0,64,59,99,157
armas (111)_jpg.rf.nVzufGDQrv7HtQ7NZJIC.jpg,450,253,0,130,38,369,238
010000365_jpg.rf.nZsIUrm6yQAJ7GD9qQhv.jpg,480,360,2,35,199,409,312
91391ed58943c2337_jpg.rf.nh6qosTVAiZJYeAi42CU.jpg,1024,685,2,76,169,1024,660
armas (325)_jpg.rf.O9CmykDnfpJr1ZojXJVc.jpg,270,195,0,49,34,132,90
armas (2283)_jpg.rf.OVtgxqqlUTx4OCMvyLzr.jpg,160,120,0,3,1,157,118
armas (1309)_jpg.rf.OERHi0NCJcQNgw8M6njn.jpg,500,399,0,240,121,453,371
armas (1589)_jpg.rf.OWIMhhNK6X8XmYC5PWkt.jpg,500,364,0,36,51,454,247
armas (2915)_jpg.rf.OTIFMCFiEYxDA6B1yPI3.jpg,112,168,0,58,63,111,113
armas (202)_jpg.rf.OZPVzzhwRn3e7iAKCHjQ.jpg,1006,1390,0,399,186,638,733
45a8fd8fbdb5be00_jpg.rf.OBnKbCqUjDUkFxMCQ66E.jpg,768,1024,0,0,143,348,369
45a8fd8fbdb5be00_jpg.rf.OBnKbCqUjDUkFxMCQ66E.jpg,768,1024,0,438,255,660,748
armas (2149)_jpg.rf.qKcwq7Kd7SKDGpaDA70X.jpg,731,1024,0,64,108,192,215
armas (2679)_jpg.rf.qM6bVwqy8tvavZUfp6re.jpg,160,120,0,1,1,157,119
01074b30cead571bb_jpg.rf.rBtBRuCMnzSxC8MaDsNc.jpg,1024,681,2,84,263,388,453
01074b30cead571bb_jpg.rf.rBtBRuCMnzSxC8MaDsNc.jpg,1024,681,2,606,67,984,213
6f24da2b7208715b_jpg.rf.rGuH3nNTbBjWFriKDVl5.jpg,1024,765,0,65,266,984,629
armas (1808)_jpg.rf.rI6GgTidkogYj88ge1vJ.jpg,615,409,0,391,166,584,325
armas (1981)_jpg.rf.VmNnM1qlS6BGo93r3rou.jpg,1300,953,0,1,1,1049,866
armas (2150)_jpg.rf.VsNRfpvSLlLAf6PHaHZZ.jpg,1024,944,0,99,64,918,882
armas (339)_jpg.rf.Vw6O8daKgq320gFyOVle.jpg,330,470,0,13,60,62,97
armas (1883)_jpg.rf.WLyciBHiYYD2tOMy30iU.jpg,480,274,0,1,1,480,274
110b2641b4eebbaaa_jpg.rf.WXutjRHHq6eHylW4GHRa.jpg,1024,681,2,59,273,820,524
0106a4616b35cf5db_jpg.rf.Wn15rJiSFzggMu4iS3MH.jpg,1024,683,2,315,204,450,502
0106a4616b35cf5db_jpg.rf.Wn15rJiSFzggMu4iS3MH.jpg,1024,683,2,636,451,780,513
719cd12410ec32488_jpg.rf.X1anEnqr9FsDUXuz5goO.jpg,1024,748,2,0,63,1006,605
11b9c506c62b00468_jpg.rf.nlKvXpJuouy0rEYux9FR.jpg,1024,680,2,310,64,437,147
11b9c506c62b00468_jpg.rf.nlKvXpJuouy0rEYux9FR.jpg,1024,680,2,0,82,45,151
11b9c506c62b00468_jpg.rf.nlKvXpJuouy0rEYux9FR.jpg,1024,680,2,85,64,246,131
armas (2777)_jpg.rf.oXyHCFgS801kDuOQoYnM.jpg,160,120,0,1,1,157,117
armas (1085)_jpg.rf.oTZcD25oXUZTofJoc0Bf.jpg,114,170,0,70,127,83,156
armas (2622)_jpg.rf.ouxMeq1HFEQnPYLzLf4L.jpg,160,120,0,8,4,157,117
c126b3f63e20d33cd_jpg.rf.pqI1G1jSCMGm4LY6Seus.jpg,446,1024,2,119,193,412,423
c126b3f63e20d33cd_jpg.rf.pqI1G1jSCMGm4LY6Seus.jpg,446,1024,2,0,138,126,930
51fb76817cef8768c_jpg.rf.piichrDR6bCyzzfGpKEe.jpg,1024,768,2,179,402,502,535
1f40e8e5f6a5a51a_jpg.rf.oZSjmIrEGV2uJawcrsDA.jpg,1024,682,0,479,285,573,550
1f40e8e5f6a5a51a_jpg.rf.oZSjmIrEGV2uJawcrsDA.jpg,1024,682,0,482,283,568,548
313b3f7bf102addb6_jpg.rf.oDSF8xGqnDUaVzSKctq1.jpg,1024,682,2,94,200,759,493
3923ea85d3b93dbc_jpg.rf.XRveycy7xBpPfIrEYhY2.jpg,1024,881,0,42,359,504,859
3923ea85d3b93dbc_jpg.rf.XRveycy7xBpPfIrEYhY2.jpg,1024,881,0,237,0,682,430
3923ea85d3b93dbc_jpg.rf.XRveycy7xBpPfIrEYhY2.jpg,1024,881,0,538,368,1004,818
armas (2027)_jpg.rf.XdT4mMU5HNVbScXNoxqA.jpg,661,496,0,408,219,442,248
armas (2027)_jpg.rf.XdT4mMU5HNVbScXNoxqA.jpg,661,496,0,337,170,354,194
armas (2043)_jpg.rf.XmQMoZnpnrPjAs8YsSmZ.jpg,1100,815,0,13,13,1081,659
a101427929283d454_jpg.rf.Xtx0FoJeEQWuc9dm9Wqw.jpg,948,1024,2,140,238,438,563
armas (2561)_jpg.rf.XzRrgrTgbNHHnjEQLHEi.jpg,160,120,0,2,3,156,120
519df31119ce6bf6e_jpg.rf.Y9eDIP9aGHF7x6dABNpM.jpg,1024,683,2,7,0,1023,682
armas (2955)_jpg.rf.YATXGVbXr5QDtl9ZSkRk.jpg,864,448,0,56,19,830,412
01080460633eed194_jpg.rf.YKfPZp82WbWa6WFAAxP8.jpg,1024,683,2,153,262,785,682
0176c7105dacb32d5_jpg.rf.YSGkxu42I0PdWaqJ8BVP.jpg,1024,683,2,165,290,914,562
armas (2334)_jpg.rf.YvnnRkGfBLKffk4tN1Aa.jpg,160,120,0,1,1,157,119
51b36fcc5fe76c470_jpg.rf.YyN6dcbMasbrotY54YHC.jpg,1024,685,2,286,267,625,517
dc2de14ed59812bf_jpg.rf.ZHOfCEdGYP2NfHpxKtY3.jpg,1024,675,0,32,53,952,667
b1366ef358029ef26_jpg.rf.ZIP5FNyexb96fBLt3Liz.jpg,1024,680,2,44,243,818,530
b1366ef358029ef26_jpg.rf.ZIP5FNyexb96fBLt3Liz.jpg,1024,680,2,285,88,478,126
47db2dd6cca8211d_jpg.rf.ZMcCKbWTz9UupdDsWQGR.jpg,1024,768,0,86,79,967,594
armas (681)_jpg.rf.jGD5mjLR9qCUE0AvxpSd.jpg,620,312,0,26,52,588,300
b1c1f04e44f9b89f0_jpg.rf.jMiAtjHKTQkXTF5Yqot5.jpg,1024,640,2,552,389,909,625
b1c1f04e44f9b89f0_jpg.rf.jMiAtjHKTQkXTF5Yqot5.jpg,1024,640,2,86,482,370,640
b1c1f04e44f9b89f0_jpg.rf.jMiAtjHKTQkXTF5Yqot5.jpg,1024,640,2,744,233,928,296
armas (1335)_jpg.rf.jNpnKISGgqSDNfTskKbI.jpg,536,402,0,184,41,483,358
armas (2993)_jpg.rf.NLZksVhFvmB8RQm6YVmF.jpg,1197,795,0,114,113,273,345
armas (2993)_jpg.rf.NLZksVhFvmB8RQm6YVmF.jpg,1197,795,0,887,236,1046,440
armas (1527)_jpg.rf.rVBPPihNBjrIWXfWcd0F.jpg,500,400,0,97,123,410,278
armas (532)_jpg.rf.pXvRNEiMeiCysk5FfP2H.jpg,259,194,0,62,29,138,81
armas (1573)_jpg.rf.XFc29IqvlzSD7rLbjjdy.jpg,500,262,0,29,57,315,262
armas (1573)_jpg.rf.XFc29IqvlzSD7rLbjjdy.jpg,500,262,0,241,120,412,261
11fd9c41bbb5403b3_jpg.rf.W48xYOuWr5MHC4AXvf9l.jpg,1024,683,2,187,20,1004,652
armas (942)_jpg.rf.krWuM3S1U4JivuottaZC.jpg,177,285,0,51,123,104,203
armas (742)_jpg.rf.lDPkszyWyvof0oW0DXfF.jpg,1200,800,0,528,240,1057,782
2fe503a4b44b18c2_jpg.rf.lOOGfZDVzAX4i9YHMGax.jpg,1024,768,0,24,99,1006,697
317babab3a01e1793_jpg.rf.lTS0F7AhBhCi0IMbJ8Wj.jpg,1024,680,2,77,255,956,566
317babab3a01e1793_jpg.rf.lTS0F7AhBhCi0IMbJ8Wj.jpg,1024,680,2,315,121,485,169
8c3663fd0ecc7b31_jpg.rf.lUlL2coZJozQmfC8mGNo.jpg,1024,664,0,270,411,435,557
armas (2268)_jpg.rf.lXI6JpgMhn2isn60EYlh.jpg,160,120,0,2,2,157,119
010001132_jpg.rf.lr3ruLtgReSm6otaIAgC.jpg,236,550,2,31,30,210,524
13fbb53617d018de_jpg.rf.mDuhARBBXBZ2egq8unzk.jpg,1024,768,0,724,116,947,497
armas (999)_jpg.rf.mitGeVBnTp4Qzg0EhmjI.jpg,202,128,0,59,32,174,98
01209f11cc23fd47e_jpg.rf.msWsmj2Hc5WKi4hUSpBn.jpg,1024,768,2,634,403,879,671
dc764c01816b85ee_jpg.rf.n90yJbfyCohXgAZLI3si.jpg,1024,768,0,87,114,947,673
armas (1670)_jpg.rf.3uJpZwrq5EiBjxihxsMP.jpg,500,375,0,77,9,353,371
armas (1757)_jpg.rf.45vGofhf5duiMMLgqL9S.jpg,400,343,0,25,39,399,278
armas (1757)_jpg.rf.45vGofhf5duiMMLgqL9S.jpg,400,343,0,5,7,382,249
armas (2548)_jpg.rf.4BnUVS0SWs6QvJUXR5jZ.jpg,160,120,0,4,4,155,114
bd65790633abe6bc_jpg.rf.4E0Bpynjt9xaxMwsdUKm.jpg,1024,768,0,135,297,663,641
bd65790633abe6bc_jpg.rf.4E0Bpynjt9xaxMwsdUKm.jpg,1024,768,0,640,0,796,182
i1mage22_jpg.rf.kk602YitjJwHr7rnxmkQ.jpg,610,406,2,253,56,605,376
012e669a35cac41d8_jpg.rf.je4aUZoYmEh2pGI2npOT.jpg,1024,602,2,9,300,804,545
012e669a35cac41d8_jpg.rf.je4aUZoYmEh2pGI2npOT.jpg,1024,602,2,167,165,805,357
012e669a35cac41d8_jpg.rf.je4aUZoYmEh2pGI2npOT.jpg,1024,602,2,463,110,963,270
012e669a35cac41d8_jpg.rf.je4aUZoYmEh2pGI2npOT.jpg,1024,602,2,465,43,1023,201
armas (2319)_jpg.rf.jUAwNRPJ2iPDLB6CVQpH.jpg,160,120,0,5,4,155,116
010ec951800b3058e_jpg.rf.4ivV1o84DofTcaugyQ5K.jpg,1024,683,2,147,0,409,356
armas (1696)_jpg.rf.4l9YBEiIF61lfRBlvXx2.jpg,500,375,0,20,89,284,260
armas (917)_jpg.rf.4sDkvzFaK4JOX8mu0pYF.jpg,266,189,0,86,40,140,91
armas (1692)_jpg.rf.5FAD8I61t8xgYVsqjLSw.jpg,500,375,0,127,149,292,235
i1mage17_jpg.rf.5FDOAxevUuddoH7NpsdZ.jpg,670,445,2,381,87,492,309
e191767b0d4c71087_jpg.rf.5PKIjmn40ajHpC7urhde.jpg,1024,683,2,320,241,748,483
e14a061257a9e8048_jpg.rf.5Y1XVLM37JegA2rUjo6b.jpg,1024,680,2,225,181,470,496
61efd1f9dbc41de66_jpg.rf.5oUHVMRwTvgiwaVOQm9A.jpg,681,1024,2,177,189,448,364
i1mage62_jpg.rf.5wUv7oWwNdYdM4GEvzrz.jpg,516,720,2,70,368,460,524
armas (3)_jpg.rf.62awTFKOhEBK5cMWtHk3.jpg,1300,866,0,471,207,613,359
armas (2802)_jpg.rf.6BhAB8I73i97qclfrHOl.jpg,299,450,0,99,185,228,409
51a4985dfcb9bcde8_jpg.rf.6Kl7jYUWO2mUBSUVXjkw.jpg,768,1024,2,0,0,756,1022
armas (2939)_jpg.rf.6sFhAmhA1o4TF3mDGa8c.jpg,1026,1300,0,331,416,543,552
114d45a56a0fe95bf_jpg.rf.7X8otkfYmkG9cxyRx7A1.jpg,1024,768,2,11,464,1023,767
114d45a56a0fe95bf_jpg.rf.7X8otkfYmkG9cxyRx7A1.jpg,1024,768,2,15,111,986,363
114d45a56a0fe95bf_jpg.rf.7X8otkfYmkG9cxyRx7A1.jpg,1024,768,2,94,331,849,537
010000976_jpg.rf.07IGlsFWnc2Sw5BUzykU.jpg,270,194,2,25,78,168,124
f18201505a39a4d1a_jpg.rf.nF1tUCUTG97Q7QaRh4PY.jpg,1024,350,2,14,80,926,303
61a2e3d4e6dd93e9e_jpg.rf.4L1IVE3GnPI7vnNAHesy.jpg,1024,681,2,66,281,821,546
61a2e3d4e6dd93e9e_jpg.rf.4L1IVE3GnPI7vnNAHesy.jpg,1024,681,2,232,163,420,218
6105f8dfde2dd678f_jpg.rf.4UUji9rocOCETX9pMeob.jpg,1024,1024,2,417,379,812,592
010000452_jpg.rf.4a6kL7j7ccgL1V5OET2p.jpg,562,420,2,158,133,546,355
i1mage10_jpg.rf.4F0dsgmFHdBYwpqcv9Jm.jpg,655,436,2,385,142,626,416
010000986_jpg.rf.4OtMVlGtG9CBN22pJVTS.jpg,600,450,2,30,89,573,301
armas (131)_jpg.rf.4aa07vtBwWhszANBzX5k.jpg,1500,1120,0,287,340,612,840
c98d6635813a9b90_jpg.rf.0mrtWVdwXscSQTVeTIkv.jpg,1003,1024,0,422,321,985,778
armas (1169)_jpg.rf.1C8IGsmeR5Pw9L63zawf.jpg,880,440,0,495,11,878,204
41a26b8d8f5d7c728_jpg.rf.1pSglkW2un31YUIKgSt9.jpg,1024,680,2,190,299,631,680
armas (1985)_jpg.rf.25suu6ThBcFUECe9oG5R.jpg,1067,600,0,577,174,611,192
armas (1348)_jpg.rf.2E83qZCIdBdYqypiD8Ak.jpg,332,500,0,28,64,98,206
1176bbafad806c782_jpg.rf.2GzafI8oCIXc5NyObker.jpg,1024,768,2,229,234,906,729
armas (2050)_jpg.rf.2K2tVRDUKemtVLZEs1mH.jpg,640,434,0,36,28,560,388
armas (1820)_jpg.rf.09gE6VurxKW0BQvmbu2K.jpg,1024,1024,0,1,219,894,968
armas (2611)_jpg.rf.0aC4B7LcB5e4m15l2GnN.jpg,160,120,0,1,2,152,113
armas (1668)_jpg.rf.5JcSCiEgOW7dK2PVynsp.jpg,500,375,0,115,172,369,348
d1cd37bc237fcdcde_jpg.rf.RU9UGh0dGDnQrlQoSVag.jpg,680,1024,2,96,790,601,908
d1cd37bc237fcdcde_jpg.rf.RU9UGh0dGDnQrlQoSVag.jpg,680,1024,2,120,452,225,727
01209905ab6725662_jpg.rf.FxLzyqTRs1N0j2YkRsFn.jpg,1024,573,2,208,195,652,278
armas (58)_jpg.rf.FyTwrtarHvdVKBHs5B0J.jpg,1300,866,0,84,92,649,488
010000361_jpg.rf.PZf3CwQzrO6hRCeAF3E6.jpg,500,375,2,157,144,451,236
armas (1227)_jpg.rf.QMFCyLgGoAs5Uy3DNXeZ.jpg,500,375,0,84,56,439,289
armas (2214)_jpg.rf.PQbjHRldgxsVZ1R7nuKd.jpg,160,120,0,2,1,157,117
f1288a85b3a7da3b7_jpg.rf.PkKc8fYpHL9KVvEfIhT8.jpg,1024,681,2,0,409,950,680
f1288a85b3a7da3b7_jpg.rf.PkKc8fYpHL9KVvEfIhT8.jpg,1024,681,2,699,357,1023,505
010ea275ed618deb0_jpg.rf.QRm6tKB8rpndGITe8XxG.jpg,1024,680,2,313,404,501,619
c1f75c65d22017e1a_jpg.rf.PPaw3oz5YJpiAFh93AWk.jpg,1024,768,2,311,278,765,471
armas (725)_jpg.rf.SuCemZxIBwnmdWdXi3Z8.jpg,420,241,0,29,9,372,126
11fe917741992dcfe_jpg.rf.SvheVj8LbNh4JhHceXnG.jpg,1024,709,2,248,211,605,270
armas (2056)_jpg.rf.gyNbcmA7k47NcGAZVaBZ.jpg,640,448,0,259,175,512,354
armas (1717)_jpg.rf.hLRabKjKnKdCR3PHYkTF.jpg,480,360,0,1,5,465,274
armas (1534)_jpg.rf.hZvZJMeJrexl3HqhJAKy.jpg,500,375,0,258,108,442,298
armas (1834)_jpg.rf.hpZCSFQ1rlV3YVFbFUsi.jpg,895,449,0,544,274,652,356
armas (1834)_jpg.rf.hpZCSFQ1rlV3YVFbFUsi.jpg,895,449,0,402,339,446,446
010000296_jpg.rf.hz1QITo7ck21YBvbutAU.jpg,600,336,2,57,25,573,292
e1d1613f169470dc7_jpg.rf.PgblQ52SXeiRkOqKzMu1.jpg,1024,680,2,111,399,519,590
e1d1613f169470dc7_jpg.rf.PgblQ52SXeiRkOqKzMu1.jpg,1024,680,2,353,1,509,328
6a549dae5b97c6e4_jpg.rf.hzhnzdYpnFWrNtSWOHMH.jpg,1024,592,0,56,43,1023,591
armas (2400)_jpg.rf.R4DuEHQ2Cv46vmPT4jQ5.jpg,160,120,0,2,3,158,118
i1mage142_jpg.rf.Fu0u7BQxRnClzwiwPoek.jpg,480,360,2,151,64,366,313
armas (2931)_jpg.rf.RF51TlBrdlFjn4ztfUmA.jpg,113,168,0,28,100,60,159
armas (419)_jpg.rf.RKjOH3h8knI4KaAgMH6L.jpg,450,250,0,146,137,210,200
01aa8727faf4ae1cf_jpg.rf.SOCVVL0MOcUEfHff2XYe.jpg,1024,681,2,0,210,895,574
armas (2234)_jpg.rf.Sj1YfDtjyxrVp5f7zX9O.jpg,160,120,0,4,3,156,115
armas (1862)_jpg.rf.Fd03F0DWIDyggjBGu2uk.jpg,1300,706,0,549,215,830,409
armas (115)_jpg.rf.SCgN2XL6ZXaww5lhLw0h.jpg,680,1024,0,169,393,224,529
armas (176)_jpg.rf.SaR9S6DsuOKmiAZ4qSjI.jpg,1024,768,0,335,2,939,704
010000052_jpg.rf.QmtLnxCVDRol2yW8N9Fg.jpg,600,438,2,325,11,388,101
010000052_jpg.rf.QmtLnxCVDRol2yW8N9Fg.jpg,600,438,2,383,1,435,191
armas (2072)_jpg.rf.SRqKZDKuIh6hyWwnDWb2.jpg,640,480,0,191,180,249,270
armas (1450)_jpg.rf.Sm5lflIi2MDZsjjLrrhQ.jpg,500,375,0,78,79,433,304
armas (628)_jpg.rf.jTQcvzDtCVAAE0vf7BtU.jpg,500,753,0,76,560,136,655
armas (628)_jpg.rf.jTQcvzDtCVAAE0vf7BtU.jpg,500,753,0,78,305,421,545
armas (1743)_jpg.rf.jVBCOH5b8ETv2Hkld3yd.jpg,500,376,0,16,35,461,345
010000147_jpg.rf.jVVCIJEa1coeWRn616D6.jpg,360,170,2,8,59,344,163
5bcfa8439ce56dae_jpg.rf.ja919E3Nr4O8JZt7AQQh.jpg,1024,768,0,0,123,883,767
010001084_jpg.rf.jk7vXdiZDHA9enNRcMxi.jpg,600,600,2,155,22,489,214
010001084_jpg.rf.jk7vXdiZDHA9enNRcMxi.jpg,600,600,2,325,318,577,547
010001084_jpg.rf.jk7vXdiZDHA9enNRcMxi.jpg,600,600,2,30,298,228,577
c78c7e7adba3a81d_jpg.rf.jwlvleIxqSrm7ZZzHMge.jpg,1024,576,0,51,78,805,439
armas (1107)_jpg.rf.k1PEgTIcemnNgqmOtTLe.jpg,1628,1499,0,1001,516,1444,949
6a81129f2b101522_jpg.rf.k1v0RSl765tBxcMc1Bhr.jpg,1024,683,0,219,187,860,637
e12104e2444e8d307_jpg.rf.kDZ47hAkns6HYv3w0Gcq.jpg,1024,768,2,68,145,928,619
armas (1648)_jpg.rf.8IzVk2Cc3UqXve1gTELN.jpg,500,375,0,36,82,470,370
armas (1277)_jpg.rf.8NFRYJXTIzo77SmAFSzh.jpg,500,323,0,210,54,291,215
armas (40)_jpg.rf.8Zr6KWtZ1h8W5VNgy31r.jpg,168,105,0,132,26,145,55
armas (1252)_jpg.rf.8eTJxvLHZBB2IhpgtJec.jpg,500,375,0,20,16,488,359
armas (1252)_jpg.rf.8eTJxvLHZBB2IhpgtJec.jpg,500,375,0,232,179,334,261
010000309_jpg.rf.8jFvtYUD8ZUSDekwCY8P.jpg,600,400,2,132,244,436,328
armas (972)_jpg.rf.90dHVmb91I7fhN0J6dn4.jpg,266,190,0,95,15,231,116
armas (903)_jpg.rf.iLSOecdDmx1gxRegSfKs.jpg,225,225,0,89,19,138,224
armas (245)_jpg.rf.iLjL5hVOWtjTzjmm7eXy.jpg,320,240,0,78,9,300,134
91efbe681239880d2_jpg.rf.j2r2fW2hJiRaui3ebu6G.jpg,1024,683,2,352,200,1018,490
010000113_jpg.rf.ihGTJlQkpcy3k8BfWk5p.jpg,236,147,2,6,46,228,120
058dd78ea5867506_jpg.rf.9l3FMqfegKRIcFAlHOty.jpg,1024,681,0,84,264,428,398
016c6d0af24fa9ef5_jpg.rf.9sg88j72hpZNM7GgmCvf.jpg,1024,400,2,14,14,1009,385
817c369d38dd30ff5_jpg.rf.9uejppW9o97BD6XfmhtK.jpg,1024,703,2,4,320,307,499
817c369d38dd30ff5_jpg.rf.9uejppW9o97BD6XfmhtK.jpg,1024,703,2,351,300,620,677
5c26bb539ec3846b_jpg.rf.A73WmmEEpckQChmrbHk4.jpg,1024,575,0,0,0,1023,574
38182275598f49b7_jpg.rf.AAtU3RCIs05H0Jrwotza.jpg,1024,696,0,59,46,948,657
armas (1898)_jpg.rf.ABFypTyEiiWCaInlSkmf.jpg,1500,1125,0,859,260,1366,665
armas (288)_jpg.rf.AIyIiVmevMTOOmgjA4SN.jpg,450,299,0,137,28,439,192
114eac58d70e8c7c_jpg.rf.ANuWuYkAklvskDD1LrPI.jpg,768,1024,0,304,432,460,684
f1b299e0b48b83162_jpg.rf.AaggzOhah3XFDc54w37i.jpg,1024,572,2,14,15,1008,555
010000725_jpg.rf.AmyCMX7yZq1iTcYVY3dl.jpg,480,640,2,127,6,334,626
7119bfc004a70abdb_jpg.rf.yaW0Ut644iy3faRHYKOl.jpg,1024,680,2,422,271,760,495
armas (21)_jpg.rf.93DAAqky1X68VbbAXJP3.jpg,450,299,0,160,110,190,175
916a47d935f1eb64c_jpg.rf.9Ag11Qc2kSpMh9Vfi38g.jpg,1024,570,2,123,222,787,459
010001251_jpg.rf.94682S3tI8iA1Cq1E0P3.jpg,600,337,2,124,71,474,208
armas (878)_jpg.rf.9B8GrWW29NqbmVBNXPFc.jpg,256,124,0,14,44,209,90
305842e27406f1f5_jpg.rf.9Q7twfL4HkzKXdZ2Nm9z.jpg,1024,768,0,181,48,884,491
0195ee3436e64f0ec_jpg.rf.9g1Fw1mSW5DDGLdLLgyr.jpg,827,1024,2,168,234,598,790
armas (623)_jpg.rf.zb0uunhPxWqBvd2BeeEg.jpg,795,900,0,23,15,757,877
4f30dc4b8e2a583d_jpg.rf.ztHRIHc5xUqOd18OyJpB.jpg,1024,485,0,15,43,987,432
i1mage108_jpg.rf.zyIscWJbaNhlb4ykTuhd.jpg,560,420,2,58,121,74,155
i1mage108_jpg.rf.zyIscWJbaNhlb4ykTuhd.jpg,560,420,2,169,138,206,150
i1mage108_jpg.rf.zyIscWJbaNhlb4ykTuhd.jpg,560,420,2,91,119,127,205
i1mage108_jpg.rf.zyIscWJbaNhlb4ykTuhd.jpg,560,420,2,253,152,534,236
010000175_jpg.rf.rT1f4zTKi9lJcCuCctya.jpg,600,709,2,1,15,443,699
e9421b9e7b3abcc3_jpg.rf.rWkci0Ua4uXlV3nkGzqm.jpg,1024,680,0,120,72,862,639
010001115_jpg.rf.rnz5wZ4lmXVx8n7hZaEp.jpg,600,450,2,5,74,592,380
510cba6cabab684ee_jpg.rf.rst0uFuevNhdEddH5Lkw.jpg,1024,683,2,132,429,446,577
510cba6cabab684ee_jpg.rf.rst0uFuevNhdEddH5Lkw.jpg,1024,683,2,160,275,312,379
510cba6cabab684ee_jpg.rf.rst0uFuevNhdEddH5Lkw.jpg,1024,683,2,279,116,518,220
510cba6cabab684ee_jpg.rf.rst0uFuevNhdEddH5Lkw.jpg,1024,683,2,569,135,847,249
0f22eaf0d420239f_jpg.rf.rszacw9a1VYgRcZtVTQG.jpg,1024,680,0,104,75,916,655
5173faf015cbe1768_jpg.rf.rt5Y7w0HyRqWkKpblibA.jpg,1024,587,2,14,18,1012,572
010001716_jpg.rf.sGZTBrKC7xhNJklqC1Mq.jpg,480,480,2,19,41,469,477
armas (2397)_jpg.rf.sPNeVNDNeFzn6rDbsGc6.jpg,160,120,0,3,3,154,113
armas (2796)_jpg.rf.t4perddr5M4YPkhaCjAB.jpg,601,331,0,6,71,163,207
i1mage168_jpg.rf.tLHJylWgQ2hffpcxMbF3.jpg,558,372,2,207,110,555,209
armas (438)_jpg.rf.ynrAqqLxcXCQYE1ASU3B.jpg,796,1023,0,214,367,378,494
e10b0a00410d987a9_jpg.rf.AahI4ocCcsXyDcjWokwi.jpg,1024,768,2,0,162,999,687
armas (2615)_jpg.rf.z4J7wicAtygidzCdYewv.jpg,160,120,0,1,4,154,116
61e0adcdd2e91965a_jpg.rf.yrqOYrlgPT0Uo3QPmHmc.jpg,1024,683,2,64,172,960,472
armas (315)_jpg.rf.zPfvneSJO22Bm3Lbq5RQ.jpg,270,194,0,16,90,98,125
armas (2964)_jpg.rf.z9VrHm6LIYxPE5wS6i2C.jpg,569,373,0,9,268,124,365
d1e71355aaf88e09e_jpg.rf.Aja6AAtfRkwkka2edLHK.jpg,1024,410,2,43,77,989,372
armas (2864)_jpg.rf.zYduv3o1ZqvVuBberWE1.jpg,999,729,0,289,212,462,339
armas (2940)_jpg.rf.uSCfWW1QeD2VF8eFAwaw.jpg,450,300,0,86,121,220,218
01d290a346bf9102d_jpg.rf.uo78ZRLADd5tEa0DVnuM.jpg,1024,683,2,252,369,512,588
armas (1322)_jpg.rf.uuyJEj7yj7gaQxGZdeLK.jpg,1000,555,0,41,52,990,526
615966e128bac5fd5_jpg.rf.v2UzD5d4kpHNDDzGkRo1.jpg,1024,646,2,45,165,956,515
006fb86aed487201_jpg.rf.vBPv14GOxt16wDNbfrPJ.jpg,1024,681,0,68,141,368,579
010000512_jpg.rf.vO10HKgc1LfcnfOOexAi.jpg,502,377,2,216,64,336,335
armas (2181)_jpg.rf.vP4T6a3cczvm1uW34tfI.jpg,160,120,0,3,2,157,108
112ffb54e6ec7a423_jpg.rf.FGevqUGj7hdGVzw0055S.jpg,1024,683,2,106,318,1020,649
armas (540)_jpg.rf.FOGforgO5Ax9MMIvSSUa.jpg,252,200,0,79,27,203,184
010001045_jpg.rf.Flv2YwqJliPCpNxNy51E.jpg,600,474,2,1,3,597,168
01009f11d5e2d0e40_jpg.rf.FmsqnDusuTVtPmgg0Xvw.jpg,1024,681,2,462,239,514,297
01009f11d5e2d0e40_jpg.rf.FmsqnDusuTVtPmgg0Xvw.jpg,1024,681,2,492,263,544,353
4169d7de51ae887f1_jpg.rf.tUtOXy5MicAdT7mYNkOn.jpg,1024,439,2,515,0,815,183
4169d7de51ae887f1_jpg.rf.tUtOXy5MicAdT7mYNkOn.jpg,1024,439,2,464,181,910,438
4169d7de51ae887f1_jpg.rf.tUtOXy5MicAdT7mYNkOn.jpg,1024,439,2,665,115,936,409
010000284_jpg.rf.tflELtJpaROa8ePHsbzy.jpg,287,300,2,57,217,235,271
010000284_jpg.rf.tflELtJpaROa8ePHsbzy.jpg,287,300,2,56,172,231,213
010000284_jpg.rf.tflELtJpaROa8ePHsbzy.jpg,287,300,2,51,123,230,169
010000284_jpg.rf.tflELtJpaROa8ePHsbzy.jpg,287,300,2,50,81,219,124
010000284_jpg.rf.tflELtJpaROa8ePHsbzy.jpg,287,300,2,55,35,218,81
11bec7182a95dd904_jpg.rf.tr8y5Y8qwIwKP8JPCHLB.jpg,1024,685,2,323,305,894,485
armas (1493)_jpg.rf.ttFqKUbJeSQDDjIexpa2.jpg,500,375,0,130,11,442,346
214532ef3859724ed_jpg.rf.HMkunsEBdh8BdqJxwBkM.jpg,1024,768,2,261,327,1023,665
212becb190c215941_jpg.rf.HWA1Vf4j5eVRgIyurDEN.jpg,1024,683,2,0,242,707,472
010001111_jpg.rf.HXJxaUPa6yRQPWZIZViJ.jpg,500,383,2,10,143,497,286
312c2eb72a5d4ca79_jpg.rf.HnaQ0xLdspf05ryxcSzt.jpg,683,1024,2,348,554,579,656
armas (891)_jpg.rf.HoB8QHERYPEAzMYdSq6X.jpg,251,201,0,149,48,175,74
armas (879)_jpg.rf.I4GXNG8IZcGXeunH49pk.jpg,259,194,0,83,83,231,194
05fa17455bde44bc_jpg.rf.I5yq5xYxlOJOu9ZatuFc.jpg,1024,768,0,0,0,946,767
010000403_jpg.rf.GA3YHZE1jNubddpZrHTv.jpg,600,450,2,61,69,597,390
armas (2637)_jpg.rf.GAROX7BxIsJgPG04e8pi.jpg,160,120,0,2,2,156,117
armas (876)_jpg.rf.GF69b9oACbLzVhB8cEDM.jpg,183,275,0,79,66,92,93
armas (1933)_jpg.rf.GWK5cPTCanFbBSEAyK0r.jpg,450,320,0,288,78,419,224
230a13d8ebe7d459_jpg.rf.GGUwk4Lm4cCVRngOLYYb.jpg,1024,894,0,125,51,971,843
armas (1684)_jpg.rf.GEOuU4lyneYpc8q5cd5Y.jpg,480,360,0,327,149,347,164
7816428829838554_jpg.rf.GLveX7smNezrSiLqK6M1.jpg,1024,768,0,86,244,921,670
armas (2135)_jpg.rf.HL67JPpJKDmXdbPHfxXs.jpg,600,450,0,29,80,589,423
armas (1881)_jpg.rf.FZHkSVY5otGOzTXFZT33.jpg,1250,938,0,285,34,1097,701
010000480_jpg.rf.FTVz9WVoDa58tsDTrwor.jpg,600,364,2,8,78,592,327
4882018bdf0acb27_jpg.rf.VnQOoRguDaDhzZe7Sf35.jpg,1024,681,0,32,173,952,403
e1d91eea13ce9159d_jpg.rf.VrIOnbbdW0jR63lj47gI.jpg,1024,710,2,402,116,1022,709
armas (2288)_jpg.rf.Vrszdt01BSEz0gzMwarY.jpg,160,120,0,2,3,156,115
69d1a4669511d843_jpg.rf.W0wA4UEgsRRCsikWggAT.jpg,1024,768,0,275,0,687,714
armas (200)_jpg.rf.WBkBXADoy5PRJnkOarP4.jpg,346,540,0,151,158,184,260
armas (536)_jpg.rf.WJ0FNzvSacLBqH7Bvj8s.jpg,194,260,0,32,68,150,248
d2fba59baf37afba_jpg.rf.WTQoMTScvpfwhc6Ju0Qj.jpg,1024,768,0,91,125,890,674
i1mage84_jpg.rf.WhxPiD1Afm3eONaP3Z2v.jpg,745,428,2,600,254,682,414
i1mage84_jpg.rf.WhxPiD1Afm3eONaP3Z2v.jpg,745,428,2,378,302,545,372
i1mage84_jpg.rf.WhxPiD1Afm3eONaP3Z2v.jpg,745,428,2,250,232,378,379
i1mage84_jpg.rf.WhxPiD1Afm3eONaP3Z2v.jpg,745,428,2,93,228,181,423
i1mage4_jpg.rf.WxezbdeLAJMXerrVdDZe.jpg,705,375,2,455,93,705,200
i1mage4_jpg.rf.WxezbdeLAJMXerrVdDZe.jpg,705,375,2,99,68,364,207
armas (601)_jpg.rf.XAXyzRw4Hwp2BiwAzjBw.jpg,500,275,0,171,80,226,142
armas (601)_jpg.rf.XAXyzRw4Hwp2BiwAzjBw.jpg,500,275,0,264,105,339,152
armas (1934)_jpg.rf.XKGEbNlOrMufXQ978bXc.jpg,1500,1100,0,154,343,650,955
11a771ed89dcc8d24_jpg.rf.XMXw85RWqmLbGTAHzHIF.jpg,1024,685,2,9,482,556,665
armas (188)_jpg.rf.XSHVgwHaVHlzZi0zpULo.jpg,876,493,0,151,3,655,444
010000816_jpg.rf.XpONbAJCV7IXkpUDfziW.jpg,600,274,2,8,103,578,267
913fc8e502a0bb648_jpg.rf.XpajItXkJzpDfTQOh720.jpg,1024,685,2,0,182,1023,506
armas (954)_jpg.rf.VDV4UUnLSY9cQUsTPlzr.jpg,183,275,0,58,51,123,168
91c392381c7a8cd15_jpg.rf.I6M01w8Cn7qYC6lj05im.jpg,1024,681,2,293,226,893,671
armas (2299)_jpg.rf.IK0jyVPpY1t9M9ZS4dBa.jpg,160,120,0,2,28,149,106
f1f7d31150798c6f0_jpg.rf.UzP8nxAzJ31uZUt2EeQC.jpg,1024,768,2,201,205,1008,643
31e02801c24898701_jpg.rf.IC0aXuNNMfSSjrnfCfc8.jpg,768,1024,2,246,58,643,934
ce88641aae294ee8_jpg.rf.VHQayDCb0Lib86YM4DbR.jpg,683,1024,0,0,420,233,592
ce88641aae294ee8_jpg.rf.VHQayDCb0Lib86YM4DbR.jpg,683,1024,0,29,768,252,861
ce88641aae294ee8_jpg.rf.VHQayDCb0Lib86YM4DbR.jpg,683,1024,0,108,371,520,756
ce88641aae294ee8_jpg.rf.VHQayDCb0Lib86YM4DbR.jpg,683,1024,0,146,633,186,767
ce88641aae294ee8_jpg.rf.VHQayDCb0Lib86YM4DbR.jpg,683,1024,0,204,61,628,382
ce88641aae294ee8_jpg.rf.VHQayDCb0Lib86YM4DbR.jpg,683,1024,0,245,211,374,403
armas (2707)_jpg.rf.IPUUk4H1KZQFa6zt3r4k.jpg,160,120,0,2,2,157,116
armas (1004)_jpg.rf.VmyyWW6V8Kiuvvp3iUiG.jpg,183,275,0,12,69,119,140
armas (1841)_jpg.rf.tRtLHOC5IqPqZMa2doiv.jpg,2272,1704,0,1,362,2266,1704
armas (1874)_jpg.rf.tjWTahd2an05gDxaA5Is.jpg,500,412,0,44,33,344,202
armas (169)_jpg.rf.tqBJ24fhoYiwRCJG8u4b.jpg,2400,1485,0,1494,756,1831,1151
armas (169)_jpg.rf.tqBJ24fhoYiwRCJG8u4b.jpg,2400,1485,0,1766,1016,2291,1335
armas (169)_jpg.rf.tqBJ24fhoYiwRCJG8u4b.jpg,2400,1485,0,1745,649,2245,947
3139162c494ae3a4f_jpg.rf.uSDhJBSuphDDV41x7mbb.jpg,1024,680,2,40,231,695,421
armas (743)_jpg.rf.uzOUemTfC79dLGq7Kxd0.jpg,1200,800,0,423,246,950,732
010000597_jpg.rf.v1XJCQGUy24DMzzXBpLs.jpg,600,337,2,15,89,580,260
armas (1386)_jpg.rf.vCM3U3alfqhwFVNjQarJ.jpg,500,333,0,28,77,421,299
armas (1377)_jpg.rf.vDHqFLCDTXWQXY4a5VqG.jpg,500,335,0,174,82,473,275
armas (1927)_jpg.rf.vGZneA13N0jn0KsrOEVR.jpg,780,456,0,237,8,519,208
armas (921)_jpg.rf.voSewv1ATNUUZzmMdU4W.jpg,275,183,0,1,1,158,176
armas (309)_jpg.rf.vrSFWCYbIirtXehPCne8.jpg,150,180,0,10,13,98,176
armas (416)_jpg.rf.vvZDvXlIm2PHsOqvctTs.jpg,801,1024,0,271,404,426,465
armas (2742)_jpg.rf.w2GyjChIYfDAJ92K1SE1.jpg,160,120,0,4,4,156,115
armas (2199)_jpg.rf.wIrhsW98I0dbFk1TNBmN.jpg,160,120,0,1,1,157,118
armas (1610)_jpg.rf.wUyEWowRsS4gSjZOB2ma.jpg,375,500,0,23,159,174,242
armas (1703)_jpg.rf.wuVl3YkETFGQja6dxhGO.jpg,500,369,0,6,1,492,363
armas (2991)_jpg.rf.x8Nzxmf9HelhiiHt9jKA.jpg,333,500,0,96,402,168,496
armas (2995)_jpg.rf.xMrjMnRn0IWLrWa2dU8R.jpg,452,508,0,100,37,211,151
b1b1a0a26ce7fd798_jpg.rf.svDxXZkVrIaHj7ZpT5Q6.jpg,768,1024,2,326,422,623,509
armas (2541)_jpg.rf.tJfPijdefdaWkACCe6Vt.jpg,160,120,0,7,3,158,114
51bb115154bb68846_jpg.rf.Tlm4YtAQ65FdwJd0yLJA.jpg,1024,622,2,13,335,816,586
51bb115154bb68846_jpg.rf.Tlm4YtAQ65FdwJd0yLJA.jpg,1024,622,2,30,246,737,294
51bb115154bb68846_jpg.rf.Tlm4YtAQ65FdwJd0yLJA.jpg,1024,622,2,256,199,742,262
51bb115154bb68846_jpg.rf.Tlm4YtAQ65FdwJd0yLJA.jpg,1024,622,2,330,259,818,361
813e619d659588a6c_jpg.rf.TszKOi4hgm1IG1LP0hAi.jpg,1024,680,2,0,0,1023,679
01750839696706618_jpg.rf.U2CzDBVd3bzvF0gYhfWf.jpg,1024,681,2,228,227,827,411
b164a9ef70abb204b_jpg.rf.URd1kHzvKyItF4YyNBMF.jpg,1024,640,2,494,342,713,428
71dae12f6bcaed2ff_jpg.rf.UW5DlQ5JcZ9G1MtUe28t.jpg,1024,731,2,173,270,615,567
armas (1619)_jpg.rf.VdrmyPgUx6lYOmFDv3Sn.jpg,500,333,0,308,133,340,165
armas (649)_jpg.rf.WLIrz5HfqJ3zqNIleiq0.jpg,494,250,0,26,1,490,249
armas (760)_jpg.rf.WN0yRIrkNIRG600SVV5A.jpg,230,300,0,1,75,229,229
010000660_jpg.rf.WQqYWBA8nj4gjHrVtLAG.jpg,600,210,2,24,26,583,180
armas (178)_jpg.rf.WgVNDNaPYmHSaMlRs7wl.jpg,480,270,0,72,36,362,261
c1e07a8df524a268d_jpg.rf.TPFxGlce6VcBdUH26d8B.jpg,1024,768,2,55,308,1023,478
i1mage37_jpg.rf.TgLee5o7E9Vx89JS205m.jpg,499,320,2,51,22,493,320
c1e120a5d9a3bec1f_jpg.rf.TXLdqnJ48ommee7YvBav.jpg,1024,678,2,222,166,790,380
c1e120a5d9a3bec1f_jpg.rf.TXLdqnJ48ommee7YvBav.jpg,1024,678,2,641,201,910,319
89cf37f302c033ff_jpg.rf.TcvI6zvDzA7Ps3Dwkjgo.jpg,881,1024,0,29,129,879,874
d6ffdd7ca1d743cc_jpg.rf.xT6ngW4WkYeY5r668vIo.jpg,1024,709,0,75,42,981,701
armas (2065)_jpg.rf.q7QlfSCmyRNB3mLemAzX.jpg,677,800,0,62,191,225,292
armas (216)_jpg.rf.qRrJE5deVsOiac6d5Y0V.jpg,577,323,0,355,30,547,186
2efbf33dd703c8c6_jpg.rf.qeOgEv8bfyMpefAlmap8.jpg,1024,768,0,57,68,910,683
01a765ae3ad3b9ec8_jpg.rf.XvZ8gTYpXODEqNAjHnFZ.jpg,1024,683,2,154,214,886,509
f130694747a7d6c6d_jpg.rf.pTXPytxxWeLhmJqqhn1J.jpg,1024,784,2,189,230,899,469
armas (1802)_jpg.rf.pNs2JGMs924aFqCqcI1r.jpg,640,446,0,160,95,186,131
121d407874aac6c5_jpg.rf.UijorIjP4FCwNS22znvh.jpg,1024,1024,0,13,1,1017,1015
b16828623723583d9_jpg.rf.pMY6lPUTnRM5H5rEZzDs.jpg,1024,685,2,59,241,962,426
015a2b5465ae39b43_jpg.rf.pdLgZzBeS5jZac7QaNXU.jpg,1024,822,2,25,50,996,312
31c9215a7771d20ac_jpg.rf.pOYHRCZ37IeypmpYvgwD.jpg,1024,683,2,0,234,715,533
21929c9d367f60c56_jpg.rf.q2SOKBsAfPBvCdOHA35T.jpg,1024,824,2,97,222,974,582
i1mage92_jpg.rf.YG8zSTgLDWMTUX7Hg2xa.jpg,478,317,2,105,127,301,189
61edbdf46433600a3_jpg.rf.YL9NH69bxcxvsarLGAUq.jpg,1024,681,2,122,251,726,477
armas (1086)_jpg.rf.YW7cGRwrAk3oim8nb5hr.jpg,271,194,0,224,61,257,81
armas (1086)_jpg.rf.YW7cGRwrAk3oim8nb5hr.jpg,271,194,0,6,106,44,132
61c08ccdbbbdacee5_jpg.rf.YifWh640wrGMNaq0d2hT.jpg,1024,678,2,266,113,996,612
016c63881e4775781_jpg.rf.YmVl0KDq1nYsvHOudWmM.jpg,1024,683,2,0,162,850,682
1c599c9c4959e24b_jpg.rf.ZBu2VYChuXmclwjkQFW0.jpg,1024,768,0,137,82,1023,767
015f68b1a79dcb8f8_jpg.rf.rOfHC6Szhmk2Aajo3c0W.jpg,1024,765,2,155,552,901,764
armas (914)_jpg.rf.reUg6rvkqCelO0Wlt3Ki.jpg,262,192,0,80,34,101,54
a1ba5abb67153a75a_jpg.rf.qlnPpUUj3a0VJjruO7aq.jpg,1024,681,2,135,202,954,550
010000201_jpg.rf.rVnIEbVQTSBg0dO7x5rE.jpg,400,291,2,69,188,364,285
armas (959)_jpg.rf.sW1ZZLqD6titItEgMwAP.jpg,274,184,0,66,69,242,157
24ac575fd69efd44_jpg.rf.q5OoZTO2G04paDPLw6py.jpg,1024,1024,0,356,306,939,675
010001184_jpg.rf.ssgrcsMxAZmJ8tT0vV8X.jpg,600,337,2,139,119,391,320
armas (1323)_jpg.rf.sWzMYes8Xbm0vTPv536L.jpg,1000,747,0,72,78,912,704
armas (1890)_jpg.rf.s6T6DKNm99OxmogeEgrZ.jpg,480,605,0,119,141,337,383
c1ccd62bf62236a8b_jpg.rf.sLvcGcKzqfxVEnNKFbfo.jpg,1024,683,2,0,186,662,421
a844ec00ad8d71cd_jpg.rf.XwAnE4jfytetZACUE3y2.jpg,1024,680,0,106,140,876,555
113244267ae50fbec_jpg.rf.Y8hcgkJ5ZrdoEzh3DFDN.jpg,1024,683,2,347,148,602,263
armas (2374)_jpg.rf.YCcoU3rzbR2lXJPgDVKj.jpg,160,120,0,24,27,155,113
010001741_jpg.rf.XIVi3HYnR2Z2kJB63PjB.jpg,296,312,2,65,64,262,312
armas (1291)_jpg.rf.ac5CpWC77YvdxXbJY14l.jpg,500,375,0,102,175,118,188
0172dd9c51439ae62_jpg.rf.acmiwqlUrW0ZOpW8VJ80.jpg,1024,768,2,321,128,589,301
c60266f1afd900c2_jpg.rf.aiIDUsbMqifGgiipWn5R.jpg,1024,768,0,224,532,493,677
4111390b1eb950e20_jpg.rf.amftF060oMX0v2sibfKf.jpg,1024,1024,2,5,40,967,1022
armas (2872)_jpg.rf.arKNAWP07bd6GpjyoBiF.jpg,400,245,0,11,15,372,217
0125ae0153cba502f_jpg.rf.bfuvZc2kusvTR7ccUyBz.jpg,981,768,2,281,421,887,603
0157df27e3e04e1ed_jpg.rf.bjwnRObhhavBesCKzISK.jpg,1024,682,2,340,209,675,265
armas (460)_jpg.rf.boOtnJal4vdFK0ydYNah.jpg,680,1023,0,148,692,361,915
armas (1578)_jpg.rf.c4nbflUHWpxqIazI7y6N.jpg,455,500,0,164,276,268,346
armas (2355)_jpg.rf.045qBkKGFySGXyAXGHV6.jpg,160,120,0,7,4,156,117
armas (203)_jpg.rf.0FFHjTudkENkSR5dFl9K.jpg,615,405,0,31,14,582,330
armas (944)_jpg.rf.0YCV5kNGffMM8K7AqBAT.jpg,275,183,0,41,53,118,132
010000286_jpg.rf.Zk3s40L9ZB6K96q6gjoj.jpg,600,337,2,57,86,567,287
e2a994fb63ba553b_jpg.rf.ZyG240vYaJjcCFabJV28.jpg,1024,820,0,120,161,831,606
0122ba1ed8bb5807b_jpg.rf.ZpCfiaAh37bV5hJPTYy3.jpg,1024,684,2,460,128,920,672
armas (1910)_jpg.rf.a2yoTSbKN5ZxAtMvcQRf.jpg,635,431,0,257,176,333,310
armas (1885)_jpg.rf.ZEIRj9z0mwoeKmBXQJAT.jpg,500,334,0,190,35,408,285
a12224af979b8dd19_jpg.rf.y3HAJXkIQeqRxindUBip.jpg,1024,768,2,212,162,730,581
01116f14e452bb2c7_jpg.rf.0dMrAxUWQRwYQQ73nHul.jpg,681,1024,2,134,439,637,660
armas (2654)_jpg.rf.0dshkPXyPHuO9XR7OExS.jpg,160,120,0,11,7,155,113
armas (781)_jpg.rf.xeq7F8Uq7It91jyAinKM.jpg,300,180,0,16,7,282,168
f1b0cbb5d400479f9_jpg.rf.xl3GL5jvZvlgbgTWEKtd.jpg,671,1024,2,300,218,669,534
i1mage2_jpg.rf.xx171M5Uns3QOCJzssml.jpg,560,372,2,101,119,467,266
armas (1721)_jpg.rf.Koke5VwwbkZCsKYwvK1P.jpg,450,300,0,27,25,199,185
117ad182c08cd35c2_jpg.rf.KseB7epjz4etB6CYq7uD.jpg,1024,681,2,75,178,896,617
armas (530)_jpg.rf.L4DvGTJ6IuHkJk2fca8u.jpg,259,194,0,4,60,207,125
armas (2330)_jpg.rf.yLebaca5F8sv2g1LEnUk.jpg,160,120,0,2,2,154,116
0120ba49d6c5a1189_jpg.rf.xlgMawy1PmpvGaw2LDtC.jpg,1024,831,2,222,308,894,612
armas (1006)_jpg.rf.zIqnKN8lkW2Z8Gb3GYUZ.jpg,94,206,0,1,25,31,64
armas (364)_jpg.rf.xyO7hatEQLi0uN6n9zQ7.jpg,425,283,0,2,35,95,161
armas (2045)_jpg.rf.ykARZ2BxZmtegikoWZOi.jpg,500,333,0,152,40,398,254
armas (2942)_jpg.rf.ydjy6o08aiNxAfjVDhmQ.jpg,553,422,0,213,92,269,152
71e120035e60532ff_jpg.rf.IZWp5fhzjFodQRnaDR73.jpg,1024,678,2,331,341,433,393
armas (1054)_jpg.rf.IXDdTPSARMHIt6ZaNlAa.jpg,800,566,0,65,71,737,503
armas (2098)_jpg.rf.xotSrDsGQLK7fPT8Voi0.jpg,2000,1333,0,1045,288,1990,1131
armas (1475)_jpg.rf.zl7AUVaRZdImG4GskIbP.jpg,500,373,0,23,112,418,340
11519b2618048f525_jpg.rf.JbexxsaOwzCf9AQgZig4.jpg,1024,683,2,128,37,1024,600
armas (2093)_jpg.rf.It5GeXSN5c6IjWqgTVYu.jpg,344,540,0,19,169,127,368
010000454_jpg.rf.KDMj4ErEtRbFg2122NaR.jpg,600,267,2,39,43,563,196
armas (34)_jpg.rf.JqNFW5GBK4vDccoPj14t.jpg,1300,1064,0,255,341,547,538
312ee1f7223150807_jpg.rf.KK78ZiyyFL8L4JYO2RNq.jpg,1024,680,2,0,121,135,188
312ee1f7223150807_jpg.rf.KK78ZiyyFL8L4JYO2RNq.jpg,1024,680,2,226,191,802,387
81eda3be712a94381_jpg.rf.JBswlA8B9t4TammybcAU.jpg,1024,768,2,46,126,150,265
81eda3be712a94381_jpg.rf.JBswlA8B9t4TammybcAU.jpg,1024,768,2,203,163,427,233
81eda3be712a94381_jpg.rf.JBswlA8B9t4TammybcAU.jpg,1024,768,2,465,116,906,210
81eda3be712a94381_jpg.rf.JBswlA8B9t4TammybcAU.jpg,1024,768,2,656,190,861,445
04d1941693ead454_jpg.rf.IdBdrzBvRVOxhgj3U8Zu.jpg,1024,683,0,418,155,623,487
216cf5b8a43e0a06b_jpg.rf.z4JW8uev8F212lsmtf0M.jpg,1024,680,2,124,298,749,523
715a4d41b4e944f2e_jpg.rf.KT2O8GCXzL9K80CLVe1U.jpg,1024,665,2,257,344,992,592
armas (1650)_jpg.rf.LSuxXI5G5kKB0dRtN8fZ.jpg,500,375,0,26,51,449,355
29fa41f99d82779f_jpg.rf.LXtbnbQ6xpMNqbR3y9Bs.jpg,1024,768,0,207,435,633,612
armas (2246)_jpg.rf.LbOsJxFmNmxQwHxaaeyQ.jpg,160,120,0,1,2,158,112
armas (2819)_jpg.rf.M3GcQBr0OYvJxoC2FiEJ.jpg,896,920,0,113,375,756,625
010000315_jpg.rf.M3zvhx2G4IH3f9augcAj.jpg,600,339,2,31,62,582,269
0101a22be62f7ad5b_jpg.rf.M7z535FJqWwN8oV9p6Ot.jpg,1024,686,2,38,248,101,444
armas (385)_jpg.rf.MKQYv13U9RVfjjb3AF6G.jpg,1100,733,0,6,135,972,589
armas (2798)_jpg.rf.MdtyCEwZ724C83H1gtpU.jpg,700,572,0,469,124,625,366
armas (2635)_jpg.rf.Knx0MZZMqyC9cNOugc92.jpg,160,120,0,7,6,152,116
010001246_jpg.rf.LIbglB4RV30gfO2kvC2t.jpg,450,357,2,6,11,444,274
010000289_jpg.rf.L5lhnpeAUzb2fbxLJSBK.jpg,525,253,2,14,2,516,239
armas (2653)_jpg.rf.ISk9xTydwS9C17jnFOHT.jpg,160,120,0,2,5,155,115
armas (2448)_jpg.rf.GjI8WLcy6Y2TyWl6zXlm.jpg,160,120,0,2,5,156,113
010001295_jpg.rf.GrteNvsil1wGKXYZVZwL.jpg,320,320,2,1,36,320,121
010001295_jpg.rf.GrteNvsil1wGKXYZVZwL.jpg,320,320,2,1,154,320,263
armas (2242)_jpg.rf.H1E1JmV2uHcZ2TPLMA7l.jpg,160,120,0,4,8,157,111
21b6453a886284fde_jpg.rf.GkVfYjtMtSwoDTooTv03.jpg,1024,680,2,393,213,792,419
i1mage47_jpg.rf.GvC973tvdnbfLHJtBkGf.jpg,604,316,2,10,2,586,316
armas (1999)_jpg.rf.GkjAP6q8HZ7tYRR6J5V0.jpg,858,1280,0,386,449,490,553
armas (642)_jpg.rf.HQliEP7HSXPKjDhEd5qA.jpg,640,360,0,308,179,366,296
armas (2213)_jpg.rf.MLF73mTlmnjgJdFjxbos.jpg,160,120,0,4,4,156,117
armas (368)_jpg.rf.He4XyIYzO3RYuJzi4wpa.jpg,626,455,0,180,154,238,228
0977e7e687bafb92_jpg.rf.Hw8FYldstBC73jndCgPk.jpg,1024,682,0,748,390,1022,646
0977e7e687bafb92_jpg.rf.Hw8FYldstBC73jndCgPk.jpg,1024,682,0,772,387,1022,529
armas (248)_jpg.rf.IJFqPMFI9Dpzz2rV8SPo.jpg,590,350,0,40,199,161,305
71b95db748bf1db49_jpg.rf.ISDP5fGbCAPowPI329zl.jpg,1024,682,2,0,544,1023,681
71b95db748bf1db49_jpg.rf.ISDP5fGbCAPowPI329zl.jpg,1024,682,2,21,374,1023,490
71b95db748bf1db49_jpg.rf.ISDP5fGbCAPowPI329zl.jpg,1024,682,2,106,181,972,312
010000519_jpg.rf.I6qBAWDwD3OdaTyZapvy.jpg,420,316,2,268,7,335,280
010000519_jpg.rf.I6qBAWDwD3OdaTyZapvy.jpg,420,316,2,334,5,417,272
010000519_jpg.rf.I6qBAWDwD3OdaTyZapvy.jpg,420,316,2,180,5,260,279
010000519_jpg.rf.I6qBAWDwD3OdaTyZapvy.jpg,420,316,2,96,3,178,276
armas (1563)_jpg.rf.HBWChlXp9KNA0PoqwU6G.jpg,500,375,0,30,102,475,293
31697538502c01fc8_jpg.rf.IT7ctAMvAR97YKrEAP4X.jpg,683,1024,2,216,432,467,573
armas (584)_jpg.rf.I0FMyZor43tRJzrXc4VH.jpg,800,532,0,135,19,770,300
718759ef86fe03721_jpg.rf.8h7Jy2FHByVhSVTGlx7H.jpg,1024,543,2,23,57,1004,508
7132b41e3e3f7dcbd_jpg.rf.8hEcoit3gawNXNyrIuaT.jpg,685,1024,2,317,178,665,390
7132b41e3e3f7dcbd_jpg.rf.8hEcoit3gawNXNyrIuaT.jpg,685,1024,2,37,419,158,851
7132b41e3e3f7dcbd_jpg.rf.8hEcoit3gawNXNyrIuaT.jpg,685,1024,2,215,276,298,677
i1mage131_jpg.rf.87UuhMxjHnwpvkrKDycY.jpg,793,446,2,248,353,294,442
i1mage131_jpg.rf.87UuhMxjHnwpvkrKDycY.jpg,793,446,2,360,226,424,344
i1mage131_jpg.rf.87UuhMxjHnwpvkrKDycY.jpg,793,446,2,132,281,248,445
i1mage131_jpg.rf.87UuhMxjHnwpvkrKDycY.jpg,793,446,2,515,137,792,446
51328f2d73b766942_jpg.rf.7kcHRA3c8IPoKKfa0d97.jpg,1024,680,2,118,221,899,452
armas (2983)_jpg.rf.IeWRFscMB51NPU032EDq.jpg,461,357,0,17,33,445,339
armas (1195)_jpg.rf.IoFmRxdVDsXQ1aD3ASn7.jpg,500,320,0,18,19,484,300
armas (2933)_jpg.rf.IqBmaUtxg5OdMFSNqreE.jpg,1300,1031,0,407,103,1062,958
c1706432c25e23b28_jpg.rf.B2IODHY3U0QQNqNEB4wT.jpg,1024,796,2,523,520,1023,643
c726d838906b361d_jpg.rf.9EsK7cXpdCE41GymDrwH.jpg,1024,768,0,69,75,980,650
armas (661)_jpg.rf.BSC5ftF9M7KUKb2Xvw5c.jpg,560,335,0,184,87,242,139
armas (661)_jpg.rf.BSC5ftF9M7KUKb2Xvw5c.jpg,560,335,0,307,82,347,126
armas (2553)_jpg.rf.BFDm0kTEIPp4biCQmC5c.jpg,160,120,0,2,4,154,116
armas (2443)_jpg.rf.Bq12jzdJNn1eQAsA8fZa.jpg,160,120,0,4,1,78,115
armas (2443)_jpg.rf.Bq12jzdJNn1eQAsA8fZa.jpg,160,120,0,80,3,152,115
010000653_jpg.rf.C6leTLNVpS1w30X46Bgm.jpg,600,357,2,12,182,592,350
010000653_jpg.rf.C6leTLNVpS1w30X46Bgm.jpg,600,357,2,10,13,592,178
5121e939cd5aae05a_jpg.rf.AcVF3ayKGPyesCrH0Tl9.jpg,1024,683,2,38,323,1024,672
armas (2540)_jpg.rf.BSvQgDHzyv9NheotXxAh.jpg,160,120,0,3,3,156,116
41f5244447866761a_jpg.rf.CLKBMyzmu1qVgpFjPwQW.jpg,1024,680,2,456,155,951,392
7e0e552408cd28e5_jpg.rf.JbYmsQDmRMXXLXMqQyj2.jpg,1024,869,0,76,125,724,824
armas (857)_jpg.rf.IzWycqNakAeCc6EIvuEq.jpg,259,194,0,32,23,228,113
71db8bc3b77fe137_jpg.rf.JqCmPEWsdOWA67qde3M6.jpg,1024,768,0,157,362,778,735
71db8bc3b77fe137_jpg.rf.JqCmPEWsdOWA67qde3M6.jpg,1024,768,0,157,373,779,738
8130527a0aa799f29_jpg.rf.KLNBiWrdmh0nZgmYd6X5.jpg,1024,768,2,209,343,921,475
010001289_jpg.rf.KWWUSn8pENRy8cU9XjpR.jpg,600,800,2,121,1,453,737
31a8f64d23f08a90e_jpg.rf.KNqRUrK0v9HYo0bVUIbx.jpg,1024,682,2,40,9,1023,681
armas (2215)_jpg.rf.LWIqMM8AMV3pb6fbfRsj.jpg,160,120,0,3,4,159,115
armas (2740)_jpg.rf.KkrFjsxP31Va0KndcHT6.jpg,160,120,0,5,9,152,112
11bd4bae8ae384f19_jpg.rf.K8SoXzP5kJ73aT8NQCTw.jpg,1024,685,2,314,262,970,454
armas (1206)_jpg.rf.KI1eXknJFQyM92POAXxD.jpg,590,416,0,190,16,560,259
armas (1206)_jpg.rf.KI1eXknJFQyM92POAXxD.jpg,590,416,0,12,191,380,393
armas (1826)_jpg.rf.JckZk9vMmKbg0tLMhwSb.jpg,396,263,0,126,106,158,134
armas (1643)_jpg.rf.KtUwGLXSVL2PIFPYDzOD.jpg,500,375,0,96,69,446,332
armas (2600)_jpg.rf.J6YehqXo2Wv7PHD79N3c.jpg,160,120,0,2,1,154,116
f147235bef0886ac8_jpg.rf.lCB7RQ45SR04PBCfwrqv.jpg,1024,681,2,138,433,529,589
f147235bef0886ac8_jpg.rf.lCB7RQ45SR04PBCfwrqv.jpg,1024,681,2,419,508,551,552
f147235bef0886ac8_jpg.rf.lCB7RQ45SR04PBCfwrqv.jpg,1024,681,2,552,458,750,534
f147235bef0886ac8_jpg.rf.lCB7RQ45SR04PBCfwrqv.jpg,1024,681,2,600,460,805,516
f147235bef0886ac8_jpg.rf.lCB7RQ45SR04PBCfwrqv.jpg,1024,681,2,619,438,834,494
f147235bef0886ac8_jpg.rf.lCB7RQ45SR04PBCfwrqv.jpg,1024,681,2,663,418,818,479
f147235bef0886ac8_jpg.rf.lCB7RQ45SR04PBCfwrqv.jpg,1024,681,2,708,400,879,471
f147235bef0886ac8_jpg.rf.lCB7RQ45SR04PBCfwrqv.jpg,1024,681,2,817,407,937,453
f147235bef0886ac8_jpg.rf.lCB7RQ45SR04PBCfwrqv.jpg,1024,681,2,829,374,1015,434
041d87b6266faa8e_jpg.rf.lPTGuX2N0uXa4mVhVvqy.jpg,1024,683,0,667,230,843,371
6a0b3d4dc379efc0_jpg.rf.lnvOYNnn5Ghd3Qgnywf3.jpg,1024,683,0,99,79,1023,682
017d17066aa31021e_jpg.rf.H6B5B2QMZ6tyuJxhtkkw.jpg,1024,683,2,249,208,753,340
armas (1596)_jpg.rf.HJKL6Ln1aRn9D1TrzkuZ.jpg,500,357,0,130,67,374,218
armas (1596)_jpg.rf.HJKL6Ln1aRn9D1TrzkuZ.jpg,500,357,0,133,134,375,287
armas (1542)_jpg.rf.kVYh24Io9tGhieRHxu6q.jpg,500,333,0,54,142,354,288
armas (1542)_jpg.rf.kVYh24Io9tGhieRHxu6q.jpg,500,333,0,203,52,444,215
armas (680)_jpg.rf.KsUYxmBifTUX68qZnAq5.jpg,580,332,0,83,43,159,105
armas (680)_jpg.rf.KsUYxmBifTUX68qZnAq5.jpg,580,332,0,15,157,128,210
armas (1832)_jpg.rf.KuzkgfENoZAiFu3KbEFV.jpg,310,282,0,100,114,121,135
01cdfe048019a899c_jpg.rf.Kwya6v4aCzFZdA5p0N3A.jpg,1024,768,2,285,70,663,276
armas (261)_jpg.rf.lVP38LxOWwDuNJy5WJxg.jpg,625,360,0,257,146,344,208
a1a40d00f5d5ea3a6_jpg.rf.mKNCEq6pJfB5EAExUKg4.jpg,1024,680,2,244,260,854,462
armas (1744)_jpg.rf.kgvlDS55GiB7QAyr5TQR.jpg,450,300,0,82,17,317,190
d1b53b32c59fafba3_jpg.rf.m8jjFLAEOewBmvyHlF6J.jpg,1024,681,2,268,281,898,562
d1b53b32c59fafba3_jpg.rf.m8jjFLAEOewBmvyHlF6J.jpg,1024,681,2,0,186,58,251
d1b53b32c59fafba3_jpg.rf.m8jjFLAEOewBmvyHlF6J.jpg,1024,681,2,435,140,811,282
01995b72d25487ffe_jpg.rf.mHgG9O3N9XgW8LbkDnvo.jpg,768,1024,2,251,210,689,690
i1mage154_jpg.rf.m7nBQ8RaPz4S1XO3lNSq.jpg,400,225,2,108,104,399,225
armas (1695)_jpg.rf.mmr9iAlB0yzH6jeLM6d6.jpg,500,375,0,79,148,380,281
armas (66)_jpg.rf.nIAAbtuSsZrLd6mDoCV6.jpg,288,175,0,8,2,282,170
armas (1849)_jpg.rf.n9z3YhG2wlALl3dxIo9G.jpg,600,375,0,247,102,526,334
010000650_jpg.rf.maTPhtgPdpidmwRVPR0I.jpg,600,401,2,98,133,503,352
21a0cf2b378eba1dc_jpg.rf.m3xKci5LaG0ueRUfTBuR.jpg,1024,681,2,259,352,661,597
010000387_jpg.rf.nQZqsM9HqGRZf7ujrT8j.jpg,600,337,2,43,36,485,260
armas (2210)_jpg.rf.KqV7YfevLAyJTXbw76k4.jpg,160,120,0,5,2,156,110
01b98b8ebf94df2c0_jpg.rf.nR2Zg1fH8B5pSwYJgfP4.jpg,1024,749,2,76,178,995,747
armas (1445)_jpg.rf.nKMBDNYQC8h4PjdqHjPY.jpg,500,333,0,1,61,500,312
armas (414)_jpg.rf.MEe9M7OVKf4JcqTG7OLa.jpg,681,1023,0,134,197,334,592
armas (414)_jpg.rf.MEe9M7OVKf4JcqTG7OLa.jpg,681,1023,0,3,212,198,535
71cf3c8b1804e0142_jpg.rf.MISeKLAUfR8YVU72HeU7.jpg,626,1024,2,118,635,368,853
armas (952)_jpg.rf.MLIPBB0L02A7g3kACxIp.jpg,261,193,0,26,17,185,170
armas (2078)_jpg.rf.MX7XOcjxmvkuiGkEwzZ6.jpg,400,720,0,137,78,157,112
21ce036fe8c14aa73_jpg.rf.MlGNT9AWjZ80UutLaGPQ.jpg,1024,680,2,243,348,1023,475
21ce036fe8c14aa73_jpg.rf.MlGNT9AWjZ80UutLaGPQ.jpg,1024,680,2,784,315,1024,361
81c5f0618e56ad175_jpg.rf.lrNM45OuYweWtzwGDJr3.jpg,685,1024,2,54,135,408,738
armas (799)_jpg.rf.LNiBvrzuHnRuO29xw7FS.jpg,300,172,0,15,13,288,160
010000740_jpg.rf.LPAVjspoJNh1zV91F36f.jpg,514,392,2,43,62,465,330
a777fb97b76323b8_jpg.rf.LpycMTxJjbce3tm5rIJG.jpg,1024,858,0,121,194,921,699
41766e72559a92434_jpg.rf.LRmIM9sa6lUdoozy3RjY.jpg,1024,768,2,293,209,883,678
armas (2266)_jpg.rf.LrernAGzqpqKgxuqyG9m.jpg,160,120,0,7,5,157,115
armas (392)_jpg.rf.Dfb46sSfjiajuV0PjvGY.jpg,645,644,0,126,508,235,644
armas (2657)_jpg.rf.DhpfDGIWS3BHhbms7a8E.jpg,160,120,0,5,3,155,116
armas (1100)_jpg.rf.DihxU10JpWdibra79en4.jpg,600,426,0,12,8,588,394
31cdf339b1202350f_jpg.rf.DvoZOGmm5JC8XCpDoc24.jpg,1024,683,2,298,319,716,443
74a0a352a44cca78_jpg.rf.E4CVOkomC1Jxotab1ZW0.jpg,1024,575,0,55,51,983,428
189207aff552d468_jpg.rf.E791WO7iILr7tOMtJZll.jpg,1024,651,0,23,34,993,617
armas (1585)_jpg.rf.EFLnjmBG0L1K4CrjrNKM.jpg,500,333,0,60,166,100,227
armas (1585)_jpg.rf.EFLnjmBG0L1K4CrjrNKM.jpg,500,333,0,166,164,192,231
31c738899ce318620_jpg.rf.EQ4vse5z2jKgzWhAIuVa.jpg,1024,1024,2,4,317,951,658
ddfb26f1e3fe6b1f_jpg.rf.Ee1oVyFus0LRFIXONo03.jpg,1024,646,0,75,140,990,568
010000458_jpg.rf.MXHYzK6ignV7EDLEqzjX.jpg,600,337,2,42,91,530,217
9126d293a3b2a265c_jpg.rf.MArdhaA6eYnagf6zh2pc.jpg,1024,768,2,412,189,922,289
71121de39100ac159_jpg.rf.LpQxLQSfBIeWDYeoTIzI.jpg,1024,617,2,300,359,672,483
armas (497)_jpg.rf.MVlIxgWx4yiluVFqqmt5.jpg,218,232,0,17,28,189,179
armas (730)_jpg.rf.MwTiCw70m3ulS86syywB.jpg,800,683,0,526,430,687,554
010000429_jpg.rf.MoZdMLNb8XKcfCNzrCBT.jpg,600,324,2,41,43,539,286
armas (2107)_jpg.rf.N14y4MNXzzNAHiHmVfLK.jpg,400,300,0,3,2,397,297
e1ed7db7a65bce1fe_jpg.rf.MyiHdcCz8m7F3RM6ndYm.jpg,1024,731,2,264,384,679,716
e1ed7db7a65bce1fe_jpg.rf.MyiHdcCz8m7F3RM6ndYm.jpg,1024,731,2,601,96,807,358
armas (2500)_jpg.rf.N1mZFlsx42rFdQuK0H8G.jpg,160,120,0,4,2,158,116
armas (2037)_jpg.rf.DZPIwsTiiPv9PICwqf7o.jpg,1300,1066,0,570,110,1157,979
01060a7504ae9bbf6_jpg.rf.DCToderjRHgg8XctGtqv.jpg,1024,768,2,88,275,309,359
01060a7504ae9bbf6_jpg.rf.DCToderjRHgg8XctGtqv.jpg,1024,768,2,101,158,289,225
01060a7504ae9bbf6_jpg.rf.DCToderjRHgg8XctGtqv.jpg,1024,768,2,688,402,961,451
01060a7504ae9bbf6_jpg.rf.DCToderjRHgg8XctGtqv.jpg,1024,768,2,708,285,978,352
01060a7504ae9bbf6_jpg.rf.DCToderjRHgg8XctGtqv.jpg,1024,768,2,742,171,968,225
81cb255b38f5a2ba5_jpg.rf.Cx8s6av4wVaYfdS0KL4O.jpg,1024,678,2,569,283,763,668
armas (613)_jpg.rf.Czrp7pIvvW0QPB1A3uq3.jpg,3462,2510,0,792,420,2007,1797
017777b3ccd457a4b_jpg.rf.DDxRvm1im2GgvzjLJZKj.jpg,1024,312,2,46,67,985,197
armas (1719)_jpg.rf.EmvzT5yixdNuF5DJWzSD.jpg,500,375,0,17,38,494,344
armas (379)_jpg.rf.EoWBWzdhgfd2MIpGq2Jl.jpg,600,480,0,60,143,178,295
armas (1828)_jpg.rf.Eqfbscrakxbw3m91N3rR.jpg,750,563,0,38,32,703,466
21edd5f099ca21ec5_jpg.rf.EvE8FAj2DakB5seLZU4D.jpg,1024,681,2,139,151,912,484
armas (1925)_jpg.rf.Ewb1qCVgxvRsej50NOvB.jpg,400,211,0,3,3,383,203
armas (1278)_jpg.rf.3XEw5JQyC0RZaoQSw0Z1.jpg,500,333,0,22,43,284,175
010001344_jpg.rf.4H9I2rqSSqn6QFWbEMGt.jpg,277,369,2,165,36,261,342
010001344_jpg.rf.4H9I2rqSSqn6QFWbEMGt.jpg,277,369,2,61,10,161,340
21aaa49a4978ed9b1_jpg.rf.4wukCPxwNw8tB3EfOC2C.jpg,1024,683,2,314,224,998,436
010001080_jpg.rf.4yNXMbQu0rk9vRPxblyP.jpg,600,223,2,3,52,590,216
f17188b672bc83c64_jpg.rf.5Pe0eRp15eSOUdyK09Pl.jpg,682,1024,2,70,459,272,586
armas (511)_jpg.rf.5QOGe1Bm7YUHiOoLaYPI.jpg,263,192,0,49,27,118,148
armas (1047)_jpg.rf.5kxxnubNnK049e0Wubbe.jpg,275,183,0,67,12,230,88
armas (1699)_jpg.rf.6Lhm6pSnh4246m33kJXX.jpg,333,500,0,134,328,197,431
0163e222536989bc2_jpg.rf.6nHLLpdY31YDEEoRqP5h.jpg,1024,682,2,349,357,630,681
armas (2544)_jpg.rf.716bXO0HfPK18tSpCBtU.jpg,160,120,0,3,2,156,116
armas (2620)_jpg.rf.7yVsfiFb5CtHrlihIddK.jpg,160,120,0,2,1,157,115
armas (1457)_jpg.rf.88rPivyi32mcuY08PwES.jpg,500,347,0,88,197,180,271
armas (2247)_jpg.rf.8Okn2QrB7YRjokJSooKP.jpg,160,120,0,3,1,155,116
11a15e257ec92db7a_jpg.rf.Ei5wJDR86181PyTX8lVT.jpg,1024,479,2,46,110,916,440
armas (1361)_jpg.rf.Eg9hbk7sq19Vz2iScz9x.jpg,500,375,0,280,83,429,271
armas (1361)_jpg.rf.Eg9hbk7sq19Vz2iScz9x.jpg,500,375,0,73,84,317,200
armas (673)_jpg.rf.8ll4FEy076Ck3NYurdDc.jpg,640,446,0,279,123,549,270
1186a91351f7562d3_jpg.rf.7rFS1D9SgJT8MiPp0ruB.jpg,1024,683,2,0,298,600,579
710c55c71bbbb6679_jpg.rf.9BEL79sIdJiuq0F0aXPP.jpg,1024,1024,2,69,502,1024,693
armas (2568)_jpg.rf.BrgPgdSeYTd71Aonbjwp.jpg,160,120,0,2,5,151,119
dab67c29f5d4dce4_jpg.rf.YCwsHSZRAkyMOrLFAGet.jpg,1024,585,0,20,22,1013,516
0113a550eac4f838d_jpg.rf.8Gzca30jZRJWnGJ2LCIo.jpg,1024,560,2,770,50,801,186
0113a550eac4f838d_jpg.rf.8Gzca30jZRJWnGJ2LCIo.jpg,1024,560,2,842,98,878,375
9f9e92f5f37346f2_jpg.rf.XyNv24mOdDHeI6g6afpA.jpg,1024,575,0,51,0,1023,574
armas (168)_jpg.rf.Y7gk9qaFU4FyMWSQJZoH.jpg,568,345,0,184,9,380,181
010000715_jpg.rf.Y3FV6EaW9Qnn7IwIYPsm.jpg,600,600,2,1,48,598,575
21aee37802fc66f76_jpg.rf.Xu8qGzdo3KxEjxIyDdGL.jpg,682,1024,2,14,379,435,513
c1ac0aaee931261eb_jpg.rf.YLW0HQoX0LwAqGncdKRa.jpg,1024,614,2,173,283,921,613
c1ac0aaee931261eb_jpg.rf.YLW0HQoX0LwAqGncdKRa.jpg,1024,614,2,391,113,820,290
c1ac0aaee931261eb_jpg.rf.YLW0HQoX0LwAqGncdKRa.jpg,1024,614,2,562,57,1020,261
613681c1b72c08be0_jpg.rf.9loCwZKlE6umhaAOGsMp.jpg,1024,768,2,178,414,493,601
11f2d58c56a6f77a0_jpg.rf.B9g1M70yK944WZyMwi3M.jpg,1024,683,2,191,340,831,515
010000303_jpg.rf.YpW9L7utcE64H8MMyIuD.jpg,600,583,2,18,16,570,173
010000303_jpg.rf.YpW9L7utcE64H8MMyIuD.jpg,600,583,2,27,428,562,578
armas (736)_jpg.rf.YDxdtS1QsRF9ODSOMjAc.jpg,283,424,0,60,141,184,370
be22e8f212eb9fa5_jpg.rf.YNg8p3jNbthijPVTz0sD.jpg,1024,1024,0,0,202,1022,833
armas (2821)_jpg.rf.YadmpDH5TfYDCVIuuGu7.jpg,960,540,0,560,153,631,300
d1103e278adafd535_jpg.rf.YXogXJ22ZrwJfzWwkSOH.jpg,1024,678,2,255,347,651,678
armas (2201)_jpg.rf.YzV7ZrO34HHkpEDtUhMK.jpg,160,120,0,2,1,157,108
f17d3dd7d2d468dc6_jpg.rf.YtgOl8kbTeEK7fa1pbbi.jpg,681,1024,2,122,366,489,457
f17d3dd7d2d468dc6_jpg.rf.YtgOl8kbTeEK7fa1pbbi.jpg,681,1024,2,375,462,420,559
f17d3dd7d2d468dc6_jpg.rf.YtgOl8kbTeEK7fa1pbbi.jpg,681,1024,2,407,303,483,368
f17d3dd7d2d468dc6_jpg.rf.YtgOl8kbTeEK7fa1pbbi.jpg,681,1024,2,490,382,546,572
armas (1388)_jpg.rf.Z6YIxgjnWMDo1l6P58Y1.jpg,500,332,0,331,120,460,192
015a1795e83200966_jpg.rf.YcWBra5e4ErrQYD6Odzg.jpg,1024,680,2,274,250,488,676
011f5f240dbc056f9_jpg.rf.AxNG7aNLQKXxYANCIU4D.jpg,683,1024,2,87,557,247,814
011f5f240dbc056f9_jpg.rf.AxNG7aNLQKXxYANCIU4D.jpg,683,1024,2,439,578,656,705
armas (22)_jpg.rf.YXwuaZ9HZPrNduH5GYEI.jpg,127,168,0,38,68,56,105
d19e17b3416ddc448_jpg.rf.ZNsuHMBiBcRtZo9loV7S.jpg,1024,684,2,159,265,1023,682
armas (2733)_jpg.rf.PMR2zcwHVXtTPltm77pE.jpg,160,120,0,4,3,157,115
armas (1812)_jpg.rf.ZHaokiESp7Lk9Uuonizn.jpg,640,361,0,8,16,629,338
018c33dc01dce3239_jpg.rf.YXtzjKciYqA6qJZ7uJjy.jpg,1024,768,2,1,0,980,766
21ce329395fa7c1da_jpg.rf.ZBeQoMCN7iOVJmphUWAT.jpg,1024,688,2,361,323,737,522
21ce329395fa7c1da_jpg.rf.ZBeQoMCN7iOVJmphUWAT.jpg,1024,688,2,125,449,279,580
21ce329395fa7c1da_jpg.rf.ZBeQoMCN7iOVJmphUWAT.jpg,1024,688,2,137,285,221,445
21ce329395fa7c1da_jpg.rf.ZBeQoMCN7iOVJmphUWAT.jpg,1024,688,2,444,289,531,315
21ce329395fa7c1da_jpg.rf.ZBeQoMCN7iOVJmphUWAT.jpg,1024,688,2,781,215,880,268
215c6d891cbad4fe5_jpg.rf.Z4Z62uaMJd943LZrMSCC.jpg,1024,661,2,805,249,994,458
71269590e4161b34b_jpg.rf.ZNoYUCMSdW2MSlR9fuEv.jpg,1024,683,2,110,279,885,570
i1mage166_jpg.rf.PQlcMI37i2oB0IaX0QJe.jpg,662,414,2,360,180,478,226
i1mage166_jpg.rf.PQlcMI37i2oB0IaX0QJe.jpg,662,414,2,299,136,327,192
i1mage166_jpg.rf.PQlcMI37i2oB0IaX0QJe.jpg,662,414,2,319,232,422,315
i1mage166_jpg.rf.PQlcMI37i2oB0IaX0QJe.jpg,662,414,2,159,173,301,239
i1mage166_jpg.rf.PQlcMI37i2oB0IaX0QJe.jpg,662,414,2,432,155,643,203
i1mage166_jpg.rf.PQlcMI37i2oB0IaX0QJe.jpg,662,414,2,167,263,309,339
i1mage166_jpg.rf.PQlcMI37i2oB0IaX0QJe.jpg,662,414,2,51,166,140,267
armas (492)_jpg.rf.PV8FCx2CJjTUxOoPxKg7.jpg,275,183,0,23,35,262,164
armas (2480)_jpg.rf.PPUGpONh3yaUKiQjkOPL.jpg,160,120,0,2,3,158,119
armas (1616)_jpg.rf.QBb2BZtwWcBLy159Xusx.jpg,500,375,0,50,70,373,348
f6de76e44a5836e8_jpg.rf.R5mUP8eLXiNtaCuLaNiy.jpg,779,1024,0,510,161,560,222
armas (1010)_jpg.rf.QiAMqK1AgEUn92L76xFO.jpg,195,258,0,56,22,117,86
54caac49ac05213d_jpg.rf.RMAxezaWkSn4Z0FOtY1p.jpg,1024,543,0,28,29,994,514
armas (1439)_jpg.rf.YmeLuSU9IzJhLwRlj76A.jpg,500,285,0,156,17,238,67
armas (1439)_jpg.rf.YmeLuSU9IzJhLwRlj76A.jpg,500,285,0,301,12,367,62
i1mage8_jpg.rf.QADHkO6dK7UspJ8NApII.jpg,567,341,2,16,88,559,293
fc2365fe65173ca8_jpg.rf.S8qUQD7rqPygLzeTiAnE.jpg,1024,768,0,18,101,1023,750
i1mage68_jpg.rf.SPyEQyiL9B4Z9O6n4NPb.jpg,660,390,2,30,200,60,267
i1mage68_jpg.rf.SPyEQyiL9B4Z9O6n4NPb.jpg,660,390,2,559,196,660,390
armas (888)_jpg.rf.SO57C9ZUgPvi3NKWCtES.jpg,286,176,0,52,3,175,144
396e9db834ebc06a_jpg.rf.PnnyVNoNoposAj1CuUuy.jpg,1024,768,0,122,425,498,762
2174903be76b65002_jpg.rf.RZqsVs6hS7kJIeUalRe3.jpg,1024,678,2,0,12,1023,677
armas (260)_jpg.rf.SJFAL67TcMkTkQNLfeEL.jpg,634,286,0,63,143,168,179
armas (260)_jpg.rf.SJFAL67TcMkTkQNLfeEL.jpg,634,286,0,236,130,317,192
armas (260)_jpg.rf.SJFAL67TcMkTkQNLfeEL.jpg,634,286,0,501,139,539,286
armas (1523)_jpg.rf.SZwqoGK4S6j1u6xfBioH.jpg,500,333,0,12,141,231,286
armas (1523)_jpg.rf.SZwqoGK4S6j1u6xfBioH.jpg,500,333,0,134,29,272,234
armas (1523)_jpg.rf.SZwqoGK4S6j1u6xfBioH.jpg,500,333,0,254,155,488,299
armas (1073)_jpg.rf.RyOqP7WbQsrsPPgN9eyZ.jpg,661,496,0,386,52,594,248
i1mage46_jpg.rf.WQsAeccaiXYUtCLOCd6T.jpg,720,400,2,258,161,284,278
i1mage46_jpg.rf.WQsAeccaiXYUtCLOCd6T.jpg,720,400,2,300,213,337,362
i1mage46_jpg.rf.WQsAeccaiXYUtCLOCd6T.jpg,720,400,2,409,143,682,365
armas (948)_jpg.rf.WQMegJrXX4PvIeTVQYf6.jpg,252,200,0,32,31,192,133
armas (2589)_jpg.rf.WRqbXoxsUAv5Cxnrh5bB.jpg,160,120,0,21,3,139,108
e17de966623f292a1_jpg.rf.3rtlNO33RXCRXoCsMluH.jpg,1024,612,2,223,163,719,373
e11b30ffa9cf66a20_jpg.rf.RQWnLFXKq3altamMUJVt.jpg,1024,766,2,214,331,817,422
armas (318)_jpg.rf.RfwzwKU5uddIuPB9GFi6.jpg,134,178,0,86,34,104,83
armas (841)_jpg.rf.YFDxBF5Cvvw53WIuDPYa.jpg,275,183,0,95,48,208,132
01a4c99f829c4ef19_jpg.rf.TYUkLTkdeck5pb1pSv2H.jpg,691,1024,2,239,654,411,1010
0917b43e798cbd64_jpg.rf.36K3htx0AG1oBO3Yi3y4.jpg,1024,768,0,0,56,1022,644
armas (1091)_jpg.rf.2qoDcr5n8bxkAwYGsolV.jpg,1000,752,0,70,32,892,711
armas (739)_jpg.rf.3ARXSNHhxI6plwcZj3uC.jpg,745,497,0,338,209,392,259
armas (2520)_jpg.rf.ySh2B61nMggxpHF7muYf.jpg,160,120,0,3,4,155,113
4151f181933efba07_jpg.rf.3BRMKTEw1WKVgL6WIvsz.jpg,1024,346,2,0,42,1015,328
016f96522808c092_jpg.rf.02buAGOFvIKMLT741Cbz.jpg,1024,768,0,135,23,1023,597
armas (147)_jpg.rf.2rLGd9oyLgzC30j0n1cG.jpg,158,235,0,22,94,102,207
5113d5d525a895ee1_jpg.rf.2vbdFV6aTQbJ9nzcF3tN.jpg,1024,681,2,514,406,860,584
714ea2d8b88b7556a_jpg.rf.2sTCH4ocus7HSCEAToym.jpg,1024,768,2,46,175,1024,512
armas (517)_jpg.rf.yl9FNcj6W2xAPejDsz3O.jpg,275,183,0,36,29,229,171
armas (2910)_jpg.rf.ymJAbt7fUBLNp9jUspVB.jpg,168,112,0,5,41,57,74
armas (2999)_jpg.rf.2hSv5MW9FprlhsUIEGLT.jpg,700,407,0,1,15,683,399
8f57217c6d1a58fa_jpg.rf.3BWQkz5OCbpPj8sHdVDd.jpg,1024,724,0,197,253,512,453
f1cffebc948df0753_jpg.rf.zi3hFGQmk8e9vNDWx5DS.jpg,1024,768,2,123,154,965,653
d17c4668f5a8dc3be_jpg.rf.ybhQ7yXqu8NJUYghoHBt.jpg,1024,683,2,161,173,771,280
armas (1341)_jpg.rf.ypjohxCR3QJTiT6CwYI8.jpg,800,575,0,392,90,774,347
armas (1341)_jpg.rf.ypjohxCR3QJTiT6CwYI8.jpg,800,575,0,188,273,569,527
armas (963)_jpg.rf.yI4QVYzd0TC3rld3yH4T.jpg,272,185,0,99,38,238,107
armas (1969)_jpg.rf.ycbKg6X8QIZseMinviDC.jpg,2048,1152,0,265,140,1743,946
21d8e0107da8d2383_jpg.rf.yysDdYZoNnVtPc49mCXK.jpg,1024,680,2,31,305,826,574
911f8e6541a98e097_jpg.rf.zZbq6J2uEvtw11avlVS0.jpg,1024,1024,2,0,33,1024,679
0118d4a117c1d7e16_jpg.rf.ymM6dPZSYVeE1UfblUlN.jpg,1024,682,2,198,24,978,410
armas (2192)_jpg.rf.yxusH5lgXbNJmBuxrFnf.jpg,160,120,0,2,1,156,116
armas (1916)_jpg.rf.zo4R8QPD5kGXmXEbeMDG.jpg,450,338,0,37,14,449,203
armas (1916)_jpg.rf.zo4R8QPD5kGXmXEbeMDG.jpg,450,338,0,115,204,217,285
9111a3f9d45b56624_jpg.rf.zpwjirWotMysbF6GzGCE.jpg,1024,683,2,30,327,929,645
b18438211418e38fa_jpg.rf.wMceiu3CGVXE92EPeGYE.jpg,1024,683,2,211,383,1024,683
armas (974)_jpg.rf.zz8TVws7khTfLLqJnJqc.jpg,266,189,0,141,2,166,59
21965dabc9de4a459_jpg.rf.wRqwbyeyj3xWoeCjrzb0.jpg,1024,685,2,37,411,675,646
21965dabc9de4a459_jpg.rf.wRqwbyeyj3xWoeCjrzb0.jpg,1024,685,2,54,204,373,329
e16d1da8ca1f6de39_jpg.rf.wep1D4TxnK36QAhc4cUu.jpg,914,1024,2,0,693,907,1024
010001120_jpg.rf.wVVr2cvA7Pgw7g5GVPdA.jpg,600,450,2,52,67,600,239
01c595e04b77f3031_jpg.rf.zt2XgdrCnQiUmuJuMllT.jpg,1024,768,2,283,335,870,451
armas (2956)_jpg.rf.zF3dnUDmqCLb4n4hwDv3.jpg,824,589,0,41,17,585,577
21bcf0508b3f98336_jpg.rf.wkb5zW59hvNsiGpEYRRy.jpg,1024,683,2,0,53,629,475
armas (420)_jpg.rf.wpaLhXEGTbyn0kir7HYw.jpg,1024,678,0,433,210,648,371
2148fdffb6367d9f2_jpg.rf.woxUivReB2SkSd0VrBD4.jpg,1024,683,2,146,326,542,466
21918ff286008d8fe_jpg.rf.wSzEFfQjUOqz1Ar0Nh82.jpg,1024,709,2,77,161,1002,670
010141962b7815d54_jpg.rf.x4sXEUJkAHztjUdVoiN8.jpg,1024,681,2,540,269,752,434
armas (754)_jpg.rf.xHa1dgk25c6pO0TLoOiO.jpg,300,162,0,10,15,292,149
armas (1018)_jpg.rf.xAtljIWeHoby5QGTTVKS.jpg,259,194,0,78,72,111,96
713c37c8d640af374_jpg.rf.xO0zCsY2Xp243YBJgp6F.jpg,1024,434,2,31,46,748,385
armas (1769)_jpg.rf.rrS8WMh4UHuYbb208ecj.jpg,400,268,0,2,2,400,229
armas (2665)_jpg.rf.s1i95EuzbKcNKgRmKff5.jpg,160,120,0,4,2,157,116
armas (543)_jpg.rf.xivTbLfQdxgo9ACySwBn.jpg,188,268,0,130,131,176,167
01b261b614f40b559_jpg.rf.zSx7adPOsKdkw8Kn97It.jpg,1024,685,2,160,173,727,385
armas (2311)_jpg.rf.xCjAFZpqUy3x6Y24bgZa.jpg,160,120,0,3,3,158,118
i1mage101_jpg.rf.xdOvQuGC5aS1jo0Rajde.jpg,480,360,2,57,150,376,234
1147f4efdae8072c2_jpg.rf.x3kqX2GSHLT6DcQnFjkJ.jpg,1024,668,2,0,19,1023,667
armas (179)_jpg.rf.xHOEdUWuSyaEkdSbXChA.jpg,980,552,0,176,1,863,462
armas (1656)_jpg.rf.y7IfIHDROtiKaKfqvuX9.jpg,200,151,0,6,5,200,148
5128fcc3f588361ee_jpg.rf.y83wbkHL1vsx94RyctYG.jpg,1024,680,2,270,173,1024,409
a127c0b2aaef65930_jpg.rf.xfzBquL7vzLtfTcLkk3f.jpg,1024,685,2,36,156,593,504
11404b8e5f432a142_jpg.rf.rh8LmrFesLxSHUJ5nQDw.jpg,1024,462,2,200,187,989,340
11404b8e5f432a142_jpg.rf.rh8LmrFesLxSHUJ5nQDw.jpg,1024,462,2,533,116,1023,211
11404b8e5f432a142_jpg.rf.rh8LmrFesLxSHUJ5nQDw.jpg,1024,462,2,656,73,892,122
armas (1581)_jpg.rf.xUe5mhA5ggqI51eJJndS.jpg,333,500,0,10,53,295,208
armas (915)_jpg.rf.xX7jq7YdEaTxjZYJdSeX.jpg,273,185,0,109,75,141,134
010001083_jpg.rf.s940pkCui823XJ3W3g7X.jpg,600,337,2,123,171,516,324
81a4cca10115cdf2d_jpg.rf.y8Z4c4C6ViKPC4CjTTJE.jpg,1024,673,2,144,336,564,546
armas (1102)_jpg.rf.rjn0r5Bm2EofHyEzrKDn.jpg,1400,856,0,171,84,1315,460
armas (2365)_jpg.rf.s4XSylMBQxg1kNg0jL1N.jpg,160,120,0,2,3,155,88
armas (287)_jpg.rf.saR3Y3g0kYEEdCGXo7nP.jpg,450,472,0,119,106,410,348
418ff2ba5de124d96_jpg.rf.sRReTphkUKYVD3OAIFjs.jpg,1024,646,2,34,153,963,509
010000219_jpg.rf.t4I7a64bUoQRtbMwZo3L.jpg,500,333,2,10,57,495,289
51778bcf5a70f554f_jpg.rf.tHCzrtpV6VurAZxfaXxR.jpg,1024,553,2,78,162,942,475
61f3d6cb64730a33d_jpg.rf.ss0FusBU5ZH0Gnz9bVko.jpg,679,1024,2,298,717,492,824
51efd5d13037aef69_jpg.rf.ta98f7LdiDFD25dqjQ0d.jpg,1024,688,2,427,125,600,265
51efd5d13037aef69_jpg.rf.ta98f7LdiDFD25dqjQ0d.jpg,1024,688,2,59,514,240,572
51efd5d13037aef69_jpg.rf.ta98f7LdiDFD25dqjQ0d.jpg,1024,688,2,369,299,515,555
c1d37eedc40a2d874_jpg.rf.t1fh0Xa7irmzKkpH28bI.jpg,1024,768,2,262,289,1024,555
armas (1535)_jpg.rf.tbai2r3CdBtEPNLU4LqB.jpg,500,333,0,185,161,247,199
116d07bd3f2ad2840_jpg.rf.t7XlgDv6XYdjGiGTuWaO.jpg,680,1024,2,256,275,372,359
617084d70e4dd15f3_jpg.rf.tiGhDEspD6MnAv6Xahfm.jpg,1024,614,2,219,225,500,560
617084d70e4dd15f3_jpg.rf.tiGhDEspD6MnAv6Xahfm.jpg,1024,614,2,585,353,670,387
617084d70e4dd15f3_jpg.rf.tiGhDEspD6MnAv6Xahfm.jpg,1024,614,2,697,409,1023,576
01cbe70d298dc8cc0_jpg.rf.snbBTD2R3xIY1ST7GkIr.jpg,745,1024,2,0,200,744,1016
416b4bdac9ce2ffa0_jpg.rf.u7iUnL16m9Mz7rtMFOwm.jpg,1024,718,2,100,120,494,470
01194823bc961ca7f_jpg.rf.u1EsDpA8oq5pYTqkVK64.jpg,1024,680,2,645,577,1023,679
2127784fab928b68d_jpg.rf.AwyT0N86LgMrdMOcf8IA.jpg,1024,301,2,65,82,965,209
311468240d2e07e9c_jpg.rf.u4xoAfshkfYBMoCxlFWB.jpg,1024,576,2,281,168,1023,435
01f5eec3235d8a3df_jpg.rf.CMDlz6pmDEYPYeo7vRVz.jpg,1024,589,2,8,6,1000,510
armas (430)_jpg.rf.tW8qfGwfwMagGxvzgU9z.jpg,574,1023,0,360,385,574,551
armas (1141)_jpg.rf.t8EZgBEY8SfCdp4ZMurQ.jpg,2000,1325,0,487,512,696,718
armas (793)_jpg.rf.Cf8eNSMie3OfgkCFJ5gh.jpg,300,263,0,3,62,300,179
armas (2556)_jpg.rf.BNwE3BdS2zltHwC6bbDN.jpg,160,120,0,4,1,158,119
018301e4b31f8b73b_jpg.rf.tSCngtwjZ33SDUalSB9H.jpg,1024,865,2,18,297,1001,833
armas (2168)_jpg.rf.sVVMI1qfjYEYO6hKRXna.jpg,160,120,0,3,2,154,116
armas (2097)_jpg.rf.BcTLw6mFy8tezU2gk4sB.jpg,2000,1333,0,98,223,1017,999
armas (70)_jpg.rf.D4fZwkrxn9ps4Sb5Fba8.jpg,168,113,0,101,35,124,55
9173ce15a487e907f_jpg.rf.DShvF0yfeKLPiQPsGMsD.jpg,1024,681,2,55,301,793,463
f12167915bf2ffaaa_jpg.rf.Chune2Trarh2xIjQYB24.jpg,1024,683,2,196,128,490,262
armas (20)_jpg.rf.DzUK6WnSNnIFgm8anulj.jpg,1300,877,0,754,338,1069,598
613eb64ba619280dd_jpg.rf.ENzy7b5gAK52TiAGRNKg.jpg,1024,683,2,110,158,582,325
613eb64ba619280dd_jpg.rf.ENzy7b5gAK52TiAGRNKg.jpg,1024,683,2,293,487,395,683
armas (1411)_jpg.rf.EJzf7oWvXXVcSDMnnWTS.jpg,500,375,0,179,125,221,189
armas (833)_jpg.rf.fMv9KNrP6oDQQHUWehiA.jpg,300,151,0,13,16,291,132
b15c4e55f20ee95be_jpg.rf.B8Q1zpTM2YxFJDT2j4hi.jpg,683,1024,2,6,345,512,690
b19c97485d6cfe54a_jpg.rf.fAheDQSFWdX5DrO7gDQs.jpg,1024,679,2,0,149,1021,676
armas (477)_jpg.rf.g1uwohKz598VE98R4n4h.jpg,1023,683,0,121,1,1021,439
armas (1767)_jpg.rf.fPMDsITIASIyX8rKI4lv.jpg,500,389,0,32,10,459,344
21ed98fe7698cf127_jpg.rf.fqTPXQDUuvNQMoeAuarH.jpg,1024,764,2,163,302,594,541
armas (432)_jpg.rf.fRbhIV2T8WiXOi2EPiZP.jpg,682,1023,0,493,415,573,612
armas (2339)_jpg.rf.u8zVK7Jq7NDxYcCPpZww.jpg,160,120,0,3,1,155,116
armas (2013)_jpg.rf.fgOEdn5egIMMrzSexBRA.jpg,978,259,0,262,14,682,223
f196269dcce54ad5c_jpg.rf.fN8OiAeP05n5M661CgCU.jpg,717,1024,2,158,479,542,747
f1f350fa5ca28405d_jpg.rf.ETmIWY7M7tZ62amMM0nm.jpg,704,1024,2,290,204,553,550
0105271fd61c99a0b_jpg.rf.gMlvVxzNft1Aovm5RYRC.jpg,1024,683,2,92,113,458,392
010001029_jpg.rf.gRrQKtxlMvCbPhra465g.jpg,600,400,2,40,114,564,264
i1mage143_jpg.rf.g6YC9lY4Q28NV367A7JP.jpg,589,465,2,130,121,544,249
armas (336)_jpg.rf.gYGq4DtpBRE1wADd8tv6.jpg,450,318,0,260,13,306,192
armas (48)_jpg.rf.gAt6mvNRnNGaNGBOaMWE.jpg,450,328,0,158,21,391,189
armas (1149)_jpg.rf.HYWA24sPzZZese1TvHkL.jpg,650,400,0,27,25,628,361
21d63efb96ffab516_jpg.rf.C1U3mTAG5q1YzENnMIy7.jpg,680,1024,2,226,455,328,765
armas (950)_jpg.rf.gkEm6BZS1qRpiRMiHVwm.jpg,242,208,0,77,25,197,177
armas (932)_jpg.rf.gMQQhA1lJgSX7foUKneq.jpg,185,272,0,108,48,138,79
armas (2431)_jpg.rf.E4mIo5UGOdBzkexUTJ0L.jpg,160,120,0,2,1,158,116
armas (668)_jpg.rf.gaVIgjhxXr5B3ZG5LnPZ.jpg,710,532,0,84,132,473,408
armas (2629)_jpg.rf.EO39DG1KG3pRyF8Cf08G.jpg,160,120,0,4,3,157,118
armas (1447)_jpg.rf.gVgZIbbq05ZHNh9w7pPv.jpg,500,333,0,57,121,396,259
armas (1882)_jpg.rf.EK6n7Zu2aPF7Ijutq7KP.jpg,2212,3318,0,777,985,903,1374
010000389_jpg.rf.DbA7tLrosxZNBpO3t3UJ.jpg,600,799,2,65,18,555,752
armas (2743)_jpg.rf.gu5Yl2TJJb2aacvZlHqc.jpg,160,120,0,8,11,151,111
armas (816)_jpg.rf.HYMi3054RPuoli9WxCc1.jpg,300,159,0,4,9,292,154
b186aad36e3428507_jpg.rf.gp9epw9g1kd43wMWhQGQ.jpg,1024,683,2,229,287,566,557
010001027_jpg.rf.I7Pq9aqEAiVQzqEz7uHp.jpg,600,448,2,58,40,600,221
armas (2006)_jpg.rf.HUqPNO7zEZdkFl0irgVo.jpg,800,619,0,25,15,764,511
304cc9d32af1afcf_jpg.rf.HoZuCAgLv3eVscDyXjF4.jpg,789,1024,0,41,475,724,933
armas (1685)_jpg.rf.ICDZfUlpkg2GlyK2kyhb.jpg,480,360,0,290,171,346,215
armas (2840)_jpg.rf.I8WNJxVivriOvUnnihpC.jpg,1280,720,0,108,35,1184,508
armas (1071)_jpg.rf.HZkwCfcO4SowN5gWjflr.jpg,640,360,0,269,72,566,271
armas (2883)_jpg.rf.gwy8ts5m9X8YJGp07AWf.jpg,400,400,0,37,21,165,206
armas (2260)_jpg.rf.IY7mouVcVrtFTnPqNGbw.jpg,160,120,0,4,2,157,116
1156434962698904a_jpg.rf.HKJXf80M3KKCz0evRjGc.jpg,1024,683,2,297,373,889,562
armas (330)_jpg.rf.IKqdXusnIE6CP83iLi6N.jpg,300,470,0,121,93,278,357
b18d05ea02f3b050c_jpg.rf.IGGOGTtMVTOzOVrNNVnm.jpg,1024,683,2,104,387,848,636
b18d05ea02f3b050c_jpg.rf.IGGOGTtMVTOzOVrNNVnm.jpg,1024,683,2,414,284,689,606
armas (845)_jpg.rf.H8kqcxncERqRIOk4SL0r.jpg,275,183,0,32,28,171,149
1f295c5fa8cb5741_jpg.rf.GPvukM2F3KCI2cVzycY7.jpg,1024,768,0,31,109,488,699
1f295c5fa8cb5741_jpg.rf.GPvukM2F3KCI2cVzycY7.jpg,1024,768,0,541,158,982,690
011857fe92b201e12_jpg.rf.HaP6i7qPenTmtxSCO93Z.jpg,1024,768,2,180,335,500,757
0f9cde9b86c937f5_jpg.rf.GQ73xwvA9vcxpSje3h7R.jpg,1024,768,0,138,335,756,615
armas (1734)_jpg.rf.ijdJCSVbJyVHrGkabmsA.jpg,500,375,0,1,86,209,227
armas (1734)_jpg.rf.ijdJCSVbJyVHrGkabmsA.jpg,500,375,0,322,88,497,223
armas (199)_jpg.rf.Hy6EQlMOO6wfWDibJOyU.jpg,768,576,0,9,81,713,512
e12a9dc40da6e37e7_jpg.rf.GM8sYa4pzYGBHNJgwlXM.jpg,1024,1024,2,631,360,879,718
01cdd0ec962783d23_jpg.rf.iZzKpUauGeQSGcdC4GRx.jpg,1024,683,2,455,155,861,658
armas (154)_jpg.rf.HSagVNfxJwchYvgUjfES.jpg,450,300,0,28,43,434,258
armas (2856)_jpg.rf.ixxMU6rfz7LqQOYbOMPx.jpg,599,361,0,30,2,566,361
f3b7ae59812b1ff7_jpg.rf.jjvMcg8fY1ts1A1tsEmE.jpg,1024,775,0,56,69,961,713
4199551048e2cf8d9_jpg.rf.jf2A4rchCfmuZZALNkSU.jpg,1024,683,2,467,285,1023,377
armas (1314)_jpg.rf.Gf4iQ4wMmZE7bXAW9a4G.jpg,955,1000,0,36,63,926,978
armas (605)_jpg.rf.jpivBXqm6qFsGhxsRdIx.jpg,320,217,0,8,9,253,104
ac1db44eee6c9d46_jpg.rf.I2kx6ZoN3iMAQ6dyYv1O.jpg,1024,685,0,134,64,851,601
armas (144)_jpg.rf.kUTiGbUGMUG60VSUbnkC.jpg,891,1300,0,419,132,544,305
armas (1292)_jpg.rf.jt9CbAE32Ku7kMCygDOM.jpg,375,500,0,102,191,176,313
armas (1292)_jpg.rf.jt9CbAE32Ku7kMCygDOM.jpg,375,500,0,238,271,261,305
armas (2682)_jpg.rf.jpahAzmL850yZOku0UG0.jpg,160,120,0,1,2,157,118
armas (1186)_jpg.rf.ke805UlS6Ey5tMMR9jiO.jpg,585,390,0,8,12,583,379
armas (1608)_jpg.rf.lKIfUggTSePN2UCHZB1q.jpg,500,375,0,168,15,314,98
armas (1608)_jpg.rf.lKIfUggTSePN2UCHZB1q.jpg,500,375,0,119,115,229,196
armas (1608)_jpg.rf.lKIfUggTSePN2UCHZB1q.jpg,500,375,0,267,117,381,198
armas (1608)_jpg.rf.lKIfUggTSePN2UCHZB1q.jpg,500,375,0,33,213,142,294
armas (1608)_jpg.rf.lKIfUggTSePN2UCHZB1q.jpg,500,375,0,346,227,453,313
armas (1504)_jpg.rf.kg43ObKhsclCVjyUPhEB.jpg,329,500,0,142,208,297,465
armas (2085)_jpg.rf.mHP7YwtbXcrL447bbzbr.jpg,600,420,0,111,173,186,297
810fb664eb6e5d5c6_jpg.rf.lh16Hb0SQu5wOMBGtVLs.jpg,1024,677,2,25,225,689,539
01ec66fa7d807c75d_jpg.rf.lgC41ZLMOAfGfSEnTNym.jpg,1024,683,2,231,219,935,458
f9f89391c0f2a488_jpg.rf.mpld2TrTwR0plKJHl3L6.jpg,1024,768,0,73,46,961,490
41814aea2d683ad44_jpg.rf.Ghgr4CuWhZ3YfEqO2cEL.jpg,1024,666,2,568,180,756,666
c1ddc376fdf6ac3d9_jpg.rf.n2gov0Lsv5cChF9ftyjU.jpg,1024,681,2,360,439,990,664
armas (2396)_jpg.rf.MMkXnplc0VXUcOMa85rh.jpg,160,120,0,4,2,155,118
9563bb27b781816c_jpg.rf.izKJszmTeMmovSgQClEZ.jpg,1024,768,0,378,371,859,764
armas (2022)_jpg.rf.N3diFhCo5u2sPTuq6twT.jpg,940,705,0,515,171,628,221
4629260894773ba2_jpg.rf.MWUKQLWM8pC7nXCsBvdd.jpg,1024,759,0,108,224,886,732
armas (1024)_jpg.rf.mMpWUzDqONNuXPuAsvBM.jpg,275,183,0,162,38,189,72
armas (2967)_jpg.rf.MWWSxLnxHCqZ1hzOMc82.jpg,302,167,0,4,1,259,167
d1b09625bd128e003_jpg.rf.MwgcacczYBnrnwfRdtNr.jpg,1024,680,2,0,250,956,678
2145484ba8fc2a049_jpg.rf.kzBmv1KiscZpPY8mDor8.jpg,1024,683,2,138,184,244,203
armas (444)_jpg.rf.NcrhNXEMpJOikQfp24GM.jpg,1023,672,0,378,134,663,549
a1aca4a5910aa0593_jpg.rf.NXdlpWicnoQQELSqey0G.jpg,1024,683,2,0,239,1023,638
armas (2379)_jpg.rf.NPXqd2dW85i4PswUERwW.jpg,160,120,0,2,1,159,115
armas (1159)_jpg.rf.jc9UpbYyqPK5xSmxoPn8.jpg,485,340,0,287,82,481,263
armas (196)_jpg.rf.OdQe12sqS5Hacp59Py5D.jpg,670,366,0,347,152,375,188
010000811_jpg.rf.PDAF6Mri4pGhfDwJzMi0.jpg,320,242,2,5,64,314,172
armas (2934)_jpg.rf.OYRab5iUzSj3HFAIaSUA.jpg,450,447,0,170,312,277,419
e14af411884e1658e_jpg.rf.OFkJU1GFp7ldH1KOAT5I.jpg,1024,680,2,13,236,463,573
e14af411884e1658e_jpg.rf.OFkJU1GFp7ldH1KOAT5I.jpg,1024,680,2,513,185,889,456
3128df62c45136783_jpg.rf.PFWwrVEzssZlRtw5cjZX.jpg,1024,730,2,173,246,926,636
01fa99ecd00d7dc3e_jpg.rf.OA7G3ZhGVy3gjQX5lmdT.jpg,1024,577,2,17,194,392,493
1188c1862d60e018a_jpg.rf.N9nCuKE8LROCCB7w1ofb.jpg,1024,683,2,256,354,972,536
1188c1862d60e018a_jpg.rf.N9nCuKE8LROCCB7w1ofb.jpg,1024,683,2,328,221,476,276
5132bd290286d395c_jpg.rf.PZMuxXlHWLVJY0HtIvJ9.jpg,680,1024,2,216,573,609,1024
24e996f07812e7c7_jpg.rf.PewK8PB9Etxr2KN4ZPeh.jpg,922,768,0,215,26,847,731
874d4ceea33579c5_jpg.rf.Pa4oGr864BZvfZzipVhG.jpg,1024,680,0,49,439,445,528
armas (402)_jpg.rf.PiYEakwPhLEVfIu57Qti.jpg,682,1023,0,339,5,562,151
0124ffedb8330a0e2_jpg.rf.Ph5wNWZNXdmKdy1K2jeY.jpg,1024,768,2,407,208,772,393
armas (2643)_jpg.rf.Q74k1Iuln8LaeRvzlhzf.jpg,160,120,0,1,1,158,119
01e0510c22556ecbe_jpg.rf.xd5AWQ1Tet9GFHnkItQV.jpg,1024,685,2,377,237,861,398
c1220bdb28a6c6506_jpg.rf.OqZAqBzB8vW3LqEU7Kud.jpg,1024,1024,2,120,70,987,779
armas (1819)_jpg.rf.xSYPTxp107SWhlPL5dIA.jpg,309,203,0,74,60,255,174
893adda2ed6a5357_jpg.rf.xYnXD6otlo0YO6hjK8Xa.jpg,1024,681,0,46,157,1023,569
armas (425)_jpg.rf.P6amSatD2wSkgUevo8vo.jpg,1024,1024,0,217,256,406,544
armas (425)_jpg.rf.P6amSatD2wSkgUevo8vo.jpg,1024,1024,0,117,690,402,879
armas (425)_jpg.rf.P6amSatD2wSkgUevo8vo.jpg,1024,1024,0,513,17,837,187
armas (425)_jpg.rf.P6amSatD2wSkgUevo8vo.jpg,1024,1024,0,398,710,740,917
armas (425)_jpg.rf.P6amSatD2wSkgUevo8vo.jpg,1024,1024,0,83,298,271,613
armas (425)_jpg.rf.P6amSatD2wSkgUevo8vo.jpg,1024,1024,0,1,512,206,748
armas (425)_jpg.rf.P6amSatD2wSkgUevo8vo.jpg,1024,1024,0,10,263,117,460
armas (425)_jpg.rf.P6amSatD2wSkgUevo8vo.jpg,1024,1024,0,502,298,740,537
armas (425)_jpg.rf.P6amSatD2wSkgUevo8vo.jpg,1024,1024,0,544,421,890,598
armas (425)_jpg.rf.P6amSatD2wSkgUevo8vo.jpg,1024,1024,0,556,848,787,1017
armas (425)_jpg.rf.P6amSatD2wSkgUevo8vo.jpg,1024,1024,0,829,17,1021,310
armas (425)_jpg.rf.P6amSatD2wSkgUevo8vo.jpg,1024,1024,0,171,52,498,233
armas (425)_jpg.rf.P6amSatD2wSkgUevo8vo.jpg,1024,1024,0,410,187,752,321
armas (425)_jpg.rf.P6amSatD2wSkgUevo8vo.jpg,1024,1024,0,363,594,713,725
armas (292)_jpg.rf.yNTTgBH0YGJH9sfs7OBK.jpg,450,470,0,84,5,421,247
61f3ba462557b5bae_jpg.rf.yRsJSf6HPHQUkZISSz0m.jpg,1024,768,2,0,0,916,526
61f3ba462557b5bae_jpg.rf.yRsJSf6HPHQUkZISSz0m.jpg,1024,768,2,0,43,1023,767
61f3ba462557b5bae_jpg.rf.yRsJSf6HPHQUkZISSz0m.jpg,1024,768,2,736,299,1023,767
1e28cf9e0bcf227b_jpg.rf.zCYhi9NIhs333UD8hd1U.jpg,1024,768,0,73,110,942,637
012ea4cd9da09abce_jpg.rf.zAp48El8ZGXSpPeZ2Mvl.jpg,765,1024,2,95,606,639,746
012ea4cd9da09abce_jpg.rf.zAp48El8ZGXSpPeZ2Mvl.jpg,765,1024,2,116,426,653,627
012ea4cd9da09abce_jpg.rf.zAp48El8ZGXSpPeZ2Mvl.jpg,765,1024,2,121,311,682,503
012ea4cd9da09abce_jpg.rf.zAp48El8ZGXSpPeZ2Mvl.jpg,765,1024,2,121,150,689,398
armas (804)_jpg.rf.ykCKGUaqw1zwzC38sudf.jpg,300,199,0,26,11,275,183
a19c01d9029be77ec_jpg.rf.yYfclA5rCMAP5HdjXQwX.jpg,1024,775,2,177,179,782,467
3ce713a91dec9d38_jpg.rf.zEh85wv3ELnudEnMELvR.jpg,1024,768,0,255,512,598,767
115fd508287e9cdf5_jpg.rf.090u15VfsC1i3HVDHzsK.jpg,1024,681,2,569,288,989,352
7155facaee572eeee_jpg.rf.zDxEFpTXqK8zH4K86wDl.jpg,1024,500,2,64,74,949,424
armas (1340)_jpg.rf.pCCYbEZ5vkkW4y7qTYbB.jpg,800,717,0,22,20,403,490
armas (1340)_jpg.rf.pCCYbEZ5vkkW4y7qTYbB.jpg,800,717,0,445,24,777,516
4110747e8c33e5562_jpg.rf.pLgk5482gP12zYtlUY8A.jpg,1024,345,2,12,22,1016,341
armas (1740)_jpg.rf.olKG5oxdtEY30uHVoX4O.jpg,500,313,0,21,3,410,277
armas (1817)_jpg.rf.p7Nq3HPqCJOlTpEjfCn8.jpg,640,444,0,172,200,288,389
010000679_jpg.rf.od2pY2Tg2QoymTBjetVG.jpg,600,428,2,168,106,570,346
armas (2526)_jpg.rf.piOEJkL33Cw1ykCh0GJC.jpg,160,120,0,1,1,158,115
armas (648)_jpg.rf.z3sD9Raz454F4YgPWc2W.jpg,2648,1811,0,141,114,2547,1696
e1d7a5655b33051b0_jpg.rf.yh9cj0bBGNMPrPRav5hY.jpg,1024,683,2,0,409,809,551
e1d7a5655b33051b0_jpg.rf.yh9cj0bBGNMPrPRav5hY.jpg,1024,683,2,74,114,844,440
e1d7a5655b33051b0_jpg.rf.yh9cj0bBGNMPrPRav5hY.jpg,1024,683,2,544,275,1024,429
010000661_jpg.rf.qp8nKkdtiTyEObpBYOuJ.jpg,600,725,2,114,80,588,576
1302153ecbf53853_jpg.rf.qEalOCk4pavychPHkQsA.jpg,1024,1024,0,55,167,1015,600
armas (1398)_jpg.rf.roGepgiVPgYVzpLVF8uY.jpg,500,333,0,279,162,354,229
armas (2450)_jpg.rf.rzFQiUwZe3DAiwhFJDiS.jpg,160,120,0,5,2,155,112
31bdf5fcc7feea442_jpg.rf.ovhmbd7UmVkfQwZJMFiL.jpg,768,1024,2,279,247,614,486
armas (1405)_jpg.rf.zaDDXA8jZwvwaHV040Gc.jpg,500,375,0,32,24,447,350
010000825_jpg.rf.IEmrI16EqhYe7WikeLit.jpg,600,337,2,21,42,587,236
64b22bf90141fb3f_jpg.rf.wkWtyNCpn4Mrofa6shic.jpg,1024,683,0,122,0,1023,653